# Resource object code (Python 3)
# Created by: object code
# Created by: The Resource Compiler for Qt version 6.10.2
# WARNING! All changes made in this file will be lost!

from PySide6 import QtCore

qt_resource_data = b"\
\x00\x02\x98F\
\xff\
\xd8\xff\xe0\x00\x10JFIF\x00\x01\x01\x01\x00\xc8\x00\
\xc8\x00\x00\xff\xed\x1ctPhotoshop\
 3.0\x008BIM\x04\x04\x00\x00\x00\x00\x00\
8\x1c\x01Z\x00\x03\x1b%G\x1c\x02\x00\x00\x02\x00\x03\
\x1c\x027\x00\x0820250520\x1c\x02<\
\x00\x06122535\x1c\x02\xdd\x00\x0c0:0\
:0:0025128BIM\x04%\x00\
\x00\x00\x00\x00\x10\x01o`\x19\xc4S\x8a5\x22&\x98\
\x17E\x97\x89\x8d8BIM\x04:\x00\x00\x00\x00\x00\
\xe3\x00\x00\x00\x10\x00\x00\x00\x01\x00\x00\x00\x00\x00\x0bp\
rintOutput\x00\x00\x00\x05\x00\x00\
\x00\x00PstSbool\x01\x00\x00\x00\x00I\
nteenum\x00\x00\x00\x00Inte\x00\
\x00\x00\x00Img \x00\x00\x00\x0fprint\
SixteenBitbool\x00\x00\
\x00\x00\x0bprinterNameTE\
XT\x00\x00\x00\x01\x00\x00\x00\x00\x00\x0fprin\
tProofSetupObjc\x00\
\x00\x00\x0b\xc8\x00\xd5t\xc0\xc1\xb3\xc4\x00 \xc7x\xc1\
\xc4\x00 \xc1$\xc8\x15\x00\x00\x00\x00\x00\x0apro\
ofSetup\x00\x00\x00\x01\x00\x00\x00\x00B\
ltnenum\x00\x00\x00\x0cbuilt\
inProof\x00\x00\x00\x09proof\
CMYK\x008BIM\x04;\x00\x00\x00\x00\x02\
-\x00\x00\x00\x10\x00\x00\x00\x01\x00\x00\x00\x00\x00\x12p\
rintOutputOption\
s\x00\x00\x00\x17\x00\x00\x00\x00Cptnboo\
l\x00\x00\x00\x00\x00Clbrbool\x00\x00\
\x00\x00\x00RgsMbool\x00\x00\x00\x00\x00\
CrnCbool\x00\x00\x00\x00\x00Cnt\
Cbool\x00\x00\x00\x00\x00Lblsbo\
ol\x00\x00\x00\x00\x00Ngtvbool\x00\
\x00\x00\x00\x00EmlDbool\x00\x00\x00\x00\
\x00Intrbool\x00\x00\x00\x00\x00Bc\
kgObjc\x00\x00\x00\x01\x00\x00\x00\x00\x00\x00\
RGBC\x00\x00\x00\x03\x00\x00\x00\x00Rd  \
doub@o\xe0\x00\x00\x00\x00\x00\x00\x00\x00\x00\
Grn doub@o\xe0\x00\x00\x00\x00\x00\
\x00\x00\x00\x00Bl  doub@o\xe0\x00\
\x00\x00\x00\x00\x00\x00\x00\x00BrdTUntF\
#Rlt\x00\x00\x00\x00\x00\x00\x00\x00\x00\x00\x00\x00\
Bld UntF#Rlt\x00\x00\x00\x00\
\x00\x00\x00\x00\x00\x00\x00\x00RsltUntF\
#Pxl@i\x00\x00\x00\x00\x00\x00\x00\x00\x00\x0a\
vectorDatabool\x01\x00\
\x00\x00\x00PgPsenum\x00\x00\x00\x00P\
gPs\x00\x00\x00\x00PgPC\x00\x00\x00\x00L\
eftUntF#Rlt\x00\x00\x00\x00\x00\
\x00\x00\x00\x00\x00\x00\x00Top UntF#\
Rlt\x00\x00\x00\x00\x00\x00\x00\x00\x00\x00\x00\x00S\
cl UntF#Prc@Y\x00\x00\x00\
\x00\x00\x00\x00\x00\x00\x10cropWhenP\
rintingbool\x00\x00\x00\x00\x0e\
cropRectBottomlo\
ng\x00\x00\x00\x00\x00\x00\x00\x0ccropRe\
ctLeftlong\x00\x00\x00\x00\x00\x00\
\x00\x0dcropRectRightl\
ong\x00\x00\x00\x00\x00\x00\x00\x0bcropR\
ectToplong\x00\x00\x00\x00\x008\
BIM\x03\xed\x00\x00\x00\x00\x00\x10\x00\xc8\x00\x00\x00\
\x01\x00\x02\x00\xc8\x00\x00\x00\x01\x00\x028BIM\x04\
&\x00\x00\x00\x00\x00\x0e\x00\x00\x00\x00\x00\x00\x00\x00\x00\
\x00?\x80\x00\x008BIM\x04\x0d\x00\x00\x00\x00\x00\
\x04\x00\x00\x00x8BIM\x04\x19\x00\x00\x00\x00\x00\
\x04\x00\x00\x00\x1e8BIM\x03\xf3\x00\x00\x00\x00\x00\
\x09\x00\x00\x00\x00\x00\x00\x00\x00\x01\x008BIM'\
\x10\x00\x00\x00\x00\x00\x0a\x00\x01\x00\x00\x00\x00\x00\x00\x00\
\x028BIM\x03\xf5\x00\x00\x00\x00\x00H\x00/f\
f\x00\x01\x00lff\x00\x06\x00\x00\x00\x00\x00\x01\x00\
/ff\x00\x01\x00\xa1\x99\x9a\x00\x06\x00\x00\x00\x00\x00\
\x01\x002\x00\x00\x00\x01\x00Z\x00\x00\x00\x06\x00\x00\x00\
\x00\x00\x01\x005\x00\x00\x00\x01\x00-\x00\x00\x00\x06\x00\
\x00\x00\x00\x00\x018BIM\x03\xf8\x00\x00\x00\x00\x00\
p\x00\x00\xff\xff\xff\xff\xff\xff\xff\xff\xff\xff\xff\xff\xff\
\xff\xff\xff\xff\xff\xff\xff\xff\xff\x03\xe8\x00\x00\x00\x00\xff\
\xff\xff\xff\xff\xff\xff\xff\xff\xff\xff\xff\xff\xff\xff\xff\xff\
\xff\xff\xff\xff\xff\x03\xe8\x00\x00\x00\x00\xff\xff\xff\xff\xff\
\xff\xff\xff\xff\xff\xff\xff\xff\xff\xff\xff\xff\xff\xff\xff\xff\
\xff\x03\xe8\x00\x00\x00\x00\xff\xff\xff\xff\xff\xff\xff\xff\xff\
\xff\xff\xff\xff\xff\xff\xff\xff\xff\xff\xff\xff\xff\x03\xe8\x00\
\x008BIM\x04\x08\x00\x00\x00\x00\x00\x10\x00\x00\x00\
\x01\x00\x00\x02@\x00\x00\x02@\x00\x00\x00\x008BI\
M\x04D\x00\x00\x00\x00\x00\x10\x00\x00\x00\x02\x00\x00\x02\
@\x00\x00\x02@\x00\x00\x00\x008BIM\x04\x1e\x00\
\x00\x00\x00\x00\x04\x00\x00\x00\x008BIM\x04\x1a\x00\
\x00\x00\x00\x03Q\x00\x00\x00\x06\x00\x00\x00\x00\x00\x00\x00\
\x00\x00\x00\x03\xb8\x00\x00\x02\xd0\x00\x00\x00\x0e\x00h\x00\
2\x000\x002\x005\x000\x005\x002\x000\x00\
-\x000\x002\x000\x002\x00\x00\x00\x01\x00\x00\x00\
\x00\x00\x00\x00\x00\x00\x00\x00\x00\x00\x00\x00\x00\x00\x00\x00\
\x01\x00\x00\x00\x00\x00\x00\x00\x00\x00\x00\x02\xd0\x00\x00\x03\
\xb8\x00\x00\x00\x00\x00\x00\x00\x00\x00\x00\x00\x00\x00\x00\x00\
\x00\x01\x00\x00\x00\x00\x00\x00\x00\x00\x00\x00\x00\x00\x00\x00\
\x00\x00\x00\x00\x00\x10\x00\x00\x00\x01\x00\x00\x00\x00\x00\x00\
null\x00\x00\x00\x02\x00\x00\x00\x06boun\
dsObjc\x00\x00\x00\x01\x00\x00\x00\x00\x00\x00\
Rct1\x00\x00\x00\x04\x00\x00\x00\x00Top \
long\x00\x00\x00\x00\x00\x00\x00\x00Left\
long\x00\x00\x00\x00\x00\x00\x00\x00Btom\
long\x00\x00\x03\xb8\x00\x00\x00\x00Rght\
long\x00\x00\x02\xd0\x00\x00\x00\x06slic\
esVlLs\x00\x00\x00\x01Objc\x00\x00\
\x00\x01\x00\x00\x00\x00\x00\x05slice\x00\x00\x00\
\x12\x00\x00\x00\x07sliceIDlong\
\x00\x00\x00\x00\x00\x00\x00\x07groupIDl\
ong\x00\x00\x00\x00\x00\x00\x00\x06origi\
nenum\x00\x00\x00\x0cESliceO\
rigin\x00\x00\x00\x0dautoGen\
erated\x00\x00\x00\x00Typeen\
um\x00\x00\x00\x0aESliceType\
\x00\x00\x00\x00Img \x00\x00\x00\x06boun\
dsObjc\x00\x00\x00\x01\x00\x00\x00\x00\x00\x00\
Rct1\x00\x00\x00\x04\x00\x00\x00\x00Top \
long\x00\x00\x00\x00\x00\x00\x00\x00Left\
long\x00\x00\x00\x00\x00\x00\x00\x00Btom\
long\x00\x00\x03\xb8\x00\x00\x00\x00Rght\
long\x00\x00\x02\xd0\x00\x00\x00\x03urlT\
EXT\x00\x00\x00\x01\x00\x00\x00\x00\x00\x00nul\
lTEXT\x00\x00\x00\x01\x00\x00\x00\x00\x00\x00M\
sgeTEXT\x00\x00\x00\x01\x00\x00\x00\x00\x00\
\x06altTagTEXT\x00\x00\x00\x01\x00\
\x00\x00\x00\x00\x0ecellTextIsH\
TMLbool\x01\x00\x00\x00\x08cell\
TextTEXT\x00\x00\x00\x01\x00\x00\x00\x00\
\x00\x09horzAlignenum\x00\
\x00\x00\x0fESliceHorzAli\
gn\x00\x00\x00\x07default\x00\x00\x00\
\x09vertAlignenum\x00\x00\
\x00\x0fESliceVertAlig\
n\x00\x00\x00\x07default\x00\x00\x00\x0b\
bgColorTypeenum\x00\
\x00\x00\x11ESliceBGColor\
Type\x00\x00\x00\x00None\x00\x00\x00\x09\
topOutsetlong\x00\x00\x00\
\x00\x00\x00\x00\x0aleftOutsetl\
ong\x00\x00\x00\x00\x00\x00\x00\x0cbotto\
mOutsetlong\x00\x00\x00\x00\x00\
\x00\x00\x0brightOutsetlo\
ng\x00\x00\x00\x00\x008BIM\x04(\x00\x00\x00\
\x00\x00\x0c\x00\x00\x00\x02?\xf0\x00\x00\x00\x00\x00\x008\
BIM\x04\x14\x00\x00\x00\x00\x00\x04\x00\x00\x00\x018\
BIM\x04\x0c\x00\x00\x00\x00\x135\x00\x00\x00\x01\x00\
\x00\x00y\x00\x00\x00\xa0\x00\x00\x01l\x00\x00\xe3\x80\x00\
\x00\x13\x19\x00\x18\x00\x01\xff\xd8\xff\xed\x00\x0cAdo\
be_CM\x00\x01\xff\xee\x00\x0eAdobe\
\x00d\x80\x00\x00\x00\x01\xff\xdb\x00\x84\x00\x0c\x08\x08\x08\
\x09\x08\x0c\x09\x09\x0c\x11\x0b\x0a\x0b\x11\x15\x0f\x0c\x0c\x0f\
\x15\x18\x13\x13\x15\x13\x13\x18\x11\x0c\x0c\x0c\x0c\x0c\x0c\x11\
\x0c\x0c\x0c\x0c\x0c\x0c\x0c\x0c\x0c\x0c\x0c\x0c\x0c\x0c\x0c\x0c\
\x0c\x0c\x0c\x0c\x0c\x0c\x0c\x0c\x0c\x0c\x0c\x0c\x01\x0d\x0b\x0b\
\x0d\x0e\x0d\x10\x0e\x0e\x10\x14\x0e\x0e\x0e\x14\x14\x0e\x0e\x0e\
\x0e\x14\x11\x0c\x0c\x0c\x0c\x0c\x11\x11\x0c\x0c\x0c\x0c\x0c\x0c\
\x11\x0c\x0c\x0c\x0c\x0c\x0c\x0c\x0c\x0c\x0c\x0c\x0c\x0c\x0c\x0c\
\x0c\x0c\x0c\x0c\x0c\x0c\x0c\x0c\x0c\x0c\x0c\x0c\x0c\xff\xc0\x00\
\x11\x08\x00\xa0\x00y\x03\x01\x22\x00\x02\x11\x01\x03\x11\x01\
\xff\xdd\x00\x04\x00\x08\xff\xc4\x01?\x00\x00\x01\x05\x01\x01\
\x01\x01\x01\x01\x00\x00\x00\x00\x00\x00\x00\x03\x00\x01\x02\x04\
\x05\x06\x07\x08\x09\x0a\x0b\x01\x00\x01\x05\x01\x01\x01\x01\x01\
\x01\x00\x00\x00\x00\x00\x00\x00\x01\x00\x02\x03\x04\x05\x06\x07\
\x08\x09\x0a\x0b\x10\x00\x01\x04\x01\x03\x02\x04\x02\x05\x07\x06\
\x08\x05\x03\x0c3\x01\x00\x02\x11\x03\x04!\x121\x05A\
Qa\x13\x22q\x812\x06\x14\x91\xa1\xb1B#$\x15\
R\xc1b34r\x82\xd1C\x07%\x92S\xf0\xe1\xf1\
cs5\x16\xa2\xb2\x83&D\x93TdE\xc2\xa3t\
6\x17\xd2U\xe2e\xf2\xb3\x84\xc3\xd3u\xe3\xf3F'\
\x94\xa4\x85\xb4\x95\xc4\xd4\xe4\xf4\xa5\xb5\xc5\xd5\xe5\xf5V\
fv\x86\x96\xa6\xb6\xc6\xd6\xe6\xf67GWgw\x87\
\x97\xa7\xb7\xc7\xd7\xe7\xf7\x11\x00\x02\x02\x01\x02\x04\x04\x03\
\x04\x05\x06\x07\x07\x06\x055\x01\x00\x02\x11\x03!1\x12\
\x04AQaq\x22\x13\x052\x81\x91\x14\xa1\xb1B#\
\xc1R\xd1\xf03$b\xe1r\x82\x92CS\x15cs\
4\xf1%\x06\x16\xa2\xb2\x83\x07&5\xc2\xd2D\x93T\
\xa3\x17dEU6te\xe2\xf2\xb3\x84\xc3\xd3u\xe3\
\xf3F\x94\xa4\x85\xb4\x95\xc4\xd4\xe4\xf4\xa5\xb5\xc5\xd5\xe5\
\xf5Vfv\x86\x96\xa6\xb6\xc6\xd6\xe6\xf6'7GW\
gw\x87\x97\xa7\xb7\xc7\xff\xda\x00\x0c\x03\x01\x00\x02\x11\
\x03\x11\x00?\x00\xe8p\xb2\x1be\x800\x8f\xa3\xa8W\
\xdf\x8e\x1c\xc3\x00\xf1\xca\xc4\xe9\xd5\xb2\x9c\xa0\xf2y\x10\
\xbaV\xd8\xc0\xc9\xf2U\xa1)p\x83\xb2\x80r\xfa{\
]Q\x22{\x99\x05l6v\xee\x95\x98\xfb\x9b]\xf2\
\xde\x0a\xb63\x1ak\xe5:\xf8\x86\xa3U\xf04\x90<\
\xbd\xfb\x5cyP\xcb\xc5\xaf\xd3:jyA\xae\xf6\x1b\
F\xb2\xacd_^\xd2<B1\x8a\xa5D\xb8\xdd:\
\x86Y\xd4^\x1c=\xb5\x9d\x07i+\xad\xa2\xa6\x06\x88\
\x0b\x87\xcb\xebx?W\xc3\xf2rf\xdbm'\xd0\xc7\
i\x01\xcf#\xb9s\xbd\xb5R\xcf\xf0\x97?\xff\x00>\
.k3\xeb7\x5c\xeb\xcf#'!\xd4\xe2\xbb\xe8\xe2\
\xe3\x97WY\x1e\x0e\xd9\xfak\xbf\xad\x90\xef\xfa\xd5i\
\xe0j\xb1\xf5N\xa5\x93Et\xb8\x97\x09h2\x01\x06\
#\xc6\x17\x9c\xe5d[\x96]cA\x879\xd0N\x9c\
\x1d\xa8}.\xa6\xd3\xb5\xb4\xd6\xda\xef{\x9a\xca\xdc\xc3\
\xb5\xdb\x9cv3Y\xd8\xe6\xee>\xefUX\xc7\xebv\
\x9b\xec\xa2\xf3U\xcd\xae\xc7V\xd7\x96\x0ft\x1d\xad~\
\xe6\xfb\xbd\xcdju*\x9eS\xa8\xe3\xbc\xdeZ\xed\x08\
A\xaf\x0fE\xbd\xd70\x0e\xe3\xd41\xc1v+\xe1\xb6\
w\xf4\xcf\xd0is\xbf:\x97\xbf\xe8[\xfe\x0d\xff\x00\
\xa2\xbf\xd2X\xf7\xd8kjJj_V\xc2\xa5O\x08\
/\xb8\xda\xe8\x0a\xc5U9\xad\x94P\xe8t\x11\xfeS\
o\xc1wP\xb8\xde\x84\xc6\x8b\xdbou\xd6\xfa\xec\xfd\
\xe0\x8fU?\xff\xd0\xd0\x93;\x84\x82\x8e\xdc\xcc\x80\xdd\
\xbb\x8cx$\x1a<\x14\x83\x07\x82\x1c#\xb2\x91\xba\xdb\
\x1d\xa9%Hd\xd8\x1b\x1a\xa9\x10\x13m\x09P\xec\xa6\
,\xc9{\x1d\xbbYP\xea=m\x988V\xe6\xe4\x02\
[P\xd1\x93\xab\x9ct\xae\xb1\xfdw\x22\x16\x0eJ\xe3\
>\xbc\xf5\x0d\xd94\xf4\xe6\x1fm\x0d\x17Z<l\xb0\
~\x89\xa7\xfe*\x9fw\xfdu*S\x85\x97\x9f\x95\xd4\
3,\xcc\xccy}\xaf>\xe8\xe0\x0f\xcc\xa6\xa1\xf9\xb5\
\xb3\xe8\xb1j\xf4\xfa\xde\xd7\x06\xb5\x8f\xc8\xc9~\xa5\xac\
\x04\x86\xff\x00$5\x9f\xf5^\xc5\x95\xd2\xe87eV\
\xc1\xab\xa7O\x8fe\xea\xbfV:}x\x15i^\xaf\
\xd4\xb8\x8d~\xf4\x09_\x18\xde\xeeWF\xe9\xbdL\xb8\
\xe6[M\xad\xf4\x1a\xf7\xd6\xc3\xce\xf0\xd7\x0a\xfe\x96\xeb\
=\xaf\xf7\xfd%\x81\x8aEe\xdb\xc6\x8fq\x99\x1bd\
\x9f\xcd\x7f\xe6\x7fkr\xf5\xdan`\x88\x10\xb9\xaf\xae\
\xbfW=L;z\xbfJ`\x19t\x82\xfc\x8a\x00\xf6\
\xdd_\xf8B\x1b\xfe\x99\x8d\xf7$\x0ft\xca=\x9en\
\x8c\xcf\xb2\x9d\x8fp\xb6\xab\x89k\x9b`0\xe9\x96=\
\x964\xfb\xdd\xed\xf6\xd9\xfe\x12\xc6\x7f\xc3UK\xd67\
X\xc6\xaa\xa0}\x19u.\x1b\xa9q\xd4\xed?\x9a\xe3\
\xfb\xf5;\xf4oY\xf6\xf5W[S\x8f/\x99k\xfb\
\x80!\xa3\xfe\xfa\xa5\x8b\x9a\xec\x9cK\xaa\x7f,\xfd \
\xf2\x9fe\x9f\x91\xa9\xcb\x0b\x9dF\x97k\xe2\xb5\xc0h\
\xa8\x91\xe0\xb2+\xfe\x7f\xe6\xb5\x80\xfd\x0f\xc9%\xab\xe0\
\xe4\xba\xb7\x88\xf1Z\xdf\xb4m\xf0+\x13\x08\x07Y\xaf\
b\xb5\xf67\xc9\x1e\xaa\x7f\xff\xd1\xd9\x09\xd3\x04\xe9)\
I\xe12t\x94\xa2\x07\x04\xc0\xee|\x00\xfaN^Q\
\xd4\xb3\x1d\x9f\x9f\x91\x98\x7f\xedM\xae{G\x83I\xdb\
S\x7f\xb3SX\xbd'\xafd?\x17\xa2\xe7d\xb7M\
\x94\xb9\xa1\xdf\xca\xb3\xf4,\xff\x00\xa5b\xf2\xdd\x1b\x03\
\xb3BJt\xba\x1d\x9e\x9ec^/\xaf\x14\x89\x8bm\
 4|\xdc\xbd\x1f\xa5u\x9e\xa5_\xa6\xcc\xc6\xd1u\
6\x09\xa7/\x19\xfb\x98\xf1\xfb\xdan\xad\xdf\xd8z\xe1\
\xfe\xa9\xf4\x1b:\xa9\xb6\xf6l#\x11\xccik\xe6\x0e\
\xf0\xf7\x1f\xa3\xfc\x96\xae\xdb\xa2\xfdV\xc5\xe9\xcd\x18\xb4\
\x977\xd7\xb2\xb7ze\xdb\x98\xd749\xb6>\xbfk\
=\xd6\xd7\xb3\xd4\xff\x00\x8a\xadG2\xcd\x08\xe8\x09\xea\
\xef\xbb\xabcP\xcfR\xf3\x0c\xeeb\x7f\x06\xfb\x95\xbe\
\x9d\xf5\x83\xa3\xe6\x10\xdc\x5c\xa6=\xd3\x1bA \xcf\xf5\
_\xb5\xcb/\xeb\x16\x1b\xf1[\xeab1\xaf-\x10\x05\
\x86\x18#\xe9X\xf8\xf7;o\xee\x7f\xe0\x8b/\xa1e\
u\xfb\x1b[:\xcfF\xa2\xfck\x8e\xd3v\x16\xc7\x9a\
\xf8\xda\xfbj\xf5mm\x95n\xff\x00\x0bE\x9e\xa3\x10\
\xb3\xaf\x82H\xb0<^G\xeb\xe7C\xab\xa3\xfdd\xb6\
\xbc`\x1b\x89\x9c\xc1\x93Uc\x86n.\xae\xfa\x9b\xfc\
\x86\xd9\xf4\x7fq\x96V\xb9\xec\x12\xe6e\x96~\xfb\x1e\
>\xe1\xbb\xfe\xfa\xbd3\xfcd\xf4s\x98\xde\x8e\xea\x5c\
\xda\xafk\xec\xa5\xaf\xb4\x92\xd0\xc7\x06?m\xae\x1b\x9f\
\xb5\xbbW\x19\x9f\xd01\xf1~\xb1t\xbcL{\xecu\
\x1dB\xe1\x8e\xe3sZ-\xaa\xd1`\xc3\xc9dW\xfa\
+)\xf5\x1f\xeaP\xff\x00\xfa\xd5\x9f\xcd\xa7\x89\x0d\x07\
R\xc7(\x9dMh7q\xaa\x1f\xadA\xf1[N\x00\
P~\x0b\xa2\x1f\xe2\xca\xba\xed\x97\xe5ZH<\x06\xb4\
+\xbf\xf3\x0b\x1bai\xba\xe3>m\x1f\xf7\xd4\xeb\x0c\
R\xc59Q\x00\xbc\x97@\xc09w\x92~\x88+\xa8\
\xfd\x8dR\xd6\xe8\x9fS1\xb0\x01\xd8\xeb\x0e\xe2O\xb8\
\xcf\xf0[?\xb1Y\xe7\xf7\xa5\xe2\xbb\x84\xddu\x7f\xff\
\xd2\xd9\x94\x94S\xa4\xa6Ik\x12\x99\x12\xb0\x0f\xc9\x05\
8\x7f^\xb3\xab\xa7\xea\xbd8\x83\xf9\xec\xdc\x96\x87\x0e\
\xfb)\x1e\xbd\x87\xfe\xdc\xf4\x1a\xbc\xe1\xdfIu__\
r7u:1\x81\xf6\xe3\xd2]\x1ev\x1d\xce\xff\x00\
\xa8\x5c\xa8\x8d\xf0x\x1c\xfc\x82*{\xff\x00\xf1ks\
)\xc2\xca\xdd\xcd\xb7n\x1f\xd9n\xc0\xba\xdcN\xab\x8f\
\x8f\x9c_\x92\xd7\x92\xd0Iv\xd2\x1a\xd0\x0cmc\xcf\
\xb5\xd6l\xfd&\xc5\xc0\xfdS\xb2\xea\xb0\x1a\xfc]\xae\
\xbe]\x0cy!\xa4\x82ts\x9b\xeej\xe8h\xfa\xc3\
\xd4\x03\xc3\xb2\xbaV\xf70\xee\xd9[_`\xd3Ye\
\xd4\xb6\xcd\xdb\xdb\xff\x00\x06\xa1\x91\xd4\xf9\xb6\xb1\xe32\
\x8e\x9d\x03\xd8\xbf;\x131\xb4\xddS\x85\xb8\xf9\x0d\xf5\
+x>*\xce3i\xa7VV\xd0]\xa9p\x00O\
\xc6\x16+z\xd6\x0fQ\xc5\x17R\xcb1M\x12\xeb\xea\
\xbe\xa7T\xe6\x1f\xce\xd1\xecg\xa9\xbb\xf7\xaaFoT\
\x18=7+\xa9uF}\x97\x17\x14\x17\x80\x5c\x0b\xdd\
X\xda\x19?E\x8d\xbe\xfb]\xe9UK^\x95\xea\xae\
\x1a\x89\xb1\xa0\xd1\x87\xd6\xa7`\x9cq\x9f\x98\xe2\xcc~\
\x99\xba\xd7\x91\x1a\x977g\xa3\x0f\xf6\xb9\xd6\xbb\xd2\xa1\
\x8c\xfc\xff\x00[\xfe1x\xeb:\xbd\xf6\xf5\x9c,\xec\
\x8fkq.\xa3\xd1\xa8j+\xad\x96\x8b\xfd&\xfes\
\xfe\x93\x9fe\xaf\xf7\xdbg\xe9\x1e\xaeu\x9f\xad\xddc\
\xeb\x1dl\xc6\xca\x15U\x8c\xcb\x8d\xe2\xaa\x9b\x04\xbc\xcb\
j\xf5lyv\xff\x00A\x969\x8c\xd9\xe9\xfe\xfa\xc3\
\xb4\x83c\x8bx\x07\xda~\x1f\xeeO\x8ch\xd9\xdd\x86\
s\xb0\x22>P\xfb\xe6W[\xc5m\xaekK\x5c\x01\
:\xc8\xf1U,\xfa\xc5\x8a\xce\x5c\xc1\xf1r\xf3g\xb9\
\xce;\xb7\x1fp\x07\x93\xddR\xc8\x06\x0f(\xf0\xdfU\
\x0c\xc4\x0a\x00>\xadO\xd6\xde\x9d\x10\xfbX\x08\xf3\x94\
o\xf9\xdd\xd3?\xd2\xb7\xef^A\x86\xd0\x5cG\x9a\xd1\
\xf4\x8f\x82utY\xc7\xea\xe2\x7f\xff\xd3\xd9)\x84(\
\xbd\xda\xa6\x0e\xd5\x05%\xd1\x12\x9d\x07\x90@\x0eS\xa5\
\xd6\xdb,\xc6\xad\xf7\xbc\x1fp\xad\xa5\xc0\x7f]\xc3\xd8\
\xcf\xed\xb9$\x87\xce>\xb6\x5cn\xeb\xd9\x84\xfe`e\
q\xfd\x90O\xfd'\xacx\xe4\xf8\xee\x1fz\xd1\xeba\
\xff\x00\xb6\xba\x80~\x8ffS\xabp\x90`\xb0\xb9\xbf\
I\xbe\xdf\xccT\xeba4\x87\x0e\xce?\xf7\xd4P\xed\
}V\xcae\x19l\xaa\xd3\x14\xbd\xc0\x87x\x12 \xaf\
C\xc6\xe9xo\xc8\x16\xb2\xe74\xf3\x03O\xc8\xbc\xdf\
\xa2\xe1\xba\xd1$N\xe0\xbb~\x84\xcb\x03Ee\xe7k\
xi<(&G\x13o\x11\x94c`\x91\xa7CN\
\xe5\x94\x9c\xac\xbc|}\xf1U.\x0ep\xf1\xdb\xeec\
\x0f\xf2\x1bg\xe9\x17\x15\xfe5\xfa\xa5\x9fm\xc5\xe8\xb5\
\xbc\xfaT\x83\x91kG\x05\xc4\x9a1\x83\xff\x00\x97]\
u\xdbg\xfe\x84/B\xc1\xa9\x9e\xab6\x89\x8d?\xce\
\xff\x00r\xf2\x1f\xf1\x81{\x9d\xf5\xcb\xa9\xb8\x1e\x1e\xd6\
4\xf8\x06\xb4\x0d\x11\xc6=D\xac\xcd#\xc2\x07w\x22\
\xb1\xe9T{>$\xf8\x8d4\xfe\xd2\xae\x04\x87\x0e\xfc\
h\x890\xd0\xd1\xe1\xaf\xc6\x14k\x1a\x93\x12\x0f*f\
\xbb\xd3Rwc\xd2\xef\xde\xad\xa7\xf0\x0a\xbe@\xd0\xa2\
\xf4\xf7z\x9d>\x87w\x0c\xdac\xf9$\xb7D<\x8e\
\x0aH+t\xa6\x07\xdf\xb4\xf8\xae\x93\xec\x8d\x5c\xdfI\
1\x94\xba\xa9E\x0f\xff\xd4\xd2s\xbb\xad<o\xab\x9d\
J\xf0\x1e\xf0\xdcv\x9e\xf6}(\xff\x00\x8ao\xbb\xfc\
\xff\x00Mh\xf4\xae\x87Ew\x8c\xab}\xc6\xb3\xfa\x06\
;\x8d\xc3\xfc.\xdf\xce\xd9\xfe\x0f\xfc\xff\x00\xf4kt\
h\x95)\xc5\xc5\xfa\xb7\x83@.\xca.\xcbt\x88\xdc\
\x0b\x18?\xebm>\xff\x00\xfa\xeb\xacZ\x0f}t0\
S]a\x95\xb6!\xa0\x06\xb4\x00w\x10\x1a\xd1\xfc\x95\
e\xc5du\xec\xd6`t\xdc\xcb\xec0\xea1\xae\xb6\
\x92Ln\xd9[\xce\xc9\xff\x00M_\xfe{\xff\x00\xae\
'\x00\x82\xf8fU\xa3#3/ qvU\xb6\x0f\
\x83\x9dk\xd3c4\x1cw\x0e\xf2\x08\xff\x00_\xec\xa0\
\xe2\xb5\xcdl\xbb]$\xfcC\x5cg\xfc\xe7\x22\xbd\xfe\
\x8d\x04\x8e@$|\xbd\xa9\xa9{O\xab=0\x9c\x5c\
{\x1c!\x8f\xa88\xbe4\x12O+\xbd\xc2\xf5\x1a\xdd\
\xad\xa2\x8ak`\x01\x82\x03\x9eZ\x06\x8esko\xb7\
\xfbo\x5c\xe8\xc1\xc7gE\xe8\x9b\x9c\xf1h\xae\xba\xe8\
{'i\xf5\xe8/\xb5\xce\xae\x0f\xa9o\xa5U\x9e\x87\
\xfc*&g\xd6\x0c\xde\x99\x93^\x0bq^\xd1\xb5\xa5\
\xa1\xc7\xdcY\xb7\xd4\xf6\x88\xfd#\xb65\xff\x00M\xec\
\xfd+,U\xa5bE\xb9\x08\xdc@\x1a\x9a{\x1cv\
KC\xa04\x1dD4\x00\x7f\xb2\xbc\xfb\xeb\xcf\xd4;\
\xf2k\xea]b\x80\x0d\xd5X\xec\x86\x0e\xee\xa4V-\
\xb4\x7f_\xd5\xf5\x7fG\xfc\x85\xd9t\x1e\xabFf3\
,\xa9\xc4\xb2\xc1\xb8H\x8et\xfa'\xe8\xf0\xb5\xdc\x03\
\x9aA\x1b\x81\xd0\xb7\xc4\x1f\x8a\x97\x1d5\xf2\xd8$?\
5\x16\xc8i\xee[#\xcc\x1f\xceJ\x80\x0b\x1d\xdc\xb5\
\xda\x8f/\xf5j\xf5L\xbf\xaa\xfd\x0b\x12\xa7t\xde\xb9\
\x85s\xb0).\xfd\x97\xd5\xf1k\xb5\xf7US\x9cl\
\xfb\x16o\xa2\xcb\xadk\xf1\x9fc\x9b\x8f\x92\xe6]\x8b\
}\x1f\xe8m\xadr\xd9\xdfT\xb1j\xf5OA\xcf\xfd\
\xa4oh\x0c\xa2\xdck\xeb\xb7\xda\xfa\xec\xfd\x1d\xb5\xd0\
\xfa.\x7f\xb3c\xf77\x1f\xe9\xa9Hcs\xfaI\x8c\
\x22\xc9\x9fN\xc7\x0f\x91\x87\xb4\xff\x00\xd2O\x91\xc1V\
1zOT\xc4.\x19X\xd6\xe2\x8b`V\xdc\x86\xfa\
Gsg}{\xee\xf4\xd9g\xb5\x03\x22\xbb\x09!\xad\
\xdd\xda\x1aC\xb5\xf2\xf4\xcb\xd0AG\xd2\xcce\xae\xaa\
W'\x84\xcb\xd9\x91\xb80\xc7}\x16\xf7\xda\xec\xfd\xd3\
\xf7%aT\xff\x00\xff\xd5\xf4\x9b\xe5\x95\xb5\xec\xe5\x9c\
|\x07ea\x8f\x16V\x1e\xddC\x84\x84+\x1d\x0d \
\x0d|\x0a\x87Op5=\x83\xf3\x1ct\xf0\x07T\xe2\
\x86\xcf\x22W%\xfe3/m_T\xb2\x81\xe6\xd7\xd3\
[{\xea^\x1c\xef\xfc\x0d\x8f]kx\x5cG\xf8\xd9\
\x07\xfeoR\x07\x0e\xca\xae~m\xb1\x83\xf2\xa5\xddO\
\x95\xb2\xb0\x18\xd9\x12O\xbb\xef\x1e\xdf\xfa-P\xca\x12\
6\x8f\x08\xff\x00_\xf3\x91\xeb\xf7\x12\xee\x07a\xe4=\
\xad\xff\x00\xa0\xd5\x0b\x197\x1f3\xfcB\x09}\x9f\xa0\
\xbc\xdb\xd0\xban\xc0\x0cb\xd2XXA$\x1a\xda\xe7\
\xb1\xff\x00\xdb\xdc\x8c\xfe\x9cz\x8eV\x0eX\x007\x02\
\xed\xe1\xce\x91\xbc\x10e\xb5~w\xe8\xec\xda\xefw\xe8\
\xbf\x9d\xab\xf9l\xc6\xfa\xb1\x81M\xff\x00U\xfaV@\
d\x9b(`y\x1c\x82\x0b\xabs\x83\xbf\xb2\xba*)\
\xbc\xbd\xde\xa3\xec\x0d\x00m-qd\xc6\x9e\xed\xae\xdb\
\xf4Q8\xe2H>\x1fE\xd1\xc8b(9\xb9=6\
\xde\x8ba\xbf\x11\xbf\xa9n\xdc\xd6\x8f\xf0{\xcf\xbe\x97\
\x7f\xc1o\xfei\xff\x00\xf5\xb5\xb5\xd3\xba\x85yL\x00\
\x18w\x82-t\xd6F\xd7\x17\xd8\x1c\x08slqp\
 \x8fps]\xedY\x18T\x0cL\xbbk\xafF2\
\xc75\xa3\x9d'\xdb\xff\x00EE8\xf0\x10F\xcb\xe2\
x\xc1\x07~\xefA)(\xb0\x92\xd1*I\xe0\xd8b\
:1\xba\x9ao\xa9\xd4\xdf[m\xa9\xe2\x1f[\xc0s\
\x5c?u\xccw\xb5\xcb\xcd\xbe\xb6\xfdMoL\xca\x19\
\xb8L'\xa6\x5c\xe0\x1fX\xd4P\xf3\xc0\xff\x00\xc2\xd6\
\x7f\x83\xff\x00Co\xe8\xbf\xd0\xafK>k?\xeb\x0e\
\xf3\xd0z\x8e\xc1.\xfb5\xbaylt\xa1/\x94\xf9\
$n\xf9\xe5x52\xa0Lh;\xa8z4\xf8\x84\
\x1c\xcc\x81\xe9\x00\xde\xea\x9f\xa8|V\x7f\x14\xfd\xbb\xd6\
\xed\xb1Q\xe2\xfa?\xff\xd6\xf4\xe2\x1bc5\xd6;\x8e\
B\xab\x8d\xfa\x1c\xab+<=\xbb\x81\xf3\x1f\xf9\xd2;\
\x0d\xadw\xbbQ\xc4\xf0B\x16c\xc5E\x97\xed\xfa.\
\x01\xe7\xf9'B\x9e\x86\xc3.\x1b\xf6\x11\x13\xc1\x5cW\
\xf8\xd8\xc8\xad\xbd7\x0f\x18\x9f{\xee\xde\x1b\xfdP}\
\xc7\xfe\x92\xec-\x0d!\xb6\xb4\xc8\x9eW\x9d\x7f\x8d{\
\xc9\xea\x18T\x8e\x06;\xee?\x12}*G\xe1\x7f\xfd\
\xb8\x81\x0ax\xba[\x15\x89\x1ck\xf7\x7f\xe7(D\x0f\
W\xe0D\xfd\xea\xcb\x18\x043\xb3Z\x07\xcf\xfdw\xa1\
4K\xa4\x0dN\xdf\x94\xfb\x90K\xeb_\xe2\xe5\xcd\xb7\
\xeav\x0b{\xd4o\xac\xff\x00f\xebc\xfe\x8b\x97B\
\xf6\xeci-\x1c\xf6\x5c\xaf\xf8\xacy\xb7\xea\xb3\xea\xfa\
&\x8c\xbbY\xa7\x9f\xa7\x7f\xfe\x8d]\x83\x9b)\xc0\xa0\
\xa2\xa2\xcd#\xf3\xc9\xd5g7\x5c\xcb\xcf\x8d\x85h\x9d\
\xb5\xbacN\xeb3\x1e\xd6]{\xeea\x96\xda\xe2\xe6\
\x9d\x7f\x8a\x8f6\xc3\xcd\x93\x16\xe7\xc9\xd9\xa8\xcbB\x9a\
\x0d'DI\x0e1\xd8s\xf1J\x1a\x84Lj\xcb\xe2\
\x81\xd4\x18\xeb02kc\xb6\xb9\xf5=\xadw\x81-\
 \x14x\x8e\x02\xa7\xd5\xb3j\xc3\xc26\xd9\xa0{\x9b\
X\xf8\xb8\xa7-x\xcf\xf9\xa7k\xda\xd0H\x10\x06\x8a\
?\xf3J\xdf\x11\xf7.\x9e\xbe\xab\x8a[\xbbpP\xfd\
\xbd\x83\xfb\xcdC\x82=\x95\xc4_\xff\xd7\xf4\x8a3p\
\xb2Lc\xe4Uq=\x98\xf6\x93\xfel\xeeD\xca`\
u.\x0e\xe2\x17\x16\xfe\x9a\xcb~\x93A>aW\xc8\
\xca\xea\x9d)\x8d\xaf\x13!\xc6\xbb\x9e\xca\x0d\x16\x12\xe6\
E\xaem[\x98\xd7\x7f5e{\xfdJ\xfd$\xd8\xe6\
\xb2,2\xcb\x08\x03C\xf6\xbd?G\xf5\xdf\x85\xefv\
\xf6\xbe\xd7\x968\x88\xfd\x1b^[_\xfdJ\xe1\xff\x00\
\xc6s^\xfe\xb7\x82\xd8\x91\xe89\xb1\xe3\xb3\xf4\x8e\xff\
\x00\xa2\xf5\xdf\xe38S\x8e\xccz\xff\x00\x9bc@o\
\x90\x02\x17;\xf5\xa7\xa2;\xaad\xd3{LY\x8f\xef\
g\xf2\x81\xd9U\xd5\xff\x00j\xb5)\xd5\x85\xf3p\xe3\
\xb4\x99\xd4\xeb?\xd9s\xbf\xef\xca A\xfe\xcb?\xea\
Y)X\xd7V\xf7T\xe1\xab=F\xc7\x84\x0d\xaa;\
\xfd\xcf\x1e\x02\x07\xc9\x8dMS\xe8\xff\x00\xe2\x91\xc0t\
\xfe\xa5T\xea\xdc\x86\xbbo\x80um\x0dw\xf6\xb6.\
\xec\xaf5\xff\x00\x15\xd7m\xeay5\x87\x10.\xa4\x92\
\xde\xceuOo?\xcac2?\xea\xd7\xa5\x13\x1c\xa4\
\xa6\xbe[\x09\xa8\x81\xc9\xd3\xefY\xf5\x7fHw\xc9i\
\xe4G\xa4\xf2u\xd0\xac|w\x0d\xc2\x13r\xfc\xa3\xcd\
~/\x98\xf9:\xb4\xba\x0c+\x1b\x80\xd6&|\x15\x16\
:\x1c\x0a\xba\xc2\x1c\xd4\xc8\x15\xf3\x1dYoh\xe7O\
\x8a\xe3\xbf\xc6\x86u\x98\xdd#\x12\xa6X\xc67#$\
oa>\xf7\x0a\xda\xeb\x9b\xb3\xfe\x0d\x8fk}W\x7f\
\xc5\x7f\xa4]\x87\x22\x0f\xcc/>\xff\x00\x1a\xd8\xc2\xae\
\x8d\x84C\x89\x0c\xce\x22\xb0u\xda\xdb)\xb9\xde\x9bO\
\xeen\xab\xe8\xa7\x82\xc6F\x8f\x09gY\xcc\x8d\x8c\xb5\
\xf1\xc4\x02\xab\xfd\xab/\xf7\x9d\xfeqA\xac\xd6\xceJ\
\x9f\xae?u9k\xff\xd0\xeb\x9bX\xda\xb0~\xb3X\
*8G\xfe\xeeP>\xe7\x87\x7f\x05\xd1\x01\x0d\x5c\xe7\
\xd61\xba\xdcWF\xe6\xd3smp\xfe\xa9\x86\xff\x00\
\xd3r\x82;\x86\xcc\xb6/T\xcb (]\xee-w\
\xf5\x81\xf88\x7f\xe4\x9a\xd4\x1a\x1e]S^\xed\x09\xec\
\x8a\x06\xe1\xaf\x0a\xd0j\x97\xcd\xbe\xb8\xf4\xd7bu\x17\
e\xb5\xb1E\xc4k\xfc\xa2\xdfp\x8f\xec.}\xa1\xcf\
u\x8co!\xee\x8f\x93?\xf3\x15\xe9?[:[\xba\
\x87N\xb1\x957u\x95\xb9\xb64\x0e\xf0v\x1f\xfa\x16\
9s?V\xfe\xacg_\x9bU\xf63kE\xcc\xf5\
\xebx2\x1a\xe0\xfa\xed\xd3\xfa\xccz\x5c:\xa9\xb7\xf5\
\x02\xab\xa8\xeaUu-\xbf\xab:\xff\x00\xb38\xf8:\
\xe6\xba\xb6\xff\x00\xe0\xcf\xc7^\xa8n\x02A\x5c\xff\x00\
F\xe8\xf8\xf8\x18\xdfbsZ=\xcd/\x00r\xf6\x96\
\xbd\x96\xff\x00\x9c\xdd\xebm\xf6{\x8e\xd6s\xdc\xa3\xc2\
\x10J\xaf\xb0\x1a\xdd\x1e\x13\x0b\x03\x16\xfd\xcdk\xbf\xac\
>\xe79\xabS-\xcf\xf4\xdd\xe3\x0b\x9d\xc4\xb6\x1bc\
;\xd7c\xa7\xe0\xff\x00x\xff\x00\xa5\xbd30\xd1\x93\
\x09\xd5\xe8k\xb2@*\xed/X\xb4\x5cHo\x99Z\
\xb5\x13\xb4\x15\x5c\x16b-\xba\x0e\xbf\x10\xbc\xd3\xfcn\
\xf5\x06\xfd\x93\x03\x04X\xd3m\x99\x0f\xc9\xf4\xa7\xde+\
c\x1d\x8fM\xa5\xbf\x99[\xdde\x8df\xef\xe7\x17}\
\x9f\xd4i\xe9\xbd7'\xa8^\x7fG\x89S\xeep\x98\
\x90\xc6\xee\xd8?\x94\xf7{\x18\xbe|\xc9\xc8\xcb\xcd\xbd\
\xf9\x99\xb6\xbe\xfc\xbb\xc8u\xd6\xbc\xcb\x89\x8d\xbf\xe6\xb1\
\xbf\xa3\xad\x9f\xe0\xd8\xa6\x89\xd0\xf8\xb0\xc8Q\xa4`9\
\xdc\x95-\x8e\xfd\xe4\xd5\x03\xbbT\x7f\xb9\x15\xaf\xff\xd9\
\x008BIM\x04!\x00\x00\x00\x00\x00W\x00\x00\x00\
\x01\x01\x00\x00\x00\x0f\x00A\x00d\x00o\x00b\x00e\
\x00 \x00P\x00h\x00o\x00t\x00o\x00s\x00h\
\x00o\x00p\x00\x00\x00\x14\x00A\x00d\x00o\x00b\
\x00e\x00 \x00P\x00h\x00o\x00t\x00o\x00s\
\x00h\x00o\x00p\x00 \x002\x000\x002\x005\
\x00\x00\x00\x01\x008BIM\x04\x06\x00\x00\x00\x00\x00\
\x07\x00\x08\x00\x00\x00\x01\x01\x00\xff\xe1\x18sExi\
f\x00\x00II*\x00\x08\x00\x00\x00\x10\x00\x00\x01\x03\
\x00\x01\x00\x00\x00\x80\x15\x00\x00\x01\x01\x03\x00\x01\x00\x00\
\x00@ \x00\x00\x02\x01\x03\x00\x03\x00\x00\x00\xce\x00\x00\
\x00\x06\x01\x03\x00\x01\x00\x00\x00\x02\x00\x00\x00\x0f\x01\x02\
\x00\x12\x00\x00\x00\xd4\x00\x00\x00\x10\x01\x02\x00\x0a\x00\x00\
\x00\xe6\x00\x00\x00\x12\x01\x03\x00\x01\x00\x00\x00\x01\x00\x00\
\x00\x15\x01\x03\x00\x01\x00\x00\x00\x03\x00\x00\x00\x1a\x01\x05\
\x00\x01\x00\x00\x00\xf0\x00\x00\x00\x1b\x01\x05\x00\x01\x00\x00\
\x00\xf8\x00\x00\x00(\x01\x03\x00\x01\x00\x00\x00\x02\x00\x00\
\x001\x01\x02\x00!\x00\x00\x00\x00\x01\x00\x002\x01\x02\
\x00\x14\x00\x00\x00!\x01\x00\x00\x13\x02\x03\x00\x01\x00\x00\
\x00\x02\x00\x00\x00i\x87\x04\x00\x01\x00\x00\x008\x01\x00\
\x00%\x88\x04\x00\x01\x00\x00\x00\xe0\x04\x00\x00\xf4\x04\x00\
\x00\x08\x00\x08\x00\x08\x00NIKON COR\
PORATION\x00NIKON Z\
 9\x00\xc8\x00\x00\x00\x01\x00\x00\x00\xc8\x00\x00\x00\x01\
\x00\x00\x00Adobe Photosh\
op 26.2 (Macinto\
sh)\x002025:05:20 1\
2:42:00\x00\x00\x00\x002\x00\x9a\x82\x05\
\x00\x01\x00\x00\x00\x96\x03\x00\x00\x9d\x82\x05\x00\x01\x00\x00\
\x00\x9e\x03\x00\x00\x22\x88\x03\x00\x01\x00\x00\x00\x01\x00\x00\
\x00'\x88\x03\x00\x01\x00\x00\x00\x80\x02\x00\x000\x88\x03\
\x00\x01\x00\x00\x00\x02\x00\x00\x002\x88\x04\x00\x01\x00\x00\
\x00\x80\x02\x00\x00\x00\x90\x07\x00\x04\x00\x00\x00023\
2\x03\x90\x02\x00\x14\x00\x00\x00\xa6\x03\x00\x00\x04\x90\x02\
\x00\x14\x00\x00\x00\xba\x03\x00\x00\x10\x90\x02\x00\x07\x00\x00\
\x00\xce\x03\x00\x00\x11\x90\x02\x00\x07\x00\x00\x00\xd6\x03\x00\
\x00\x12\x90\x02\x00\x07\x00\x00\x00\xde\x03\x00\x00\x01\x91\x07\
\x00\x04\x00\x00\x00\x01\x02\x03\x00\x02\x91\x05\x00\x01\x00\x00\
\x00\xe6\x03\x00\x00\x01\x92\x0a\x00\x01\x00\x00\x00\xee\x03\x00\
\x00\x02\x92\x05\x00\x01\x00\x00\x00\xf6\x03\x00\x00\x04\x92\x0a\
\x00\x01\x00\x00\x00\xfe\x03\x00\x00\x07\x92\x03\x00\x01\x00\x00\
\x00\x05\x00\x00\x00\x08\x92\x03\x00\x01\x00\x00\x00\x00\x00\x00\
\x00\x09\x92\x03\x00\x01\x00\x00\x00\x00\x00\x00\x00\x0a\x92\x05\
\x00\x01\x00\x00\x00\x06\x04\x00\x00\x86\x92\x07\x00,\x00\x00\
\x00\x0e\x04\x00\x00\x90\x92\x02\x00\x03\x00\x00\x0084\x00\
\x00\x91\x92\x02\x00\x03\x00\x00\x0084\x00\x00\x92\x92\x02\
\x00\x03\x00\x00\x0084\x00\x00\x00\xa0\x07\x00\x04\x00\x00\
\x000100\x01\xa0\x03\x00\x01\x00\x00\x00\x01\x00\x00\
\x00\x02\xa0\x04\x00\x01\x00\x00\x00\xd0\x02\x00\x00\x03\xa0\x04\
\x00\x01\x00\x00\x00\xb8\x03\x00\x00\x05\xa0\x04\x00\x01\x00\x00\
\x00\xc0\x04\x00\x00\x17\xa2\x03\x00\x01\x00\x00\x00\x02\x00\x00\
\x00\x00\xa3\x07\x00\x01\x00\x00\x00\x03\x00\x00\x00\x01\xa3\x07\
\x00\x01\x00\x00\x00\x01\x00\x00\x00\x02\xa3\x07\x00\x08\x00\x00\
\x00:\x04\x00\x00\x01\xa4\x03\x00\x01\x00\x00\x00\x01\x00\x00\
\x00\x02\xa4\x03\x00\x01\x00\x00\x00\x01\x00\x00\x00\x03\xa4\x03\
\x00\x01\x00\x00\x00\x00\x00\x00\x00\x05\xa4\x03\x00\x01\x00\x00\
\x00\xc8\x00\x00\x00\x06\xa4\x03\x00\x01\x00\x00\x00\x00\x00\x00\
\x00\x07\xa4\x03\x00\x01\x00\x00\x00\x00\x00\x00\x00\x08\xa4\x03\
\x00\x01\x00\x00\x00\x00\x00\x00\x00\x09\xa4\x03\x00\x01\x00\x00\
\x00\x00\x00\x00\x00\x0a\xa4\x03\x00\x01\x00\x00\x00\x00\x00\x00\
\x00\x0c\xa4\x03\x00\x01\x00\x00\x00\x00\x00\x00\x001\xa4\x02\
\x00\x08\x00\x00\x00B\x04\x00\x002\xa4\x05\x00\x04\x00\x00\
\x00J\x04\x00\x003\xa4\x02\x00\x06\x00\x00\x00j\x04\x00\
\x004\xa4\x02\x00A\x00\x00\x00p\x04\x00\x005\xa4\x02\
\x00\x0b\x00\x00\x00\xb2\x04\x00\x00`\xa4\x03\x00\x01\x00\x00\
\x00\x01\x00\x00\x00\x00\x00\x00\x00\x0a\x00\x00\x00\x88\x13\x00\
\x00\xc2\x01\x00\x00d\x00\x00\x002025:05\
:20 12:25:35\x00202\
5:05:20 12:25:35\
\x00+09:00\x00\x00+09:00\x00\
\x00+09:00\x00\x00\x04\x00\x00\x00\x01\x00\x00\
\x00\x98\xce\x88\x00@B\x0f\x00A\x9f\x06\x00\xa0\x86\x01\
\x00\x00\x00\x00\x00\x06\x00\x00\x00\xd0\x07\x00\x00\x0a\x00\x00\
\x00ASCII\x00\x00\x00\x00\x00\x00\x00\x00\x00\x00\
\x00\x00\x00\x00\x00\x00\x00\x00\x00\x00\x00\x00\x00\x00\x00\x00\
\x00\x00\x00\x00\x00\x00\x00\x00\x00\x00\x00\x00\x00\x02\x00\x02\
\x00\x00\x01\x01\x025011813\x00\xbc\x02\x00\
\x00\x0a\x00\x00\x00\xd0\x07\x00\x00\x0a\x00\x00\x00\x18\x01\x00\
\x00d\x00\x00\x00\x18\x01\x00\x00d\x00\x00\x00NIK\
ON\x00NIKKOR Z 70-2\
00mm f/2.8 VR S\x00\
\x00\x00\x00\x00\x00\x00\x00\x00\x00\x00\x00\x00\x00\x00\x00\x00\
\x00\x00\x00\x00\x00\x00\x00\x00\x00\x00\x00\x00\x00\x00\x00\x00\
\x00\x00\x00\x00\x0020081388  \x00\
\x00\x00\x00\x02\x00\x01\x00\x02\x00\x04\x00\x00\x00R98\
\x00\x02\x00\x07\x00\x04\x00\x00\x000100\x00\x00\x00\
\x00\x00\x00\x01\x00\x00\x00\x01\x00\x04\x00\x00\x00\x02\x03\x00\
\x00\x00\x00\x00\x00\x00\x00\x06\x00\x03\x01\x03\x00\x01\x00\x00\
\x00\x06\x00\x00\x00\x1a\x01\x05\x00\x01\x00\x00\x00B\x05\x00\
\x00\x1b\x01\x05\x00\x01\x00\x00\x00J\x05\x00\x00(\x01\x03\
\x00\x01\x00\x00\x00\x02\x00\x00\x00\x01\x02\x04\x00\x01\x00\x00\
\x00R\x05\x00\x00\x02\x02\x04\x00\x01\x00\x00\x00\x19\x13\x00\
\x00\x00\x00\x00\x00\xc8\x00\x00\x00\x01\x00\x00\x00\xc8\x00\x00\
\x00\x01\x00\x00\x00\xff\xd8\xff\xed\x00\x0cAdobe\
_CM\x00\x01\xff\xee\x00\x0eAdobe\x00d\
\x80\x00\x00\x00\x01\xff\xdb\x00\x84\x00\x0c\x08\x08\x08\x09\x08\
\x0c\x09\x09\x0c\x11\x0b\x0a\x0b\x11\x15\x0f\x0c\x0c\x0f\x15\x18\
\x13\x13\x15\x13\x13\x18\x11\x0c\x0c\x0c\x0c\x0c\x0c\x11\x0c\x0c\
\x0c\x0c\x0c\x0c\x0c\x0c\x0c\x0c\x0c\x0c\x0c\x0c\x0c\x0c\x0c\x0c\
\x0c\x0c\x0c\x0c\x0c\x0c\x0c\x0c\x0c\x0c\x01\x0d\x0b\x0b\x0d\x0e\
\x0d\x10\x0e\x0e\x10\x14\x0e\x0e\x0e\x14\x14\x0e\x0e\x0e\x0e\x14\
\x11\x0c\x0c\x0c\x0c\x0c\x11\x11\x0c\x0c\x0c\x0c\x0c\x0c\x11\x0c\
\x0c\x0c\x0c\x0c\x0c\x0c\x0c\x0c\x0c\x0c\x0c\x0c\x0c\x0c\x0c\x0c\
\x0c\x0c\x0c\x0c\x0c\x0c\x0c\x0c\x0c\x0c\x0c\xff\xc0\x00\x11\x08\
\x00\xa0\x00y\x03\x01\x22\x00\x02\x11\x01\x03\x11\x01\xff\xdd\
\x00\x04\x00\x08\xff\xc4\x01?\x00\x00\x01\x05\x01\x01\x01\x01\
\x01\x01\x00\x00\x00\x00\x00\x00\x00\x03\x00\x01\x02\x04\x05\x06\
\x07\x08\x09\x0a\x0b\x01\x00\x01\x05\x01\x01\x01\x01\x01\x01\x00\
\x00\x00\x00\x00\x00\x00\x01\x00\x02\x03\x04\x05\x06\x07\x08\x09\
\x0a\x0b\x10\x00\x01\x04\x01\x03\x02\x04\x02\x05\x07\x06\x08\x05\
\x03\x0c3\x01\x00\x02\x11\x03\x04!\x121\x05AQa\
\x13\x22q\x812\x06\x14\x91\xa1\xb1B#$\x15R\xc1\
b34r\x82\xd1C\x07%\x92S\xf0\xe1\xf1cs\
5\x16\xa2\xb2\x83&D\x93TdE\xc2\xa3t6\x17\
\xd2U\xe2e\xf2\xb3\x84\xc3\xd3u\xe3\xf3F'\x94\xa4\
\x85\xb4\x95\xc4\xd4\xe4\xf4\xa5\xb5\xc5\xd5\xe5\xf5Vfv\
\x86\x96\xa6\xb6\xc6\xd6\xe6\xf67GWgw\x87\x97\xa7\
\xb7\xc7\xd7\xe7\xf7\x11\x00\x02\x02\x01\x02\x04\x04\x03\x04\x05\
\x06\x07\x07\x06\x055\x01\x00\x02\x11\x03!1\x12\x04A\
Qaq\x22\x13\x052\x81\x91\x14\xa1\xb1B#\xc1R\
\xd1\xf03$b\xe1r\x82\x92CS\x15cs4\xf1\
%\x06\x16\xa2\xb2\x83\x07&5\xc2\xd2D\x93T\xa3\x17\
dEU6te\xe2\xf2\xb3\x84\xc3\xd3u\xe3\xf3F\
\x94\xa4\x85\xb4\x95\xc4\xd4\xe4\xf4\xa5\xb5\xc5\xd5\xe5\xf5V\
fv\x86\x96\xa6\xb6\xc6\xd6\xe6\xf6'7GWgw\
\x87\x97\xa7\xb7\xc7\xff\xda\x00\x0c\x03\x01\x00\x02\x11\x03\x11\
\x00?\x00\xe8p\xb2\x1be\x800\x8f\xa3\xa8W\xdf\x8e\
\x1c\xc3\x00\xf1\xca\xc4\xe9\xd5\xb2\x9c\xa0\xf2y\x10\xbaV\
\xd8\xc0\xc9\xf2U\xa1)p\x83\xb2\x80r\xfa{]Q\
\x22{\x99\x05l6v\xee\x95\x98\xfb\x9b]\xf2\xde\x0a\
\xb63\x1ak\xe5:\xf8\x86\xa3U\xf04\x90<\xbd\xfb\
\x5cyP\xcb\xc5\xaf\xd3:jyA\xae\xf6\x1bF\xb2\
\xacd_^\xd2<B1\x8a\xa5D\xb8\xdd:\x86Y\
\xd4^\x1c=\xb5\x9d\x07i+\xad\xa2\xa6\x06\x88\x0b\x87\
\xcb\xebx?W\xc3\xf2rf\xdbm'\xd0\xc7i\x01\
\xcf#\xb9s\xbd\xb5R\xcf\xf0\x97?\xff\x00>.k\
3\xeb7\x5c\xeb\xcf#'!\xd4\xe2\xbb\xe8\xe2\xe3\x97\
WY\x1e\x0e\xd9\xfak\xbf\xad\x90\xef\xfa\xd5i\xe0j\
\xb1\xf5N\xa5\x93Et\xb8\x97\x09h2\x01\x06#\xc6\
\x17\x9c\xe5d[\x96]cA\x879\xd0N\x9c\x1d\xa8\
}.\xa6\xd3\xb5\xb4\xd6\xda\xef{\x9a\xca\xdc\xc3\xb5\xdb\
\x9cv3Y\xd8\xe6\xee>\xefUX\xc7\xebv\x9b\xec\
\xa2\xf3U\xcd\xae\xc7V\xd7\x96\x0ft\x1d\xad~\xe6\xfb\
\xbd\xcdju*\x9eS\xa8\xe3\xbc\xdeZ\xed\x08A\xaf\
\x0fE\xbd\xd70\x0e\xe3\xd41\xc1v+\xe1\xb6w\xf4\
\xcf\xd0is\xbf:\x97\xbf\xe8[\xfe\x0d\xff\x00\xa2\xbf\
\xd2X\xf7\xd8kjJj_V\xc2\xa5O\x08/\xb8\
\xda\xe8\x0a\xc5U9\xad\x94P\xe8t\x11\xfeSo\xc1\
wP\xb8\xde\x84\xc6\x8b\xdbou\xd6\xfa\xec\xfd\xe0\x8f\
U?\xff\xd0\xd0\x93;\x84\x82\x8e\xdc\xcc\x80\xdd\xbb\x8c\
x$\x1a<\x14\x83\x07\x82\x1c#\xb2\x91\xba\xdb\x1d\xa9\
%Hd\xd8\x1b\x1a\xa9\x10\x13m\x09P\xec\xa6,\xc9\
{\x1d\xbbYP\xea=m\x988V\xe6\xe4\x02[P\
\xd1\x93\xab\x9ct\xae\xb1\xfdw\x22\x16\x0eJ\xe3>\xbc\
\xf5\x0d\xd94\xf4\xe6\x1fm\x0d\x17Z<l\xb0~\x89\
\xa7\xfe*\x9fw\xfdu*S\x85\x97\x9f\x95\xd43,\
\xcc\xccy}\xaf>\xe8\xe0\x0f\xcc\xa6\xa1\xf9\xb5\xb3\xe8\
\xb1j\xf4\xfa\xde\xd7\x06\xb5\x8f\xc8\xc9~\xa5\xac\x04\x86\
\xff\x00$5\x9f\xf5^\xc5\x95\xd2\xe87eV\xc1\xab\
\xa7O\x8fe\xea\xbfV:}x\x15i^\xaf\xd4\xb8\
\x8d~\xf4\x09_\x18\xde\xeeWF\xe9\xbdL\xb8\xe6[\
M\xad\xf4\x1a\xf7\xd6\xc3\xce\xf0\xd7\x0a\xfe\x96\xeb=\xaf\
\xf7\xfd%\x81\x8aEe\xdb\xc6\x8fq\x99\x1bd\x9f\xcd\
\x7f\xe6\x7fkr\xf5\xdan`\x88\x10\xb9\xaf\xae\xbfW\
=L;z\xbfJ`\x19t\x82\xfc\x8a\x00\xf6\xdd_\
\xf8B\x1b\xfe\x99\x8d\xf7$\x0ft\xca=\x9en\x8c\xcf\
\xb2\x9d\x8fp\xb6\xab\x89k\x9b`0\xe9\x96=\x964\
\xfb\xdd\xed\xf6\xd9\xfe\x12\xc6\x7f\xc3UK\xd67X\xc6\
\xaa\xa0}\x19u.\x1b\xa9q\xd4\xed?\x9a\xe3\xfb\xf5\
;\xf4oY\xf6\xf5W[S\x8f/\x99k\xfb\x80!\
\xa3\xfe\xfa\xa5\x8b\x9a\xec\x9cK\xaa\x7f,\xfd \xf2\x9f\
e\x9f\x91\xa9\xcb\x0b\x9dF\x97k\xe2\xb5\xc0h\xa8\x91\
\xe0\xb2+\xfe\x7f\xe6\xb5\x80\xfd\x0f\xc9%\xab\xe0\xe4\xba\
\xb7\x88\xf1Z\xdf\xb4m\xf0+\x13\x08\x07Y\xafb\xb5\
\xf67\xc9\x1e\xaa\x7f\xff\xd1\xd9\x09\xd3\x04\xe9)I\xe1\
2t\x94\xa2\x07\x04\xc0\xee|\x00\xfaN^Q\xd4\xb3\
\x1d\x9f\x9f\x91\x98\x7f\xedM\xae{G\x83I\xdbS\x7f\
\xb3SX\xbd'\xafd?\x17\xa2\xe7d\xb7M\x94\xb9\
\xa1\xdf\xca\xb3\xf4,\xff\x00\xa5b\xf2\xdd\x1b\x03\xb3B\
Jt\xba\x1d\x9e\x9ec^/\xaf\x14\x89\x8bm 4\
|\xdc\xbd\x1f\xa5u\x9e\xa5_\xa6\xcc\xc6\xd1u6\x09\
\xa7/\x19\xfb\x98\xf1\xfb\xdan\xad\xdf\xd8z\xe1\xfe\xa9\
\xf4\x1b:\xa9\xb6\xf6l#\x11\xccik\xe6\x0e\xf0\xf7\
\x1f\xa3\xfc\x96\xae\xdb\xa2\xfdV\xc5\xe9\xcd\x18\xb4\x977\
\xd7\xb2\xb7ze\xdb\x98\xd749\xb6>\xbfk=\xd6\
\xd7\xb3\xd4\xff\x00\x8a\xadG2\xcd\x08\xe8\x09\xea\xef\xbb\
\xabcP\xcfR\xf3\x0c\xeeb\x7f\x06\xfb\x95\xbe\x9d\xf5\
\x83\xa3\xe6\x10\xdc\x5c\xa6=\xd3\x1bA \xcf\xf5_\xb5\
\xcb/\xeb\x16\x1b\xf1[\xeab1\xaf-\x10\x05\x86\x18\
#\xe9X\xf8\xf7;o\xee\x7f\xe0\x8b/\xa1eu\xfb\
\x1b[:\xcfF\xa2\xfck\x8e\xd3v\x16\xc7\x9a\xf8\xda\
\xfbj\xf5mm\x95n\xff\x00\x0bE\x9e\xa3\x10\xb3\xaf\
\x82H\xb0<^G\xeb\xe7C\xab\xa3\xfdd\xb6\xbc`\
\x1b\x89\x9c\xc1\x93Uc\x86n.\xae\xfa\x9b\xfc\x86\xd9\
\xf4\x7fq\x96V\xb9\xec\x12\xe6e\x96~\xfb\x1e>\xe1\
\xbb\xfe\xfa\xbd3\xfcd\xf4s\x98\xde\x8e\xea\x5c\xda\xaf\
k\xec\xa5\xaf\xb4\x92\xd0\xc7\x06?m\xae\x1b\x9f\xb5\xbb\
W\x19\x9f\xd01\xf1~\xb1t\xbcL{\xecu\x1dB\
\xe1\x8e\xe3sZ-\xaa\xd1`\xc3\xc9dW\xfa+)\
\xf5\x1f\xeaP\xff\x00\xfa\xd5\x9f\xcd\xa7\x89\x0d\x07R\xc7\
(\x9dMh7q\xaa\x1f\xadA\xf1[N\x00P~\
\x0b\xa2\x1f\xe2\xca\xba\xed\x97\xe5ZH<\x06\xb4+\xbf\
\xf3\x0b\x1bai\xba\xe3>m\x1f\xf7\xd4\xeb\x0cR\xc5\
9Q\x00\xbc\x97@\xc09w\x92~\x88+\xa8\xfd\x8d\
R\xd6\xe8\x9fS1\xb0\x01\xd8\xeb\x0e\xe2O\xb8\xcf\xf0\
[?\xb1Y\xe7\xf7\xa5\xe2\xbb\x84\xddu\x7f\xff\xd2\xd9\
\x94\x94S\xa4\xa6Ik\x12\x99\x12\xb0\x0f\xc9\x058\x7f\
^\xb3\xab\xa7\xea\xbd8\x83\xf9\xec\xdc\x96\x87\x0e\xfb)\
\x1e\xbd\x87\xfe\xdc\xf4\x1a\xbc\xe1\xdfIu__r7\
u:1\x81\xf6\xe3\xd2]\x1ev\x1d\xce\xff\x00\xa8\x5c\
\xa8\x8d\xf0x\x1c\xfc\x82*{\xff\x00\xf1ks)\xc2\
\xca\xdd\xcd\xb7n\x1f\xd9n\xc0\xba\xdcN\xab\x8f\x8f\x9c\
_\x92\xd7\x92\xd0Iv\xd2\x1a\xd0\x0cmc\xcf\xb5\xd6\
l\xfd&\xc5\xc0\xfdS\xb2\xea\xb0\x1a\xfc]\xae\xbe]\
\x0cy!\xa4\x82ts\x9b\xeej\xe8h\xfa\xc3\xd4\x03\
\xc3\xb2\xbaV\xf70\xee\xd9[_`\xd3Ye\xd4\xb6\
\xcd\xdb\xdb\xff\x00\x06\xa1\x91\xd4\xf9\xb6\xb1\xe32\x8e\x9d\
\x03\xd8\xbf;\x131\xb4\xddS\x85\xb8\xf9\x0d\xf5+x\
>*\xce3i\xa7VV\xd0]\xa9p\x00O\xc6\x16\
+z\xd6\x0fQ\xc5\x17R\xcb1M\x12\xeb\xea\xbe\xa7\
T\xe6\x1f\xce\xd1\xecg\xa9\xbb\xf7\xaaFoT\x18=\
7+\xa9uF}\x97\x17\x14\x17\x80\x5c\x0b\xddX\xda\
\x19?E\x8d\xbe\xfb]\xe9UK^\x95\xea\xae\x1a\x89\
\xb1\xa0\xd1\x87\xd6\xa7`\x9cq\x9f\x98\xe2\xcc~\x99\xba\
\xd7\x91\x1a\x977g\xa3\x0f\xf6\xb9\xd6\xbb\xd2\xa1\x8c\xfc\
\xff\x00[\xfe1x\xeb:\xbd\xf6\xf5\x9c,\xec\x8fk\
q.\xa3\xd1\xa8j+\xad\x96\x8b\xfd&\xfes\xfe\x93\
\x9fe\xaf\xf7\xdbg\xe9\x1e\xaeu\x9f\xad\xddc\xeb\x1d\
l\xc6\xca\x15U\x8c\xcb\x8d\xe2\xaa\x9b\x04\xbc\xcbj\xf5\
lyv\xff\x00A\x969\x8c\xd9\xe9\xfe\xfa\xc3\xb4\x83\
c\x8bx\x07\xda~\x1f\xeeO\x8ch\xd9\xdd\x86s\xb0\
\x22>P\xfb\xe6W[\xc5m\xaekK\x5c\x01:\xc8\
\xf1U,\xfa\xc5\x8a\xce\x5c\xc1\xf1r\xf3g\xb9\xce;\
\xb7\x1fp\x07\x93\xddR\xc8\x06\x0f(\xf0\xdfU\x0c\xc4\
\x0a\x00>\xadO\xd6\xde\x9d\x10\xfbX\x08\xf3\x94o\xf9\
\xdd\xd3?\xd2\xb7\xef^A\x86\xd0\x5cG\x9a\xd1\xf4\x8f\
\x82utY\xc7\xea\xe2\x7f\xff\xd3\xd9)\x84(\xbd\xda\
\xa6\x0e\xd5\x05%\xd1\x12\x9d\x07\x90@\x0eS\xa5\xd6\xdb\
,\xc6\xad\xf7\xbc\x1fp\xad\xa5\xc0\x7f]\xc3\xd8\xcf\xed\
\xb9$\x87\xce>\xb6\x5cn\xeb\xd9\x84\xfe`eq\xfd\
\x90O\xfd'\xacx\xe4\xf8\xee\x1fz\xd1\xeba\xff\x00\
\xb6\xba\x80~\x8ffS\xabp\x90`\xb0\xb9\xbfI\xbe\
\xdf\xccT\xeba4\x87\x0e\xce?\xf7\xd4P\xed}V\
\xcae\x19l\xaa\xd3\x14\xbd\xc0\x87x\x12 \xafC\xc6\
\xe9xo\xc8\x16\xb2\xe74\xf3\x03O\xc8\xbc\xdf\xa2\xe1\
\xba\xd1$N\xe0\xbb~\x84\xcb\x03Ee\xe7kxi\
<(&G\x13o\x11\x94c`\x91\xa7CN\xe5\x94\
\x9c\xac\xbc|}\xf1U.\x0ep\xf1\xdb\xeec\x0f\xf2\
\x1bg\xe9\x17\x15\xfe5\xfa\xa5\x9fm\xc5\xe8\xb5\xbc\xfa\
T\x83\x91kG\x05\xc4\x9a1\x83\xff\x00\x97]u\xdb\
g\xfe\x84/B\xc1\xa9\x9e\xab6\x89\x8d?\xce\xff\x00\
r\xf2\x1f\xf1\x81{\x9d\xf5\xcb\xa9\xb8\x1e\x1e\xd64\xf8\
\x06\xb4\x0d\x11\xc6=D\xac\xcd#\xc2\x07w\x22\xb1\xe9\
T{>$\xf8\x8d4\xfe\xd2\xae\x04\x87\x0e\xfch\x89\
0\xd0\xd1\xe1\xaf\xc6\x14k\x1a\x93\x12\x0f*f\xbb\xd3\
Rwc\xd2\xef\xde\xad\xa7\xf0\x0a\xbe@\xd0\xa2\xf4\xf7\
z\x9d>\x87w\x0c\xdac\xf9$\xb7D<\x8e\x0aH\
+t\xa6\x07\xdf\xb4\xf8\xae\x93\xec\x8d\x5c\xdfI1\x94\
\xba\xa9E\x0f\xff\xd4\xd2s\xbb\xad<o\xab\x9dJ\xf0\
\x1e\xf0\xdcv\x9e\xf6}(\xff\x00\x8ao\xbb\xfc\xff\x00\
Mh\xf4\xae\x87Ew\x8c\xab}\xc6\xb3\xfa\x06;\x8d\
\xc3\xfc.\xdf\xce\xd9\xfe\x0f\xfc\xff\x00\xf4kth\x95\
)\xc5\xc5\xfa\xb7\x83@.\xca.\xcbt\x88\xdc\x0b\x18\
?\xebm>\xff\x00\xfa\xeb\xacZ\x0f}t0S]\
a\x95\xb6!\xa0\x06\xb4\x00w\x10\x1a\xd1\xfc\x95e\xc5\
du\xec\xd6`t\xdc\xcb\xec0\xea1\xae\xb6\x92L\
n\xd9[\xce\xc9\xff\x00M_\xfe{\xff\x00\xae'\x00\
\x82\xf8fU\xa3#3/ qvU\xb6\x0f\x83\x9d\
k\xd3c4\x1cw\x0e\xf2\x08\xff\x00_\xec\xa0\xe2\xb5\
\xcdl\xbb]$\xfcC\x5cg\xfc\xe7\x22\xbd\xfe\x8d\x04\
\x8e@$|\xbd\xa9\xa9{O\xab=0\x9c\x5c{\x1c\
!\x8f\xa88\xbe4\x12O+\xbd\xc2\xf5\x1a\xdd\xad\xa2\
\x8ak`\x01\x82\x03\x9eZ\x06\x8esko\xb7\xfbo\
\x5c\xe8\xc1\xc7gE\xe8\x9b\x9c\xf1h\xae\xba\xe8{'\
i\xf5\xe8/\xb5\xce\xae\x0f\xa9o\xa5U\x9e\x87\xfc*\
&g\xd6\x0c\xde\x99\x93^\x0bq^\xd1\xb5\xa5\xa1\xc7\
\xdcY\xb7\xd4\xf6\x88\xfd#\xb65\xff\x00M\xec\xfd+\
,U\xa5bE\xb9\x08\xdc@\x1a\x9a{\x1cvKC\
\xa04\x1dD4\x00\x7f\xb2\xbc\xfb\xeb\xcf\xd4;\xf2k\
\xea]b\x80\x0d\xd5X\xec\x86\x0e\xee\xa4V-\xb4\x7f\
_\xd5\xf5\x7fG\xfc\x85\xd9t\x1e\xabFf3,\xa9\
\xc4\xb2\xc1\xb8H\x8et\xfa'\xe8\xf0\xb5\xdc\x03\x9aA\
\x1b\x81\xd0\xb7\xc4\x1f\x8a\x97\x1d5\xf2\xd8$?5\x16\
\xc8i\xee[#\xcc\x1f\xceJ\x80\x0b\x1d\xdc\xb5\xda\x8f\
/\xf5j\xf5L\xbf\xaa\xfd\x0b\x12\xa7t\xde\xb9\x85s\
\xb0).\xfd\x97\xd5\xf1k\xb5\xf7US\x9cl\xfb\x16\
o\xa2\xcb\xadk\xf1\x9fc\x9b\x8f\x92\xe6]\x8b}\x1f\
\xe8m\xadr\xd9\xdfT\xb1j\xf5OA\xcf\xfd\xa4o\
h\x0c\xa2\xdck\xeb\xb7\xda\xfa\xec\xfd\x1d\xb5\xd0\xfa.\
\x7f\xb3c\xf77\x1f\xe9\xa9Hcs\xfaI\x8c\x22\xc9\
\x9fN\xc7\x0f\x91\x87\xb4\xff\x00\xd2O\x91\xc1V1z\
OT\xc4.\x19X\xd6\xe2\x8b`V\xdc\x86\xfaGs\
g}{\xee\xf4\xd9g\xb5\x03\x22\xbb\x09!\xad\xdd\xda\
\x1aC\xb5\xf2\xf4\xcb\xd0AG\xd2\xcce\xae\xaaW'\
\x84\xcb\xd9\x91\xb80\xc7}\x16\xf7\xda\xec\xfd\xd3\xf7%\
aT\xff\x00\xff\xd5\xf4\x9b\xe5\x95\xb5\xec\xe5\x9c|\x07\
ea\x8f\x16V\x1e\xddC\x84\x84+\x1d\x0d \x0d|\
\x0a\x87Op5=\x83\xf3\x1ct\xf0\x07T\xe2\x86\xcf\
\x22W%\xfe3/m_T\xb2\x81\xe6\xd7\xd3[{\
\xea^\x1c\xef\xfc\x0d\x8f]kx\x5cG\xf8\xd9\x07\xfe\
oR\x07\x0e\xca\xae~m\xb1\x83\xf2\xa5\xddO\x95\xb2\
\xb0\x18\xd9\x12O\xbb\xef\x1e\xdf\xfa-P\xca\x126\x8f\
\x08\xff\x00_\xf3\x91\xeb\xf7\x12\xee\x07a\xe4=\xad\xff\
\x00\xa0\xd5\x0b\x197\x1f3\xfcB\x09}\x9f\xa0\xbc\xdb\
\xd0\xban\xc0\x0cb\xd2XXA$\x1a\xda\xe7\xb1\xff\
\x00\xdb\xdc\x8c\xfe\x9cz\x8eV\x0eX\x007\x02\xed\xe1\
\xce\x91\xbc\x10e\xb5~w\xe8\xec\xda\xefw\xe8\xbf\x9d\
\xab\xf9l\xc6\xfa\xb1\x81M\xff\x00U\xfaV@d\x9b\
(`y\x1c\x82\x0b\xabs\x83\xbf\xb2\xba*)\xbc\xbd\
\xde\xa3\xec\x0d\x00m-qd\xc6\x9e\xed\xae\xdb\xf4Q\
8\xe2H>\x1fE\xd1\xc8b(9\xb9=6\xde\x8b\
a\xbf\x11\xbf\xa9n\xdc\xd6\x8f\xf0{\xcf\xbe\x97\x7f\xc1\
o\xfei\xff\x00\xf5\xb5\xb5\xd3\xba\x85yL\x00\x18w\
\x82-t\xd6F\xd7\x17\xd8\x1c\x08slqp \x8f\
ps]\xedY\x18T\x0cL\xbbk\xafF2\xc75\
\xa3\x9d'\xdb\xff\x00EE8\xf0\x10F\xcb\xe2x\xc1\
\x07~\xefA)(\xb0\x92\xd1*I\xe0\xd8b:1\
\xba\x9ao\xa9\xd4\xdf[m\xa9\xe2\x1f[\xc0s\x5c?\
u\xccw\xb5\xcb\xcd\xbe\xb6\xfdMoL\xca\x19\xb8L\
'\xa6\x5c\xe0\x1fX\xd4P\xf3\xc0\xff\x00\xc2\xd6\x7f\x83\
\xff\x00Co\xe8\xbf\xd0\xafK>k?\xeb\x0e\xf3\xd0\
z\x8e\xc1.\xfb5\xbaylt\xa1/\x94\xf9$n\
\xf9\xe5x52\xa0Lh;\xa8z4\xf8\x84\x1c\xcc\
\x81\xe9\x00\xde\xea\x9f\xa8|V\x7f\x14\xfd\xbb\xd6\xed\xb1\
Q\xe2\xfa?\xff\xd6\xf4\xe2\x1bc5\xd6;\x8eB\xab\
\x8d\xfa\x1c\xab+<=\xbb\x81\xf3\x1f\xf9\xd2;\x0d\xad\
w\xbbQ\xc4\xf0B\x16c\xc5E\x97\xed\xfa.\x01\xe7\
\xf9'B\x9e\x86\xc3.\x1b\xf6\x11\x13\xc1\x5cW\xf8\xd8\
\xc8\xad\xbd7\x0f\x18\x9f{\xee\xde\x1b\xfdP}\xc7\xfe\
\x92\xec-\x0d!\xb6\xb4\xc8\x9eW\x9d\x7f\x8d{\xc9\xea\
\x18T\x8e\x06;\xee?\x12}*G\xe1\x7f\xfd\xb8\x81\
\x0ax\xba[\x15\x89\x1ck\xf7\x7f\xe7(D\x0fW\xe0\
D\xfd\xea\xcb\x18\x043\xb3Z\x07\xcf\xfdw\xa14K\
\xa4\x0dN\xdf\x94\xfb\x90K\xeb_\xe2\xe5\xcd\xb7\xeav\
\x0b{\xd4o\xac\xff\x00f\xebc\xfe\x8b\x97B\xf6\xec\
i-\x1c\xf6\x5c\xaf\xf8\xacy\xb7\xea\xb3\xea\xfa&\x8c\
\xbbY\xa7\x9f\xa7\x7f\xfe\x8d]\x83\x9b)\xc0\xa0\xa2\xa2\
\xcd#\xf3\xc9\xd5g7\x5c\xcb\xcf\x8d\x85h\x9d\xb5\xba\
cN\xeb3\x1e\xd6]{\xeea\x96\xda\xe2\xe6\x9d\x7f\
\x8a\x8f6\xc3\xcd\x93\x16\xe7\xc9\xd9\xa8\xcbB\x9a\x0d'\
DI\x0e1\xd8s\xf1J\x1a\x84Lj\xcb\xe2\x81\xd4\
\x18\xeb02kc\xb6\xb9\xf5=\xadw\x81- \x14\
x\x8e\x02\xa7\xd5\xb3j\xc3\xc26\xd9\xa0{\x9bX\xf8\
\xb8\xa7-x\xcf\xf9\xa7k\xda\xd0H\x10\x06\x8a?\xf3\
J\xdf\x11\xf7.\x9e\xbe\xab\x8a[\xbbpP\xfd\xbd\x83\
\xfb\xcdC\x82=\x95\xc4_\xff\xd7\xf4\x8a3p\xb2L\
c\xe4Uq=\x98\xf6\x93\xfel\xeeD\xca`u.\
\x0e\xe2\x17\x16\xfe\x9a\xcb~\x93A>aW\xc8\xca\xea\
\x9d)\x8d\xaf\x13!\xc6\xbb\x9e\xca\x0d\x16\x12\xe6E\xae\
m[\x98\xd7\x7f5e{\xfdJ\xfd$\xd8\xe6\xb2,\
2\xcb\x08\x03C\xf6\xbd?G\xf5\xdf\x85\xefv\xf6\xbe\
\xd7\x968\x88\xfd\x1b^[_\xfdJ\xe1\xff\x00\xc6s\
^\xfe\xb7\x82\xd8\x91\xe89\xb1\xe3\xb3\xf4\x8e\xff\x00\xa2\
\xf5\xdf\xe38S\x8e\xccz\xff\x00\x9bc@o\x90\x02\
\x17;\xf5\xa7\xa2;\xaad\xd3{LY\x8f\xefg\xf2\
\x81\xd9U\xd5\xff\x00j\xb5)\xd5\x85\xf3p\xe3\xb4\x99\
\xd4\xeb?\xd9s\xbf\xef\xca A\xfe\xcb?\xeaY)\
X\xd7V\xf7T\xe1\xab=F\xc7\x84\x0d\xaa;\xfd\xcf\
\x1e\x02\x07\xc9\x8dMS\xe8\xff\x00\xe2\x91\xc0t\xfe\xa5\
T\xea\xdc\x86\xbbo\x80um\x0dw\xf6\xb6.\xec\xaf\
5\xff\x00\x15\xd7m\xeay5\x87\x10.\xa4\x92\xde\xce\
uOo?\xcac2?\xea\xd7\xa5\x13\x1c\xa4\xa6\xbe\
[\x09\xa8\x81\xc9\xd3\xefY\xf5\x7fHw\xc9i\xe4G\
\xa4\xf2u\xd0\xac|w\x0d\xc2\x13r\xfc\xa3\xcd~/\
\x98\xf9:\xb4\xba\x0c+\x1b\x80\xd6&|\x15\x16:\x1c\
\x0a\xba\xc2\x1c\xd4\xc8\x15\xf3\x1dYoh\xe7O\x8a\xe3\
\xbf\xc6\x86u\x98\xdd#\x12\xa6X\xc67#$oa\
>\xf7\x0a\xda\xeb\x9b\xb3\xfe\x0d\x8fk}W\x7f\xc5\x7f\
\xa4]\x87\x22\x0f\xcc/>\xff\x00\x1a\xd8\xc2\xae\x8d\x84\
C\x89\x0c\xce\x22\xb0u\xda\xdb)\xb9\xde\x9bO\xeen\
\xab\xe8\xa7\x82\xc6F\x8f\x09gY\xcc\x8d\x8c\xb5\xf1\xc4\
\x02\xab\xfd\xab/\xf7\x9d\xfeqA\xac\xd6\xceJ\x9f\xae\
?u9k\xff\xd0\xeb\x9bX\xda\xb0~\xb3X*8\
G\xfe\xeeP>\xe7\x87\x7f\x05\xd1\x01\x0d\x5c\xe7\xd61\
\xba\xdcWF\xe6\xd3smp\xfe\xa9\x86\xff\x00\xd3r\
\x82;\x86\xcc\xb6/T\xcb (]\xee-w\xf5\x81\
\xf88\x7f\xe4\x9a\xd4\x1a\x1e]S^\xed\x09\xec\x8a\x06\
\xe1\xaf\x0a\xd0j\x97\xcd\xbe\xb8\xf4\xd7bu\x17e\xb5\
\xb1E\xc4k\xfc\xa2\xdfp\x8f\xec.}\xa1\xcfu\x8c\
o!\xee\x8f\x93?\xf3\x15\xe9?[:[\xba\x87N\
\xb1\x957u\x95\xb9\xb64\x0e\xf0v\x1f\xfa\x169s\
?V\xfe\xacg_\x9bU\xf63kE\xcc\xf5\xebx\
2\x1a\xe0\xfa\xed\xd3\xfa\xccz\x5c:\xa9\xb7\xf5\x02\xab\
\xa8\xeaUu-\xbf\xab:\xff\x00\xb38\xf8:\xe6\xba\
\xb6\xff\x00\xe0\xcf\xc7^\xa8n\x02A\x5c\xff\x00F\xe8\
\xf8\xf8\x18\xdfbsZ=\xcd/\x00r\xf6\x96\xbd\x96\
\xff\x00\x9c\xdd\xebm\xf6{\x8e\xd6s\xdc\xa3\xc2\x10J\
\xaf\xb0\x1a\xdd\x1e\x13\x0b\x03\x16\xfd\xcdk\xbf\xac>\xe7\
9\xabS-\xcf\xf4\xdd\xe3\x0b\x9d\xc4\xb6\x1bc;\xd7\
c\xa7\xe0\xff\x00x\xff\x00\xa5\xbd30\xd1\x93\x09\xd5\
\xe8k\xb2@*\xed/X\xb4\x5cHo\x99Z\xb5\x13\
\xb4\x15\x5c\x16b-\xba\x0e\xbf\x10\xbc\xd3\xfcn\xf5\x06\
\xfd\x93\x03\x04X\xd3m\x99\x0f\xc9\xf4\xa7\xde+c\x1d\
\x8fM\xa5\xbf\x99[\xdde\x8df\xef\xe7\x17}\x9f\xd4\
i\xe9\xbd7'\xa8^\x7fG\x89S\xeep\x98\x90\xc6\
\xee\xd8?\x94\xf7{\x18\xbe|\xc9\xc8\xcb\xcd\xbd\xf9\x99\
\xb6\xbe\xfc\xbb\xc8u\xd6\xbc\xcb\x89\x8d\xbf\xe6\xb1\xbf\xa3\
\xad\x9f\xe0\xd8\xa6\x89\xd0\xf8\xb0\xc8Q\xa4`9\xdc\x95\
-\x8e\xfd\xe4\xd5\x03\xbbT\x7f\xb9\x15\xaf\xff\xd9\xff\xe2\
\x0cXICC_PROFILE\x00\x01\x01\
\x00\x00\x0cHLino\x02\x10\x00\x00mntr\
RGB XYZ \x07\xce\x00\x02\x00\x09\x00\x06\
\x001\x00\x00acspMSFT\x00\x00\x00\x00\
IEC sRGB\x00\x00\x00\x00\x00\x00\x00\x00\
\x00\x00\x00\x00\x00\x00\xf6\xd6\x00\x01\x00\x00\x00\x00\xd3-\
HP  \x00\x00\x00\x00\x00\x00\x00\x00\x00\x00\x00\x00\
\x00\x00\x00\x00\x00\x00\x00\x00\x00\x00\x00\x00\x00\x00\x00\x00\
\x00\x00\x00\x00\x00\x00\x00\x00\x00\x00\x00\x00\x00\x00\x00\x00\
\x00\x00\x00\x11cprt\x00\x00\x01P\x00\x00\x003\
desc\x00\x00\x01\x84\x00\x00\x00lwtpt\
\x00\x00\x01\xf0\x00\x00\x00\x14bkpt\x00\x00\x02\x04\
\x00\x00\x00\x14rXYZ\x00\x00\x02\x18\x00\x00\x00\x14\
gXYZ\x00\x00\x02,\x00\x00\x00\x14bXYZ\
\x00\x00\x02@\x00\x00\x00\x14dmnd\x00\x00\x02T\
\x00\x00\x00pdmdd\x00\x00\x02\xc4\x00\x00\x00\x88\
vued\x00\x00\x03L\x00\x00\x00\x86view\
\x00\x00\x03\xd4\x00\x00\x00$lumi\x00\x00\x03\xf8\
\x00\x00\x00\x14meas\x00\x00\x04\x0c\x00\x00\x00$\
tech\x00\x00\x040\x00\x00\x00\x0crTRC\
\x00\x00\x04<\x00\x00\x08\x0cgTRC\x00\x00\x04<\
\x00\x00\x08\x0cbTRC\x00\x00\x04<\x00\x00\x08\x0c\
text\x00\x00\x00\x00Copyrigh\
t (c) 1998 Hewle\
tt-Packard Compa\
ny\x00\x00desc\x00\x00\x00\x00\x00\x00\x00\x12\
sRGB IEC61966-2.\
1\x00\x00\x00\x00\x00\x00\x00\x00\x00\x00\x00\x12sRG\
B IEC61966-2.1\x00\x00\
\x00\x00\x00\x00\x00\x00\x00\x00\x00\x00\x00\x00\x00\x00\x00\x00\
\x00\x00\x00\x00\x00\x00\x00\x00\x00\x00\x00\x00\x00\x00\x00\x00\
\x00\x00\x00\x00\x00\x00\x00\x00\x00\x00\x00\x00\x00\x00\x00\x00\
XYZ \x00\x00\x00\x00\x00\x00\xf3Q\x00\x01\x00\x00\
\x00\x01\x16\xccXYZ \x00\x00\x00\x00\x00\x00\x00\x00\
\x00\x00\x00\x00\x00\x00\x00\x00XYZ \x00\x00\x00\x00\
\x00\x00o\xa2\x00\x008\xf5\x00\x00\x03\x90XYZ \
\x00\x00\x00\x00\x00\x00b\x99\x00\x00\xb7\x85\x00\x00\x18\xda\
XYZ \x00\x00\x00\x00\x00\x00$\xa0\x00\x00\x0f\x84\
\x00\x00\xb6\xcfdesc\x00\x00\x00\x00\x00\x00\x00\x16\
IEC http://www.i\
ec.ch\x00\x00\x00\x00\x00\x00\x00\x00\x00\x00\x00\
\x16IEC http://www.\
iec.ch\x00\x00\x00\x00\x00\x00\x00\x00\x00\x00\
\x00\x00\x00\x00\x00\x00\x00\x00\x00\x00\x00\x00\x00\x00\x00\x00\
\x00\x00\x00\x00\x00\x00\x00\x00\x00\x00\x00\x00\x00\x00\x00\x00\
\x00\x00\x00\x00desc\x00\x00\x00\x00\x00\x00\x00.\
IEC 61966-2.1 De\
fault RGB colour\
 space - sRGB\x00\x00\x00\
\x00\x00\x00\x00\x00\x00\x00\x00.IEC 619\
66-2.1 Default R\
GB colour space \
- sRGB\x00\x00\x00\x00\x00\x00\x00\x00\x00\x00\
\x00\x00\x00\x00\x00\x00\x00\x00\x00\x00\x00\x00desc\
\x00\x00\x00\x00\x00\x00\x00,Referenc\
e Viewing Condit\
ion in IEC61966-\
2.1\x00\x00\x00\x00\x00\x00\x00\x00\x00\x00\x00,R\
eference Viewing\
 Condition in IE\
C61966-2.1\x00\x00\x00\x00\x00\x00\
\x00\x00\x00\x00\x00\x00\x00\x00\x00\x00\x00\x00\x00\x00\x00\x00\
\x00\x00\x00\x00view\x00\x00\x00\x00\x00\x13\xa4\xfe\
\x00\x14_.\x00\x10\xcf\x14\x00\x03\xed\xcc\x00\x04\x13\x0b\
\x00\x03\x5c\x9e\x00\x00\x00\x01XYZ \x00\x00\x00\x00\
\x00L\x09V\x00P\x00\x00\x00W\x1f\xe7meas\
\x00\x00\x00\x00\x00\x00\x00\x01\x00\x00\x00\x00\x00\x00\x00\x00\
\x00\x00\x00\x00\x00\x00\x00\x00\x00\x00\x02\x8f\x00\x00\x00\x02\
sig \x00\x00\x00\x00CRT curv\
\x00\x00\x00\x00\x00\x00\x04\x00\x00\x00\x00\x05\x00\x0a\x00\x0f\
\x00\x14\x00\x19\x00\x1e\x00#\x00(\x00-\x002\x007\
\x00;\x00@\x00E\x00J\x00O\x00T\x00Y\x00^\
\x00c\x00h\x00m\x00r\x00w\x00|\x00\x81\x00\x86\
\x00\x8b\x00\x90\x00\x95\x00\x9a\x00\x9f\x00\xa4\x00\xa9\x00\xae\
\x00\xb2\x00\xb7\x00\xbc\x00\xc1\x00\xc6\x00\xcb\x00\xd0\x00\xd5\
\x00\xdb\x00\xe0\x00\xe5\x00\xeb\x00\xf0\x00\xf6\x00\xfb\x01\x01\
\x01\x07\x01\x0d\x01\x13\x01\x19\x01\x1f\x01%\x01+\x012\
\x018\x01>\x01E\x01L\x01R\x01Y\x01`\x01g\
\x01n\x01u\x01|\x01\x83\x01\x8b\x01\x92\x01\x9a\x01\xa1\
\x01\xa9\x01\xb1\x01\xb9\x01\xc1\x01\xc9\x01\xd1\x01\xd9\x01\xe1\
\x01\xe9\x01\xf2\x01\xfa\x02\x03\x02\x0c\x02\x14\x02\x1d\x02&\
\x02/\x028\x02A\x02K\x02T\x02]\x02g\x02q\
\x02z\x02\x84\x02\x8e\x02\x98\x02\xa2\x02\xac\x02\xb6\x02\xc1\
\x02\xcb\x02\xd5\x02\xe0\x02\xeb\x02\xf5\x03\x00\x03\x0b\x03\x16\
\x03!\x03-\x038\x03C\x03O\x03Z\x03f\x03r\
\x03~\x03\x8a\x03\x96\x03\xa2\x03\xae\x03\xba\x03\xc7\x03\xd3\
\x03\xe0\x03\xec\x03\xf9\x04\x06\x04\x13\x04 \x04-\x04;\
\x04H\x04U\x04c\x04q\x04~\x04\x8c\x04\x9a\x04\xa8\
\x04\xb6\x04\xc4\x04\xd3\x04\xe1\x04\xf0\x04\xfe\x05\x0d\x05\x1c\
\x05+\x05:\x05I\x05X\x05g\x05w\x05\x86\x05\x96\
\x05\xa6\x05\xb5\x05\xc5\x05\xd5\x05\xe5\x05\xf6\x06\x06\x06\x16\
\x06'\x067\x06H\x06Y\x06j\x06{\x06\x8c\x06\x9d\
\x06\xaf\x06\xc0\x06\xd1\x06\xe3\x06\xf5\x07\x07\x07\x19\x07+\
\x07=\x07O\x07a\x07t\x07\x86\x07\x99\x07\xac\x07\xbf\
\x07\xd2\x07\xe5\x07\xf8\x08\x0b\x08\x1f\x082\x08F\x08Z\
\x08n\x08\x82\x08\x96\x08\xaa\x08\xbe\x08\xd2\x08\xe7\x08\xfb\
\x09\x10\x09%\x09:\x09O\x09d\x09y\x09\x8f\x09\xa4\
\x09\xba\x09\xcf\x09\xe5\x09\xfb\x0a\x11\x0a'\x0a=\x0aT\
\x0aj\x0a\x81\x0a\x98\x0a\xae\x0a\xc5\x0a\xdc\x0a\xf3\x0b\x0b\
\x0b\x22\x0b9\x0bQ\x0bi\x0b\x80\x0b\x98\x0b\xb0\x0b\xc8\
\x0b\xe1\x0b\xf9\x0c\x12\x0c*\x0cC\x0c\x5c\x0cu\x0c\x8e\
\x0c\xa7\x0c\xc0\x0c\xd9\x0c\xf3\x0d\x0d\x0d&\x0d@\x0dZ\
\x0dt\x0d\x8e\x0d\xa9\x0d\xc3\x0d\xde\x0d\xf8\x0e\x13\x0e.\
\x0eI\x0ed\x0e\x7f\x0e\x9b\x0e\xb6\x0e\xd2\x0e\xee\x0f\x09\
\x0f%\x0fA\x0f^\x0fz\x0f\x96\x0f\xb3\x0f\xcf\x0f\xec\
\x10\x09\x10&\x10C\x10a\x10~\x10\x9b\x10\xb9\x10\xd7\
\x10\xf5\x11\x13\x111\x11O\x11m\x11\x8c\x11\xaa\x11\xc9\
\x11\xe8\x12\x07\x12&\x12E\x12d\x12\x84\x12\xa3\x12\xc3\
\x12\xe3\x13\x03\x13#\x13C\x13c\x13\x83\x13\xa4\x13\xc5\
\x13\xe5\x14\x06\x14'\x14I\x14j\x14\x8b\x14\xad\x14\xce\
\x14\xf0\x15\x12\x154\x15V\x15x\x15\x9b\x15\xbd\x15\xe0\
\x16\x03\x16&\x16I\x16l\x16\x8f\x16\xb2\x16\xd6\x16\xfa\
\x17\x1d\x17A\x17e\x17\x89\x17\xae\x17\xd2\x17\xf7\x18\x1b\
\x18@\x18e\x18\x8a\x18\xaf\x18\xd5\x18\xfa\x19 \x19E\
\x19k\x19\x91\x19\xb7\x19\xdd\x1a\x04\x1a*\x1aQ\x1aw\
\x1a\x9e\x1a\xc5\x1a\xec\x1b\x14\x1b;\x1bc\x1b\x8a\x1b\xb2\
\x1b\xda\x1c\x02\x1c*\x1cR\x1c{\x1c\xa3\x1c\xcc\x1c\xf5\
\x1d\x1e\x1dG\x1dp\x1d\x99\x1d\xc3\x1d\xec\x1e\x16\x1e@\
\x1ej\x1e\x94\x1e\xbe\x1e\xe9\x1f\x13\x1f>\x1fi\x1f\x94\
\x1f\xbf\x1f\xea \x15 A l \x98 \xc4 \xf0\
!\x1c!H!u!\xa1!\xce!\xfb\x22'\x22U\
\x22\x82\x22\xaf\x22\xdd#\x0a#8#f#\x94#\xc2\
#\xf0$\x1f$M$|$\xab$\xda%\x09%8\
%h%\x97%\xc7%\xf7&'&W&\x87&\xb7\
&\xe8'\x18'I'z'\xab'\xdc(\x0d(?\
(q(\xa2(\xd4)\x06)8)k)\x9d)\xd0\
*\x02*5*h*\x9b*\xcf+\x02+6+i\
+\x9d+\xd1,\x05,9,n,\xa2,\xd7-\x0c\
-A-v-\xab-\xe1.\x16.L.\x82.\xb7\
.\xee/$/Z/\x91/\xc7/\xfe050l\
0\xa40\xdb1\x121J1\x821\xba1\xf22*\
2c2\x9b2\xd43\x0d3F3\x7f3\xb83\xf1\
4+4e4\x9e4\xd85\x135M5\x875\xc2\
5\xfd676r6\xae6\xe97$7`7\x9c\
7\xd78\x148P8\x8c8\xc89\x059B9\x7f\
9\xbc9\xf9:6:t:\xb2:\xef;-;k\
;\xaa;\xe8<'<e<\xa4<\xe3=\x22=a\
=\xa1=\xe0> >`>\xa0>\xe0?!?a\
?\xa2?\xe2@#@d@\xa6@\xe7A)Aj\
A\xacA\xeeB0BrB\xb5B\xf7C:C}\
C\xc0D\x03DGD\x8aD\xceE\x12EUE\x9a\
E\xdeF\x22FgF\xabF\xf0G5G{G\xc0\
H\x05HKH\x91H\xd7I\x1dIcI\xa9I\xf0\
J7J}J\xc4K\x0cKSK\x9aK\xe2L*\
LrL\xbaM\x02MJM\x93M\xdcN%Nn\
N\xb7O\x00OIO\x93O\xddP'PqP\xbb\
Q\x06QPQ\x9bQ\xe6R1R|R\xc7S\x13\
S_S\xaaS\xf6TBT\x8fT\xdbU(Uu\
U\xc2V\x0fV\x5cV\xa9V\xf7WDW\x92W\xe0\
X/X}X\xcbY\x1aYiY\xb8Z\x07ZV\
Z\xa6Z\xf5[E[\x95[\xe5\x5c5\x5c\x86\x5c\xd6\
]']x]\xc9^\x1a^l^\xbd_\x0f_a\
_\xb3`\x05`W`\xaa`\xfcaOa\xa2a\xf5\
bIb\x9cb\xf0cCc\x97c\xebd@d\x94\
d\xe9e=e\x92e\xe7f=f\x92f\xe8g=\
g\x93g\xe9h?h\x96h\xeciCi\x9ai\xf1\
jHj\x9fj\xf7kOk\xa7k\xfflWl\xaf\
m\x08m`m\xb9n\x12nkn\xc4o\x1eox\
o\xd1p+p\x86p\xe0q:q\x95q\xf0rK\
r\xa6s\x01s]s\xb8t\x14tpt\xccu(\
u\x85u\xe1v>v\x9bv\xf8wVw\xb3x\x11\
xnx\xccy*y\x89y\xe7zFz\xa5{\x04\
{c{\xc2|!|\x81|\xe1}A}\xa1~\x01\
~b~\xc2\x7f#\x7f\x84\x7f\xe5\x80G\x80\xa8\x81\x0a\
\x81k\x81\xcd\x820\x82\x92\x82\xf4\x83W\x83\xba\x84\x1d\
\x84\x80\x84\xe3\x85G\x85\xab\x86\x0e\x86r\x86\xd7\x87;\
\x87\x9f\x88\x04\x88i\x88\xce\x893\x89\x99\x89\xfe\x8ad\
\x8a\xca\x8b0\x8b\x96\x8b\xfc\x8cc\x8c\xca\x8d1\x8d\x98\
\x8d\xff\x8ef\x8e\xce\x8f6\x8f\x9e\x90\x06\x90n\x90\xd6\
\x91?\x91\xa8\x92\x11\x92z\x92\xe3\x93M\x93\xb6\x94 \
\x94\x8a\x94\xf4\x95_\x95\xc9\x964\x96\x9f\x97\x0a\x97u\
\x97\xe0\x98L\x98\xb8\x99$\x99\x90\x99\xfc\x9ah\x9a\xd5\
\x9bB\x9b\xaf\x9c\x1c\x9c\x89\x9c\xf7\x9dd\x9d\xd2\x9e@\
\x9e\xae\x9f\x1d\x9f\x8b\x9f\xfa\xa0i\xa0\xd8\xa1G\xa1\xb6\
\xa2&\xa2\x96\xa3\x06\xa3v\xa3\xe6\xa4V\xa4\xc7\xa58\
\xa5\xa9\xa6\x1a\xa6\x8b\xa6\xfd\xa7n\xa7\xe0\xa8R\xa8\xc4\
\xa97\xa9\xa9\xaa\x1c\xaa\x8f\xab\x02\xabu\xab\xe9\xac\x5c\
\xac\xd0\xadD\xad\xb8\xae-\xae\xa1\xaf\x16\xaf\x8b\xb0\x00\
\xb0u\xb0\xea\xb1`\xb1\xd6\xb2K\xb2\xc2\xb38\xb3\xae\
\xb4%\xb4\x9c\xb5\x13\xb5\x8a\xb6\x01\xb6y\xb6\xf0\xb7h\
\xb7\xe0\xb8Y\xb8\xd1\xb9J\xb9\xc2\xba;\xba\xb5\xbb.\
\xbb\xa7\xbc!\xbc\x9b\xbd\x15\xbd\x8f\xbe\x0a\xbe\x84\xbe\xff\
\xbfz\xbf\xf5\xc0p\xc0\xec\xc1g\xc1\xe3\xc2_\xc2\xdb\
\xc3X\xc3\xd4\xc4Q\xc4\xce\xc5K\xc5\xc8\xc6F\xc6\xc3\
\xc7A\xc7\xbf\xc8=\xc8\xbc\xc9:\xc9\xb9\xca8\xca\xb7\
\xcb6\xcb\xb6\xcc5\xcc\xb5\xcd5\xcd\xb5\xce6\xce\xb6\
\xcf7\xcf\xb8\xd09\xd0\xba\xd1<\xd1\xbe\xd2?\xd2\xc1\
\xd3D\xd3\xc6\xd4I\xd4\xcb\xd5N\xd5\xd1\xd6U\xd6\xd8\
\xd7\x5c\xd7\xe0\xd8d\xd8\xe8\xd9l\xd9\xf1\xdav\xda\xfb\
\xdb\x80\xdc\x05\xdc\x8a\xdd\x10\xdd\x96\xde\x1c\xde\xa2\xdf)\
\xdf\xaf\xe06\xe0\xbd\xe1D\xe1\xcc\xe2S\xe2\xdb\xe3c\
\xe3\xeb\xe4s\xe4\xfc\xe5\x84\xe6\x0d\xe6\x96\xe7\x1f\xe7\xa9\
\xe82\xe8\xbc\xe9F\xe9\xd0\xea[\xea\xe5\xebp\xeb\xfb\
\xec\x86\xed\x11\xed\x9c\xee(\xee\xb4\xef@\xef\xcc\xf0X\
\xf0\xe5\xf1r\xf1\xff\xf2\x8c\xf3\x19\xf3\xa7\xf44\xf4\xc2\
\xf5P\xf5\xde\xf6m\xf6\xfb\xf7\x8a\xf8\x19\xf8\xa8\xf98\
\xf9\xc7\xfaW\xfa\xe7\xfbw\xfc\x07\xfc\x98\xfd)\xfd\xba\
\xfeK\xfe\xdc\xffm\xff\xff\xff\xe1\x10xhttp\
://ns.adobe.com/\
xap/1.0/\x00<?xpack\
et begin=\x22\xef\xbb\xbf\x22 i\
d=\x22W5M0MpCehiHzr\
eSzNTczkc9d\x22?> <\
x:xmpmeta xmlns:\
x=\x22adobe:ns:meta\
/\x22 x:xmptk=\x22Adob\
e XMP Core 9.1-c\
002 79.a1cd12f41\
, 2024/11/08-16:\
09:20        \x22> \
<rdf:RDF xmlns:r\
df=\x22http://www.w\
3.org/1999/02/22\
-rdf-syntax-ns#\x22\
> <rdf:Descripti\
on rdf:about=\x22\x22 \
xmlns:xmp=\x22http:\
//ns.adobe.com/x\
ap/1.0/\x22 xmlns:p\
hotoshop=\x22http:/\
/ns.adobe.com/ph\
otoshop/1.0/\x22 xm\
lns:photomechani\
c=\x22http://ns.cam\
erabits.com/phot\
omechanic/1.0/\x22 \
xmlns:aux=\x22http:\
//ns.adobe.com/e\
xif/1.0/aux/\x22 xm\
lns:exifEX=\x22http\
://cipa.jp/exif/\
1.0/\x22 xmlns:xmpM\
M=\x22http://ns.ado\
be.com/xap/1.0/m\
m/\x22 xmlns:stEvt=\
\x22http://ns.adobe\
.com/xap/1.0/sTy\
pe/ResourceEvent\
#\x22 xmlns:dc=\x22htt\
p://purl.org/dc/\
elements/1.1/\x22 x\
mp:CreatorTool=\x22\
NIKON Z 9 Ver.04\
.00   \x22 xmp:Crea\
teDate=\x222025-05-\
20T12:25:35\x22 xmp\
:Rating=\x220\x22 xmp:\
ModifyDate=\x222025\
-05-20T12:42:00+\
09:00\x22 xmp:Metad\
ataDate=\x222025-05\
-20T12:42:00+09:\
00\x22 photoshop:Da\
teCreated=\x222025-\
05-20T12:25:35.0\
84\x22 photoshop:Le\
gacyIPTCDigest=\x22\
FA13021A74708146\
49CC54A59E3E27D3\
\x22 photoshop:Colo\
rMode=\x223\x22 photos\
hop:ICCProfile=\x22\
sRGB IEC61966-2.\
1\x22 photomechanic\
:ColorClass=\x220\x22 \
photomechanic:Ta\
gged=\x22False\x22 pho\
tomechanic:Prefs\
=\x220:0:0:002512\x22 \
photomechanic:PM\
Version=\x22PM6\x22 au\
x:ImageNumber=\x222\
512\x22 aux:SerialN\
umber=\x225011813\x22 \
aux:LensInfo=\x2270\
0/10 2000/10 280\
/100 280/100\x22 au\
x:Lens=\x22NIKKOR Z\
 70-200mm f/2.8 \
VR S\x22 aux:LensSe\
rialNumber=\x222008\
1388\x22 exifEX:Len\
sModel=\x22NIKKOR Z\
 70-200mm f/2.8 \
VR S\x22 exifEX:Len\
sMake=\x22NIKON\x22 xm\
pMM:DocumentID=\x22\
adobe:docid:phot\
oshop:87d5b1c1-e\
620-a842-943a-2a\
3ba4d822e5\x22 xmpM\
M:InstanceID=\x22xm\
p.iid:fcb82a94-a\
381-401e-900f-1e\
bc182721b9\x22 xmpM\
M:OriginalDocume\
ntID=\x22F892EC16E6\
E3F1BF85CF640189\
CFD5DE\x22 dc:forma\
t=\x22image/jpeg\x22> \
<xmpMM:History> \
<rdf:Seq> <rdf:l\
i stEvt:action=\x22\
saved\x22 stEvt:ins\
tanceID=\x22xmp.iid\
:bd296e42-c569-4\
424-a948-39cba76\
100f9\x22 stEvt:whe\
n=\x222025-05-20T12\
:41:58+09:00\x22 st\
Evt:softwareAgen\
t=\x22Adobe Photosh\
op 26.2 (Macinto\
sh)\x22 stEvt:chang\
ed=\x22/\x22/> <rdf:li\
 stEvt:action=\x22s\
aved\x22 stEvt:inst\
anceID=\x22xmp.iid:\
fcb82a94-a381-40\
1e-900f-1ebc1827\
21b9\x22 stEvt:when\
=\x222025-05-20T12:\
42:00+09:00\x22 stE\
vt:softwareAgent\
=\x22Adobe Photosho\
p 26.2 (Macintos\
h)\x22 stEvt:change\
d=\x22/\x22/> </rdf:Se\
q> </xmpMM:Histo\
ry> </rdf:Descri\
ption> </rdf:RDF\
> </x:xmpmeta>  \
                \
                \
                \
                \
                \
                \
                \
                \
                \
                \
                \
                \
                \
                \
                \
                \
                \
                \
                \
                \
                \
                \
                \
                \
                \
                \
                \
                \
                \
                \
                \
                \
                \
                \
                \
                \
                \
                \
                \
                \
                \
                \
                \
                \
                \
                \
                \
                \
                \
                \
                \
                \
                \
                \
                \
                \
                \
                \
                \
                \
                \
                \
                \
                \
                \
                \
                \
                \
                \
                \
                \
                \
                \
                \
                \
                \
                \
                \
                \
                \
                \
                \
                \
                \
                \
                \
                \
                \
                \
                \
                \
                \
                \
                \
                \
                \
                \
                \
                \
                \
                \
                \
                \
                \
                \
                \
                \
                \
                \
                \
                \
                \
                \
                \
                \
                \
                \
                \
                \
                \
                \
                \
                \
                \
                \
                \
                \
               <\
?xpacket end=\x22w\x22\
?>\xff\xdb\x00C\x00\x03\x02\x02\x03\x02\x02\x03\x03\x03\
\x03\x04\x03\x03\x04\x05\x08\x05\x05\x04\x04\x05\x0a\x07\x07\x06\
\x08\x0c\x0a\x0c\x0c\x0b\x0a\x0b\x0b\x0d\x0e\x12\x10\x0d\x0e\x11\
\x0e\x0b\x0b\x10\x16\x10\x11\x13\x14\x15\x15\x15\x0c\x0f\x17\x18\
\x16\x14\x18\x12\x14\x15\x14\xff\xdb\x00C\x01\x03\x04\x04\x05\
\x04\x05\x09\x05\x05\x09\x14\x0d\x0b\x0d\x14\x14\x14\x14\x14\x14\
\x14\x14\x14\x14\x14\x14\x14\x14\x14\x14\x14\x14\x14\x14\x14\x14\
\x14\x14\x14\x14\x14\x14\x14\x14\x14\x14\x14\x14\x14\x14\x14\x14\
\x14\x14\x14\x14\x14\x14\x14\x14\x14\x14\x14\x14\xff\xc0\x00\x11\
\x08\x03\xb8\x02\xd0\x03\x01\x11\x00\x02\x11\x01\x03\x11\x01\xff\
\xc4\x00\x1e\x00\x00\x01\x04\x03\x01\x01\x01\x00\x00\x00\x00\x00\
\x00\x00\x00\x00\x04\x02\x03\x05\x06\x00\x01\x07\x08\x09\x0a\xff\
\xc4\x00Y\x10\x00\x01\x03\x02\x04\x03\x06\x03\x06\x04\x04\x04\
\x03\x04\x00\x17\x01\x02\x03\x11\x00\x04\x05\x12!1\x06A\
Q\x07\x13\x22aq\x81\x142\x91\x08#B\xa1\xb1\xc1\
\x15R\xd1\xf03br\xe1\x09$C\x82\x16\x92\xf1\x17\
%4S\xa2c\xb2\xb4\xc2\x18&Ddes\xb35\
78Eu\x83\xc3\xe2T\x93\xd2\xff\xc4\x00\x1b\x01\x00\
\x03\x01\x01\x01\x01\x01\x00\x00\x00\x00\x00\x00\x00\x00\x00\x00\
\x01\x02\x03\x04\x05\x06\x07\xff\xc4\x006\x11\x01\x01\x00\x02\
\x02\x02\x02\x01\x04\x02\x00\x04\x06\x02\x01\x05\x00\x01\x02\x11\
!1\x03\x12\x04AQ\x13\x222a\x05q#3B\
\x91\x14\x81\xb1\xc1\xd1\xe1\xa1\xf0C\xf1\x06\x15Rb\xff\
\xda\x00\x0c\x03\x01\x00\x02\x11\x03\x11\x00?\x00\xee\xb6,\
w\x8e\x03\x11\xe5_\x1d\x84\xdb\x9fIn\xef \xdbH\
\xae\x994d \xc2\xa4\xe8MT\xe0\xe2[\x0fpH\
\x9a\xd3\xed_K\x03`)#J\xda\x11\x0f\xb7;\x0a\
\xd0\xbe\x81\x16\xa1F\xa8\x1bv\xdc86\xd6\xaaA\xfd\
\x066\xa1*\x11\xbe\xd5\xd3\x85E\x10\xdb04\xe7Z\
\x96\x81b()\x11\xa5T\xba$\x05\xf0\xd0\x8d'\xce\
\xb4\x94\xd5,A\xd2\x87\xf4\xd0\x1e\x95\x19F\xb0v\x1f\
w$I\xda\xb2\xad\xe2\xdd\x83\xdd\x13\xa1\xd6k+~\
\xdb\xe2\xb7a\xeb\xcc\x913YX\xde&\xed\xb6\x1bV\
\x19M\xb6\x89\x1bc\xb4\x9a\xe4\xb1\xb4H\xb4\xa8\xa8\xf5\
hx\xbd\x14\xb4m\x17\xccTX\xa6%\xe2\xa3YY\
\xbe\x96%\xb76\xd6\xa4\x1f\x0e\xc0\xde\x84XI\xb9\x8e\
zQ\xb4X\x1d\xd7\xf3\x09\x9a\xa4X\x0d\xe5\xeakH\
\xce\x87*&\xb4\xc7\xb6\x19CN\x88\x12y\xd6\xf1\xcd\
`7Z*\xf3\xad#*\x09\xfbI\xd6\xa9\x9a%\xfb\
B=\xeaiC_\x05\xa6\xda\xd4\xe8\xf4e\xcb\x10\x91\
1\xa5=&\xf0\xafb\xf6\x03\xbbQ\x8f\xca\x8fP\xac\
\x9c0\x02\xa3\x14\xbd\x0bH\x9cB\xd2\x01\x00\x0a^\xba\
-#\x93)LF\xbf\x9d)\x0b\xa6\xf3\x80\x01\xd2\x98\
\xd1v\xad\x97_H\x15\x13\xb3\xd2\xed\x80ad\xad'\
,\xc7:\xdaM\x9e\xb4\xe8x>\x16\x06X\x1fZ\xbd\
\x1e\x97\x0c/\x0f\xcb\x1aUH\x13\xa8\xb3\x19A\xaa\xd1\
H2\xda\xcfM\xa8\x90\xd2LZ\xc7*\xbd\x09\x06\xb4\
\xccr\xad$\x1d\x8aCq\xca\xafFR\x91\xa51C\
\xb8\x8d\xe8\xd0\xd0+\x96\xe2\x96\x89\x0b|\x00\x9a\x07\xda\
\xbd\x88lj\xe0Tq\xa5\xc2U\xce\xab\xe89\x87\x12\
\xdc\x84\xe7\xd6\x00\xd2*\x8b\xa7;\xc4.>\xf0\x9es\
\xb5\x06\x83\xbd|\xa6gS\xb5 \xad_\xa8\x07\x14F\
\xc7\xad+\x02\x1a\xe9\xe2\x02\x86\xd4\xba\x0a\xf6 \xe6\x8a\
\xd3M\xccoF\x82\xb3~\xad\x09'4\xd5\x08\xac_\
\xea\x149R\x84\xa8b\xcb\xcb?\x94V\x86\xaf>e\
Dl9Uh@\x85:\x9f:6m%\x22t1\
A\x9eB7\xebH\x08B~\x94\x8c\xf2[\xf2\xd6\x92\
\x8e\xb6\x98\x8eT\x81\xc0\x88\xfe\x94\x158PBN\x82\
9E22\xe2y})\xa6\x98Z)\x90r\x9dz\
\x8a@\x98\x81\xa8\xa0\x9b\x1eZS\x81\xb4A\xe5\xce\x8d\
\x01\x8c\x98\xd4s\xda\x83\xe8c_\xdc\xd1\x08[GA\
\xd0S\x02\x923\x00MV\xca\xc6\xc0\x00\xf9\xf9Uo\
ex!z\x08\xfaU\x22\xec\xd3\x82\x06\xa3\xfd\xa8\x9c\
\x83'C\xaf\xfe\xb4\xc2W\x02\xd1\xe1\xcd3\xa9\xa9\xad\
'N\xc3\xc2> \xd8\xf2\x8e\x95\x95S\xb0p\xf0\x80\
\x88\xd0\x1055\x99\xba\x0e\x10\x01\x09\x8fJ[5\xb7\
\x0bv#X\xf4\xaf\x95\xf1\xb0H:\xad\xcdu\xec@\
\xd3\xa7)\x98\xd6\x8f\xb5A\xd6\x0f\x04\xack\xa0\xad1\
\xe0,\xd6\xef\x05\xa1\x22f\xb5\x94\xc4hS\xfbU\xec\
h\xc2\xda\x93\xa53\xd1\xc6\xedJ\x91\xb1\x8a\xa8]\x87\
v\xd8\xe6\x98\x8a\xd6Vt\xa0\xc9H5\xb4\xcbcH\
\xcb\xf6\x8a\x81#\xe9Oi\xb1[\xc4\x1b\xcb25\x1d\
k]\x85;\x18l\xa9\xf0D\xc5-\xb4\x8d\xe1\xe0\xa6\
\x00\x07\xce\xb2\xc9\xbc\xabn\x0e\xa2\x00\x1b\xd6rm\xbc\
\xabu\x83\xf9@\x1f\x9dU\x8d\xa2~\xca\xe4*\x04\xef\
X\xe5\x1b\xe3R\xb6\xee\xd7.X\xf2\xdaT\x83\x0b9\
b\xa2\xe2\xb8|\x13\x15:\x5c\xad(mY\xdcU\xb6\
%QYX\xa8y\x0e\xc0\xfd\xeb5R\xcb\xbaR\xa9\
\x0c\xf5\xcc\x0f\xde\xa3E`U\x5c\xcf=<\xe8\x9c\xb3\
\xa4\xfc@5\xbca\x91H!Z\xd6\xb1\xcf\x93\x163\
V\xd1\x8do\xb8\x9a\xd3\x164\xc3\xb6\xd2*\xec\xe1\x00\
\x97g\x9d[T\xde\x01\xa7,\xf2\xf2\x8a \x0a\xf5\xb0\
\xcat\x8a\xad\x15W\xf1Kl\xc0\x80*\xa4N\x95\xfb\
\xab<\xa94\x12\xbd\x88\xb1\xa1\xd2\x7fzV\x05n\xf0\
\xf7n\x91\x1bi5:\xe4h\xc12\x0e\xd5\x14H\x9d\
\xe1\xeb\x12\xe2\xd2\xa2$\x9f\xca\x9e0GM\xe1\xfc:\
2\xe9Z\xc8k\xf6\x15a\x01:Uh-66\x90\
\x06\x95Z$\xaa-\xc1\x02\xab@[,EV\x8cc\
MUH\x04!\x1bU\xc8>\xce\x84\xe9\xb5V\x8d\xa5\
\x0d)\x91\x97\x05I\xa3\xee\xb64\x8bH+\xe4\x934\
\xa9+\xf8\x86\x89&\xaat\x14\x0e'\xbb\xc8\x16&\x22\
\xae\x13\x91\xf15\xf8./_N\x95AB\xba\xba\x0b\
Y \xcf\xebA\xa2n\xdd\xdfX\x02\x8d\x05z\xfd\xd0\
\xa5\x92)h\x22n\x9d$\x0d7\xdc\x0eTXu\x01\
\x88\xa8\x22y\xcf\xbdIm\x5c\xbf\x5c\xc9\xf6\xff\x00z\
\x02\xaf\x89\xaa'\xa0\x15aN\xc4\x89*'z\xa8H\
g\x139\x81\xaa3\x05\x04\xed\xb7\x95\x07\x09J%^\
\xb4+\xb1(hG\xaf\x95M\xba1M5\xae\x9d'\
J[3\xe1\xb93\xef4t\xadl\xa0\xdc\x19\x9a)\
z\xe8\xb0\xde\xdet\x0d\x14Z\xca\x06\x9e\x94$\x85\xb7\
)\xd7J\x22C:\x9c\xa4\xe9U\xd8\x0c\xa4\x90OJ\
\x0bD\x0d\xfc\xb9t\xa0k\xf2N\x86\x8aE#\xe6\xd2\
\x91\xe8SG\xce}\xa9\x90\xd6\xf6\xd8\xcd\x041\xadt\
0j\x80\x84\xeb\xb0\xd3\xd2\x80\x5ck\xe7\xc8\xf2\xab\x9d\
&\xf0I\x99\xe9\xe7\x1bU&\x98q:\xed\xaf?:\
\xae\x88\xc9\x01[\xedH\xd2x!=\xf0\xf2#J\x9b\
\xca\xb7\xf4\xec\x5c\x1f\xb2:\x88:\xf4\xacj\x9d\x8b\x87\
>T\xf9\xf5\xa8\xaa\x8e\x85\x84\x8d\x12csH&\xb0\
\xeb\x91\x03\x95|\xae\x0c\x92n<c\x9f\xb5t\xca>\
\xc3)\xe2\x01\xd6(WB\xac\x9e$\x0du\x15R\x85\
\x8e\xc2\xec\xad \x03\xad\x5c\xa6\x97`\x95\x08\xebZJ\
z\x18\xdbrc\xf2\xad\x0f\xfa\x18\x86\xa1:\xd3\x94\x82\
\xba\xdf\x88UK\xa4\xb5\xdd\x82\x22*\xe5H+\xbb`\
A1W\xb4\xaa\x98\xcd\xb1L\x9ec]j\xa6ZJ\
\x99z\xcew\x8e\x9aS\xb94\x9c\x9d\xb5\xb5\x19\xa3\xf4\
\x14\xfbm\x16\x0c9\x9c\xa0yUH\xd2'\xed\x15\x95\
 \x03\xedN\xc6\xf8\xd4\xc5\x93\x84GZ\xce\xc6\xd8\xd4\
\xe5\x9a\xe4\x0du\xac\xac\xdbIR\xd6\xc7A\xce\xb3\xd3\
M\x8em%B\xa3\xd5[mh\xfa\xd6w\x15\xcaA\
l\xc5c\x96-%k\xe5\x15\x8d\x8b\xd9+r\x06\xf5\
\x1a\x00\x9e\x5c\xcc\xd6v\x16\xcd\x03\x22\x8e\x91H\x22\x08\
\xebZF\x14Kj\xd0u\xad\xa3\x9f(!\x0d\xcdk\
\x8f,(\x84\xa3H\xadc*\xd2\x98\x9fZ\xa4\xe9\xa1\
k\xa6\xd4\x03\x0f\xda\x806\xf3\xa7\xa2\xb1\x15x\xc9\x13\
\xa5QT%\xf5\xbea\xe7T\x10\x18\x85\xb8H5r\
%R\xc5Q\x05ZE+\x02\xa1\x89(%\xce\x9a\xc5\
\x16l\x1b\xb0l\xbe\xf2@\xd4\x1eU\x95\xc4\xectN\
\x1b\xc3\x80\x08\xd0\xebW!:V\x09c\x94'J\xad\
}\x12\xe9\x86\xda\xc4H\xaa\x90U\x86\xd5\x98H\xaa\x90\
\x87\xb4\xdc\xd5\x1e\x85!\xb8\xf2\xaa\xd0\x10\x84Uh\x1e\
Jb\xaaC/-0B\xa9R\xd1\x87\x06\x94\x8d\x1f\
r$T\x84\x1e!\xce\x84\xaa\xf8\xbb\xc1\x09T\x18\x14\
\xe0r~5\xbd\xee\xd2\xe1\x9fZ\xd2\x13\x8aq.&\
\x14\xe2\xc1Tk\xb7Z\xaa\x15\x93s\xa9P:\xf54\
\x18\x0b\xeb\x9c\xa93\xb9\xe5@@\x5c9*P\x22I\
=h\xa0\x05\xd1*\x10)hi\x01\x7f3\xa6\x87\xcb\
\xa5\x1a%r\xff\x00I\xe7\xe5F\x8dV\xc4\x09$\x8e\
cH\x8a{\x17\x95f\xf1\xa2\xa5\x11\x1fZd\x8cU\
\xaa\x89\x88\xdb]t\xaa\x06\xd5jN\xbbM%\x12\xdd\
\xb1\xcd\xd4\xd0\xa1l\xdaDH\xfa\xd21mZF\xa6\
\x92\xb7\xa1\x09\xb2\x22\x0c\x1di\x1e\xf4pYH\xd6(\
9[M\x94\x9d\xa6\x7f*Wi\x94\xa5Z\x126\xa2\
l^L\xbbm\xa4\x1dG\xebV\x90O\xb4\x01\xd3O\
*% kl\xea4\xd4\xd5B\x0c\xa1\x1eT\x03s\
;\x88\xa6\x92\xd1R6%\xafJ\x08k3\x02~\xb4\
\xe1\x8cl\x9d\x0c\xc7\x91\xa6\x05$\xe8'\x7f*\xa8E\
\x83 \xfe\xddi\xc2\xdf$(r\xe7\xd3\x95=#\xec\
\xca\xc4\x81\xa7=\xaa\x88\xd2\xc4\xce\x9bQBC\x06\xf1\
>:\xce\x9eU\x15\xa4\x8e\xc7\xc2\x11\x08\xe7\xa0\xf55\
\x96J\xd3\xb1p\xeat\x06w\xd2\xa2\x87E\xc1\xe7\xc3\
\xce\x91\x9e\xc3nF\x80\x9a\xf8\xec2\xe5\x92Y\x0ff\
\x1a\x9dG*\xec\x99\x0d\x9bq`\x93\xfaU{p|\
\xd16G2\x924\xa7\xb3\x91e\xc3\x1b\xcaD\x8d\xfa\
SR\xc7h\x99\x02\xb4\x94\xfaI\xb0\xd8\x91Z\xcaG\
\xd4BQ\x15[\x141HQ\x9d\xab;\x90f^\xba\
UL\xd1L>\xd8RLV\x93$\xe9[\xc6-\xc2\
\x81\xeb\xca\xaf\xd8\xacS/\xad\x87xN\xc4U\xcc\x8e\
\x1e\xb2d\x1dH\xd6\xb4\x966\x89\xbbf2\x81\xf5\x9a\
\xd3\xda4\x89\x1bf\xce\xbaR\xb9m\xbe)[Di\
\xb4\xcd-\xae%\xec\xc1I\x13J\xb5\x951nb+\
,\x97\x12LkP\xb1=\xdc\x89\xac\xea\xa5%L\xeb\
\xca\xb3\xad%\x0e\xea\x22\xb1\xb1\xa4\xa1\x1e\xd0\x1a\xce\x98\
5\xeay\xd6T\x12\x0dJoF\xdcs\xd2\xad\x859\
n\xe1\xd3X\xadea\x94K[\x00\xb4\xd6\xf1\xcfy\
\x18\x96\xb4\xadc:p46\x8a\xad$\xb0\xc0\xe9A\
\x19}\x90\x12MT\x15\x09|\xdc\xcd0\x83\xbc@\x83\
\xb7\x9dTJ\xbb\x89\xc1\x04\x03&\xb4J\x9f\x8c %\
\x0bV\xd1\xad3s\xccm\xf8Z\x8c\xc6\xb56h$\
\xb8]\x05\xc5 \xc4\xcd@\xed\xd5\xb8u\xb02\xe9\xb0\
\xaa\x9cR\xd3\xa1a\x00@\xa0U\xb2\xc2 S\x85\xa4\
\xe5\xb5i\xb3H3\xb5T\x02\x11\xbdP>\x8d\xaa\x81\
\xd4\xedN\x06*\x982\xb7\x13\xfc\xc3\xebR\x0c8\xb0\
F\x86G\x95/\xf4\x11\xf7N\x0djB\xb9\x8a]%\
*R\x01\xcc\xb0$\xa5\x22M\x04\xa6cW\xa3\xbbQ\
\x85$uZb\x9c'\x15\xed\x0f\x15KL\xba\xe1\x5c\
&\x0f\x88mZ\xc2\xdf\xdb\x84bX\xb0\xb9\xba_\x8b\
\xc3V\x02\xfcX\x09\xd4\x80h0W7E\xc2@\xd8\
r\x1a\xd2O`\x94\x82\xb31\xe2\xea)@\x1d\xe6\x08\
\x14tv\xa1\xef\xads\xa8\xe8\x08\xe8)\x94\xe5^\xbf\
\xb5\xf0(\xeew\xda\x83T/\x9a)uCnr9\
R\x08+\x96@'C\x14\xc01l\x0e\xda\xfbS\xff\
\x00`\x93k\xe5\x14\x1ci\x16\xba\xed\xa4\xcd%\xf61\
\x16\x92\xa1#o:_\xd8\x12\xdd\xa9\xe6\x04\x1ac\xa1\
(\xb5\x90$\x0a\x93\xd9\xc4\xdb\x09>\x19\xa3\x80\xdf\xc3\
\xf8D\xc5>\x94J\x98\x19G^\xa2\x96\x92\x0d\xf6y\
\x19\xde\x98G\xbe\xccm\xa0\x1c\xcdT \x0f G\xa5\
0\x0d\xc4r\xfa\xd0A\x96\x88\xa0\x9aN\x8a1\xbd\x05\
\xa1lm\x03N\xb4\xbb>\x864|;S!\x8c\x9d\
\xa7\xe8O:\x00\xa4\x1e\xb5DWA;s\xaa\x88\xb3\
M+\xa1\xdf\xadQl\xdb\x890zz\xd3\xfe\x8a\x07\
P\x83\xae\xfbkO\x83Ha\x1a<5\x80y\xd4\x1f\
N\xc3\xc2\x0a\xff\x00\x0c\xf3 VU\xa4v~\x1a\x10\
\x84\x8f@\x04VV\x9b\xa3a#D\x1e])\x1a\xbb\
i~ZZu\x915\xf9\xfe\x19\xb9bq\x9c\x5c-\
;\xe9\xe6+\xb7\x1f&\xd79<.\xc2\xe7\xc4A\xfc\
\xeb\xaadr\xa60\x95g#Y\x935\xa65\xa4\x5c\
p\xf1! \x885uI\xdbS\xa0<\xa9\xca]\xa4\
\x9a:oW2\x0d\xac\x93\xa0\xfc\xa9\x5c\x89\x88iG\
\xd2\xa2\xda,8\x18$Q2\xa5\xad\x9bq\x92\x01\x11\
5\xac\xcbe\xa4\x0e,\xc1 \xe9Z{\x0dr\xa7\xdf\
\xdb\x10\xa9\x8d*\xa6CV\x19\xb3!*\xf45\xac\xc9\
q6\xc1\x91\xa0\xad\xbd\x9aA\xf6\xa2UD\xbc\xb5\xda\
^\xd4{U\xabi;t\x99\xd3OZk\x95)o\
\xfd\xc5gZ\xca\x93\xb7\xd8Ef\xd3c\x924\xa8\xaa\
\x94\xa5$\x1d\xab:\xb8\x11\xfd\xab,\x97\x11\xefj\x0d\
gb\xc2(iY\xd8\x0d-yk=&\xd0n:\
3U\xc6T\xeb\x0f\x09\x15\xa4\xe1\x8eI\x9bG6\xe5\
]\x18\xb9\xaae\x95\xe9\x15\xac\xd2\x0f\x86\xf4\xdbZ\xae\
\xbbK2\x10(\xd1\x04\xba^\x9dj\x82\x16\xeco\xce\
\x80\x83\xc4\x11\xe0\xab\x85\xa5~\xf1\xa2\xa0\xa3\xa4\x0a\xd1\
\x1aSx\x84\xe5m\xc1\xb8\x8a\xbf\xe89v<\xb2\xe5\
\xca@;\x1d\xab+\xc8Y8]\xa3\x0d\xf9\x0dh\x9c\
\x1e\x9dS\x87\xd2FS$\xd2%\xf7\x0a\xd0'\xf5\xa2\
\x8e\xd6\xab\x03\xb6\xb4\xc5NZ\xf2\xaa\x84\x92hU\xce\
\x00\x84U@}\x15`\xbc\xd1\xa0\xd4\xd3\x048R\x99\
*\xf1s\xd7@)\x00\xce>\xb0\x92\xb0\x88n&N\
\xf1\xd6)\x00\x97o6\x86\x8b\xabPC`Ox\x0c\
\x08\xf5\xa9\x0a\xee#\x89\xbeR\xa2\xc3Ky\x94\x98S\
\x8aZY'I!$\xf4\xe7\xa4\xf2\x14\xbe\x86\x95L\
O\x1e\xee\xdb9\x9bm\xa4\x8d\x9a\x0b\xd4y\x19\x03_\
Je\xa5;\x1d\xe2\x16\x12\x95\xb6V\xa6\xde\x22B\x1c\
I\x12:\x83\xb1\xad$\x0e\x11\xda\x9f\x128m\xae\x12\
\xdb\xa4\x5c\x84\x95\xb4\x94\x9d\x1eH\x9c\xc0\x0d\xb3\x00$\
\x01\xbc\x11\xd2\xb4\x9a\xda\x5c1\xbcy\xbb\xe4\x07\x06^\
\xf1C4\x83\xa2\xc7S\xe6G\xd6\xaa\xc4\xcb\xb4\x8d\xb2\
\x1ey\x0d\xb8\xb0[i\x7f*\xc8\x91<\xa4n\x01\xd7\
\xe9E\x86(X\xad+!B\x14\x0c\x109R\xec\x1f\
\xfe\x17\x91\x093$\xea\x13\xcf\xd6\x91\x86z\xc9Yt\
I#\xa5=\x0d\xa2\xaf\xec\x82T\xa0\x15)\xeaDk\
\xccPQ]\xc4\xed{\xb6\xd6\xa5Dy\xd2\x1bP1\
V\x8a^T\x11\xafJ\x07Hg\x9b\xd4\x98\x134\x00\
\xfd\xc6\x92:\xcd3k\xe1\xc1\x1e\xbb\xd2\x05\x22\xdb\x9c\
G\x955A,\xdb\x80\x22\xa6\xfeLKl\xea\x04k\
\xd6\x83\x10\x96H\x8a-3\xa1\x89\xd24\xa9\x0d\x169\
\xc4U\x19\x97\x99:\xc6\x94\xc8\x15\xc3r\x0f\x95\x05\xb4\
m\xca\x04y\x1f\xeei\x84k\xe8\xd4\xf5\x1b\xf4\xa6@\
^H>\x94\x10G\x00\xde(#{\x11\xb1&\x90\x14\
\xce\xd4}\x01\x8c\x99\xdb\xebO\xa01\xa9 \xe9\xad8\
BPt\xd7\x97*z*p\x1ez\x03U\xd2+D\
\x0fj\xa9\xc9\x1aV\x89\x07\xcc\xd3\x06T\x0c\xf9\x9a`\
~\x11\xad\xc8\x8f\xce\xa2\x9fn\xc7\xc1\xc8\xcc\x10c`\
\x05eZ\xc7h\xe1\xb4\xe5\x09\x04y\x91YStl\
\x1c|\xa3\x95#s\xe4^w\x8a\x90N\x95\xf9\xac\xc9\
\xcd \x8f\x8f,\x9dL\x83\xb7\x9do\x8ew\xe8\xc6\xd9\
\xe3)Q\x02u\x07bk\xbb\x1c\xcf\xfd\xaeX\x15\xf2\
HH$\x19\xae\xcc2i?\x0b\xd6\x18\xf8XN\xbe\
ZWD\xe5s\x85\x86\xd4\xc9\x15\x9d\x09&\x81\x22\x9e\
\xcck6\xe4\x9dh1h\xb6\x13\xcah\xd0\xd4:-\
\x84li\xc8Z6\xe5\xa4\x8d\x05>\x84\x88lJ\xcf\
\xc2t\x9a\xafm\x0b\x15\x1cN\xc3\xc4zQ\xb2\xd2\x14\
\xda\x16\x97\xa0\xfaU\xcc\x95\x22F\xd9$\x00\x0e\x95\xbc\
\xc8\xe7\x09[F\xe4\x01\xd7\xa5k\x17\x13\x16\xa8\xd0i\
[\xcaq'n\xdcE=\xb4\x89\x16\x91Y\xda\xd6$\
m\xc6\x82\xa5{\xe0su5p\xa5\x19\x159EJ\
\x0d\xfdk\x1b\x1aD{\xa3Z\x8b\x15\xb0\xae\x18\xf6\xac\
\xac-\x83}`\xe9\xca\xa7EA\xab\x7f*zgN\
2@\x22\x9ceR\xf6\x8e\x82\x07J\xdf\x18\xc3.S\
v\xcb\x90:V\xd3\x86i\x14\xb8#\xce\xa8\x88q\xc8\
\x98\x8ac\xa4u\xd3\x9b\xd3$c\xfe)\xa6H\xbb\xb6\
\xf3\x83\xa4\xd5H\x15\xecN\x1amCM\xabY\xca\x1c\
\xff\x00\x89V\x12\x85\xeav\xde\xac9\xa5\xfbEw!\
Di35\x95%\xc7\x86Y  \xf3\x8dh\xd1\xba\
f\x04\x00\xcb\xce\x80\xbb\xe1z\x01J\xfe\x04Z,\x15\
0i\x04\xf5\xa1\xd0U\xca\x12L\xedTB3\xa5\xa4\
\x15,\x84\xa4s\xaa\x22\xfb\xd5%%J\xca\xd2\x06\xc5\
{\x9f\xda\xaaS6\xdd\xd1\x98J\xd6\xf1;\x96\xda\x04\
\x0fS\xb5W!^\xe2\xae\xd00\xde\x12\xb3\x0f\xde\xbc\
\xdb\xa7\xbe\x09[(p\x17v$\x00\x912t\x03.\
\x9b\xd2\xbc@\xa4c_i\xce\x1b\xc2Y\xb5q\xcc#\
\x1d\x0e\x5c\xb8[i\x0fY\xf7$\xab\x94\x85\xa8\x18&\
R\x08\x06H4\xf4zT\x15\xf6\xa5\xe1u\xe2\x0e\xa3\
3\x8d)\xa9Z\xd6\xb6\xbb\xdb{O\x5c\x93\xb9?6\
\xfb\x88\xa9\xf5\x1a!\xbe\xddp\x5cf\xc97\x0cbh\
\xc4\xd2\xb2\xa4\x8f\x82A\x0e\xb9\x02t\x11:\x99\x1d4\
\xa3\xd4\xf5\xa8\x01\xbe3\xc3\xb1\xb6\x16\xe3W\x087@\
\xe5SJ\x08[\xc8H\xd8\x93\x9ar\xc1\xf7\xa51\xd0\
\xd2\xbf\xc4\xad]\x5c,w%%M\xb2\x00J\xd3\x01\
D(\xe9;lkd\xd8\xe3\x5c[g{\x87<\xfb\
\xcd\xde\x0b\x1b|\xf0\xeb\x8aiK\xee\x97\x12\x17\x9b\x91\
L\x03\x1c\xd2\x15 \xeb\x0er\x8d9\x9e1\xc0w\xd8\
v$\xe3\xedX*\xd6\xc6\xe9H\xf8t \xe7i.\
\xacf,\xa5{\x18\x82@\xfeR+M\xed\x1e\xbc\xaf\
\xdc=\x81Y[\xf0\xca\xdd\xb8\xc3\x9b\xb9\xba\xf8\x84\xda\
g{:U\xde\xb63\xb8\x98\xd0\xe4)!%'\xe5\
P\x90d\xd4\xab\xa1x\x9f\x0e#\xe3\x14\xbbD\xf7l\
\xach\xd2\x94V\xa1\xacN\xd3\x94\x807\xf3\xa6H\xd7\
\xb0\xf5\xb2\x09u\x0ah\x0ek\x19G\xe7M7\x80\xe6\
\xd9/$-\xb8P#Er\x8f.\xb4r6\x1dX\
s\xee<\xda[\x0b\x92\xa0>\xed\x1a\xeb\xcf\xe9K\xa5\
*\xb8\xd8z\xddO\x96_s(R\x92\x09W)\xd2\
F\xdbE\x1aLr\xfcn\xe9\xb7\x9f_\xc4\xb0\x95\x1e\
o2\x90\xdb\x87\xac\xc7\x85^\x84{\xd1N\xf2\x83\xbc\
\xc3\xd4\xcd\xb9\xb8e\xc4\xdc\xd9\x85\x04\x17\x90\x08)'\
`\xb4\x9dQ<\xa7C\xc8\xd2\xd0\xbb\x05\x96c@5\
\xda\x8d\x1c\xfc\xb3.\xa3M\xa9U\x14\x84I\xf2\xa0\x09\
m\x1b\x0e[R\xda\x84\xa5#N\x83h\xa0\xe9\xe1\xd4\
\xc8\x9et\xb5\xb8\x1b'O\xceh\x04\x93\x03\x91>T\
\xcc\xcb\xaaL\x1d}\xe9}\x84{\xea\x02t\xaaH\x0b\
\x95G\xedGch\xc7\x80Q&\xa8\x91\xefo\xad\x09\
\x06\xe1\xe4>\xb4\x03)\xdfh\xa5\xa0%\x92`S!\
\xad|\xbf\xacR1\x8c\x98\x00~B\xaa\x0d\x89F\xda\
ERi\xd8\xdb\xa54\xb1CBv\x15R\xfd\x11\x97\
\x0c\xecu5_\xec4\x19*\xd7j\x02W\x05\xb7!\
\xe1#\x7f\xca\xa2\xaa;/\x07\xb0\x10\x96\xe65\xe7\xce\
\xb2\xad$u\xfc\x07d\xf5\xac\xaf'\x17\xdc%\xcc\xa1\
2A;\xd1M\xcdZI\x9d\xb5\xeb_\x94\xcc\xdc\xf1\
\xb7Tr\x1d\xf5\xae\xacr\xda\xbe\xb8\x04\x1eR\x14\x01\
\x98\xcd\xca\xba\xb0\xa2\xc5\xe3\x86.\x9cZ\xd0\x14\xad+\
\xb7\x0b\xf4\xb9\xf9uL\x11d\x84\x9f*\xf4q\xd2\xd7\
\x0b\x14\x98\x14Y\xb3\xd2n\xd9\xbd\xb4\xa3G\x12-7\
A\xe8R\x10(\x86x\x22i\xf0]\x92\xb6\xfc5#\
H\xdb\xe63$\xe8)\x9a\xb1\x89Yhy\xd4\x9e\x90\
O[B\x87Js\x22\xad%\xbc\xb3\xb5m\x8eD\x91\
\xb4\x88\xd7OZ\xe8\x99-5j\x91\x03Z\xda_\xc2\
\x92\xd6\xc3\xc2:U\xda\xa1\xcc\x815\x0d%\x1a\xc9\x8f\
Z\x17\x06 \xf8imm8\xe4s\xa9T\x04\xfa\xf5\
\x81QU('\x97\xa1\xa8\xb1[G>\xf0\xebY\xe8\
\x00u\xd915\x1a\x16\xfd\x13\x9a|\xc59\x11n\x8a\
A\xf1U\xb2\xa9\x1bRkI\xd3\x1a\x9b\xb4Q\xd2\xae\
'I\x16\xce\x9eT\xcbM:\xb8\x14\xe1P/\x195\
z-\x03q\x1d?Js\x82G\xde}\xdaOX\xad\
!*\x18\xcb\xf0\x95r\xe5ZN\x11\x5c\xf7\x88\x9d\x0a\
\x0b\xdebE^\xa9)\x0a@7\x06v=k+4\
\x22\xe3\xc3\xa9\x10\x99\xa5\xb5:&\x06~^t\xb7\xf9\
\x1a\x5c\xf0\xdd\x22\xa7\xb3\xd2\xc9b\xb1\xe1\xa5(O[\
8\x10\x82\xa5(%#u\x13\x00U\xcaB\xd5\x88\xa5\
\x94\xecRN\xa0\x11\xe3=!;\xeb\xca~\x95r\xf0\
H|\x7f\x8b\xac\xb0+f\xde\xbf\xbf\x16iya\xb6\
R\xd2\x0b\xcf\xbc\xe10\x10\xdbh\x0aR\x8c\xc0\x8d}\
\x05^3\xf2\x1cK\xb5\x1f\xb6\x7f\x02vm\x7fif\
\xf5\xd7\xc6_\xb8\xb5\x0b\x8bt\x13uul\xa4\x9d\x9c\
e\x06@'l\xebh\x08\x92\x22\xaeH\x1eb\xeds\
\xfe#\x1cMsz\xfe\x1d\xc2xB\x14\xa5\x18r\xf7\
\x1e?\x16\x92\x88\xd0\xb5l\xc6T o*Z\x94g\
\x9d_\xf5U#\x87c\x9d\xb2\xf6\x91\xdaC\x0d\xaf\x19\
\xc7/\xd2\x96\xee\x17qoihY\xb1\xb6i\xc2>\
f\x9bl\x15\xe6\x98\x1e\x87\xe6&\x95\x85\x0c0\x8b\xec\
W\xe2\x17\x8d\xe2\x18\xa2]R\xd6\x96/\x16\xf2\x9f]\
\xbd\xc2\x84\xac\x899\x94\x82\x08\xcc\x85\x18\xfcB\x08\xd4\
\x8a\xb0M\x8f\x03b\x18\x03Jj\xdb\x18B\x9e\xb7J\
W\xde\xe1\xf0\xe2\xcaI\x10\xe2B\xf7OB\x04\xf2\x9a\
\xb4\xf2\xb6\xf0\xf5\x8e5t\x1aex\xc3\x8f\xdc\xaas\
\xba\xea\x1c\xb6\xb8DDw\x8bL\x02=|\xc0\x9d\xa8\
\xd0\xdd^p\xce%\xc4\xf0\xb7\xc5\xbd\xfbn)\xc4\xb6\
\x13\xf1l\xb6\x97\x92\xe1\x13\x09K\x9a%S\xfc\x84\x02\
\x01\x04\x1eT\xf46\xe9\x9c#\xc7v\xf7\x8bi\x16W\
/]\x15\x95\x11f\xeaHS\x89\x032\xbb\xb4\x93$\
\x88&$\xf3\xd0\xea\x01\xa1\xbd\xa7\xdc\xc5\xb0{\xcb\xc5\
\xa9\xfe\xed\xd58\xca\x16\x90R\x12\xad\x14J\x14R\x7f\
\x0aO\xac\x19\x8d\x09\x14\xf4\x9d\x08\xc1\x9aa8\x83\xd8\
Cm\xa2\xdf\xee\x0b+e\x19J\x9c\x95J\x90'\xe5\
N\xcbNQ\xf3\x13\x04\x0d(H7{?z\xd5\xc0\
\xc5\xb9\xf8\xbbt}\xe1\xb9J\xc2\x94\xe8\xd4)Q\xcd\
eG\xd8k\xd2\x8di\x22/\xb8Q\xa6\xf1E!\xcb\
K\xe1cl\xdbn\x0bKo\x15\xc5\xd0 \x16\xd0\x9d\
\x81+&\x0a\x8e\x89HQ\xe5OA\x19k\x83\xe2J\
iW\x0dZ0\xc2\x13\xfe\x1bN()\x09\x04\xcf\x8b\
99\xd2\x939S\xe8L\x88\x14\x043\xf8.&\xb6\
M\xcd\xde\x1c\xb2\x83\xaa\x1e\x0c\x8c\xa1\x13\xb9\x81\xa1;\
\xe9\xe5A+x\x93e\x94-l\xbc\x5c\x0b\x90]m\
\xc9\x03\xa8\x04~\x7fJz.\x95\x0cm\xd0\xb0E\xcb\
I\xb9h\x8822\xb8\x9f\xf4\xacm\xef#Jd\xe2\
\x5cc\x87\xfc%\xc8u\xb7\x03\xf6\xce\xa9IC\xd1\x04\
(k\x91i\xfc*\x88=\x08\xd4R\xde\xce\xab\xcd\x5c\
\xbbh\xf7|\xca\x80TA\x0a\x12\x95\xa4\xee\x95\x0ei\
<\xc5-\x0d\x96\xfd\xaa\x1d\xb7]\xdd\xa2T\x18L\x07\
XQ\xcc\xa6\x14v\xd7r\x82t\x0a\xf6:\xee\x94\x14\
\x18\x98\xa9\xd88\xd8\x9e\xb1\xbd3\x10\xd4\x0eF\x97\xd1\
\xc3\xe90'nT\x19A`\xc7\x96\x91H\x10\xb7\x04\
yr\xa6f\xd4\xeaG\x9d\x1fca\x9dvd\x9d(\
\x84\x09\xf7\xc2S\xca\x98\x00\xf3\x9a@\x1a\xc58\x90\x0f\
\x90gI\xa6@\x9dT\xef\xce\x80\x11\xdfX\xf5\xa0\x19\
&\x09\xd0\xfbS#\xec\x88\x88\xdf\xcfj@kk\x22\
\x0f?JzN\xc6\xb5\xe9OG\xbd\x0aO\xf3ny\
UHW\x93\xc90)\xe8\xb6\xd1\xf1\x09\x9fY\xa6D\
\x94f\xd3\xf0\xf9S\xb4\x1em\x9f?3J\x84\xee\x08\
\xc4\xbc$\x1154\xe7n\xb7\xc2\xadB[\xe4F\xb1\
YV\x92\xba\xa6\x03\xaeM~\x955K\xe6\x14tM\
H\xed\xcf\xdanU\x1a\xc8\xaf\xc8q\xac\xb8)\xe6<\
']N\xd5\xd5\x8d\xd0\xdd\xd03dK\x83\xc3\xafZ\
\xed\xc3)N.\x1c7n[Z\x08\x04A\xafG\xc5\
\xd3GQ\xc0\x86\x89\xf2\xafK\x15N\x97\x8c7T\xa4\
s\xa7\xd9\xa7\x18H\x1bSP\xf6\x93\x1aP4!\x03\
\xca\x91\x9f@\x8a\x90\xc7\x00\x8aV\xe8\x00\xbaH\xcb\xf9\
T[\xc1 o\x9b\x99\xa5\xb3\x8a\xfd\xdbYI\xa5\xb1\
A\x15\x04\xabZ\xd6d\x93\xec\xbf\x11[\xe3\x92\xe2b\
\xce\xe0(\x0dH\xf5\xad\xe6J\x89\x9bg\xb4\x1c\xebI\
T\x90e\xea^\xcb\x82\xdazy\xd3\xda\xc4\xa5\xe8L\
\xd2\xb5Q\xa5\xbb\x22\xa7k\x02\xfb\xba\xef\xa5-\xc5@\
O9\xbd\x14\xd1\x97\x0e\x12\xa3Y\xd0\x0dj$\xcc\x9a\
Z\x0d\xa1\xc95Rr\xce\xd1\x0d\x09#\x9d?VV\
\xa4\xedS\xa0\xe9U\xa4&\xad\x12`UH\x94\x92F\
\x93\xca\xaaC6\xe8\x91U\xa4\xd0\xabD\xd5hS.\
 A<\xfaUH\x846 <&\xb5\x915K\xc6\
\x9bQ\x0a1W\x22\x5c\xef\x1fB\x8e}\x08\xe5\xa5;\
\xd1}\xaa\xdd\xc2\xbb\xe1\xa1\x90y\xd66\xec\xd6\xec\x01\
\xa2r\x08\x81R\xa7C\xc1\xdb $F\x94\xa9\xae8\
j\x0e\x9f\xb5 \x9d\xb5}(\xd9H\x10r\x95(\xe9\
=\x00\xddG\xc8R\x06\xeex\xbe\xd9\xab\xbf\x82\xb3R\
\xae\xb1\x04\x8c\xf0\x94\xe6q\x08\xe6\xe0@\x07 \xe8\xa5\
@\x9d\xa6+O[\xad\x95p\x1e\xd9\xfe\xd9|-\xd9\
\x86\x1f\x8c1atq\x8cv\xde\x1aS\x8c\xbc\xd8\xb5\
\xb4}[\x07\x5c\x5c\x87\x0a\x92>T\xe7T\xcf\x84\x11\
]8\xe2]\xbcu\xc7\xdfi\x1e8\xed)\xcb\xa1a\
\x8e\x5c\xf0\xcb\x17\xac\x84\x5c\xa2\xc8\xbe\x9b\x8b\xd4A\x00\
\xa9\xcd\x1dCa'D\x82\x80w\xcau\xa757\xa3\
\xd3\x96Y`\xaaU\xb5\xe6k\xcb\x85\xa5\x97\x13\xf1\x1d\
\xc3\xa2\xdd\x94\xe6\xd0\xa9kLf2\x002d\xe9\xa1\
\xa2\xab_ea\x16\xf6V\xcd8\xd5\x83N\x5c\xa5J\
\x04\xaa\xcd+\xc8\xaf>\xf1{\xfb\x014\xb9\xd8Zp\
\xfe\x19\xbd\xc4\xd9Ow\x87<\xcaT\xe0'\xbdr\x0e\
b$\x98\x9f\x09\x81\xa7>\x95En\x96g\xf8V\xf3\
\x02z\xd8]\xe1\xb9B\xdb\x1f\x0e\x8b\xb2\x1bJRA\
\x22\x15\x9aTL\x13\xaf\xbe\xf4\xf4\x9d\xe9d\xc2\xb0\x90\
\xe5\xb5\xb3K\xc3\x19[\x88Qp\xde4\x10\xe2\xd2\xd4\
\xff\x00\x86\x92\x91\xb8\x95\x18\x9es\xb8\xd5\x8e\xd7\x0c3\
\x0f]\xeb\xeb7\x0d<\xeb\x8c).|V\x1dt\x16\
\xea\x13\x1b\x84\x1c\xa5\xc4\xc72\x09\x9et\xc2y\x9e\x16\
E\xbd\xb3w(i\x18\x8d\x95\xc2J\xbb\xc7`:\xb3\
\xfc\x8e\x08\x825\xd0\x11\xa4\xc4\xccUt.\x90X\xe6\
\x09\xfc\x05\x0c\xbfl\xeap\xb4\x87f\xddWK.\xdb\
\xb4\xf8#(\xef$\xa9\xb9T\x02L\xa5&\x0e\x9a\xd3\
\xef\xa2NZ\xf1\xeb\x5cSn\xf3/\xe6\xc1\xb8\x8e\xd6\
\xe7\xe1\xeemU\x08r\xd6\xe9>!\x9addrt\
#\xc2N`w\x9a@\xbc;\xb4;+\xb5\x9cD0\
\xd6\x17\x89\xa0\xa5\xab\x86\x9c_\x802\x02\xc3\x9d\xd8\xdd\
 \x90\xa1\x07\xe5 \x8d\x09\x13X\xd2\xb1v\xb7\xed3\
\x0e\xb6\xc3\xef\x12\xeb\x82\xce\xea\xe9\x86\xee\x12\x99\xd4\xe7\
VP\x01:\x90\xa1\xbc\x01\x97)\xa2\xa2M\xa5\xf1~\
\xd0p\xac@\xa6\xcd\x9b\xd7\xad\x0b\xc4\x05\xab6\xa5\x00\
Bs\xad:%\x06\x0f\xa8\x80)l\xf4\x90O\x10a\
\xcf8\x86\xd8\xc5\x96\xf9\x0a\x10\xfb!\x1d\xcb\x08\x89\x05\
\x05BRGX\xd4\xc7\xa51\xa4\x9a\xd4\x1ce\xd6\xed\
o\xf3\xdc):4B\x97\x9d\x04\xc2\x80\xc87\xdba\
\xcb\xad\x01O\xe2,\x11\x9b\xcb\xf7\x19\xbd\xb5C7J\
H*y2\xda\x96\x9d\x81\xc9\x1a\xc9\xea\x04\xd2\xd1\xeb\
nI\xc5\xfc\x1d\x89\xe1\x8bX6\xaby\xb9#\xbcD\
\x10#\x91\xf5\xe4y\xd3\x9d3\xb3N\x0b\xc5*\x18~\
8\xf5\xad\xda\x16\xdd\xbd\xc22\x5c4\xe0)RD\xf8\
V$hP|S\xd30\xe7J\xf2S\xf0\xa7\x5c0\
\xabg\x9ci\xd1\xf7\xad(\xa1`m#\x98\xf2\xe9\xe4\
h\xdf\xe05gt\xbbG\x83\x89\x01z\x14\xa9\xb5\x1f\
\x0b\x88?2\x15\xe4G\xecyQN^\x0b\xbb\xb4M\
\xbb\xa9-\xa8\xb9n\xea{\xc6\x94\xa3\xae]\x8aU\xe6\
\x93\xa1\xff\x00z\x93%\xb1 \x03\xff\x00\xad#\x12\xd0\
\xd4\x8d\x08<\xa8=\x9c2\x07\xec(\x80\xcb\x8eBy\
\x8f*\x0c;\x8f@\x06$z\xd0\x0c\xb9p\x01\x80u\
\xa6A\x9d\xb9\x00\x0d\xe6\x97D\x0d\xc7\xd2u\xfd\xa9\xc0\
\x09\xe7\x82g\x9dQ\x03u\xe0\x04\xcc\xd0\x01\xba\xe0\x1e\
T\x10w\x5c\x04\x8eT\x16\xc8\x12\x15\xa6\x86\x99r%\
\x99\x80y\x8a_\xd1\xd1M\x19?\xadRG\xb5\xa8\x04\
S\x80Kc\xc3<\xcdP>\x00\x22\x06\xc2\x82n\x07\
J \xe8\xa6\x90\x00\x06\x05W\xf6ZIZ\xdb$\xc2\
\xb4\xd6\x88k\x0e\x13nR\xb0w\xd6c\xce\xa4N\x1d\
3\x86\xc0\x19#\xe8yVV/\xfd:n\x06\xbf\x0a\
5=*lWk\xd6\x12\xa1\x09\xf5\xa8\xbb5]6\
P\xbf*\xfc\x82KQ\xc1K\xb31\xe5\xe7]8\xc1\
xi\xab\x14\xa9Q\xa9\xfd+\xb7\xc7\x15.\xbaX\xb0\
v\x03e1\xe2\xe7&\xbdO\x1c\xd2\x97\xec\x14\xc1H\
\xafG\x15\xc5\xdf\x0bsi\xab8\xb1[\x00@\xa7\xa1\
\x12\x0d$\x01F\x94y\x02\xa7G\xb3\xc8\x22)\x11\xb7\
\x9c\x81Sa\x01}Y\xb4\xac\xa9\xa2\xae\x90<\xe6\xa7\
A\x03~\x80&)\xccJ\xa0\xeeU\x91QNp5\
\xa2Z|\x025\xad\xf1\xbc\x1c\xa9K;\x88\x22t1\
Z\xca\xb8\x9b\xb6\xb8\x19F\xb3\xe9W*\x92,> \
k4\xd5\xd0\xd4<:\xd5E\xc1\x09\xb9\x11Mq\xa5\
>\x08\xa8XG^\xcd=(0\x8e\xba5\xab\xfe\x86\
\xc18\xa0ik\xf06\x15\xd5T\xfa\xa6\xd3apk\
I\x19Z-\x97\x06\xfaH\xaa\xd2*R\xcd\xd9#\x9c\
oD\x89\xda~\xd5b\x05V\x88xpe\xde\x9e\x88\
\xcb\xae}j\xa4\x01\x96\xa074\xe1\x05}\xd1\x98\xfe\
\xf5p\x91w\xab\x04\x1a\xd2!W\xc5r\xa9*\xe6M\
_e\xc2\x83\x8c\xb1\x9b4k\xe9N\xce\x0bj\xeam\
\x07|$k\xce\xb1\xd2\x96l\x11\xa0\x98\xd3\xe9J\x88\
\xbc\xe1\x8aKZ\x93\xa6\xc3\xd6\xa6\xc3O3|\x14\xde\
e\x957nD\x046\x09[\xa7\xa6\x9a\x91\xbe\x89\x8f\
2(\x90\xf6\xe7\xdd\xb0v\xfb\xc3\xfd\x95a\x818\x96\
 p\xd5-=\xd6[2\x87.\x94\xa5$\xe5e\xaf\
\xc2\x95D\xa8\xf2\x00x\x8c\x90\x0b\xc7\x0bhxW\xb6\
/\xb5\x1f\x10\xf6\x9dl\xf6\x0b\x824\xe7\x08p\xbbN\
%W\x08f\xe9F\xf7\x10\xcb!\xb5\xdf\xddxJ\xa0\
\x13\xe0O\x853\x00h+y545\x1c\xaa\xc3\x0f\
\xb0\xb4,\x5c\xdb6\x9b\xd2\xc6\x8d\xdd\xdd\x9e\xe9\xa6\xd0\
fJ3j\x84\xc9<\x81>sUD\x1e\x8e\xfe\xf9\
\xb7\x02@6\xec$)\xc7\x9dYi\x84\xab\x92\x8a\x95\
\x0a_\xac\x01\xbd-~\x14\xde\x19\x89X\xa9HM\xc2\
\x9f\xc4\xd82\xc2\x9bd\xca\x13\x9b\x92\x15\xf8\xa3pR\
$EV\xb9E\xabN\x12/\x9b\xc4\x15\x87\xdb\xd8\xb0\
\xa5[\xab#\xed)kt4@\x94\xa9Il@P\
\xd0\xc2\x944\x9et\x84I\x5c`7-\xb1o\xfcw\
\x1fr\xd9\x80\x0a\xbb\x8bE0\xdar\x93\xa0\x86\xb3)\
3'I'\xa9\x8a\xa9E\x82\xf0+\x97l\x96\xf3\x98\
G\xc0\xf7\x0a\x1a\xdb\xde\x15;\xde\x83\xa0\x00(\xe5\x93\
\xb1Q\x13\xe7\x14h\xb8OZq+\xd8\x22X[\xf8\
 \xc3T\xa73\xa5\x18s\xad*\xdce\xfcZ\x19\x06\
vCgNuZ\xd9Z\xbf\xd9q\xee\x0e\xe3\x16\xf7\
\x17\xb6\xf68b\x5cuV\xfd\xec(6\xd3\xd0\x0a\xc7\
\xc4\x14\xe6lj\x0c/\xcc\x01U\xfd\x08\xb7#\x13\xb1\
r\xf5\x18}\xd2\x0f\xc6\xdc\xf8Pbd\xe5\x90\xb2R\
L\xa7hZ\x09\x88\x1a\x01\xa5%\x1a\xc5\x0b\xbc7\x8d\
.\xdb\x14qX\x8d\x8e#m\xdd[\xde\xde%%\xb7\
N\x9d\xe3\x0b\x00B\x80\xd2&\x0c\x09\x1c\xe9\xec\x9c\x9f\
\x16\xec\xfe\xe7\x8d8\xba\xc2\xd3\x86\xae\x9e\xb5\xb8R\xdd\
\xb3\xb7g\x11mK\x05)I.Z\x97wSs\x9a\
\x01\xcc\xa4\x83;kSj\xa4\xfbWx\xa3\x86\xb1\x5c\
;\x1c\xb6\xc3\xee8\x8e\xda\xf2\xe9,\xb6\xb6\x94\xcbj\
+\xbbl$\x10\xbe\x8a\x09\x82\x14\xb0HQnD\xcc\
\x95\xb1\xea\x95\xc30k\xdcAo\x5c=\x8a=~\xf2\
\xd1\x95_\xc3\xa1Js(\x92\x02W\x05GS\xe1\xd2\
yT\xfblz\xc4\x86\x1fyef\xf2\x187\xefZ\
:T\x01\xb6|)\x87\xd6c\xc2\xb0\xb5\x1c\xa4\xed\xe1\
\x98\xa7\xbbE\xc7\xf1W\xec:\xd1\xc4>\xe3v\x98\xe5\
\xc21@\xa4\xba\xfd\xb3\xa8K.:\x14 \xab\xbbW\
\xdd\xabi\x05:\x08&j\x90\x94\xb5\xe3\xeb\xfe\x1b\xbb\
\x168\x8a\x03vh)@\xb8m\xb5\xb6\x02O\xcb\x98\
\xc1I\x9e\xbaA\x07Z\xbd\x8e\x17\xdc;\x89-\xb8\x9a\
\xd9\x90\xdb\x82\xe0)\xd0\xdfv\x5c\xca\xa5F\x87!<\
\xfa\x8e\x82h\x80\x0f\x12\xf0\xc5\xb5\xdd\xa7r\x83\x92\xe6\
\x0aB\x9f\xb7%\x19O\xca\x16G\xf8\x86A\x1ax\x86\
\xfbR\xe8ko.v\xb1\xc2\x0bU\xfd\xcam\xaeP\
\x05\xa3a\xc7-q\x07\x0a\x1di\x07\xf1\xa1DB\xda\
V\xc2\x0e\x85$\x1d\x8d9v\xce\xcd9\xae5ew\
n\xd5\xb5\xdd\xd5\xbb\x8d%\xc6\xf2-\xe5B\x90T\x9f\
\x08QZe2\xa1\x97\x9d$\xa3g1\xd3\xd8Q\xd0\
\xecc0\xed\xb3\xac\xa9P[\x05\xe6\xe7i\x1f0\xf7\
\x1a\xc7QH\xc8DN\xd3\xaf*F)\x10<&5\
\xd2(\x1bin@\xd3X\xa66\x0d\xe7\xa3\xa8\x1eT\
\x187^\xd0\xf2?\xa51\xb4s\xb7a$I\x06(\
#\x0b\xbcL\xeb\xfa\xd2-\xe8\x1b\xb7`\xf3\xd7\xcf\xf4\
\xa2\x00\x8f\xddi\xa7\xbdP\xd8E\xdc\xe9\xe9L\x8c\xa9\
\xd3\x06h\xd06U*\xf3\xf2\xe5M=\x1cJ'I\
\x11\xd6\x91\x8ae\x93\xa7:D1\xb6\xf6\xd3\xda\x89\xb2\
\x18\xd0\x84\xc0\xdb\xadX\xfe\x84\xa3nB\x050|h\
G\x95\x06\xc8\x13\xa95]\xa6p&\xdd9\xf2\x81\xb4\
\xd3\xe8',\x98\x80\x91\xbf=h\xd8X\xf0\xfbs)\
\xf2\xa9%\xf3\x00l\xa7(\xfc=Mf\xb8\xe9\x18,\
\xc2'm6\xa8\x1d/\x18b\x94\x02u\xd0R\xb1\xa6\
\xc1\x86\x013\x1b\xef_\x94\xcc4\x8f\xf4\xc53\xd4O\
\xef]\x18\xe3v$%\xb6\x82T\x7f15\xd7\x8e\x0b\
K\xd8\xa7\xc44\x1b\xd7\xa1\xe3\x9a\xbb8\xb7\xe1\x0e$\
\x14\xd7~?\x85J\xb8a\x8fAMi\xa5\xac\xd6o\
h\x07*e\xf6\x92m\xfa\x14p?SA\x7f\x11>\
\x95:.\x8d:\xfc\x8d\xeata\x1cw]\xaa, \
WNJt\x8aW\x1d\x9a\x0f\x10\x22\x0dT\x81^\xbc\
TL\x1aV$\x00\xb8\xc8\xad\xa8\x09\x0bk\xa8\xd6b\
\xaaU\xa5\xedo\x02u\x9f\xae\xd5\xac\xaaJ\xb3y\xa0\
\xd6\xafm \xc6n\xe0EU\x5c\x12.\xa7\x9d5\xed\
\xa5\x5c\xe9\xbd%\x18]\xc4\x1dO\xd2\x88{\x08\xf5\xc7\
\x9di\xa2\xd8r\xf4\xfa\xf4\xaa\x91\x16\x99u\xc1\x1b\xfb\
\xd5kl\xed0]\xd6\x9e\xb4\x9au\x9b\x8d`mO\
I\xde\x93X{\xd3\x07\xa5-\x12~\xd5\xed\xa9\xebc\
cK\xe0\x01U\x22M)\xe95Z\x01\xde\xb8\x09\x1b\
\x8fZrh\x91\xee\xdc\xca\x95W\xa2G\xde\x5cJI\
\xadg)Wq\x07'4\xd3\x84\xabbm\xcem\x0d\
\x02\xa1M\xb0\xcd>u\x1a\x115\x85\xb6\x1bNu(\
%)\x04\x92L\x009\x9a\x9ac\x13\x8b*\xed\x8f\x8a\
B\x8d\xae\x18<(\xbbX\x93rbr\xb2\x9ei\xde\
Vt \x18\x905S\x13\xdb\x8a\xf6\xe9\xf6\xb7\xb6\xec\
\xd5\x0a\xc2p&\x14\xff\x00\x14:\x98m\x97\x5c\x97\xbb\
\xa8\xd5\xd7\x00\xff\x00\x09\xb9\xf9B\xbcN\x1d\x92\x94\xef\
s\x1f\xc9\xe9\xe2Ls\x8aq\xce+\xc7\x5c\xc5\xf1\xa7\
\xaeq\x9cZ\xe5j}M\xba\xb0\x9c\xa0\x9c\xd3\xae\x88\
@1\xb0\xe5\xce\xac\xfa!\x97\x94\x19\xcd~\xe3/\xdc\
\x0f\xe7\x12\x1b'\xa79\xe7&Tg\x97'\xbd\x96\xbe\
\xe8k\xfe%a\xa6\x90\xcd\xad\xbbE\xb6\x88@\x96\x8a\
Y\xcd\xbe\x83U)\x5c\xf4\xd4\xce\xe2\x89\x8f\xe4o\xf0\
{\x0f\xe1\xdcC\x1d\xc5P\xde&\xeb\xb7W)\x87E\
\x93\x80\x06\xad\xc1\xf9T\xb4\x89\x08\xf2\x0a\xcc\xaf!O\
z?\xf6\xb8#\x0ff\xd0\xbc\xda\x9dK\xca\x00\x03o\
hT\x84%<\xc2\xa0\xe6P\xe5\x04\xa6N\x90jf\
\xe9q\x16\x17\xf0lI\xdbK&o\x92\x8b\x06-\xf2\
\xb6\xd5\xb2-\xb3\x15\x939JZN\x80i\x94\x92\x92\
N\x91\xd6\xabE\xb3\xcb\xe1\xbcF\xd9\xd4<o\x93b\
\xb4\xc9\x0f\xf7(C\x8c\x0erI\x90\x93\xb4\x11\xce*\
\xb4I\x84a\xca@I\xc4q{\x8be%$\xa1\xcb\
k\x92\x0a\xa4\xff\x00\xf2\xd2\x92\x07M\xc6\xb5Z%\xa3\
\x86/1f\xed\xc88\xed\xbd\xd5\xa9\x07:qfV\
\xe2\x9cI\xe6V\xaf\x0c\x81\xb0P\xd3Z\xa8\x13v\xfc\
=c\x8d[\x87\x9e[\xf8\x0d\xe3\xfe\x16_e\xb0-\
\x9clI\x0d-\xb2J\x1d\x04j\x01)#SF\x8d\
\xbb\xde\x0f\xbf\xc0m\xdbn\xdf#\xb6\x01\x1fr\x96\x0a\
\xfb\x92\xbdBT\x84\x1f\x15\xba\xc1\xd3I\x07\xae\xb54\
\x0ao\x8doU\x81\xa5\x17n'\x19\xc1\xc0+p8\
\x94\x97m\xc2Ren&<iIIJ\xa4I\xdb\
B5\x96\x91~\xecb\xc5\xbe.\xe1,R\xe5\x08\x16\
\xef!\xfb\x7f\x86R\xdf.4\x92\xdas:\xa6\x96\x98\
 8\xd8\xd4f\xcc\x14T\x92N\xc2T\xf3wiC\
\x1bs\x8c\xb1\xccB\xea\xdd\xd5[^\xdf\x140\x94\xdb\
\x0c\xae4\x84\x80\x12\xd2RIm\x94%:\x14\xf8t\
\x8et\xb5\xca/\xf4\xad\xd8b\x16W7,0\x1e\xb7\
\x0f\xbb\xf7\x89B\xdb\xee\x5c1\x00C\xa9 \xf9\xeb\x1a\
\xe9U\x13\xdb\xa0\xa3\x1b\xb8~\xc9V\xb78A\xc5\x1a\
\xb7VG[PQq\xb2O\x89)?:A\xd5A\
Z\xa4\x90G:\xad'\xa5\xbb\x09\xc4\x9am\xb7,\x95\
\x8a[\xe2\xf80\x86\xd3ep\xb2\xfbv\xb27\x0e \
fi\xc8\x22D\xc1 y\xd3\xd7\xda\xa2v\xdf\x11E\
\xd5\x8bm\xfcA\xc70\xe4\xa8\xdb\xbbl\xa8]\xdd\xb9\
\xd77t\xbf\xc6\x8c\xba\xa9&t\x99\x1a\x1aC\xae\x06\
\xdd\xf0C\xd8e\xe3.\xf0\xea\x91wfR\x16\xe6\x1c\
\xf1\x8d2\x82\x91\x98\xf8\x9b \xc2\x81\x1e\x11\xa4\x984\
\xe0\x19\xc2\xbd\xb37q\x8a\x8c#\x16u\xa4b\x81\xb5\
dC\xa5M%\xfc\xa7Q\x95_\x8a7\x139\x84\x82\
\x0cK\xa2T\xaf\x19\xf0C<{\x840\xfe\x12\xb0\xcd\
\xf3\x0e\x17\xc6\x1e\xb23;)#;k\x03*\xc9\x04\
\xa7M\x150\xa1:\xd4\xf2\xadm\xe4\xae-\xe1\x8b\xde\
\x05U\xd5\xce\x16\xa7\xac\xac\xdb\xb9Oz\xcaAI\xb7\
R\xc1HC\x8d\x99\x94\x98\x11\x98\x11\xcb\xa5\x1b\xdb\x0b\
4\xab|n\x1f}\x90?l0\xd7\x81\xd6\xe2\xc92\
\xd1\x1dT\xcf(\xff\x00!\x13\xd2\x99nR\x94\xcb\xf8\
5\xdd\xa3\xebJ\x1cid\x96_l\x85\xb4\xf0\xd9Y\
OX&R`\x8eb\x90\x0e\x11\xdd8\xa6\xd24I\
\xca\x09<\xa81\x08\xd4\x13\xf9\xd3#n\xf9\x9f\xa5(\
\x00\x5c\x13\xa8\x14\xd4\x8c\xb9p\xeb3G\xfa$K\xef\
\x10\xa1\xa8\x9a!\x05q\xf8\x1e\x94\x00N\x5ck\xbd0\
eo\xce\xbc\xa9\xe8\xb6o\xbe\xd3\xf7\xa6\x5c\xe9\xb0I\
\xe9\x07z'\xe4S\xc8HP\x1aG\x98\xa5\xa0-\xa6\
I=<\xa8\x14s6\xf2\x06\xf4\x10\xc6\xed\xfcP~\
\xb1\xb5O}\x94\xecB-\xcac\x9fJ\xbe\x05\x94\xe2\
[ \x03\x14\xcf\xfb*5\x1c\xbc\xa9\xa6\xb0\xf9\x9d9\
\xd5\x01\xb6:\x905\x03\xca\x8eB\xcd\x8724\xe7\xca\
\x82\xabf\x1dj\x0c\x0c\xbb\x0d|\xaaB\xe7\x834\x10\
\x07@4\xa9\xa7\xf6\xbd\xe1\x0a0\x95N\xbd*:5\
\xd3\x0dp\x04\xa6iX\xbb[R2\xac\xf4\xe9_\x9e\
~\x92y\xac)\x00m\xb5t~\x9c\xecrkel\
\x00\xeakI\x82\xff\x00\xb1\xf6J\x01\xc1\xa4~\x82\xba\
\xf1\xc4\xd6,9\xec\xaa\x00\xe9]x\xcf\xb3\x8bV\x1d\
t<:\xd6\xdaZ\xcbcv\x0c\x02iHiv\xae\
ih\xcf\x07\xb5\xde\x96\x8c\xae\xf6\x04M\x224\xe5\xc6\
\xba\x1fz\x9d\x00\xae\x5cH\x8a\x8dh\xb6\x11\xeb\x8d4\
\xa5!\xed\x09}r!SF\xbf%\xd2\x0e\xe5\xc0t\
\xfdi\xd8U\x1c\xe2\xbcB?*\xcfE\xb3\xac\xb8A\
\x1a\xfaQ&\x96=\x8b\x98 L\xd6\x91q\x22\xc5\xe6\
\x80Mi\x22\xa5\xfa\x1e\xcd\xe1\xd0\xf4\xab\x91{\x18\xdd\
\xd9\xd4nj\xb4\xb9JU\xd6\x95*\xdf\xe4\xcb\xb7=\
~\x95X\xc1\xb0\xae\xdd{\xd6\xb0\xb6`\xdc\xeb3\xf5\
\xaa\x916\x9b]\xe4\xe9?Z\xd3\x5c3\xb4\xd9\xb8\x0a\
\x8du\xa7\xa4Z[OJ\x84\x9et\xf4\x13\xb67\x22\
\x05\x1a\x09\xc6.@\x1b\xd3\xd1S\xea\xbb\x9dyP\x09\
U\xdeY\xd4M0\x09\xfb\xc9\x1b\xe9OI\x00\xe5\xe6\
\xbb\xc5Zv\x0e\xe6\xeaA\x15p\xb6\x86\xbbvgZ\
a\x09v'S\xaf\xa52G\x10\x94\x05)g\x22\x06\
\xaaQ\xe4*i\xef\xf0\x16\xfb\x15\xb7M\xba\x9d\xbcm\
na\x8c\xac \xda\xb6\x8c\xee\xdf=\xf8Y\x09\xfcZ\
\xeaS\xb6\x9e\x22\x005=\x9b\xcc\xbd\xbe\xfd\xa9]c\
\x11{\x0d\xe1\xe7\xd1u\x8f6\x953q\x892\xfek\
<%\x1c\xed\xed\xe0C\x8b\x903\xb9\xcc\x88\x1a\x0ar\
k\xb0\xf2\x8bw/8\xe3\xbd\xca\x94\xbb\x9b\xa5\x17\xee\
.\x97$\xa8\x93\xf3\xa8\xee\xa2w\x82zU\xf4{X\
\x1b^\x1b\xc2L\xac<\x95^\xe2k\x83p^\xf1\x15\
+|\x87\xcf\x99\xcd\x00t\xd3Y\xb2\xd5\xcdD\x15\xef\
\x11\xe2X\xc5\xe3V\x96\xe4(\xa8Jm\x18\xca\x844\
\x9ejqq;N\xbe\xc0Ujc\x11yZp\xfb\
\x1b,*\xd9Www\x0e\xdc:\xda2\xa5\xc0C@\
$\x8dJ\x07\x88\xa4\xa8\xeb$\xe6\x88\xd0H\xa9\xe6\xd3\
\xd6\x96\x0c*\xda\xf3\x1a\xc3\xd4\xc3\x16K\xc20\xc6\x89\
\xb9q\x0c\xbeB\xc8#\xe7uK\x01-\xa7\xa9Q\x9a\
r}\x15\xbbKp\xc7\x10\xe1B\xdd\xd4\xe1\x98i\xba\
\xb5\xb7\x10\xe5\xf3o\xf76\xc0\x19\xff\x00\xae\xe4gP\
\x1a\xf8D\x1d\x86c\xadV\xbe\x89`\xb6\xe2\xeb\xb6\x0b\
i\xb0\xc4\xd3\x86\xe1\xeb\x99\xb8\xb2a-\xa1\xfd#)\
Y\xcc\xe2\xd3\x13*\xcc\x224\xe9W!oA\xed\x97\
\x85>\xe0}\xbb\x85\xaa\xdd\x06T\xed\xc3\x85d\x9d\xa0\
\x04\xca\xf3\x12I\x10\x91\xa7\x8a\x9e\x92\xb2\xd8\xf0]\xfe\
!k\xdf`\xed\xe1I\xb3*\xcb\xf1\x98\xab\x17.\xb8\
\xa1\x1b\x01\x992GX#\x95_B\xd2\x99\xe0f-\
\x5cx\xdf\x9b\x87P\xa8_\xc4\xd8X\x5c\xf7iT\xce\
TA:\x0f4\x1d\x0e\xf4\xbf\xd0\xe9=\x81_\xe1\xb6\
y^\xb7\xc6\xeeY}\xe5k\xfcJ\xcf\xbbc\xc1\x06\
\x5c\x0a)\x88\xd3P\x9e^\xb4\xae\xcdac\x8a\x1b\xbe\
j\xf1\xd4*\xe2\xd5\xebwT\xd9\xbe\xb2m/[<\
\x94\x90\x95K\x00\xe6\x9d\xe5I\x00\x8d4;\xd2\xb5Q\
\x17\x86\xd8a\xdc_{l\xc38\x9d\xa5\xa6,\xf2\xbb\
\xe61;c\xde6\xd8I!HSz\x15\x85\xea\x15\
#6Y\x1a\x1dk+\xdbi\xcb\xd3x\x1f\x04[\xf6\
i\xd9M\xb3V\x09~\xdd\xbb\xcbd\xb4\xae\xf1Y\x11\
f\x94\x8c\x8bq9B\x94\xa58\x16\x94\x84\xa1*\x5c\
'@I&\xa4\xad\xddxo\x8d\x18g\x0f\xbe\x17x\
\x9b\x8e9p\xb7\x9cJ\x97\x8a^\xb8\xdb\xd0%(\xef\
\x90\x10\xe2\xd2b!\xb2\xa0F\x86\x05=\xe9\x17\xf2\xad\
\xd9c\xd8M\xc1B>=_\x0er\xac\xb0\xf3\xb9\x91\
\x9b\xf1I(\xd0r\x82v<\xea\xe4\xa9\xda\xe7\x81\xb5\
b\xf3\xf7]\xcd\xd3V\xb7\x8d\xdb\x17\x9by\x12\xe3n\
6\x85\x03\x97\xc3\xe2\x05\x1b%I)!$\x8f\x14\x03\
VC\x1d\xe2\x0bFT\xd2q\xc6/p\x5cUE*\
\x18\xce\x10\xbf\xf9{\xd3\xf8s\x922\xbc\x81\xcd\xb7\x12\
\x14N\xc6u\xa6\x16\x8b7\x03\xa2\xd2\xf1\xb7m\x9a\xb9\
CH\xcf{h\xd1,]@\x89}\x99\xd6G\xe2I\
\xf0\x905N\xa0\xae\xcf|\xac\xf8v6\x9b[\x8b+\
w\xae\x1am\xf6FV\x1f\x92\xe3\x17\x0e\x01\x04%F\
\x14\x95*@\xe5\xb9J\x81\xd2\x96\x95*O\x10\xc30\
n\xd4\x9fV\x19\x8c\x85`\x98\xebn\x85[\xbeZI\
%\xc0%;\xfc\xc2 B\xa0\xc8\x1d)mZ\x05\x81\
\xe3\xd8\xe7fX\xd2l\xf1^\xf6\xe2\xd4\x5c\x86;\xd9\
\x0c\xae\xd8(\x88J\x15\xb7rL@Z|$\xe4R\
\xb2\x90j\xfbF\xf4\xb9q\xbf\x05`\x1d\xa7\xdb_\xe3\
\x18ZXs\x11e\x0a\xc3o[\x85\xdb\xa1\xd1\xa9[\
O\xb4\xaf\x13j\x92\x08\xd4\x81\xa1I\xe4ck\xb8\xed\
\xe3\x8e1\xec\xb3\x19\xe0\xbcQV\xdf\x0c\xf5\xed\x9b\x8b\
Wp\xb5@\xb8\x00n\x87[\x99\x0b\x1dR\x08P\x85\
\x03\x06\x9c\xe5\xcdq\xf5Wp\xecI\xdb\x04\xb8\x84\x04\
\xdc[\xbd\xfe5\xb3\xba\xb6\xe8\xe5#p\xa1\xc9B\x08\
\xeb\xca\x8b\xd8J\x5c\xe1\xcc\xdc:\xeb\xf8k\x8bu\x09\
B^U\x9b\xa6_m\x05 \x95$\x8f\xf1\x125\x92\
!Cr9\xd4\xedAZ\x82\x81\x94\x82\x0e\xb3\xcb\xd6\
\xa8\x8d\xba|\xbd\xe9\x00\x17\x22'x\xa0!\xef<D\
\xfeSU\xd0B].&5\xa6U\x1e\xfb\xba\x925\
\xa5\xc0\x00\xe3\xdb\xc6\xb3\xd6\xa8\x1b\x0e\x99\xebF\xc8\xa0\
\xe4\x9d(\xfa\x1b>\xd7\x8f\xca\x80\x91\xb7h(\x80\x06\
\xbdi\x12I\x8by\x14\xca\xa4\x98\xb7\x93\xa7\xd6\xa4\xb6\
1\xb64\xfd)\xf4p\xeaX\x8d\xf9u\xa7\xd8b\xda\
\x9eBE\x07\xd9\xa57<\xaa\xd394\xa4\x99\xd0h\
y\xf2\xa7?\xb2\xbc\x0d\xc3u)\xd7Pi\x92\xdb\x86\
\x14\x82\x06\xe7\xd6\x0dH[p\xfd\x02u\x83\xca\x91m\
n\xc3\x08\x00D\xf4\xd0\xd4\x1e\x96\xdc9\xdc\x85'\x94\
h*\x0dl\xc3\xae\xb4\x1a\xcct\xa0\xd2\x84o\xa7\xb5\
|\x5c\xc7\x95\xfd\x11\x9eF\x87Q\xce\xb7\x98\x08\x15n\
\x90\xad9r\xadq\xc2t6\x22\xd2\xe2\x08\x9e\xbdv\
\xad\xe6'\xa4\xed\x8d\xe7\xcak\xa2E,xu\xf8\x0a\
\x10j\xb4\xa9V[\x0b\xd0`\x13\x14h\xd3\xd6\xb7`\
\x80\x09\x99\xa3J\xd8\xd4\xbc\x08\x91\xafJ\x9d\x1bK~\
\x13\xbdN\x88#\xd7`k\x22\x95\x84\x11\xeb\xdc\xba\xf3\
\xe7S\xad\x84{\xf7\xe0\x83\xa85:$E\xdd\xd0:\
\xd4\x84=\xcd\xc9\x9d\xf4\xa3[N\xf6\x17\xbf\x95oS\
\xaaG\x10\xfec3F\x97\x04\xb7q\x07\xdf\xda\xab\x18\
\xad\x8af\xe8i\xae\xb5\xac\x8b\x9aH\xb1w\x15\xa6\x97\
(\xb6\xee\xc4~\xd4i[8\xab\xbd7\xf6\xa7\xeb\x0f\
f\x9c\xbb\xa7\xa1\xb0\x8e\xdd\xef\xad^\x93\xb0\x8e\xdey\
\xd5\xe3\x0a\xd3&\xf4\xce\xf5\xa32\x05\xf7\x8bz\xad\x10\
\x9b{\xbc\xca\xdc\xd1\xae\x0a&\xac\xef\x0e\x9a\xc5%D\
\xcd\xbd\xe1\x22\x98\x13\xf1T\xf4F\xdc\xba\x81\xbf\xe7H\
\x01~\xeb\xd8U\xa4\x0b\x97dS\xd1\x18U\xd4\x8d\xf9\
}\x05QP/\xbd\xd7j\xa0\x8d\xb9^\x8a2\x02c\
RL\x00=i\x92\xbb\x88b##J\x85\x848\xa2\
\x18i$%n@\x92\xb2N\x89HL\x92\xa3\xf2\xa7\
S\xac\x0a\x8dlH\xf2\x8fo_h5\x05=\x87\xf0\
\xc5\xf0\xf8\x96\xe6\xd4bM\xa4\xa1\xb6\x9a:8\x9bd\
\x91\xe1I\xdb\xbc\x82\xb5\x09\xd4f\x009\x8e\x94\xf3#\
J\xf8\xe4\x9c\xeb-\xd92\xa0\x95\xb8\xa1\xd3\x90\x8d\xd5\
\xbc$k\xac\x935_\xec\xf6:\xeb\x1d^\x06\xf9}\
\x86{\xbb\xb1\xe0\xb3e*\x10\xda\xa0\x00\xe2\xe3\xe6X\
\x1a\x8e@\x91\x12h\xd1T![\xce,\xb6\x177K\
\xf1\x5c:\xa2U\xdd\x03\xb2c\x9a\xb9\xc6\xe4\x99:S\
\x0b\x16\x0e\xc3XU\x82_(q(R\x8e\xe6V\xfb\
\x83r\xa3\xc8\x01\x00\x9du\xd1\x22jj\xe7\x11nv\
\xd9\xac&\xd2\xce\xff\x00\x16p\xfcs\xe8\xefm\xb0\xf6\
R\x01Cs2J\x8eV\xc4n\xb3$y\xa8\xe8N\
J\xff\x00g\x9e\xbbs\x1de\x86\xf1\x86\xd4\xfd\xa1P\
\xf8<\x0a\xd2H}\xceN-?3\x82t\x05RI\
\x93\x09\x00\x9a\xb9\x19\xd5\xa3\x09\xe0\xd6q\x87P\xacU\
M\xdd!\x94\xe7]\xa2\x95\xde\xb5l\x7f\x0c\x09\xc8U\
\xd6|\x09\x81\xf3\xd5BN\xb3\x8a`\xe6\xe9,\xa2\xc9\
\xbcF\xd5\x19R\x95\x07{\xd58F\xb9\x12H#)\
:\x92\x94\xe8Di\x11@\xfaZm\xf1\xcc`\xde\x9f\
\x87\xb7\xfe\x1c\xd2\x90U.em\xe5\x8d\x0ec\x98K\
\x89\xd8I\x03\xa6\xb4\x0f\xed\xab\x9ch\xc2\x13u\x8cZ\
\x0b\xcc\xe4\x9e\xf3\x18m\xa6\x97\xb6\xe9\x00\x11\x1f\xe6\xd2\
\xaf\xeb\x80\x90\xc2\xf8\x89\xabR\xe5\xcd\x9b\x18K7\x0f\
\xa4\x87\x1cj\xec:\x0a\x82\xb7@I\xd2D\x09\x88\xd7\
\x9d-\x1c\x9c\x1f\xb3\xed;\x10y_\x04\xfe\x18\xd6.\
\x92\xee_\x03\xa8Wt\xa1\xa0F\xaa)\x8dN\xe9$\
\xd1\xf6\x1b\xb8\xc6xq\x0c\xb8\xe0\xc2\xee\xf0g\x90\x85\
\xf7\x17v\xc5l\xb8\x12tQR\xdb0S\xcc\x82\x9d\
\xe6\xa6\xe9R$8\x0f\x02i\x5cHq\x1c:\xf5\xa7\
\x9f\xb6~\xd1\xf5^\x94\x84-J\xd5 H\x223\x90\
RJ\x80\xfc35\x86M\xa5v\x8e\xde\xf1LR\xd7\
\xb3\xee\x1a\xe1\xa5b\x17\xb6\x97I\xb3o\xbd]\xaaV\
\x1e.%kRHKQ\xaeU\x19\x93\x96\x11\xa8\x22\
\xa6}h\xbe\xf6\xf1v+\xc4\x8b\xc0\xf1K\xb7\x0d\xed\
\xcd\xe0 \xff\x00\xcb\xe2\x0e\xe6s]\x02Na\x95\x09\
;\xf8d\xe9\xa4\xe8kh\xc9\x0fm\xc4\x1c-\x8e\xdc\
\xa1\xab\xablO\x09\xc6\x14\xa0Suj\xe2!J:\
*\x12t\xd3\x96m\xe4\xcf*\xaeav\xb8`\x1c1\
\x8ap\xdd\xd6\x1f\x88\xda\xdf\xe1\xfcK\x844\xec-\xa5\
3\x99\xe6P\xb3\x92\x1dN\xed\x1dN`FU\x11&\
w\xa7\xf6\x06\xe1VV\x18\xbe'u\x86[-\x18f\
?l\x82.p\x8cQYm\xdd\x83\x94\xc8Q\xd1\x07\
\x91L\x89 \xa4oL\x1c\xb0R\xb8G\x1d\x16V\xaa\
{\x0b\xb97\x08J\xec\xaf\x01U\xa9\x04D\xa5D\xca\
\x06Y\x22\x09\x00\x0f\x98h(\x0b\xa3\xaeYq\x19\xbb\
U\xebW8~:W6\xca\x90\xb6.\xd0O\x81.\
\xa0\xc6t\x91\x00\x14\x9c\xdbo\xa43\x07k\xc4\xef1\
\xc6V\xfc/\xc5\x96\xca\xc3o\x92\x82\xd5\xb5\xeb\x0aQ\
q\x22\x01C\x8c8\xa9\xefP\x04\x05!^4\xc1\xd1\
[\xd4Y\xf7\x15\x8e[\xe2\xba\x82qU\x22\xf9\x8c'\
\x8cM\xad\xfb\x0f\xa3\xb9\xc3\xb1\xa6\x9b\x94:\x95l\xdb\
\x84\x98K\x9d?\x0a\xd2L\x13\xb0\x9d\xe9vo\xb4\xa7\
\xf07\xf8>\xfd\x18\xbe\x09tY}\x92\xdb\x0f[]\
\xc9K\xed\x99\x01\xa2\x7f\x14\x00@*\xdfm\x08I\xaa\
\xe2\xc4\xce\x12\xbck\xc2\x5c3\xdb/\x0a\x5c4\xdbJ\
\xb4\xba\x05)U\xb5\xd5\xb0\xef\xed\x1fG\x84d3 \
\x09\x10\x7f\x96u\xd4T\xde*\xb52\x9ax\xa7\x8d8\
\x1e\xf7\x868\x92\xf7\x0b}\x84Y\xe26\x84w\xd6E\
\xc2s\xa6a/4\xb5\x7f\x8a\x85\xeev)2\x08\xd2\
\x9b\x9e\xcdp\x88h-\xaf\x86u\x05L>\xd2\x8a3\
$\x94\xad\x0aN\xa9\xf3\x06\x0d::I\xa5\x94\xe2\xc5\
Y\x10\x96\xaf\xd5\xafv\xd8\x84\x5c\x1ed\x0f\xc2\xbep\
4W(4\x87h\xb7\x99RA%*\x8e\xbb\x0ad\
\x02\xf1\xb3\x067\xa2\x84-\xebyt\xfd\xa8\x08\x1b\xd1\
&z\xd5tH\x9b\x8d\xb9Q\x025\xe5\x1c\xdaS\x14\
\x90\xb2\x7fI4\x0f\xb3\x88\xdc\x0esBR6\xa9\x9e\
\xbe\xf4\x8fi\x8bFs\x08\xa0\xb7\xb4\xbd\xbbP\x9e\x82\
\x82\xb0{-x\x7f*E\xad\x0bm\x03,s\xaa\x90\
\xbe\xcf\xa1\x91\xd3Jg\xd3e\x90t:\xc7*\x07\xf6\
\x19\xe6\x8aI5E\xd07\x06Y\x1byS\x87\xfd\x88\
\xc3\x8f\x8fm\xbaS\xa9Z0\xe72e2\x01\xe5\x1c\
\xaaB\xd5\x87\xbd\x01<\x81\xa4\x9b5\xca\xd7\x86\xdc\x8d\
\x0e\xdeU\x15qi\xb0\xb9 $\xeeH\xe7P4\xb1\
Y\xdd\x18\x1a\x91#\x97*\x02\xda\xa9\xaf\x96\x98}4\
\xec\xcb\x80\x81\xbdm\x8e\x03\xfb\x0a\xb3\x98\xeb\xa1\xda\xb5\
\x98\x93\x10ryyV\xb3\x0d\xafc\xed\xae\xca\x22\xb6\
\x98\xf0;LYb0A\x9a\xbfXi\xfb\x0c\x5c\xa0\
$\x85G\xbdO\xae\x95\xb4\xe5\xa69\xa7\xcd\xa5#I\
\xb5\x8f\x03\xb9\x14\xb4{8\xbce+\x91:\xf9\xd4\xd8\
{\x06\xf6*\x0e\xc6\xa7I\x00\xfe$L\xc9\x03\xd2\x95\
\x84\x05\xdcDN\xfby\xd6z-\x82{\x10\x94\xef\xf5\
\xa7\x22v\x8fy\xfc\xfc\xe9\xe8\xccw\xc4\x1d\xfe\xb4z\
\x97\xf4\xda.\xa1Q\xbd/]\xc3\x94\xf3Wbw\xd6\
\x9c\xc7\xf2{\x14\xd5\xd6\x92+I\x17\xbe\x073t'\
}j\xbdU\xb1M\xdc\xed\xfdj\xbdOe\xaa\xea9\
\xd1 \xd9\xa5\xdd\xc0:\xc59\x8e\xcfa\x1e\xbb&u\
\xf2\x8a\xdab6\x0d\xcb\xd3:}f\xab\xd1\x1b2n\
\xe7\x9e\xd5Z&\x93rs\x09\xfdh\xd6\xc4\xa3\xed\x9f\
\x12:\xd1\xa1\xd2b\xd6\xe4F\xe0R\xd1\xed3ot\
 I\xd0\xd2\xfe\x8cJ\xaf@\xe74\xc1\x95\xdf\x83:\
\x88\xa3[\x1b\x01qy3\xadi\xa4\x02]\xe7\x8b\x7f\
\xa59\xc1\x9a7'\xad=\x11\x85:O\xd3\xad4\xa1\
1\xacI\xa6[p\xbc\xb6\xdb\xb3gW\x1cua)\
Z\xc4\x12\x92N\x81\x09\xd0\xa8\x9ed'\xad \xf1\xf7\
o?h\xbb\x9cM\xfb\xbc+\x03Xa+\xcc\xd3\x97\
D\x9c\xebBN\xa7][Fmcu\x18\x9e@9\
\xf97\x99\x9f\xbbE\xe2\xdez\xe9\xd7>\x15\x10\x1e\xb8\
\xcd\xe3R\xbf\xf9h\xea\xa3\xcf\x92F\xda\xd3:d\xde\
\xba\x840\xe1e*ZA\x16\xb6\x09T6\xd8<\xcf\
]5R\x8f\xa7:d\xd3M6\xfb\xca\xb8\xb9q\xdb\
\xb7\x5c\xf0\x97\x1a9Fc\xb8I#\x9f(\x1fH\xa5\
h\xd2M\xab\xbbe(\xa1\x18[i\xdf\xe5\xb9Y\x95\
\x1d%Dj\xae\x9ao\xb5/\xee\x9a\xc6\x87\xce\x0c\xd3\
\x17\xf7\xf9n/I\x8b;5\x00\x1aAO<\x83@\
\x13\xd0s\xd2fH]\xf0`\x11\x89\xb9\x8a]\xdc\xdf\
\xe2\x17\x0a\xbaWx\x14\xb5@\x97\x9d\xdd(H\xda\x07\
M\x80\xd7\xa5\x5c\xe3\xa4\xa5\xb0\xeca\x16\x00\xdc\xa5\x0a\
[\xce\xa5h\x19\x0eU-$j\x94\xabp\x980O\
O\xcc*\xb3\xe0\x8c\xe28\xe1\x0d]\x86\xadl\x12<\
L\x07\x83M6\xad2\xa9\xc5+x\x11\xf3I\x1aB\
i\x9c\x8bf\x0c\x13\x87fv\xda\xe5(s*\x90\xfb\
\xec\xa8[\x05\x09\xf9C\xb0\xa5\x99\x99\x84d\x07\xa6\xb4\
l\x96\xdbFXu\x8e\xf5\xc4<\xda\x1cBeWV\
\xcd\x94\x95\x01\xb9\xef\xd4\xa5\xa8\xcf2\x00\xe8)\xfb\x1c\
\x89{+\xce\x1ci\xc5\xa5x\xa6\x19h\xe3BJm\
\x8bI\xf1F\xe4%\x88I\xf23\xbd?n9\x1e\xbb\
I\xa6\xed7\xefw\xb8q\xb2\xe2\x87\xd6;\xd4&\xce\
\xe1\x92\xf3m\xa4k\xf7je$\xc0\xfeY&yE\
\x1e\xc7\xa3xf9\x82b\xb8\x87\xc2\xbde`\xe2\xc2\
;\xb7[\xb8c\xb8\xbbBt\x12\xe2\xe70\x00\xcc\x02\
T\x01\xe9E\xa06(\xc5\xb7\x0d\xdd\xa9k\xb1\xb9E\
\x8c\xa5\xd6\xae\xac\x1dK\x8e!\xb1\xe1\xd5\xa7<+\xd7\
q$\x91\xa8;T\x5c\xbe\x95#\xaa\xf6\x09\xc2\xd6\xd8\
\xe7\x111y\xf1\xce>\xa4\xbe\xae\xf1\xc51\xdc-\xe4\
)9\xbb\xb7\xd3\x98\xa5hJ\x80)P\xe6<\x819\
Y\xedZkQ\xbf\xb4_iK\xb6\xc4\xaf,\x1ar\
\xfb\x0cei\x16\xb6\xebK\x88h\xb8\x80\xdc%M(\
\xe5T\x18'<\x1d$\x0d\xe2\x8f\xb4\xfdi\xe4\x1cy\
\xb6q,Y\x7f\x19\x8a\xbdh\xe3i\x0aE\xcbI+\
m\xf4\x98*J\x8a\x84O\xb8\xe6*\xe5E\xe0\x03\x18\
\x06#o\x08\xbf\xb3\xb6\xc4p\x95\x85<\xbcE\x85\x82\
\xd3m\xef\xde\xa8\x81\x9d\x9d\x08\x8d\xc0\xd3}\x05ZV\
n\x1b\xc4oxm\xabk\x9c!\x1f\xc4\x12\x99J\xdb\
\x5c7|Q\xd1%@\xa5\xc1\x03T*\x14\xa1\xd0\x89\
\xaa\x0b\xd5\xa5\xbf\x09v\xc2\xc3\xa9\x16b\xc7\x13\x9e\xf2\
\xdd\xbe\xf0\xa1B\xe0\x18s\xb9'\xc6\xcb\xb1\x12\xd4\x99\
\x22BV\x0d\x1c\xce\x8f\xb4V5\x8ab\xdc\x22\xd7\xf0\
\xccR\xcd\xae%\xb0Q(\xb7~\xe1\x8e\xe1\xc4\xb79\
V\x82d\xe4r`\x15&[$\x00Cy\xa6\x97\xfa\
\x07\xac8\xa7\x0d\xc0\xf8}\xd2\x97\x91\x8a\xf0\xf3\xca\xff\
\x00\x97c\x13Q\x09\xb6{\xf1\xa0\xb8>\xf1\x97\x10\xa0\
 'A\xfc\x8aL\x11Aq\xc4\xf0\x5c+\xb5l%\
\x96\x9e\xc5\xbe\x0d\xc58T\xcao\xd6\x18\xc5p\xcb\xa3\
\xaaHs\xc4\x87Z$\x03 \xc1\x04\x14\xc1\x94\xd2\xbc\
p\x02`|Q\x8f\xf0F*\xae\x15\xed\x1b\x0eK(\
\xbbJ\x90\x1c\xbel\x9c?\x10H\x99u\x83\xf2\xa5D\
\x10T\xcc\x82~dB\x85M\x9fqx\xe5\xf5]\x93\
\x09K\x8a\xc3l-\x90\xf2q\x1c2\xe4%\xabk\x85\
,,6r\xe8\xc3\xdeJ\xcb\x95\x0b2\x15\x10\xac\xaa\
\xda'\xe5\xb5\x9fT\xf6\x17v\x9e\x1a\xc6M\xf8g#\
\x09\x06\xd9\xebP\xeeu2\x93$\xc4\xf8\x94\x999\xb2\
\xcc\xc1;\xc0\xab\xee2\xe7\x1ac\xb6N\xcbp\xbe\xd8\
8V\xca\xe2\xd8\xdb\xaa\xfd\xbc\xeb\xc3\xb1\x0be\x85\xa8\
\xa4\xa7\xc4\xda\x8f\xe3A1\xe93\xd6\xa2p\xac\xb1\x99\
<\x95u\x82_a\xa8\xba\xc2\xb1\x96\x03\x17\xf6\xe7\xbc\
iO<\x82\xef\x87\xc2A\x82s'X\xd7T\x91\xed\
T\xe6\xbf\xda-\x0dH\x88\x83\xbct\xa0\x8e\xdc\xa4\xdc\
!\xc7\x09!\xe2%\xc8\xd9\xc1\xd6:\xf5\xfa\xd0{B\
\xdd\xdbh\xa8\xdcPH\x1b\xf6a&\x98W/\x91\xa9\
\xaa\x08k\xb4\xe8dQ\xd1\x22\x9e:\xe9@6\x99\x07\
oO:\x7f@\xf27\x03\x973I)k$\x85o\
\xf5\xa6\x13\x96h=\x0d\x22K\xb2\x8d\xbd9R\xaa\x1a\
\xdag\x99\xf5\xa3eE\xb6$\x0d\x094\xfaH\xa6\xd0\
R\x00\x99\xd6\xaaS\xb0\xa2\x8f\x0c\xf5\xd8\x8a_d\x0d\
\xd4A\xf2\xfd\xea\x84F\xbe\x9c\xaaQ\xdb\x9e\xf4\xc3v\
K\xf1\x03\xcb\xf2\xaa\xfaJ\xc3\x87\xbeA\x02jh\xfa\
X\xec\xae\x08\x09\x92u\x88\xa4zYp\xfb\xd3\x98k\
>\x95\x17\xb1\x16\x9c6\xf8@\xd7\xe9\xbdM?\xe9b\
\xb3\xbe\x09\x80#ZA\xd1sN\x90g\xca\xbcI\x84\
\xd2\xc8\x22\x7f\xbd\xaa\xbd\x06\xe8w\x1b\xf7\xad&\x22\x87\
T\x8a\xdac\xb0Z\x1c1<\xfaV\xd3\x11\xb1\x8c\xb8\
I\x04\x99\x8eu:\xd1\xef]\x8en\xf5M\xf3\x88\xeb\
KF%\x9cU\xc4F\xa0\x0a^\xba\xa0cx\xd2\xd3\
\xaei1\xad-\x1e\xcf\x0ce}f\xa2\xe26W\xf1\
e\x91\xbe\xfc\xe9\x5cv7\xb3.bD\x93*4\xae\
;+L*\xf2y\xd4\xfa\xa7{6n\xbc\xfd\xe9\xcc\
\x08\xcb\x97#q\xa5W\xe9\xec]\xec\xc1\x7fB\x01\xa7\
\xe9\xae\x0c\x93q\x04\x0e_Y\xab\xf4\xda\x8e\xa1\xfdt\
?\xedJ\xf8\xf6\x05\xb5q\xb6\xdd4\xda\x94\xc0\xe0\xc6\
\xee\xa0oU\xeb\xc1\xecR/f\x07\xd6\xab\xd4\xf6Q\
\xbd3\xbc\xfa\xd3\xd7\xe0\xf6\x1d\xdb\xc3\xb6\xfc\xea\xa4\x1b\
\x0c\xe5\xd1Q\xeb\xe5W\xa0\x1dW\x04\xf3\xdf\xa6\xd5E\
I\xef\x0cG\xd2\x8d\x03\x8d\xac\xe9\xae\xb4\xb4 \xc6\x1d\
2 \xd0i\x16n\xb2\x00fjl\x03\x9a\xc4\xbd\xa9\
kG\xb1\x08\xbfR\x86\xf3U\xa2\xd9+\xbc$\x1dt\
\xeb\xd2\x9e\x8ba\x5c\xb9:\xf9t\xaa\x01\xd6\xfc\xf9\xd0\
D\xa5\xf3;\xeb\xe7A\x87\xbf\xbf\xf8KW\x16\x1dM\
\xbci\xdf\x91!\xbd$\xa8N\x92\x06\xa0\x1d&'J\
d\xf2?\xda+\xb7\xb46\xc8\xc1\xb0\x1b\x94\x96\x93\x97\
\xc4\xd2\x82\x89\x09T\xc9\x91\xf2\x95\x19O\xf3*Vt\
\x09\xa3F\xf2K\xf7\xcf\xe2\xd7\xea@Z\x9eu\xe5\xca\
\xd6\x92Iq\x5c\x80\xea\x01\xfa\x9dMQ\x93z\xb6\xd8\
C0\x94\xbc\xa1!\x86\x81\x94\x1e\xaa\x1dS3*\xfc\
Q\xa6\x9a\xd1\xa4\xec\xc0R\xd2\xbf\xbcs\xbcu\xcdT\
H\x92\xaf?!\xc8\x0a>\xc0\xbe\xf4\xa5\xb4\x86\xc9\x9d\
\x92\x91\xcaw\xd7\xa9\xfd)v{N\xe0,[\xe1\xf6\
\xee\xdf^f,4\x8d\x02L\x17\x16~T\x8e\x93\xf9\
\x0di^N\x04\xb9\xc4\x1f\xc6q\x02\xeb\xebBVS\
.eNV\xd8l\x08\x09\x03\x90\x13\xb72z\x93N\
pV\x8ai\x06\xe4\x86\x9a\x01\x0d\xb7\xe1\x19\xcc\x94\x03\
\xba$n\xa3\xba\x88\xf4\xa6K\xaf\x05`i\xc5q6\
\x99B\x0b\xaf\xb8\x0eP?\xea@\x9e\xe9$\x1f\x0e\x9c\
\xfa\xeeF\xf4)s\xb6.\xa5MZ1\x87\xb5\x8e:\
\xc0\x8e\xe0%\xb4\xda[\xac\x93\xe1u\xd5\x0c\xb2\x01\x82\
AQ\xf4\xa5i\xc9V4p\xd4\xda\xe6\xc48\x96\xcf\
\x86\xdf#*\xed0\xf2\x98\x19uNu\xb8\x01)\x00\
\xc0-\x98\xa2\x1e\x8eY\xf6c\xc2\x18\x9d\xd3\x91\x8c\x5c\
cj}!M\xbe\xde%\xdf&z\x82Q\x94\xeca\
:\x9a7\xae\xc7\xac\xa7X\xec\x8dv\xd8s\xf7\x18;\
|T\xd2\x18w*\x92\x87\x9b`\x13\x12\x09(l\x82\
#.\xa6D\x1a\xad\xfbvZ\xd2\x9d\xff\x00\x88\xec\xb8\
g\x15E\xb5\xff\x00\x10\xe2\xb8.\x22\x85w\x85\x9e \
\xc2[u\xa9\xda[\xb9\xb7W\x81$\xef\x9d)>\xd4\
jQ.\x9d\x06\xf3\x88p\x8cr\xc9?\xc7-\xd9f\
\xe9hK\x96X\x82\xdbS\xcd)\x03B\xa6\x1eB\xbc\
pd\xe5\x90\xb8'M\x003\xbd\xab\x5c\x93\x80\xe0\xed\
[\x5c\xbd`\xf5\xda\xaf\xf0\xeb\xa0\x87\xf0\xb7\xd9?\x18\
\x94\xac\x8f\x0b\xa8P\x00\xad1\x9d%\xb5\x04\xac\x00@\
\x92\x05e\x95\xbd\xc6\xb8\xc7\xa8\xbb\x0b\xc0\x19\xc0\xfb>\
w\x11\xbav\xd7\xe2\xad\x19u\xb2\xb4:T\xdbJR\
uH)\x95*\xddI)P\xe6\x929N\x93\x8f{\
\xa3.f\x9c+\xb4>+z\xc1\xdb\xdb\x96\xf8\x85W\
W(FU\xe6\xc3\xf5JA\xd5=\xe9\xd7Q)\x1a\
\xccr\x00\xcd\x5cE\xfc\xd7\x10\xc5qT+\x12r\xf7\
\x08\x7f\xbb2\x02\xd8\x8c\xa8V\x80\xe8\x83\xc8\x13\xf2\x9d\
|\xcd[;\xae\xe0\x8c\x1f\x89n-\xc2Xf\xe16\
\x0e)c\xbc\xb6RB\x1by]P\xa3\xe1J\x84\xc9\
mP\x95o \x8a\xa2Z\x9a\xc2Q\x8d\xe1w\x17\xf8\
Z\x06\x1d\x8a0\xf7v\xfbV\xaa*d,\x09!\xd6\
\xc9\xfb\xa5m:\xe5\xe6\x99\x99\xa7\xd0\x01s\x81\x7f\x18\
x\xdfa\x97.\xd8\xf1\x0b\x09I\xbc\xb5Z3\x07\x92\
\x0c\xa5\xc6\xb5\x19\xc2N\xa2Nd\xeaA\xe5Np\x17\
\xac7\x15\xbd\xe3\xbbDZc\x8ewx\xaa\x12-\x92\
\xc2\x9c\x11x\xa8\x94\xf7d\xc7\xde$$\x90\xa1\x95e\
2\x01QIAz\xd70\xd1\x98\xcf\x0bX\x06nn\
\xf0\x1b\x96\xac8\x81L%\xbb\x9bw\xd9K\xb8~-\
n\x93\xa2.Q\xf2\xa9C\xe5K\x80%h1\xf2\xd1\
\xbf\xa0\xa8\x7f\x0f\xc48c\xbc\xb8\xc0[\xb9j\xc5\x0a\
J.p\xbcIY\xdc\xc3_P%9\xce\x99\xd9X\
>\x17\xc4I\xd1\xc1\xf8\xa9\xd2u\x0c*\xf7\x0f\xed?\
\x83m\xb0g/\x10\x9b\xf6\x0fv\x9b[\x84\xfcS-\
>\x9d\x03o\x19\xcd\xac\x94\xc8\xd5'(*\x22\x0d-\
\xe9Z\xdfF\xf83\x8d1\x0e\x06\xe2O\xfc7\x8b\x9b\
\xe3iz\x03_\x09\x88\x1e\xf9\xf6\x95 \x00\x974/\
\xa2\x12TL\x07a\x07\xe6)\x06\x95\xc7|\xc1\x8d\xfc\
\xba\x96\x22R\xea\x9b\xbd\xb7Z\x1c\x16\xeam\xa5\xad\x0e\
\x15\xa5\xc6\xc9\x0a\x19\xb9\x89\x82\x12\xe0\x9eGIP\xa8\
\x9c4\xcanp\x93\xe0k\xf7\xdaR\xc3Hq\xcc\x1a\
\xe1\xe5\xb6\xdfu\x09Ck\x9c\xc50?\xc2 ,\xe6\
lh~`aQN\xf4\x8cn\xbbR\xbe\xd0\x1d\x98\
\xb7yis\xc56M%\xd4\xb4\xd4\xdc\x84\x02C\x89\
#(r@\x80S\x1e.\xa3\xccM\x18\xfe\x06s\xfe\
\xa8\xf3\xba\x1b/\x12\xb5\xc6i%D\x0d\x01\xa6\xc2\xb4\
ZSK\x0aA\xca\xa1\xcf\x9f\x9d\x01\x15x\xc2AV\
P@\xe4)\xfd\x12\xb9\x887\xf3y~T\x82\xad\x88\
\xa6f\xaa\x9a\x06\xecD\x8d\xe8\x84\x88\x7f\xa4\xefN\x91\
\xb4\x9c\xc2\x96\x81\xf6\xf5V\x9b\xf4\xa6*^\xc0\x8d\x01\
\xa5G\xf4\x9e\xb4\x02:P\x94\xc5\xba4\x1b\xebK@\
{-\x0c\xd1\xa9<\xbc\xe9}\x0b\xf8\x1a\xca\x08\x13\xb0\
\xe5G\xd8>\x94x\x8e\x906\xaa*R\xd3\xe1'\xe9\
N\x00\x17&'I\xd3\x9dPE\xdc\xeaL\xeei\xec\
\x8c4\xbdcc\xd2\x9fa3f\xf6\x83ZF\x9c\xb3\
\xba\xd0\x09\xd6)\x15\xfc'\xecn\xcc\x80\x0c\x89\xdb\xad\
I\xe9e\xb0\xbe)\x09\x01Z\x9f-j(O\xda\xdf\
\xed\x98\xef\xca\xa7F\xec}\xe1\x8d+\x8e\xe0\xb6\x17 \
\xe8~\x94\xe6\x00\xd9\x83\x03\xf2\xab\xf4\x80\xda\xd2\x0e\xa0\
M^\x81\x01;i#\xce\xab@\xeaT\x12\x04iF\
\x81\xc0\xe4\x11\xae\x91\xb5\x12l\xca\x0e\x13\xb9\xfaR\xf5\
#\xc8Y\xd3\xce\x97\xa8:\x97\xe3nT\xbd6e\x07\
\xd4D\xcf\x9f\xa5\x1e\xb2\xa5\xa2\xecs\xa50\x15\xa2\xe9\
$N\xf4\xfdGm\x075\x22\x8fHd\xc9\x06ET\
\xc7\x81\xa2U\xd3s\xce\x8b\x89\x12N\xbam\xb5=\x19\
I1\xb0\xda\x89\x89\x9dC\x906\xdb\x7f:^\xa0K\
o\xfd:\xd2\xf53\xe8\xba<\x8d=\x08\xd9\xb8'\x9d\
9\x0c\xda\x9f$\x1di\xe8oFV\xf0\xcd\xcaw\xde\
\x9e\x81\x92\xf4\xe9F\x89\x81\xc2\xa8\xd69\xd2\xd0>\xdb\
\xc3\x99\x83F\x80\x94\x5c\x84\xc0\x98\xf2\xa3G\xb3\xc2\xf0\
\xa7I\x83\xbd!\xb2\x85\xee\xd0\xaaf}\x18\x96S\xf3\
O\xaf*dy8\x84\xa6\x09\x11KG\xb6\xd7r\x08\
\xd0\xe9ODiW\x09\x12gn\x94H[!\xdb\xd4\
\xa59\xca\x80\x00ni\xe8\xdc\x03\xb7N\xd7\x14\xc6\x07\
~\xdbN\xb4\xde\x14\xccw\x89S\xb9\x5cx\xc8\x86\x82\
N\xebs\xe6#\xf0\xa0\x02\xad\xd2\x0b\xec\xde\x1b\xc71\
\xcb\x8cj\xf9\xe7\xde'3\xea.@\xe9\xd7\xd3\x90\xa7\
\xd1\x1au-\xe1\xb6\xc5\x0a\x84\xb9\x96\x1d\x9f\xc0\x92>\
OR5#\xa6\x9di\xa4\x02n\x94\xb7Ur\xe0%\
\xc5\x8d\x01\xe4\x9e^\x9c\xb4\xa4e6\xb2\xb5\xa9[\xab\
bU\xf8\x8f\xf4\x14\x95\x12\x983_\x18\xe1R\xf4m\
#\x7f.f:\x9d\x80\xa4;\x11\x8cb]\xf2\x10\xd8\
\x80\xd3g@\x91 \x13\xfa\x9a\x0c\xcbg\xb9@FA\
%AJ \xc9\x9eC\xda~\xa6i\x92\xf1\xc2|4\
\xf5\xe5\xa1\xbb^FZn\x01.\x9d\x1a\x04\xff\x00(\
\xd4\x93\xb7\x99\xd0\xf3\xa8\xb9iS\x1d\xf2\xe9\xf8e\x93\
wv\xb7V\xb6VJU\xea\x92;\xd44\x99`t\
\x17\x0aI\xd2fCB\x12\xa25\xd0\x1a\x95\xf5\xd2E\
\xeb{\xcb\x16\xc3W\xd7\xce^=j\x02\x93\x87Y2\
.\x0a9\xe6Kh\x01\x96R\x22A\xd4\xf9\xd5sO\
r\x22\x9b\xc6.s\xa9\xac\x17\x87P\xab\x96V\x5c7\
\xb7Ib\xe1}\xe6\xf2\xb5,\x84\xa0j`(\xc0\xfc\
\xaa\xb5\xf9G\x1fG.\xb1\x8e&J^7\xfcWs\
\x83\xb8\xd2C\xcb\xb5\xc3\xb1\x1bgV\xda\xba\xa84\x84\
\xa5\xb9\xd2\x06c\xb5\x1a\xfc\x0d\xd3\xd8O\x17\xe2x5\
\xf2\x1f\xb7\xe3\x1e!w2K\x85\xcb\x9b\xe6\x9df\xe4\
\x1d\xc4\xe7J\x88\xd3a\x06y\xd3\xa7-\xe9cWh\
\x98\x8f\x18\xd9!\xfcG\x04\xe1\xfe4\xb1B\x8bn#\
\x18%\x17\xa64\xff\x00\x19\x0bR\xc1\x83\x09\x0aR\x93\
#Q\xce\xa6\x9f6n\xa5\xb0\xee\x15\xe1\x05[2\xef\
\x0b\xe17\xd6-^\xb8\x1b\x7f\x07\xb8x\xb9n\xa7\xc6\
\xf9B\xc1@V\xc6RA\x90\x22\xa2\xdeym0\xdc\
\xdcY\xf8S\xb3\xd70\xdf\x81\xbdE\xc9\xc3\xad\xd3q\
*a\xc9Ai%_z\xb1\xb9\x00(\x09\xcd%B\
H\x90\x0dg\x95\xfc5\xc6k\x87\xa6\xb1\x06\x1d\xe1\x8e\
\x02F\x1db\xc5\x9a\xf1w\xc0Z\x9du\x05\xb1p\x82\
\xa1\x97(I\xdc\x88\xd2H\xde$E\x13\xf0\xcf)\xcb\
\xc9\x1d\xa0\xdb\xa6\xf7\x18\xbbq\xc4:\x97\xad\xdau.\
eIK}\xf0\xca\xa2\xac\xc3s\xa6\xca\x1a@\x80*\
\xd9\xd7\x1b\xc6p5\xe2n\x1b\x8b.\xef\x11PY\xef\
X0\xc5\xdaQ\xb9\x0aL\xc2\x8f\xf9\xbd \xd6\x93\x86\
46\x1d\x8a=j\xa2\x9cR\xc9W8sc\xba}\
\xe3)}\x80v\xef\x11\x94\x925\x00\x15\x03\xf9V\x85\
\xb5\xc7\x09\xbd\xb7\xb4\xbdE\xea/ChKie\xbc\
@\x02\x02\x12\x9dP\xd5\xc4\x02\x95\x83#\xc2\xa91\xaa\
O*_\xd0\xde\x96lf\xc2\xf1\xdbg\xf1\xab&\x12\
\x96\xac\x92Wwf\xd2\xe5\xa4#\xff\x00\x9c\xcb\x83T\
 \x92\x08;'\x5c\xc2\x0e\x84\xefGx\x13oq\x87\
qM\x85\xa3\xcb\xfb\xd4\xba\xb2\xd7sp2\x80\xe4\x82\
S\xa1\xfb\xb7\x04%Z\x182\x95\xa7I\xa7x.\xc4\
=u\x7f\xc3\xc8\xb5C\x86\xe2\xf3\x0e\xf8\x97Wgz\
\xb4\xa7\xe2\x99V\xce2\xb9\x008\xa4k\xa1\xf9\x84G\
#N_\xc9\x85{\x05\xb3\xe2\xfb\xf4\xe2\x09\x16\xf6x\
\xd3\xac\xfc+wl\x95*\xd2\xed\x89%IP#\xfc\
%$\x10\xa6\x95\x0e2ah*H\x22\x9d\xba\x08\x0b\
\xdc3\x10\xe0.(j\xfb\x86Xy\xa5Ov-o\
\x93\xde+o\x15\x93\x8e\x09\x0a\x0bA\x84<4P\x8d\
\xc6\xd3y\x82p\xe8\xb7\xcb\xc0\xfbb\xc1\x19C\x89\xbc\
\xc3\x1c\xbb=\xce\x1c\xf3\xe9X{\x0f\xbaoE\xd8\xbc\
\xbd\x89\x19B\x90\xa5A\xd6A\x10jq\xba]\x8c\xe0\
.6\x16\xb8\xd3\xb8>'z\xcb\x17\x8c^/\x0e\xff\
\x00\x9c\x0am\xd5\xa0\x0c\xeaC\xcd\x80\x02T\xa5\x0c\xc9\
\x08%9\x81Zt$\x07q)\x95\x8b>,\x14\xe2\
o?\x84\xdc6\xd6 \xd3\xc9\x0e\xa09\x01\x87\xa2\x10\
\xea\x88\xd3\xbbp\x10\xda\x8f)B\x80\x8a1\xfc\x0c\xa7\
\xdc^xC\x8a\x97\x8f0l\x0b]\xf5\xed\xe3E\xe6\
\xed^0\xb7[\x07\xef\x13\x00\xc2\x94\x0c\xcc\x08\x83#\
C\x159*j\xf6\xf3\xcfh\xdc\x10\xd7\x0b\xe3\x97*\
\xb2q\x0b\xb1x\xf7\xe8Jt\xca\x95\x1eC\xa0:\x11\
\xcbC\xb6\xcer\xc7<}.\x94\xf7\x102\x92\x13\xcf\
s\xfdhB\x1e\xf9\x00&F\x84\x8dj\x82\xb5\x88\xa7\
\xe6\xfe_-\x8d\x04\xaa\xe2Z\x85A\x8fZsA\x5c\
\xbc\xd0\x0e\x7f\xa52\x88w\xbec#j@\xda?Z\
\x0c\xeaL+\x90\xe9L\xaa^\xc1I\xcc'Z\x92X\
\xec\x08 yS\x86\x9c\xb4O\x87]\xbdiZI6\
\x11\xcf\x91\xebH\x0bm\xb0}:\xd3#\xe8n@\xe6\
:\x9a\x0b_\x86\x9cL$\x8d\xc9\xaaT\xe2\x22\xee\xa3\
_\xd4\xd3\x83Hk\xa5jcj\xba\x90\xa8VUo\
 Q\xf4C\xed\x9e06\x1e\xd4\x8f\xe9+mpF\
R\x08\x9et\x82v\xc2\xefA\xac\xd4\xf4\xa9\x16\x1b\x1b\
\xbd\xba\x9f:\x9d\x16\x93\x96\xb7\xb1\x10u;\xd4\x0d;\
\xe0|\xfa\xd2\xd3B{\xd9\xe7\x03\xce\x9e\x89\xa4\xac\x19\
\xfdh\x1a`^] \xc7:4>\xda*\x1a\xfeQ\
F\x8bL\x0a\xa0\xd9\xde\x1f~\x94\xf4\x0b\x0f\xc0\xe9A\
\x96\x97c\xfa\xd2\xd0,<G\xa7Zc\xa6\xc3\xe6\x09\
\x81\xe7B[\x0e\x99\xd3\x9d-\x0d\xb6\x1c\xd4kOF\
\xdfxdm\xe7@gy:\xc14\x06f\x99\xf2\xa7\
\xa3k9\xd3OAJ\xc0\xc0\xe4r\xa0\x15\xde\x11\xb0\
\xe5@(\x5c\x18\xd0E-\x06\xc5\xc2\x92GZ4\x19\
\xf1*\x1b\x9acd*\xe4\xce\x87nt\x19%\xe32\
G\xd6\x8e\x81*|\x92b)\x06\xbe \xf4\x9a4_\
\xd3a\xf5O\xa6\xe6\x91\xf6W\xc4\xad'S\xefO\x80\
Rn\xd4\x15\xbf\xfbP[(\x5c\xabi\xfa\xebE2\
\xd3r\xafC\xceh\x05\xa6\xe5|\xd5@(\xdc\xb91\
\x9az\xd0E\x1b\x85\xc4\xa9p\x91\xa9$\xe8\x050\xa6\
v\x83\xc6\x9f\xc20\xa2Qp-\x9cx\x1e\xe1\xd5\xa7\
7t\x94\xea\xbb\x95'\x9a\x1a\x12\xb3\xe6\x10\x9d\xd5E\
V\x9e\x0e\xed;\x8f\x13\xc5\xf8\xb8E\xabjg\x04\xb2\
*M\xad\xber\xa5\xbc\xa5\x1f\x1b\xcbQ\xd4\xb8\xea\xa1\
J\xfe\x80S\xeb\x80\xa8Y\xfd\xd8}\xf7JT\xea@\
R\xc8\x1b(\xe8\x94\x8f)\x9f\xa58H\xfb\xa7\xcb\xef\
\xa5\x04\xf8P\xa2\xa5~\xbe\xfa\xd0G\x8a\xda)\x05]\
\xf7|fr\x94\x84\xcf\xeb\xa6\xd4\x8cCYW\x91\xa0\
\xd0%Z|\xc6O]G]\xa3\xce\x83\xd2v\xe83\
kj\x96\x98uD\x81\xad\xba\xf4R\xd5\xd30\xd3/\
!1\xcejT\x01\xd6Y\xb7\xbbR\x9c\xb8m\xc6\x9b\
9Q\xdd\xca\x81WS\xd4\xcc\xc7\xd6\x82\x8b_\x08\xf0\
\x92\xef\xee\x0b\xf7\x84$\xa4w\xa1\xa5\x83 \x0f\x10\xcd\
\xd2z\x9d\xb7<\xaam\xfc4\x98\xbb\x16\x1bo\x84\xd8\
Z\xb2\xb7V\xbc\xe2\x16\xd5\xabR\x85+0\x911\xe2\
2L\x05\x1dT\x0f\x85 kQ&\xebK=b\xb3\
\x89q\xf7\xfe\x1c\xb2\xb6\xc2\xf0\xe7Q\xdf\xb8\xea\x94\xde\
\x13\x85\xa5JHx\x88\xfb\xdc\x9a\xa9C`\x80I3\
+ZA\x8a\xd2c#+v\x0b\x0b\xc1x\x82\xe1\xaf\
\x87\xbd\xf8\xd5]g]\xcf\xf0|1\x95\xba\x90'\xc4\
\xb7\xc3\x04s\xe4\xb7\x12\xd2y\xa8\xedTR,\x17\x98\
5\x92\xd4\x83\x8e\xad\xac;\x09\x02T\xcb\xf8\x9aR\xe8\
\x98$)6\xe049h\x5cZ\x87\x9d\x07\xaf\xc1V\
7\xbd\x9a`\x96V\xad\xdbp\xb3\x98\xe5\xd1Ps\xbb\
m\xb7\x10\xd9\x1f\xces\xaaV\xa2F\x8aT\xc0\x127\
\x8aW5\xfa\x09\xfe;i\x8a\x05-\x9e\x12n\xd6\xd9\
n}\xeb\x17\x98\x82\xd5<\xd3\xa4\x11\x07\xc8n\x22\xa2\
\xda\xdb\x1c?\xa4\xe6\x09\x84p\xcb\xf7\x8d\xba\xdf\x0e\x1c\
9\xe5\x00T\xab[\x99p\xf5\x0804\xe8'\xd6\xb2\
\xcf9;m\x87\x8e\xfd:\x1f\x0bZ\x0c.\xf5WV\
\xd6\xef]aJQK\xac<\xa0\x16\xe2f<Y\x00\
\xf4\x95\x0d\x0c\x19\xd2\xb0\xcb=\xb6\xc7\x0b>\x9dG\x83\
0\x9cD)7.\x5c\xae\xd1\x86\x94[\x9b\xe6\xd2\xa5\
\xe6\x06r:\x98\x12\x01\x1a(|\xc8Vt\xea\x95\x02\
L\xad,\xb1\x91s\xc71\x17\xefp\xeb4[)V\
\xd8k\xd8qh4\xd2P\xf8\x17`\x92\xa5\xe6$D\
\x22@\xd2N\x91ZK\xc3\x1b\x8e\xeb\xca\xbc_|\xcd\
\xdd\xfd\xbd\xa5\x9d\xd2\x9b\xba@9\x1a)\xc8\xd3\xc9I\
0\x81&R\xad\x0c\x10c\x95i\x8f\xe5\x86W\x95'\
\x16m\xa5\xe5\xbel\x5c\xaa\xdd\x95\x84\xaa\xf1\x01&\xe2\
\xc9|\xc3\xa0o\xa9#@&w\x9d\x0e\xb1\x8eG\x93\
\x89gZ-\xf1[sujB\xddmvNA[\
Cwm\x965\xd3\xf1 \xc8\x1a\x82\x91Z\x7f\xa4\x0a\
g\x82o\x11\x86\xb1}\x83b\xd6\xd7\xb6\x8fKj\xee\
\x1b\x0e8\xa4\xc6b\x0b\x0a\xd1e\x22s\xb0\x93$J\
\x9a\xd7\xc3F\xc6\xbe\xcea\xd8\xc3\xfc\x1a\xa7\x1fi.\
aWV,\x87n\x15n\xa5\x5c\x0c=\xb5\x82Sp\
\x90u\xb8\xc3\xdc\x07\xe6N\xad\x82R\xb4\xe8j\xb46\
\x9c\xe2d\xe28#\xadq.\x1b\x851\x8d\xe0jC\
\x03\x14\xc1\x92\xa0\x15l\xa23!v\xce\xa0\x8e\xf2\xdd\
c\xc4\xd2\x84)2S\xc8\x12\xa5\xdfgf\x97\x8e\x1b\
\xb9\xc2\xb8\xdb\x01\xb4\xbe\xb6\xc6\xed\xdeM\xf9\x0d\xb2\xed\
\xca2\xcb\xe8\xd04\xfa\xbeR\xe8\x1e\x11 \x15$H\
\x93G\xd83\x8c\xe1\xc5\xab\x00Z\xb5u\x94[,\xdb\
^1\xff\x00V\xc9\xdd\xd4\x0f\xf3 hB\xb7\x82\x08\
\xdeK/\xec\xab\x17m\xf1\xfc9\x5c?\x8a\xb5\x92\xee\
\xda\xc4\xc3\xec\x15wWM\x13\x99\x0bFS\xa1\x0a\x12\
Bv0\xa4\x81\xa8R\xe9]\xf0\xa4\xf0\xe6'w\xc2\
<Us\x8a3jn_u(\xb7\xe2<#\xbeI\
V3`\x0f\xdd\xdeZ\x91\x09]\xd3\x07S\xf2\xad@\
+O\x11\xa5\x7f\xb5\x7f\xa5\x93\xb4|\x13\x0c\xe2,>\
\xe7\x17\xc1\xde(\xc5\xecR\xca\xaf\x8d\x82\x8e[\xebC\
\xe2b\xe5\xbc\xd2J4\xce\x90\xaf\x12T\x956u\x06\
Iu\xc2u\xc6\xd2\xfd\x9bcO\xf1V\x03x\xe5\xf3\
V\xd6\xf8\xc5\x88\x0c\xe3-\x05!Ev\xca\x1d\xdaU\
\x94\x1d\xc1\x07,\xea$\x0e\x95:\xd5\xda\xa6\xacJ\xb0\
\x87\xb8g\x16b\xe8\x0e\xea\xfe\xda\xedN\xa1\xc5\xe8s\
@\x01\xc0v\xf1\x05\x09\x8f\x0a\xb3\x12u\x98}\x9c\xe2\
\xa7\xfbL\xc1G\x18\xe0G\x88\xac\xed\x91i\xdc%D\
\x82%J\x09O\xde(\x0d\xcaH$\xe5\x89\x892b\
\x96\xbe\xcb/\xdd\xdb\xce\xb7L\x96\x9c(#*\x92b\
\x02\xa4yA\xe6:\x1e\x91V\xe7\xe9\x0b~\x98\x04r\
\xfe\xf7\xa3\xe8+8\x88\xd0\xc6\xd4\x12\xab\x89'}=\
\xa9\xc0\xae\xdf\x22I\xe6?J\x02\x16\xe4J\xc7\xebU\
\xd04\x99\xe5\xef\xe7K\xe8\x16\xdf\xcc\x0f\x9d\x05\xa4\x9d\
\x8a\xf6>th\x96K\x05@\x8d'\x98\xa94\xfd\xa2\
\x86T\x8eG\x9d-\xfeEL\xb0< @\xd7Z\x0c\
kC\xc2#N\xb3A}\x1d\x03@dOJ{\xfa\
#7\x0a\x80f\x00\xdei\x8e\x90\xf7n\x0e\x86b\x9c\
\x87\x10\xd7+\x93\xb0\xd6\xafi\xa1R\xa2\x04\x88\x14\xd2\
!\x95\xff\x00_Z@}\xbb\xa4j7\xe7Sy\x5c\
K\xda\x5c\x18\x07\xa7\xe5H\xf4\x9b\xb4\xbc#,s\xe5\
QBY\x9cB\x06\xf15#\xfazl\x22t\xfd)\
\x9by\x09\xe5>\xb4\x02\x83g\xd3\xccP\x18\x1b\xd2\x80\
\xc2\xd78\xa7\x01=\xde\x9a\xe9H03\x1a\xd0\x0a\x0d\
\xe8<\xb9S2\xd2\xdc\x1d\xb4\xa4E\xa5\x10<\xbaP\
)A\xa8 \x91L07\xa5\x07\xa2\xc26\xe7H7\
\xdd\xfbS&\xc2r\xeb\xfaR\x0c\x08\x1c\xb9\xf9S6\
\xb2\xf8\xbf\xda\x80\xd1oM\xa4\x8aD\xd2PG=\xb9\
\xd36\x14D\xf9\xedA0\xa6L\xed\xebA\xb4\xa4\xef\
\xa4R\x04(\x15\x0f\xda\x80\xc1\xa4\x11\xaf\x95\x00\x9d\x04\
\xf3\xf3\xa0\xd8D\xc4\xd2\x04\x84\x8faJ\x09J\x1e_\
\xd8\xa6e\x01>\xdc\xe9\x93\x00\x99\x91\xf9\xd0\x0e\xa7m\
\xf6\xa4\x0b\x1dw;\xedL\x1cN\xda\xc0H\x1a\xcf/\
ZZ\x00n\xef\xad\x9b\xb0\xb8\xc4o\x9c\x16\xd85\xb2\
\x14\xe2\x96\xad;\xe4\xa4\x12U\x1f\xcb\xa6\x83\xf1zS\
\x11\xe4\xff\x00\xb4whw\x8c6\xf6\x14\xa5|.5\
\x8d\xda\xb5q~\xcaW\x98\xe1\xd6$\xe6b\xc5$l\
U\x01\xd79\xa9D\x03\xa0\xa0\xdelY\x09Y\x09Q\
VS)P\xe6\xa3\xa1W\xb0\xd0U\x06\x5c\xff\x00\xcb\
\xe1\xe4\x92c\xbf\x00\x09\xf9\x94\x13\xb7\xb4\xfet%\x16\
\x89+\x84\x99Z\x8f\xb1?\xde\xb4\x01)\xc8\x94\xe6?\
(\xd0\x1f!\xd7\xfb\xe7@Ha\x88}JS\xec\xb2\
\xa7\x9dI\xca\x90\xd8\x98T\xe8\x09\xd8o\xce\x92\xa1\xf7\
\xdaa\xa7\xca\x5c\xbaC\xabiB\x1a`g\x0a\x8d\xd6\
\xb5\xec\x00:e\x12ih\x0c\xc0J\xde\xb8i\xe6m\
\x83\x8bua\xbb;]\xd6\xea\xd4c\xbcQ;\xc9\xda\
t\x1b\xec*m\xd2\xf1\x9b\xbau$\xb4\xae\x15\xb5\xcb\
\xdd\xa2\xf6\xf9NwKp\xa72\x1bs\xe7\xcc'r\
\x22d\xce\x9a\x99\x90+\x09m\xae\x9b&3FE\xce\
#\x89\xa2\xe9\x8b'{\x96\x88\xfb\xdcQ\xe2\x94)N\
\x1f\xf1\x0bk3\x07a\x9bX\x12\x00\xe5[nF:\
\xb4\xa6np\xde\x09j0\x9b5\x5c\xe3\xabD)J\
\xd2\x11\x1e\x22\x11%M\xb5\xa9\x19\xd4s\xac\x9d\x02w\
\xa5n\xd51\xd7@\xce=\x8c^a\xdf\xc3M\xed\xc5\
\xc5\x93\x8ew\x8a\xc1\xacOsd\xa5\x7f;\xd9L\xb9\
\x1c\x82\xd4@\xd8s\xa5s\xc6v\xbc|W.\x8b\xc3\
x\x0a\xfa\xfe\xe5\xb7o\xfb\x97r\x90\x90\x14\xb9\xee\xc7\
\xf2\xa4\x93\xa6\x9c\x85r\xe7\xf2'\xd3\xb7\x0f\x8b~\xd7\
\xcc?\x80..V^.\xe5a\xd5\x13\xdd\xb2r\xa5\
1\xa0\x1c\x81\xd0\x01\x5c\xf9y\xed\xe9\xd9\x8f\xc7\xc6,\
\x96\x1d\x9f\x16\x10\x95\xa7(l\x08\xcc\xeb\xa0\x13=\x04\
\xc9\xf6\x15\x8d\xf2\xe4\xdax\xb1\x8e\xad\xc1\xdd\x98\xb4\x80\
\x97\x03J\xb8+\x82P\x84\x95\x0f`w\x8a'\xb6]\
\x8f\xdb\x8b\xa6\xe1]\x9a\x04\xbanZC\xc2\xe4h\x5c\
R\x00$De\xd0\xf8\x8e\xba\x1a\xd7\x1c>\xd8g\x9f\
\xd4\x8b\x8e\x19\xc0Ha\x16\xc5i\x9b\x96\xe0\x17\x96\xd4\
\xab$\xc9\x19>R$\x98\x06\x22LEo\xfe\x9c\xff\
\x00\xecN;\xc3h\xb4\xc3^z\xd9%\xe5 dj\
\xd9~&\x88$H#\x94A l\x09\xd0\xc5+\xfd\
\x14y\x17\xb6\x1e\x1ff\xf7\x18\x0dYZ\xb4\x12\xa5(\
\xac6\x84\xb6\x01:\x15(\x08\xdc\x89>`\x11O\xc7\
\x9e\xae\xa9y<[\x9b\x91\xcc\x1d\xb6m\xd4\xa9\xe7\xd6\
\xac'\x1dh\x16\xff\x00\x8a\xb6\xd9%g\xe5\xee\xaf\x91\
\xff\x00Q\x0a\xd0\x07\x00\xd3\x9dvK\xbe^~X\xd9\
uMa\x8c_[\xb1qn\xc5\x9eW\x18|\x5c_\
a\x9d\xe0WptH\xbaeg\xe5N\xa0\x07A\x81\
 .RB\x86\x93\x96Z\xd7\x14[\xc7\x14\xe1\x91\xfc\
K\x0bC\x978{\xc9\x8b\xabN\xec\xa5.\x94\x12s\
e\xdd*OO\x99\x0a\x069\x03Z\xdazH\x9ct\
?\xfc#\x88~\x22\xf7\x88\xac\xca\x5cJ.\x1bl\xfc\
^\x1c\xe1\x05KSK@\xcd\x9c\x0f\x13\xac\x10P\xf2\
%h\x19\xc1\x05\xc1\xfd\xa6\xf8y\xd1\x88X\xb9o\x87\
b\xf6\x96\x16v\xe9\xf8{\x8bK\xd9B,s\xe5^\
U-:9`\xe8!AH\x12\xd1R\x5cn\x00Z\
C\xa7*;\x18\xe1\x8cc\xb3\xfb\xa7\xb8\x83\x870\xd7\
q\x1b\x07\x1bSX\xf7\x0c\xdd\xa6Sx\xd2>p\xa4\
\xa3\xe5\xb8h\x9dT\x9d`\xa1\xe4\x12\x95\x14\x85\xbf\xaa\
,\xd71u\xc2x\xae\xff\x00\x1c\xb4\xc1\xeep\xd7N\
=\x84\xe2\xcc\x91\x83b\x0f\x0c\xab\xbee\xa4\x15;a\
q\x06>-\xa1\x98\xc6\xee$fG\xcd\x14s\xad\xa8\
\xc0b\xdd\x8c>\xde\xf7\x87\x95}o\x83\xad\xf4\x0b;\
\x82\xe2P\xe6\x18\xfa\x88\x86\x16\xe4\x04\xa9\xb2U)Y\
\xd0\x85\x08\xde*\x93\xd2*\xfd\xe78\xa17n\x84\xa2\
\xcb\x19\xb5\x0a|\xa1\xc4\x96\xd6\xdd\xcbj\x95\xb6\x84\xff\
\x00+\xa9\xccH\xd4\x03\x98\x88\x1aTUD^\x19\xc6\
\x8a\xb4\xc4\xf0|g\x0eU\xd3\x0am\xc9I$(%\
\x80~\xf5\x97[\xfc[\xf8\xb7:%Bi\x0b\xfd\x17\
\x8e\xad\xce\xcd8\xe6\xd3\x8e0[/\x89\xc1\x94\xc6l\
R\xc5\xb7H\x0e\xdb8\xa0\x95\x89\x1b\xa12\x9f\x19\x03\
B\x85\x11\x00\xd3\xfe\x85\xfc\xc5\xd7\x17\xbb\xb5\xb8\xc0.\
oK\xd7\x8f\xf0\xf1`\x8b;\xf7Q\x9d\xd6\xad\x97\xe3\
\xc8G\xe1\xee\x8a\x89\x07\xa0ZN\xda\xcci\x94\xfc\xad\
\x1d\x91\xf1\xad\xd5\xd2\xaf8w\x17\xb8j\xe2\xfa\xdd\xcc\
\x8c6\xf1\xc8\xd5\xd2\xc8\x81\xdd\x94\x9f\xc6\x9c\xc24\x19\
\x8e\xb0)\xd9\xaa\x9fn4\xe6<u\xc3\xa9\xc0qW\
\x19i9mU*\xb7\x9d\xd2\x9d\x09h\xf9\xa0\x1f\xa6\
\x9c\xa9\xb0\xca)7\x8d\x95\x13\xe5\xae\xd4!]\xc4S\
\xb9\x81\xe5N\x05W\x11\x1f6\xc2\xab\xb0\xae_\xa2\x01\
\xf0\x9f: @\xdd\x884\xe0\x0e\x04@\x06E\x00\xe2\
D\xaa\x22\x96\xc9#f\xa8\x8d4\xdbJ;\x1fK\x05\
\x8a\xb6\xe6\x07\xe7Rk\x0d\x8b\x82\x04\xfb\xd2\x1aLZ\
\xb8`~qG@z\x15#\xfaP\x9f\xf4t\xac\x1d\
\x0e\x9amL\xc3>\xe0\x82\x0e\x82\x98D]\xa8\x9f\x10\
\xe7\xc8\xd5D\xd4=\xd4I\xd0\x98\xd6\xa8\xaf\xf4\x14*\
\x09\x88\x04\xd0B\x1a'BN\x94\x95\x066\xadh\xa3\
\x5c\xa5-\x0f\x8b\xa7CP\xa4\xcd\xaaB\xb5\x8dt\xd2\
\xa6\x92I\x84\xe63\xbc\x8eT\x8fzz\xc8\x22\x0c\x0e\
|\xa8T(\x22\x0f\x97:\x08\xbc\xb05\xfc\xe8\x1bo\
 \xd0\x11@\xe9\x9d\xde\x9f\xa5#$\xb5'}\xa9\x93\
a\xa2|\xfdh\x1f\xdba\xadco*\x01\xc4\xb46\
\xde\x98\x85\x06`\xfe\xd4\x02\xfb\xa8\xfe\xb4h\xd9\xddA\
\xe9H06~\xb4\xc8\xa0\xdc\x93\x14\x06\x06\xb5\xd4\x18\
\xa06[\x81\xd3\xd2\x83!M\x9e\x9aS\x0dwrz\
R\x0dwdk\xb4\xe9@h\xb6:E\x01\x81\xb3\xa7\
\xa5\x01\xa57 \x8a\x01*F\xddE Il\x93\xe9\
\xb5\x01\x9d\xde\x9c\xbdz\xd0\x08-\xf2\xfc\xa8\xa1\xae\xec\
\x89\xe9\xd6\x97\xda\x9b\xcb\x1b\xe9\xd3ZD\xdeX\x1du\
\xaa6e09\x03\xcf\x99\xa4E\xa4k \xff\x00\xbd\
\x06u#\xa7\xd6\x826\x94\x1cI\xc2\xdc\xe5\xb4O\xf8\
\x84\x9f\xf1\x0fOJ\x06\xdc\xfb\xb5n9\xb6\xc2\xac\xf1\
\x148P\xe5\xb6\x15o\xf1o\xb5\x94Ap\xff\x00\xf0\
\xed*\x7f\x99@,\xa7\xa2P\x0f:\xa0\xf0?\x12c\
wX\xfe-{\x88\xdf<\xa7\xaf\xae\x5cS\xae\xb8\xe2\
\xf3\xa9k;\x92y\x9d)\x9a-\x09)H\x8f\x0a\x97\
\xe5\xcf\x99\xa3\x94\x99R\xdc\xbdy6\xec!O\xa9+\
\x86\xdb@\x92|:\xff\x00~t\xcd\xa6m\xd9i\x0a\
[\xcf\x95,\x9c\xa9E\xb8\x9f_\x11\xd3\xe94\x88[\
w\x88\x17\x0d7mf\xcb9HT\xacw\xab\x91\xb4\
\x15i\xaf\xa7*\x0c\xed\xdd\xe3\xcf$w\xaf\xa9M\xb3\
\xe1H'\xc2\x0f\x90\x1a\x13\xe7IF\xec\xed\xc3\xa9.\
\xb8\x82\xa6\x12@\x0d\x93\xfe*\xb9$\x9f>~S\xd6\
\x90t~\x0e\xc2~\x09\x9b\xdc~\xfc\xe4\xfb\x9e\xee\xdf\
:\x00\x00\x12\x02\x96\x81\xd7d\xa5#\x94\xcf:\xc7>\
x\x8e\xaf\x1e:\x9e\xd5$\xca\x1f~\xf4g\x95-e\
N\x84\x5c*R\x84\xe8\x0b\xb1\xb2\xd5\xb0\x1f\x84\x01\xcf\
AG\x5c\x0er\xa31\x5cU\xebU*\xd6\xcc\xa1h\
i\xbe\xe9\xb5@(cY% h\x5c:\x89\x92\x04\
\xe9\xe4\xaf*\x98\xa4\xb8k\x80\x9e\xbf\xb6--1\xdf\
,:\xf4\xec\xae\x80\x9d\xd5\x1a\x9e\x95\xcf\x9en\xbc<\
{\xe6\xba\xff\x00\x06v@\xcb\xcc!B\xc8\xbc\x85*\
\x09\xcb\xa2\xfd\x05qer\xca\xbb\xb0\x98\xe2\xeb\x9c/\
\xd9+\x0f\xb8\xe2~\x0d\xa4\xa1\xb8Q\x96\xc1\xd7\xce\x96\
8[\xdb\x5c\xb3\x93\xa7I\xc3\xbb!\xb7RFv\xc1\
P\x8c\x92\xd0HH\xe7\xe9Z\xfe\x9e\xd9\xfe\xadK\xb5\
\xd9V\x1cV\x12\xcb\x09[\x89$+\xbbH\xd2w\x13\
\x114~\x9cO\xea\xd4\xa6\x13\xc1\x0b\xc3\xee\x0b-%\
I\x0124\x0aR\xe7\x91V\xc3\xf3\xda\xaac\xae\x91\
r\xda\xe9\x85pr\xc9I>\x04\x0d\xc0!#\xccu\
\xf3\xaa\xd5\xa9\x9a\x9c\xac\xd6x[6l\x84\xb6\xc8p\
\xa7l\xba$\x1f^uZ\xbag\xb9C\xe2\xdc,\xbc\
e\x8c\xaeel\xa5$  L\x0ez\xef\xefM;\
\xfby\xbf\xb6>\xc7\xca-\xdc6\xec+\xef\x15%@\
jt\x80'\xa0\x1c\xba\x99\xacs\x97\xe9\xd1\xe3\xca[\
\xcb\xcc\xfcG\xc1\xf7\xb8~\x1a\xbe\xe6\xd5Nb6h\
J\xdcK\x84\xcd\xd5\xb8W?\xf4\xe8\x0f\x97\xa5k\x87\
\x92\xce\x19y<{\xe5U\xcdb\x91kr\x97\xce\x0e\
\x1ax\x9b\x5cA)\xfb\xec-\xd89\x99qG\xc2\xb6\
\xc8$\x16\x94!H$\x89\xf1\x0a\xee\xc6\xfd\xc7\x9b\x9e\
\x1e\xb7TE\xbb6\xff\x00\x1b}v\xdbf\xd5\xa1\xe3\
\xc60&\xe5?\x02\xe1\x1e\x0b\xdbI\x9c\xcc\xa8\x00\xa1\
\x04\xc0\xcc\x830\x83Z\xef\xf2\xe7\xb0\x1b\x16*\xe1\xe7\
\x9f\xc7,\xd0^\xc3n\x9f\x0d\xe2\xb6v\xc1H,<\
\xd8+\x0f\x226V_\xbc\x11\x1afRuJ\x92M\
\x923\x1a\xc2\x15\xc3\xf7\xd6\xd8\xd6\x0dp\xcb\x96\xb2\x87\
\x10\xb2\x90\x86\x9b+&ZP:\x1bw\x14O\xff\x00\
\x92Z\x89\xd1*P\xaa\x94i\xd5\xf8\x13\x88\xae\xb1\xf7\
\x95`\xe3\xaf1t\x10M\x8d\xe2\x5c\xcbr\xdb\xad\x02\
\x12\xcb\xe3b\xa6\xc0R\x13\xa4\xc0R$\x8c\xb4\xac\x9d\
\xc1*\xb1\x88\xe1\xcdp\x13\xd7\x5cV\x86^k\xb3\xcc\
^\xf5\x9b>,\xc3p\xc5\xe4s\x01\xc4$)\x8cU\
\x84\x8d\x1bFs\xde%I\xd0\x82\xa4\x92\x01\x80\xe5\xe0\
\xef\x1f\xe9cr\xf1\xde\x18\xe2\x5ce\x9b\xe6\xd9\xc5m\
J[\xb2\xe2\x0b\x1bS\x96\xda\xe88\x92Y\xbbe\x13\
\x09i\xe1\x99HRc\xbbt\xab\x91\x22\xa4\xfb\xc5U\
\xc4\xad\x5c\xe1K\xab{\xc1\x8a\xdc\x5c[8\xa4\xbf\x83\
\xe2\xee\x90\x1c\xbeg6U2\xe0\x13\x95\xf6\x95\xe0R\
N\xb3\x1c\x88\x9a\xdc\xa9Ux\xbf\x0e\xb8\xc5n\xdcv\
\xcd,\x22\xee\xe6nYm\xbf\x10mA2\x14\x98\xd4\
%`\x10\x070\x1cN\xe8\xac\xf7\xcb[8\xe1#\xd9\
/\x189\x89\xe0\xd6xu\xd2\x1az\xec!\x7f\x15k\
u\x0aJ\xb2\xe6iHD\xf4\x06r\xaat\xa7J\x0e\
\xe1P\xe6\x14\xcd\xf6\x19\x86\x17\x1f\xc2;\xa57l\xb7\
\x16B[Z\xceEZ9\x9bR\x0c\x127>\x1dH\
\xe6\xb5\xaeO\xbe\x0c\xe18\xb1\xe1\x9b\xe6\x93n\xd2\xd8\
6n|=\xad\xe0X9\xc9!ID\xce\xae!P\
R\xa04\x925\x9a\x7fH\xea\xba\xff\x00\x12\x5c\xdb\xf1\
\xaf\x061\x8e6>\x1d\xc49\xf7\xae\xf7r\x10\x09\x19\
\x94N\xc1!j\x04s\x87\x0f)\xa5(\xcf\xf2\xe3x\
\xe6\x1cp\xe7\xd4\x0b]\xc0Y*\x08\xcc\x14\x13\x1b\x80\
y\x8d\x88=\x0f\x95[\x15K\x11D\xa5J\xdf\xdfq\
A^\x15LE\x02t\x1ar\xaa\x0a\xde \x93\xa8\xdb\
\xca\x90W\xaf>jr\x80\xc1<\xce\xd4l\x164\xdc\
\xc0\xe7AQ\xf6d\xeb\xd3\xa0\xa4i\xdb\x1d\x86\xbe\xd4\
\x82z\xd5P5\xfaR\xd0K[,\xee6=i\x04\
\x83ni\xae\x9f\xbd8\x0ew\x84\xfe\x94\xf7\xf8\x06\xdc\
2N\xbbi\xa0\xa0\x91W\x13\x98\xce\xdc\xea\xa5\x1aC\
\xdc\xe8go\xce\xad\x1f\xd8@}\xb9\x91\xd6\x82\x82\x19\
&\x01\xa2\xc3\x18\xd7\xcc?:J\xfaJ\xd9\xab)2\
u?\x95Gc\xa4\xfd\xa0\x04\x0eT\xa8\xdaV\xd9\x1a\
'\x9f\xbdE\x1d\xbdq\xdc\xf9M3l\xb3\xd3]h\
>\xcaKT\x0d\x14\x19\xd3]\xe86\x06\xb7\xe8i\x96\
\xca\xee\x07H4\x8d\xa0\xcc\x1f*\x03a\x8f\xa8\xa7\x01\
a\x9f\xfd(\x05\x06N\xbakF\xc9\xb4\xb3\xbe\x94\x06\
\xfb\xadG\xebA\xb02$~\x94\x13a\xb0\xa1\xbf\xe5\
L\xca\xee\xb4\xda\x0f\xe9A\x13\xddG\x98\xa4d\x96\xf9\
F\x94\x83Jj|\x85=\x86wQF\x83\x0b@P\
\x18\x1a\xf2\xa4\x1a\xee\x86\xb4\x02K9y~T\x06\x8b\
 \x9d\xb5\xa0\x12Y\x1f_*\x01\x05\x91\x06b\x80\xd7\
u\xe1\xebKF\xd7u&\x98l5\xe8h6\xfb\xa1\
\xd2\x97\xd9\x16\xda2\xc4s\xd3i\x9az\x06_\x97\x02\
\x90\x90\x02\x01\x89\xfeb7\xf6\x12\x07\x99\xa0\x1b\xc5.\
Q\x87Z-\x84)HSm\xa9\xd7\xd6\x8dKH\x09\
*R\xbaf\xca\x09\x03\xa9L\xd3\x0f\x19\xfd\xa4\xbb@\
\x17=\xce\x02\xc5\xb0\xb5\xba\xb8)\xc51\x02Ne\xb7\
\x9d\x03\xb9`\x9d\xf3!\xb0\x82\xaf5Q\x0d\xe7\xe0\x0b\
\x97\x08Y\x82\x96\xd5&y\x926\x1e\x80U\x13\x14\x9e\
\xf1.-K\x08\xd0\x95+XL\xfe~\xd4\x80E\xbc\
\x8c\xbd\xc3\x08-5\xf8\x96\xaf\xf1\x1c\xff\x00Q\x1e\xa6\
\x00\xf7\x9a\x09\xb6\x11\x99\xd0\x09\x84\xa4\x111 O8\
\x1b\xc50-\x94)\x90\xa5\x82\x95\xb8\xad\x82\x0c\x91\xd2\
y\x8d9R2T\xc2\xef\x1fC)\x94\xf9\xc6\x83\xae\
\x94\xaf\x06\x9e\xc2,\x05\xfd\xeb-634\xd0\x0aK\
I:\xaf]\xbc\xc9\xe6z\x03Qn\x9ac7];\
\x19L\x96m\xd0s\xb1h\x80\xb4\xa5\x0a\xcc\x94(\x8c\
\xcaH'BA9|\x89\xf2\xac'\xe6\xbbx\xe8\x95\
\xe1\xae\xdd\xde>\xda.;\xe4\xb8@[\xde \x14\x80\
\x01\x09\x00\xea\x00$\x8c\xbeU]&E\xc7\x85\xb8\x11\
7W\x89\x0e6\xa5!\xa4\x07\x15)\xf0j<?A\
\xaf\xb8\xa9\xb95\xc6r\xef\x9c\x0b\xc0E\xdc\x92\xda\x94\
\xfa\xc0\xcd\x09\xf9S\xe8v\xd3o~\x95\x85\x9bt\xcf\
\xda\xee\xbc7\x80[\xd94\xd8Y\x0c\x04\x98J\x94\x8d\
\xfa\xc5?_\xc9m\x7f\xc1\xecm\xed\xdbRBBA\
\xfeF\xe4\xff\x00JrH-\xa9\xc6ls\xa5\xb6\xd2\
\xd0\x09\x92T\x16aK\x1e\xd4\xfa4\x9d\xb6\x18\x14\xe6\
U\x0e\xedm\xea\x04i\xea\x00\xd3^\xb5\x1a\xe4m3\
g\x866\xcb`d\x04\x11\xa4\x88\xd2\xab\x5c#\xdb\x91\
\xca\xb0\x0b\x08\x00\xe8\x9d@<\xbf\xbe\xb4\xf4\x9d\xe8E\
\xbd\xa4\x14%b9\x9e\x95zE\xbf\x81\xe6\xccF\x86\
#\x7f:~\xa8\xf6Bc\x9c1k\x89\xb3\x0bFi\
\xe6u\x8fAYe\x87\xdbLs\xb1\xc1{O\xecu\
\x91\x8a[\xe2v\xad ][\x88AV\xd9u%'\
\xc8\xc9\x1e\xf5\x8eX\xde/\xe1\xd5\x8e}\xcf\xaa\xf2\xb7\
i\x1d\x97\xde\xe0X\x95\xdd\xe5\xa6\x1e^\xb3P\x87\xed\
\x14a7\xad\x1dB\x09\x1f+\x89\xd4\xa5{\x82<\xe9\
c\x9d\xf1_\xe8e\xe2\x9el\x7f\xb5\x1f\x0f\xb7r\xf5\
\xbc2\xde\xda\xfb\xb8\xc6\xf0\xfbu?\x80\xdd\xbc\xa2\x84\
]\xa0\xc96\xaf\x9em,\x8c\x84G\xdd\xb8\x13\xf8I\
\xafO\x1b2\x8f#\xc9\x85\xc7\x80\xd8O\x107\x84\xda\
\xda\xf1*l\xd6\xbc\x22\xf1\x0a\xb4\xc5\xf0\xa5\x98P)\
\xff\x00\x19\x88\xfc\x0e\xb2\xa2V\xd9\xe6%#QW\xdb\
\x15\x92\xff\x00\x85\x19f\xc7\x13\xb1\xb3\xb8mim\xb0\
\xe7t\xe8\x0b\x0b\xb7R37p\x94\xf3\x05\x04\x05\x80\
5L\xe8\x08\xa5\xbf\xaa}r\xa7\xb9pm8I\xbc\
z\xd9\xf5\x22\xda\xc9\xe4\xdbb/\xa2\x5c\x7f\x0c\xee\xd4\
2\xb8\xeawWvr\xa1\xcf\xe6el\xba\x09\xc8j\
\xba\xe1=r\xbb\xaf\x8d\xf1\x1c\x06\xce\xcb\x8d0\xac.\
\xdb\x1a\xb6Kg\x0b\xe2^\x1buy\x9b\xbe\xb6rJ\
\xd9\x08:I\x12\xe3j\x12\x0c\xa9:\xce\x8a*\xf6\xe7\
w\xf7_\xfb9\xe2\xcc\x16\xc7\x07\xbd\x18\xbf\x06_[\
*\xeb\x86\xb17\x92\xa2\xeb\xb8v\x8bs\x0e{\x9a\xd4\
\xc1(Z\x0e\xa6S\x123(\x02\xf2]Q8\xd5\xb2\
\xec\xd8\xbd\x0b\xef\x0e\x07\x8b\xdc\x16\xaf\xedZV\xb6W\
\x8aJ{\xbb\xbbr\xad\x00X(T\xe9)\x22u\x06\
\x91\xdf\xc2\x9c\x8b\xccE\x86\x9d\xc0\xf1\x87R\xda\xdax\
\xa17Y\x942(\x9f\x0b\xc9 \xcc\x05x\x8au\x85\
\x05\x11\x12h\xb1X\xdf\xa2\xf1[\xe5\xd8\xe2\x03\x14\xb1\
\x81\x89\xb0\x92oZ\xca\x9e\xe1N\x12\x10@\x11\xaeh\
\x82y\x9c\x86|F\x84\xde\xd2w\xf8\xa5\xc6>\xfbm\
\xda\x84\xbc.\xc2\xf1\x1c>\xcd\xa1\x19\x1cm?\xe0e\
\x11\x95K@u\x0a$f?ru\x22\xa5x\xe9\x17\
\x8b\xde\xb1\x8a\xe1\xaeX\xa2\xe2\xed\xdb[\xa6>:\xc6\
\xe5\x9f\x08S%!Y\x82\x95\xaaH\x92u\xd8\xccl\
*\xb1NSK\xdfc|H\x8b\xabC\x84_\xdd8\
~&\x05\xc2\xd0\xd9RV\xbdB\x88A:H\xdcr\
3\xe5F\xb9\xe0\xff\x00\x94I\xe3\xb6\xea\xb0\x0e\xe1\x89\
QKL\xca\xad\xd6\xadT\x02L)3\xce7\xf4>\
UZ\xdb\x9f\xa5\x0b\x1bQrJ\xd0\x03\xc9\x94\xadC\
\xf1t'\x94\xf9\xf3\xd2\x90R\xb11\x19\xb6\x8e\xa2\xab\
\xe8\x95\x8cE1>cZ\x02\xbdv7=h\x00\xd3\
\xaf\xd7qL\x8e\x804\xda\x8ate\xa2\xbf.\x94P\
\x9d\xb2\xd2\x0056\x84\xed\x9f\x88\x08\x11H%m\xb5\
\x8f\xd4P\x07\xb6\x92DPZ<\x90H\x98\x1b\xed\xe5\
L\xc8tnw\xfc\xa6\x91\x22\xeffgAW\x05\xa8\
{\xa2:U'\xb0CU\x13\xce\xa8v%\x83\xb4\xe9\
\xcaiQ9\xe0k'o\xd6\xa2\xa9+f\xa0\x92'\
^Z\xd2\x09\xfb$\x93\x04\x8d\xb7\xa4_\xdar\xd9\x89\
\x00\xec\x0f\xe7R[z\xed \xed\xb7Zk(\x22\x90\
o.\xbd\x07Z\x01yd\x0aa\x85\x04\xe9\xcb\xce\x91\
k\xf0\xde@d\xfe\x94\xcd\xb0\x8aF\xd8O]\xe9\x89\
\x0a\xc9@\xd9Y4\xf5\xe5L\x99\x93I\xe7J\x86e\
\xfc\xe8\xa6\xde_`4\x14\x13Y`\xfaS6\xe2O\
\xefA\x13\x1e\xd4\x83D\x0a\x03PL\x11A\xb4\xa1\xa7\
\x9d\x05[\x00O\x91\xa0\xd9\x92E\x05\xc90=i\x1b\
G\x7f\xca\x82kq\xfaPd\xf2\xeai\x82\x14\x0c\x83\
\xce\x90\xa4\x94\x92b\x853,z\x0f\xca\x82m)\xdb\
\xca\x90(&L\xd0\x09q\x05J\xee\x92\xac\x84\x89Z\
\xc7\xe1O3\xeav\xfa\x9a`\xda\x94R\xa6\xd0\xca\x00\
}\xc1\x99\x08;!; \x9f!$\xc7:\x02\x99\xda\
w\x11Yp\x9f\x04\xe2n\xdc8\xa1i\xf0\xc5\xf7\xd6\
\xe4\x95\x14\x92Ch1\xaew\x96\x14\xa3:\x04\xa4l\
\x05\x01\xf3\xaf\x1c\xc6.q\xec^\xf3\x11\xbcQ]\xd5\
\xf3\xc5\xe5\xf5\x13\xaf\xf4\x03\xc8\x0a\xa3\xa0\x92\xa0T\x9f\
\xe5=7\x00jH\xf5\xa6A/\x9c)P@\x10\xdb\
c1OS@\xa1\x1bI$\xaa`\xf3\x9f:\x0b\xb1\
\xc8:\x04\x82<C1 k\x1d(2\x86bP\x9d\
<#6\x83Y\xa4 \x9b\x14\xac6T\x95\x1e\xf1^\
\x1c\xc3S\x07x\xfc\xc7\xbd*\xa8\xe8\x9c\x13\x86\xa7\x0c\
mw\xce\xa4gh\x15\xb6P\x9c\xc7\xbc\xd0$t\xd3\
ork\x0byua\x8e\xa6\xd3\x96V\xeb\xba]\xa3\
IZ\x96\xec\x848\xe6\xff\x00\x8bR<\x80'\xdei\
6\x91x\xc2\xf0g[yiCC&u\xb4\x90t\
\x94\x85t\xe9\x1a\x9a\x9bZ\xe36\xea\x9c\x15\xc3\xca\xef\
\x1bBV\xa0\xa6\xfcKZ\xb7&t\xf53'\xd8r\
\xac\xedo\x8cw\xee\x07\xb5E\xb8#8ZbT\xa8\
9\x94w&|\xfaS\x82\xf2\xea\xf8C-\xad\x09\xee\
\xc6`@\x5c\xc6\xa3\xcb\xd6\x9fi\xd7\xe5k\xc2\xec\x84\
\xc1\x93\xa4\xa7\x9c\x9a4*n\xd9\x80&@*\xcb\xf3\
\x11\xf9S\x1b\xd7C\x9ak\xbbO1\xd4\x8eB\x84\x1e\
C\xba\x88\xe5\xfa\xd4\x9e\x84\xb4\x02\x95\x98\xc4k\x1f\xbd\
4\xd1\xad\xa8\xa6U\x00\x82t\xab\x8c\xb4{\xbc\x08F\
`\x93\x97\xc8S\xdat^D\xaci\xe2\x0a\x1c\xe9\xe9\
;\xa01\x1c!\xab\xe4\x84\xa9\x09Q\xd4Ll\x08\xa9\
\xb1x\xe7\xa7$\xed\x13\xb2\xfe\xfe\xd9\xc5\xdb\xb7%$\
\xae\x0ag\xd4{\xe9Xg\x87\xd3\xab\xc7\xe4\xe7o\x0e\
\xf6\xc3\xd9\xa5\xef\x0b\xde=\x89X6\xa5Z*\xe0<\
\xa6\x14\x996\xef\x1d\x0ctB\xc6\x8a\x1b\x19\x07\xadO\
\x8f?_\xda\xaf.\x13)\xed\x1c\x9e\xe7\x88\xac\xf0\xeb\
\x87\x16\x1apY\x7f\x87\x89\xda\x94\xca\x9e\xb6\x1f%\xc4\
\x7f\xf3\x19\x981\xaa\xd09\xa9&\xbd\x0cn\xdeVx\
z\x9f\xc38\x87\x13\xc3\xf0\xabcf\xe3x\x8f\x11a\
jP\xc3\xd6\x95\xfd\xdd\xed\xa2eE\x85\x93\xb1\xca\x09\
I;\xe4\x00\x8di\xf0\xcfv\x18V,\x8e\x1b\xb8\xb5\
\xe2\x5c4\xa6\xe3\x0cu!\xbb\xa0AR.\xecW!\
+X3/[\x95-\xa5H\x92\xd2\xd26\xa3\x7f\x93\
\xb2\x00\xc21?\xfd\x93\xf1\xa1\xc0\x8b\xfd\xf6\x02\xa0\x10\
\xd3\x97BC\xb6nHk1\x13\xe2e~\x0c\xe2v\
B\xa6\x16i\xdeS\xfd\x17ej\xac;\x11\xbd\xec\xf3\
\x13\xb8A\xc1q\xd3\xfcS\x87\xaf\xd6\x92~\x02\xed$\
\x95!\xb5\x0dR\x0a\xbahB\x97\xa5+\xc7\xeeT\x9b\
\xe1/a\x88\xbf{\xc2\x17x}\xde\x18U\x8ba\x0d\
\xfc=\xc5\xb5\xc3\x80\x15[\x95(\xf7dnH\xf1\xa5\
#\xe6\x04\x00\x08\x06)\xde9L\xe7\x85\x7f\x88l\xc6\
%\x814\xe2\x1bM\xd1\xb2@(R\x0c\x1b\x86\xa33\
j\x1f\xe7\x00\x14\x1f4\x8eu;V\x94\xfb.+\x17\
6\xee\xda\x5c+\xbd[v\xd1\xf192\xac\xb2\x15(\
\xccG\xcd\x97\xa5=\x92*\xcb\x89\xee\x19\xc4\xbb\xfbw\
\xb3\x5c\x97\x13t\x0e\xa1e\xe0G\xcb\x1b\x82\x02Ls\
\x80)v%X\xaf\xf1\x96,q\x5c7\x14\xc2\x90\x8b\
\xab+[\x8f\x8cU\xa7\xce\xd9i\xe0C\xac\xa8G\xcb\
\x9dJ\x81\xc9+\x1aiD<\xbf!\xf8_\x88S\xc3\
\xdcV\xeb\x89\xbbZ\x82U\xdf4\xe0\x5cw\xd6\xeb\x1a\
\x01<\xd0\xa8\xd7\xc8\xf2\xaa\xa5\x8b\xb8\xdf<\x8cV\xc6\
\xd9\xe5\xb8\xcd\xb1\xbe\xb7U\xc3*qd\xb8\x9b\xc6\x96\
R\xea\x0fP\xa9\xd2?\x994\xe5g\x94\xd5Q8\x83\
*\x9amh\x19\x03\x80\xa9\xb9\x22`\x18RO\xa1\xdb\
\xc8\xd1\x22*\x8d\x8a\x83\x95\x5c\xbaS\x0a\xae r\xf9\
\xc50\xae\xde\x9f\x11\xe5:\xd0T\x22Dnv\xa7\xd8\
\xe8\xe1\x9aGE\xdaH#\xa0\xe6h\xde\xc2~\xc0\xc0\
N\xbet\xa8NYr3\xa5M\xfc\x04\xb5\xb2A\x8d\
z\xd0\x12L\xa6M\x00\xf8\x00\x1d\x84\xc50e\xe9H\
#\x97\xad\x1a\x1d\x22\xae\x81\xe6w\xda\xaf\xb4\xa1n\x84\
\x19\x07\xca\x99h\x0aH\x985[!M\x8d\x8f*\x93\
\xb3\xecc\x1f\x84\xeb\xefJ\x9cM\xe1\xcdI\x1eT\x87\
uf\xc3\xd0U\xa4\x8e\x9bT\xd1\xdar\xd9\xb05 \
\x1eU#_\x97\xad\x00\x1a\x0d\xc5Z\x8b\x09\xfe\xcdI\
\xb6\x94\xcc~\xf4\x8bEE0\xde\xfaiH\xd8\x13\xe7\
\x14\x13q\xd0k\x14\x02\xb7\xf6\xa0\x14\x06\xb1\xe5\xb50\
\xd8\x1c\x8d3l\x0eT\xbb&\xb2\xeb:\xd36\x14\xeb\
\xaf:A\xa9\x98\x81'za\xbeQ\xb4\xebL\x10F\
\xe6*I\xa2$i\xad\x104\x06\xb3;S\x0dlM\
 \xdcF\xdfC@kr(6\x94 R&\x82A\
\xde\x99\xb5\x1au\xa01Cm\xe9\x06\x88\x82h\x10\x95\
\x09 l(:\xcc\x87\xde\x81[\xca|\xfc\xe86\x96\
\xa0\xda\x14\xb3\xa2R$\xff\x00\x7f\x95\x04e\xd0YC\
m\x10K\xef\x99T\x0eCs\xe4\x06\x80u\x98\xa04\
\x86s\x5c:\xdel\xf3\x01k\x22F\x89\xcc\xe2\x8fP\
\x07\xd7A\xce\x83y\x07\xed{\xc6\xfd\xf5\xe5\x8e\x11n\
\xf3\x8b7\x19\xef\xae\x1a\x0b\xca\x00_\x81\x01i\xe7\xe0\
BR\x99\xd2\x01\x80&\x99G\x99\x88\x22TL\xb8\xe1\
\x8dyUC2\x1eHw<\xf8P'\xdb\x90\xfa\xd0\
@\x16\xb2\xa2\x90\xa9\xcc\xa3\x9dG\xf4\x1f\xa9\xa0\x8b\x90\
\xa6\xcc\x923\x98\x8e\x83\x9f\xf7\xe7A\x88l\x9e\xf5K\
P\x1e\x84\xd0b\xed\x9e\xcbf\xe0-\xb4\xa5\xba\xa9\x0b\
RI&yo\x11\x13H\x92\xd8;\x1f\x14\xf3MJ\
\x93\xe2\x8c\x88\x11#\xd7\x96\x9aTet\xd2M\xba\x15\
\xab\xc56\xad[\xb4a\x96\x84\x85\x1d5<\xf4\xf2\xfd\
k\x17^+\xaf\x0f\xe1Eh[\xc52\xe0\x04\x08N\
\xc4\x8d\x22\xb3\xdf\xd3\xa2N\x1df\xd7\x08C\x98\x93\xcb\
\x09\x09K\x84\x05\x94r\x19F\x9a\xf43N\xdd\xab\x18\
\xe9\xdc-\x87\xb2\xdaZ\xf0\xa5\xb3\xb4\x81\xf3\x9e\xb5-\
{t\xac\x15\xa4\xb0\x94e\x88\x22HH\xe7N\x9c\xe9\
\xd0p\x15\x14\x90\x91\xa9#\xe5>])\x0e\x96\xcbg\
\x82\x82\x00\xdc\x19\xdeu\xea\x0d2\xe51l\xfa\x82\x81\
$\x85$\xce`\x04\xfd(\x09$>I\x01Z\x0e\xbc\
\xc54\xd8_{\x90\xe5\x81#\xceLT\xd2\x9d\x08m\
\xcf\x08\x83\x03\x98=)\x95=n\xfeD\x9d9\x98\xd7\
j[\xd1X=\xb7\xc1\x09:\xa5Q\xcf\xf5\xad%c\
q<\x95\xc8\xe4}9\xd3N\x8e7\xcaN\x95Q4\
\xa7\xed\xd0\xfbj\x0a\x12(\xb12\xd8\xe4\x1d\xa9vV\
\xc6,\xcb\xd7-0\x16\xa5\x02\x14\xd4HP\xe7\x5c\xb9\
\xe1\xf7\x1d\xbe?&\xf8\xaf\x9c\x9d\xbdvR\xbe\x07\xba\
s\x15\xb1uiJ^\xcc\xcbk\x90\xb6s\x12\x16\x92\
H\x82\x9dD\xeb\xb2\xa6>j\xd7\xc7\x9c\xd3?/\x8f\
Wn\x1b\x84\xe3na\xd8\x92,\xd6\x85\xa1\xc4-\x0e\
\xdb\x16\xc8\x1a$\xc8\x90w N\x9dS]\x1bqh\
\x7f\x0b\xf1\x09\xb8\xb9\xc4\xf0\x0b\xc4\xa0\xda\x17]p%\
EJJT\xa8\x0e\xe5\xe6\xa1\xb2\xc0\xe6\x93\xe5N\xfe\
Q'\xd2\x06\xfa\xf1\xe7m\xae\xf8{\x12}O\xdf`\
\x0e+\xe1\x5cqd\x95\xda\x1d\x14\x90y\x8c\xb0\x07B\
\x1aWZ\x7fe\x7f\xb1\xcb\xc4\xb1\x0e$\xb1e\x8f\x8b\
[\x97\xf8K\xe8\xb8\xb7q\x0b\xcb\x17I\x01HR\x0c\
h\xdd\xc3`\x11\xd1f\x96\xfe\x89j\xc68\xa9\x1cC\
\x82X\xf1\x95\x93ko\xe2n\x93k\x7f>\x053|\
\x1b9{\xc0\x9d2\xbc\x84\x80ygk\x914\xe7\xe0\
\xec\xfbG\xbd\x8a\xb5c{n\xee\x1c\xe2\x11f\xfaJ\
\xd4\x96\xd4a\xb7\x13\xaa\xd0S\xcbX3\xe5\x22\xa6\xc5\
J\xa1cjKw\xce_\xd96\x10\xca\x5c\x05-\xb0\
\xa8(\x04f z\x10\xa0=\xa9\xa7\xb4\x1d\xf3\xce.\
\xe9\x97\xd4a\xb5##o\xa2\x000d\x11\x03q \
\x8ez\xd0*m\xbcc\xe2\x13o\xf1\x16\xed\x5cZ \
-ji\x00\xa1J\x05G\xbeAP\xfc)Q\x0bI\
\xde\x16\x06\xc2\x97J\xbc\xf4M\xba\xda\xb2`\xae\xf7\xbf\
{\xe0\xee\x9d\xb3q\x0c\xa50\xeb.\xca\xb3\xeaDA\
\xcc\x07-GZ\xd1\x9e\xf9v~\x17\xc4m\xefx\x5c\
\x02\xf3\xd7\xeb%\xbb\x84\xbc\x1cKi\xceS\xdd\xb8\xe0\
\x02H\x00d\x91\xb8)\xa58\xe0\xf2\xdd\xed\xbcyK\
r\xdc:\x96\xd2\xc2^0\xf3-\xa7D\xbe\x9dL\x93\
$\xe6\x1e!\xafY\xda\xa9\x92\x83\x8a\x98\xcc9PJ\
\xae!\xa1>|\xa8\x0a\xe5\xdc\x99\xf5\xdc\xd3 \x83\xc2\
\x93\xe4i\x8e\x8a\x1d7\x9e\xb4llU\xa1;\xf4\xa5\
\x7f\xb1\xa4\xfd\x88\x92\x04\xe9H\xd3\xd6`\xf5\xa9\xe8%\
\xedI\x80h\x09\x16u\x04\xf4\xdcQ\xd0\xe8\xfe\xdb\x9d\
h*e\xe4\xf9MP\xb1\x17w\xf8\xbc\xff\x00Zc\
\xe9\x09x`\xaa*\x8a\xc0\x00\xf8\xc8\x8di\xf6PU\
\xbcH\xe7=(=\xed'j\x8e|\xaai\xac\x16M\
\x804\x13\xef\xbdHX\xec[0\x0f/\xde\xa6\x8e\xd3\
v\xed\x90@3<\xe9\x171\xea\xf04\x13\xa7\xa5W\
\xd2\x8aH\x1ef\x91\x9c\x1a\x9d)\x06\xc0\x8d(\x1bd\
A\x9et\x06\xc0\xd0N\xa2\x9e\x81E$~\xd4\x13 \
\x1a\x01P7\xe7@\xbf\x92\x85\x01\x83_*f\xd1\x1e\
\xbe\x94\xc3GQ\xd6\x96\x835\xd6\x80\xd4N\xdfZZ\
\x0do\xb0\x8adA\x12<\xe86\x11\x1e\xb4\xa8`\x1e\
)\xe5A64Lu\xa0\xda\x8f#\x14\x11$F\xb1\
>T\x06\xc0\xcc5\x8fzF\xd0Lm@fY\xd6\
\x82h\x08;iA\xb6G\xbcP\x1a\xc9\xb4\x03&\x83\
\xe8\xa0\x9d=\xe8\x06\x9dH\x0bL\xea\x94\xfd\xea\xb4\x99\
\xfeP<\xe7\xf4\xa0l;J_\xdf\x5c%\xb0\xe5\xc3\
\xcb\xee-\xd1:\x18\x913\xc9 \xe63\xe4z\x8a\x00\
\x0e'\xbdg\x06\xe1\xac]\xe5\xb8Skn\x95\x87^\
^\xee\x11\xb2@\x1a\x9c\xc4r\xd8\x00)\xca>\xdf5\
x\xbf\x88.\xf8\xa3\x88q,N\xe1!W\x17o\x17\
\x0b\x84\x04\xca\x06\x89\xdfa\x11\xf4\xa1W\xf0\x86\xb8S\
-,\xa9JK\xfd\xdaL!\x0a9ft9\xbao\
\xb5RQ\x8e\xab2R\x93\x95%g\xc4@\x88\x03\x90\
\xa0\x07\xd5AD\x08.\x19L\xf2\xe4?)\xa0\x8f\xb6\
\xcc<\x00:$n:\xff\x00qA\xc2\x9d\xf9\x09\xd8\
\x9f\x00\x1f\xad\x03\xecsh\x1d\xe2P4\xca\x8d\xbaR\
9\x16N\x16a\xc7\x5c\xca\xd8Ox\xf8)*Q\xf9\
P\xad\x01\x1ea!F|\xc5g\x93l\x22\xfd\x84\xda\
5r\xf5\xa2[m@\xa4\x05\x14\x9eg\x5c\xa3N@\
Eezuc4\xeb\xfc-b\xabqf\xeaP3\
\xb3\xaaRF\xa7Y\x92y\x9f\xe8\x05a\xbe]\x12p\
\xea\x18>\x18\xa0\x94\x12\x92\xea\x8f\xdex\x84\x82y\x9f\
=\xf9\xd5m\xaf\xd7.\x83\x80Z\xb4\xa1-\x9f\x09\x10\
TH?\x9d2\xbcE\xdf\x0ddx|D\x00A\x93\
\xa6\x9d)Z%[\xac\x90\xa6\x90\x95\x9dJ\xa0\xcf:\
\x14\xb0Y\x5c\xf8H\x94\x9f0\x22\x96\xc2b\xd9\xf9X\
P'^\x87\xf7\xa3f\x94n\xe0\xa8\x05h\x08\xfcS\
M:\x10\xdb\xda\xea#\x9e^t\xcbG\x98uA\xc3\
\xb6n\xb3\xb7\x9d\x05N&\xe9!\xd3<\xc4\x88\xd0\xcf\
\x95*C\x98\xb9\x94\xeas\x0e\xb1Oi\xd0\xe6\x9e\x0a\
\xe6'\xa1\xaa\xdb;\x88\xb4,\x10\x02\xbd\xa3\x95S+\
\x0e\x95\x90\x93\x1c\xaa\xb6\x8d5r\xd0y\xb8\xdew\xa5\
\x94\xd8\xc6\xe9\xe7_\xb4?b\x16\xbc[\xc3\x97\xc8K\
\x7ftAqYS\x99M\xacNU\xa4s\x8929\
\x82G:\xe4\xb2\xe3w\x1e\x869L\xe6\xab\xe5\xafj\
|\x07\x88p\xde-r\xeb\x01\x0b\xbb\xc3\x1c\x0e\x04%\
'+\xec\x9d\x96\x07PFE\x0d\xc1JO:\xe8\xc7\
)g\x0eo&\x16w\x14+\xd4\xdb%\xd6\xb1+G\
\xdciIZs\xa1S9\x14%\xa5\x98\xd93\x99\xb2\
D\xe9\x96b\xb6\x97\x87\x1eSWdqE\xf3w?\
\xc31\x9be(\x5cX\x842\xeawZQ0\x82g\
|\xb2\xa4y\xc2\x0d9\xd6\x93\x94\xd7)\x16q\x95a\
\xeb\xef\xca\x10\xb6\x1d\x05 \xb6\x9c\x99[R\x8a\x9b\x83\
\xcb*\x89\xd7a\x98\x0eT\xa9\xcdA\x5c=\x8d3\x87\
\xe3\xb8\xbe\x15r\x94\x1c'\x8am{\xb5\xa5z&\xde\
\xe2e/\x8f483\x0f~\xb4o\xec}\xfa\xab\xe2\
\xf2\xfb\x05\xc5>\x1a\xf91x^\x0c\x5c&6\xb8@\
\xca\x16\x06\xc4,lzS\xb7e%\x9d\x987\xd2\x85\
6@m\xc4\x12\xb2\x93')\x9f\x94\x9fPA\x07M\
\x01\xa4\xa4\x13\x8e 7r\xc2IBg\xbee)2\
\x08P\xd4\xf9\x11\xb0\xfaSE\xa2m\xee[V\x1e\xa0\
\x5cK%\x0aK\xa1E$\xa7O\x0a\x8cs#I\x1c\
\x80\x9db\x8e\xa8\xfaN\xda\x5c\x0cQ\xfcG\x0c_\xde\
\xbfx\x82\xd2_iAM\xc0\x19\x9a\x81\xb9\x01i\x03\
\xde\x08\xad\x22\x16\x1e\xc5qD:\xce#\x84^)-\
\xd9(\xa9Jq\xc4\x92-\xdc#\xc2\xa5F\xb0V\x00\
1\xeav\xa8\xbd\xb4\x9dWI\xce\xab\xb0\xabk\x85)\
\x9b\xa5\x00\x90\xa9\x80V&\x01\x9e\x87N\xa4*\xb4c\
T|]%+))\xca\xa8\xd8\x8d\xb5\x83>s\xa5\
\x04\xabb\x08\xfb\xb5\xac\xa9)\x8d\x93\x12U\xfd(%\
b\xf4h\x7fJ\xaf\xe8\x02\xe8O\xd2\x91\x15\xbd\x03\xe8\
e\xa7\xcd\xa6\xf4P\x9d\xb1\xdav\x14\x8d=g\xa0\x14\
\x8d/j&\x04EI$\xd9\x1ah5\x8adx\x1d\
\x04H\x9dv\xa6f\xdd\x91\xbe\xd4\xf6H\x9b\xd0cS\
\xb0\x9fZ$*\x83\xbb\xd5J\x1c\xfc\xebH\x22<h\
\xad\xfd\x05=\xa4]\xb1\x00\xf4\x14\x8e&,\x90c\xa9\
\xf2\xa9\xaaX\xb0\xf4\x08I\x89\xf4\xa4%YlS\x96\
?\xa5+\xc8M[\x22P\x01\x91\x03C\xfb\xd4\xd0\xf5\
H\x07\x98\xa1E\x81\xb7Z((li\x11@\x0a`\
\xad\xf5\xde(\xa6\xde\xe3Oza\x80@\xf2\xebH\x14\
)\x13\x22M0VQ\x1a\x82h6\x11\xfe\xd4\x06\xb7\
\x02\x98h\xd0\x1a?\xa5\x01\x93\xbf\x9d \xd6X\x1c\xe9\
\x91$N\xfe\xd4\xc3\x5c\xb4\xa96\x86\xfd\x0f\x95\x00\xa2\
4\x9aa\xa34\x819L\x83A0\x0fZ\x01IF\
\x9a\xef\xd2\x83l\x8c\xb3\xcb\xcf\x9d \xcc\xb3\xeb\xd3\xa5\
\x01\x99}\xe8\x0cJgMh6\x14\x09\xdf\xce\x82\x00\
\xf3\xa4\xaa\xe1I\x0aY\x0e\x16\xdbJwZ\xc0\x80\xa1\
\xd0&I\xf5>T\x19\xf6\x12\xa4\xbc\xa0\xc8\xce\xe3Q\
j\xd1\x1bf\x80\x09\x1f\x90\xf6'\x9d\x01\xe7\xdf\xb5/\
\x1a\xb5\x83\xf0\x1b\xad\xd8\xa9\x0a\xb7\xb5w\xe0l\x5cm\
y\x8a\xae\xd7\x9f\xbct\x88\xd5(k9\x83\xf8\x96\x0f\
Jg\x1e \x01\x0au\xa0F\x88\xf1\x12:\x0di\x83\
\x0f8V\xa5,\x80\x0a\xc8\x90:\xf4\xa6A\x1c\x83\x9e\
N\xa4\x04'\xde\x82bT\x09\xcd\xb2R\xa9\x1fO\xe9\
?ZD[Y\xa0\x95\x0dN\xc3\xcc\xff\x00b\x9a\x8e\
\x98v\xf1\xa6\xd2c \x04\xce\x82:\xfeT\x88s@\
\xbdr@\x1e\x15\x92}R\x06\xa4\xf9R\xaa\x8b\xa7\x0f\
\xb0\xaf\xe1\xef]\xa9\x09JRr\x05\xe5:\xe6\x80\x07\
\xd2\x04y\xd6u\xbe\x0e\xa1\xc26J/\xc0H\x92\x90\
\x0a\xa3Y\xdf\xfa\xd69\xddGv\x13n\xd9\xc3\x98V\
\x7f\x85\x08\x05\x1d\xe0\x8d\xa4\x01\xae\xe7\x95c\xb7L\x8e\
\xa1\xc3\xd8vWVtXJ\x83bA\x1e\xe7\xf2\xa7\
\xbd\x8a\xb6`8\x22,\x11\x95\x09)IR\x96\x092\
d\x994!m\xb4\xc3\x8e\xc4\x15f\x1a\x01\xf9\xebL\
\xfaK\xd9Z\x86\x11\x91\x05A\x02\x04t\xf4\xa1i\xab\
b\xa0\xa1)\xdc\xf2:\xfbu\xa9\xa4\x99\xb6sA\xa8\
\x93\x1e\x18\xfc\xe9\x98\xd6_R\x22>_:\xa2\xe2\x8a\
f\xe3X\x07('y\xde\x84\xd1$\xab8:\x13\x1c\
\x84R&,\x95\xc0P>DhS\xd2)\x1c=h\
\xfb\x8d%Y\xa5\xc4f\xccR\x9dc\xcc\x0f\xda\x83\xb3\
if\xdeI'\x22\xa4r\xcc\x22\x7f\xa5V\xd1\xab\xf6\
\x90a\xf2H\x5c\x94\xf2)\xaa\x95\x9eX\xce\x84\xa5\xcc\
\xc8\x22u\x8a\xad\xb2\xb8\x9cC\x86\x06\xfdz\x9a6\x8b\
\x0c\xde[\xa2\xe9\x95%`\x10y\x1d\xaal\xda\xf1\xba\
\xaf\x9f\x1fl\x1e\xc8.\xf8w\x89-q+;$\x5c\
a\xce\x87VB\x8eP\x14D)\x04\x8d\x82\x81\x8dy\
\xc5r[\xfays\xd5z2~\xb6\x1b\xfb\x8f\x02\xf1\
\x96\x00\x9e\x1c\xbcU\xb3/|U\xa8\x05\xfbK\xa6\xa7\
+\xb6\xeb\xe9\xe6\x15\xa1\x1c\x8c\xd7v\x19o\xb7\x97\x9e\
\x1e\xbd!0\xdb\xf6n\xae\x95ez\xa0\x84\xdc%M\
-h\x88QP\xf0\x98\xea`m\xccU\xff\x00l{\
\x01\x83\xdd\xdcZ\xb8\xbc=\xe9R\xf2\x94 \xee \xea\
w\xe4@\x90*\xbf\xb4\xcf\xc5\x15\x8efv\xc2\xc9\xe3\
\x12\xd2\xc2<\xd4\x95\x0c\xc9>\x84H\x9f(\xa2rW\
\xf2\x96\xc4\xdf\xff\x00\xc58]\xad\xdaR\x05\xea\x1a\x0c\
:A\xd4-\xbf\x91j>\x91\x1eF\xa3\x1e8\xab\xcf\
\x99,W;\xdc\x8eZ^6\xac\x99\xe1+\x0b\xd6\x09\
\xd0\x93\xe7\xf2\x9fj\xb6}rg\x11\xb7J\xed\x9b\xba\
hJ\x98R\x9a\xbbD\xc9D\xaa3\x7f\xa4\x98\xd7\x94\
\xd3M\x02\x1d\xca\xa7\x1b#\xc2\x14\x0f\x88\xec\x0e\x9f\xbd\
0\x92\xb7\xc4\xd7\x86\xdfa\xf8\xc3\x12\xbf\x86t!a\
\x0a\x85f\xd8\xcfL\xc2a\x5c\xf7\xde\xaa\x12\xe3\x83\x96\
8g\xb49a\xc4]`\xb8\x98M\xd5\xb1\x9d\x1dB\
\xf4\xee\xd6\x06\xb9\xd0\xbc\xc9P\xdc+]A\xa5W\x8d\
\xfau\x9c@\xd8\xad\x0a\xcd\x87\x14\xc2\x8aa\xcb\xd5\xc2\
\x02\xa23(\x09\x8dw\xe5\x06\x965\x19\xceUn(\
\xbb\xf8\xc7Z\xb8m\xb46V\x82\x97\xf2\xc9%\xc1\xcc\
\x93\xbed\xc2\xbe\xb5hQq\x11\xa1\x8fZd\xae^\
\x9c\xbb}zR\x00'A\xce\xab\xb0Rt\x83#]\
\xa8\xecQ\x96\xba\x9d\xa2\xa4'\xec7I?ZT\x96\
\x1b\x11\xa0\xdb\xfaR\xd9\xed7h\xde\xc3\xf4\xa4\x9d\xa4\
YnO\x9fZ;O\xb6\x8fA\x02\x08\xaa\xea\x1e\xc3\
\xbc\x8c\xb3\xcf\xcf\xfb\xda\xa4\xf7\x117\xa0I\xd6OJ\
\xd2\x0a\x81\xbc\xdc\xce\xa3\xa6\xf5i\x88\xff\x00\xc4w \
mA\x0b\xb5\x83\x03\xf4\xa1q?d2\xe5\xf4\xe4y\
T\xd3\xfbO\xd9\xa9 \x81\xe9\xa5 \xb0\xd88 \x12\
 m\x1c\xa9Q\xdcM\xda\x90\x00\x00\xc4u\xe5R#\
\xd5I\x13\x03j\x0c\xa8\x82\x7fC@-\x227\xa0\xca\
\x06G\x9d\x00\xae\xb4\x13\x01\xd2i\x86\xc1\x91\xd6\x91\xb7\
\xfat\xa07\xfd\xf9\xd0\x0a\x9d(&\x02\x04\x08\xf4\xa3\
\xa0\xcf\x98\x7fZ\x0c\x85m@f\xe2\x80O?Nt\
\xc9\x90t\xd2\x80\xd1\xd4o\x14\x1bSGd\xcet\x83\
2\x93\xa4\xc58l\x88\xd7jA\xbc\xbaO\xe5L5\
\x1e\xb4\x89\xb0\x9e\xbe\xf4ve\x00H\xa4MG.t\
\x1b\x00\xd4r\xa0\x14\x04\xfe\xbaP\x0d>\xefu\x19\x0c\
8~^q\xd4\xff\x00|\xc8\xa64\x09\x80l\xac\xda\
v\x02\x9c\x80\x96@;\x99\x90\x90z\x15\x19=`\xd2\
6\xae\x9cN\x1bn\xd5\xb3\x05k\xee[\xca\x92\x8dV\
\xa2t\xf0\x9f\xe6R\x8f=\x93&\x98x[\xedE\xc6\
(\xc78\xbe\xd7\x08\xb1 axcnZ\x97\x1b:\
\x5c>\x95\x7f\xcc8S\xb4\x82\x12\x89\xe8\x98\xa4n\x12\
\x85fik\xe4IH\x14\xc1\xa7\x94s!?.Q\
\x99C\xf4\xaa\x143\xca\x09-\xa66\x95\x1f2v\xa0\
\x98\x84\x94\xb6J\xb5Q0h\x02\x0by[\x06sG\
\x89G\xd2\x80\xcb\x04g\xb9y\xc2$B\xa3\xd4r\xa4\
\x12XkeN(g\x83\x97\xbb&`e&H\xfc\
\xaaj\xa2\xea\xd1U\xbd\x85\x9d\x9eR\xa5:\xb5>\xa4\
\xe6\xd0\xf2H\x8fR*+y\xd3\xba\xf0&\x0a\xac\xa8\
J\x92\x0a\x8aF\x7f-55\xcd\xe4w\xf8\xfa\xe5\xdd\
0\x1c\x143r\xc2P\x09qi\xcb\xeeb\x09\xf6\xcc\
}\xab9\x1bm\xd4\xf0\xac\x1c\x0bP\x86P\x948\xd9\
\x84\x15\xa7\xc2\xaf\xf5\x0eS\xfb\xd5i;Z\xadm\xfb\
\xf2IB\x19\x94\x80R5O/\xad2M\xda\xd9\x95\
6\x09L\xa7\xccs\xa9X\xf4ZG,\xa6\x04\xcf/\
*p\xc65j\x10\x00\x22y\x027\xf2\xf4\xa3\xba\x07\
0\xd2{\xad\x143$\x80S\xb1\x9f\xda\x8e\x08[I\
\xd3,\x1d\xa3QU\xd1\x9d\xee\x8f\x84\xa92\x7fJ\x08\
\xea3!\xd4\xa8)I\xe4|Z\x1fZD|9\x95\
RD\xc8\xdaw\xa0vC\x97\x97\x0c\xc7\xc3\x94w\x88\
 \x80\xe0\xf0\x91:\x83Qm\x8b\x9a\xbd\xa4\xd1|\x1e\
%\xdc\x89iG\xe6B\x07\x84zS\xde\xd3\xeb\xa9\xa1\
\xd6\xd7\x12\x04\x12\x06\xfeb\x99X\x91e\xc4\xa8FY\
?\xe6\x1e\x18\xaa\x95\x96PS`\x14\x80\x0eR7\x13\
V\xca\xf0pk\xe1\xd7\xa4SJ\xa9\xc6\xdc\x15\x87\xf1\
}\x9d\xc5\xae!n\x9b\x8bu\xb5\x95A]\x09\xd6?\
*\xc7<w\xb7G\x8f\xc9q\xd5\x8f\x94\x9fh\xae\xc6\
\x1c\xec\xbf\x8b\xb1.\x18\xbdm\xc6\xd8\xbcuW\xd8\x15\
\xea\xd1-\x97\x0c\x85\xdb\x9e\x81\xc0b\x7f\x9a\x0f\x9dg\
\x85\xb8\xeb\x7fN\x9f&8\xe5\x8e\xe7\xdf\xfe\xaf*\xe2\
v\xaeX\x5c}\xe8)mD\xa1.D):\xe8\x15\
\xd0\xa5@i\xd0\x9a\xec\x9c\xbc\x8c\xa7\xad3\x8a]\xa9\
\xe1o|\xd8\x08\xb9\xb7\x82\xb2?\x90\x99\x1fC\x98{\
UI\xf4\x8b\xf9L:\x94_\x17R\xca\x02m\xdfd\
dJ|]\xd0'0\xd7\xa0X>\x81QNp/\
G8\x1dh\xfe:\xe6\x1a\xfa\xfb\x96\xef\x9aZ\x19Y\
\xfc\x0f\x80B~\xb3\x1fJV}\x9e<\xf0\x80}+\
Cwl\xac\x90B\xca\x9coxV\xca\xfc\xe4U}\
\xb3\xfa\x0e\xd5\xca\x9b\xb9\x0e\x14\xa5\xd0\xb6\xcbn%Z\
\x85\x82\x983\xed\xaf\xa8\x14\xf4@F\x97)\x0a:(\
e\xf1\x0f\xef\xd6\xabIIa\x8d\xa3\x16\xb6\xbc\xb6\x09\
Q\xc4R\x82\xb6\x1blO\xc4\xb65[Q\xfc\xe9\x82\
\xb4\x9e`(n\x05=\x81\xd8&\x22\x85\xa3\x08S\xad\
\x87-\x05\xd2[s*\xf4J]\x00\x85\x0e`\x82\x95\
\x19\xe6\x0cQDw<\x0f\x14o\x13\xb5\xbb]\xcd\xbb\
W\xa5\x81\xdc-\xae\xf5M)\xcc\x92\x06\xa9\xe7\x94\xa6\
t\xd3\xc2z\xd4c\xc5\xd3L\xf9\x9b@\xe3\xa6\xd9\xcb\
\xbb\x81h\x87\xda\xb7u(\x09C\xab\x0b)X\x93\x97\
0\x02y\xf2\x985\xa4\xed\xce\xa5\xe2\x04\xc2\xb7\xdei\
\x85j\xf0\xcd\x1a\x00\x0e\x8a\xd2|\xc1\xa6\x0a\x04\xe9\xb6\
\x9c\xe9\x01\xf6\x9a\xa8n'\xad \xb0\xe1\xe2H\x9eT\
\x8a\xac\x96H\x11Q\xdb+S\x96\x8d\xc0\xd2`\xec(\
\xdb;\x9f)\x16\x9b1\x10=\xb6\xa1\x1e\xc7BA\xe7\
\x1f\xd6\xae\xaae\xa0\xcf\xa0\x91\x07\xf3\xa4\xbfm\xa1o\
\x92\x04\xf5\xfd\xabH\xad\xa0n\xccS\x5c\xb2\xa3T\x02\
W\xbd02\xd8\x89\x92}\xa9\x0e\xb8MZ:Lk\
\x06b\x81\xcaj\xcd\xcd\x80\x99\xa4\xa4\xfd\x8b\x82\x04L\
y\xd4\xd0\xb0Y.b=\xe7\x9d*oX\xa6t\xd6\
)\x02\xc7\x95\x00\xa4\x98\xe5\xad\x06X\x1b\xd0M\x9af\
\xd8\xd7Z\x03\x04R\xfa\x0d\x81:\xf2\xa0\xdb\x98\x8a\x08\
\xa9\x8du\x8a\x09\xa9\xe9\xf5\xda\x83h\xf9~T\xc9\xa2\
N\x9c\xe9\x06\x89\xe7L\xda\x83\x96\x916\x07\xb50O\
-u\xf4\xa025\x1eCZ8\x0c\xcb\xedA\xb0t\
\xff\x00\xd2\x90lm@nf\x07\xe5@`\xeb\x1e~\
\x94@\xd8\x12\x07/!@l&\x80\xcd\x8f\x97J\x09\
\x91\xb1\x88\xf2\xa0\xd9\x13\xaf!\xb9\xa4\x03$g\x0b~\
<DB\x13\xe7\xac\x7f~f\x98\x0fr\xb9\xbf`$\
%H\xb7\xb7L\xa4\x08\xfb\xe74@#\xa6D\xa9T\
\x8e x\xfb\x88\x13\xc2<+\x8bb\xab_v\x9bV\
V\xfa\x9cO\xcc\x846<\x1bjJ\xdcPH#\x9a\
\x95\xd0U\x0f\xb7\xcd\x1e*\xc4_\xb9\xc5]\x0e\x80\xb7\
\xdad3p\xa2\xa3\x0btJ\x9c_]V\xa5\x12)\
CE\x98Cm!c@\x06\x83\xfaz\xd1\xa0\x1dc\
\xc4\xf0T\x17T\xa0\xdcO\xca\x06\xfe\xfdi\x90|\xc0\
/4\x99\x98OO_\xa7\xebL\x98\x82\x03\x80n5\
\xfe\xfe\x93HA/\xac7l\xe2\xc1\x84\xc8\x1e\xb4\x1b\
,\x0a\xb3\x099\x1b \xa4\x9fQ\x07\xf5\xa0&p\xa6\
T\xdb\xa8\x0e\x02\x1cT\xa8\xa4\x8dR\x90'^\x93\xd2\
\x95\xaa\x8b\xdf\x04\xe1\xc3\x15\xc7,\x9b\xcb\xa9Q \xf9\
'S\x1fQS\xd7-p\xfeQ\xe9\x0e\x12x[\xb9\
n\xa4\x81\xde$\x00\x04\x88;xG\x22|\xab\x9a\xca\
\xef\xc7(\xedx\x0d\xeb_\xc4Z!i'\xc4\xa5\xac\
\x88\x01!!!?\xdf\xad-}\x1e\xdd\x1e\xc6\xff\x00\
2\x87v\x12[P\x8f\x11\xd2\x92\xe5X\xb0\xe5\x82\x12\
\x00\xf0\x83\xa8\x8aT\xe2r\xcc\x94!H/\xadi'\
2RO\xca|\xab6\x89\x16\x02O\x81J\x89\xf9`\
N\xbd)\x81l\x84\x85\x0d@\x11\xb7\x952\x162\x13\
\x02\x02\xb9\xc8\xd6\x8d\x8d\x1e\x04DL\x18\xf0\xe5\xe9\xe5\
U\xb1\xf6\xdaV\x0aw\x9dt\x8a\x01\xd4;\x993:\
m\xa6\xf4\xa5\x1a>\xdb9\xc2BRI\xe9L\x8a,\
\xab\xbcPR\x09\xda#\x9fY\xf3\xa9\xaa\x87\x9bl\xc8\
\xcd&F\xe3J\x0fb\x98l\x80@\xd4\x8d\xa7oz\
\x13\xf6\x93\xb7Z\xf6\xdc\x0eUQ\x16A\x88\x5cm\xb9\
\xe7U\xbf\xa6vl\xfaU\x9b\xcf\xa9\xa7+;\x0bZ\
J\x89\xe9\x1d)\xdeS.\x9c3\xed_\xd8\x0a;k\
\xec\xde\xf1\x9b\x16\x90\xac~\xd0w\xf6EzfP\xd4\
\xa2w\x13\x1fX\xac\xf2\xc7\xed\xd1\xe3\xf2O\xe3\x97O\
\x91}\xa7`\xa9\xba\x0b\xbfK&\xd3\x16\x17\x0e\xdbb\
\xd8y\x1e&.\x91\xf3H\xff\x002aZs\x0a\xe7\
U\xe3\xbag\xe6\xc3\xee9xJ\x12\xd3\xad\xbb\x08[\
RR\x95\x18\x0amZ-3\xfc\xc90}\x08\xae\x98\
\xe1\xff\x00c\xf0Vo,\xdamm\x92.-U\xf7\
j\x08\xcc\x87\x11\xcct\x22#C\xb8&\x95<Cc\
\x19P\xf3x\x9d\x9aT\x90\xd2\x90\xfb\x8c\x93*g_\
\x98\x1eh:\x00w\x1b\x1e\xb4\xe7Z\xa9\xbc]\xa5x\
\xdd\xa4\x9c]\x8cQ\x84'\xe11v\xc5\xca2\xec\x16\
\xaf\x0b\xa0z8\x99\xff\x00\xba\xa7\x0c\xb75~\x95\xe4\
\xc7YnuUU 4\xac\xca\xd5)0u\x8f?\
\xebZ25{d\xb6\xad\xd3t\xd9.[\x05\xa5%\
`|\xaa\x89\xca\xae\x866\xe4yS\x90\x89\xb6[\x96\
\xd7m<\x95\xb8\xda\x9brC\x8d\xc6t\x80B\x81O\
\x98\xd3\xf7\xa6\x06Zb\x01\x8b\xf7\x5cB\x0aR\xe2\x92\
\xa0\x83\x12\x08Y<\xb4\xddG\xdbJE\x1d\xa3\x85\xdf\
n\xcd\x0a\xbaC2\xcb\xcc\x85\xa5I^\x99\xc0\x88\x04\
j\x93\xa1\x19\xaau\xcbL\xaf\x0db\xb7\x22\xdb\xe2\x12\
\x82\x1ea\xdc\xaaRU\xa0\xcc5\x0a\x1f\xca\xa4\xed#\
\xcf\x91\xad#\x05W\x15\xb7M\xc2\x8a\xed\xde\x0b\xef$\
\xe4p\x84\xac\x1ec\xa1\xf64\xf4j\x8e$\xd2\xd9Y\
J\xd0\xa4\x1e\x8a\x11NRFN\xbb\xc5;\xd0:\x9d\
#ZA!c\xfe \x9dd\xd4\x95\xab.\x1a\x82c\
Nz\xc8\xa4\xcf*\xb3\xd86\x08\x00\xfdj{s\xe5\
\x92j\xdcDl T\xb1\xb5\x22\xdc\x94\x98'\xce\xa9\
\x1e\xdb\xe0\xe4\x08\x81\x04y\xedN\x0f`\xf7)\x94\xc4\
\xd5k\x96\xb3(\x83\xc4\x13\x01Gj\xa8\xd3j\xf5\xf4\
\x93\xa6\xd4\xe3iv\x8aT\x02u\xfaST\x12\xc2\xf5\
\x1a\xcd*\xa4\xbd\xaa\xf6\x1c\xcd\x07\xa5\x83\x0eAZ@\
\xd0\x0a\x9a\xa5\x9f\x0f\xb6*\xe4@\xf4\xa4\x16L>\xc9\
F\x06\xb1\xd6\xa4=R\x00\x8a\x0c\xa1\xce\x80R:\xd0\
EN\xa4}b\x83oQ:{S\xa4\xc0\xadw\xa5\
\xd8o\x96\xdar\x14\x1b\x06\x83\xd6\x80P\xebL66\
\xf2\x14\x89\x9a\x7f|\xa9\x82f9\xd2\x0c\xdf\xd4\xd0m\
Dk\x14\x06\xf2\x80g\x95\x01\x92\x0e\xe3\xda\x99\x12t\
\x22\x80\xcd}:\x0aA\x99H1\xce\x83l\x09\xa04\
\x06\xbb\xd3\x22\xb2\xc8\x1c\xff\x00zFP\x12u\x8d6\
\xa0\x9b\xd6f(\x0d\x81\xca\x80\xc0#\xd6\x99\xb0&=\
i\x03O\xe9\x0d\x81$\xea}&?3\xfa\x1a@\xe1\
m\x11\x0aXKM\xb6\xa5-{\x00#s\xf9\x9ap\
!\xf0\x92\xa7\xae\x1d\xb9q\xb2\x97\xee\x95-\xb5>&\
\xd3\x919\xd4O\x922$\x1eY\x88\x1a\xcd3p\xbf\
\xb5W\x18\x1c'\x870\xcc%\x0f\xfd\xed\xd5\xe2\xae_\
R\x11\x04%\x84\xe7\x00\x1eR\xe1L']\x00\xa5\xd9\
\xbc+p\x1dm\xe6R\xfc;x\xfa\xcb\xaf$*e\
fV\xac\xc7\xa4\x99\xf3\xe7\xa5Q\x1d\xbc\x8b0\xf3\xad\
\xa89\x90B\x1c=\x7f\x9b\xd4kH\xd1\xe9l5j\
\xdaH\xf1\x81*\x07\xa9\xd6\x7f:\x08\x85\xa8\x17W\xac\
\x94\xa6\x04\xfe\xb4\xc8\xb6D\xbc\xa5\x1f\x94D\x9fj\x15\
\x0e\xe2\x02\x03\x0d\x90AqD\xeb\xb4\x0a@U\xb3\xa8\
\xb5a\x19>\xf5\xe9\xf0\xb8D%$\xf3\x09;\x9f3\
\xf4\xa6\x12V\x07\xbdK\xaf\x99$\x93\x22d\xc9\xdc\xfb\
\xc4\xd4\xfd\xaa.\x5c\x19\x89\xaf\x0bW\xc4g\x19\x92\x83\
\x96t)\x9dt\xf3\x81OG\xd3\xa4p\xaf\x16]\xb9\
v\xda\x96E\xb8m]\xe1Y\xfc\x08\x02L\x0egH\
\x93\xe5\xa5gq\x91s:\xea<5\xda\xcb,\xde\x13\
wx\xa4\xe6P*SH+W\xb0\x1a\x91&'J\
\x9b\x83\xa2y'\xdb\xb0p\xb7l\xd8[\xf2\x9b\x8b\x84\
0\xad\x90\xd2\x86\xae\x09\xd3p#I\xfd+;\x8bY\
\x94\xbd:\x8e\x09\xc5\xb6X\x92\x11\xdd\xdc!k?(\
N\xde\x9a\xed\xe9Y\xe9\xac\xab]\xa5\xeetIXQ\
\x02ds\x03\x90\xac\xf8\xdbH\x94b\xf0\x14\xe5\x9dt\
\x13A\xe8c\x18\x83jT\xb8\xb0\xd8&<GI\xff\
\x00z6sb\x05\xc8q^\x12\xa9\xdf\x7f\xd6\x96\xd4\
%\xb7\xd3\x97\x22\x94S\xa4\x8e`\xc7\xa6\xd4\xe5\x16\x1e\
K\xc9\x12&O\x9e\xd4\xc8\xfa\x1e\x88\x07R6\x8et\
\x11\xf6\xc0sB\xa3\xd70\x90}\xa84\x9bJ\x0e\x10\
\xa2\xe1$\x9dTw>\xb5]\xa6\xff\x00C\x10\xc8H\
\xd8\x10w\x9df\x9av*\xd9\x01\xc4\xf3\xe8t\xa3\x88\
\x8bt'\xba\x09\x02\x09\x90b\x0e\x94\xf46u*\x0a\
\xd0\x88\x13\x14\x11\xf4\x05z\x8eUL\xe9\xe4\x05\x03\xae\
\xddE=3\xb6\x14[\xcc\x88\xd0\x9e\x94\xac\xd9{j\
\xbew\xff\x00\xc4K\xec\xda\xab\x07\xae;N\xe1\xa6;\
\xb4\xbb\x91\x18\xed\xa3H\xd1\xd2\x0f\xdd\xbf\x03\x98\xd8\x9e\
\x86\xa2qt\xeb\x9f\xbb\x17\xce>#\xc3E\x9b\xed\x5c\
\xa6;\xb5\x9d\x8f\xcaA\xd3\xfd\x8f\xa5tc\xfd\xbc\xff\
\x00$\xd71\x19\x82\xdd\xff\x00\x0a\xbf\x0e4\xf3\x8c!\
\xb7P$(\xa7(\x93\x04\x8eq\xaa}\xbc\xea\xeb,\
n\xa8\xfb\xe2\xa7\x1f\xb9S\x84\x5c\x97J\xd0\x16\xbf\x09\
\xf1t\x88\xd3\xcb\xcf\xca\xa6l\xf2\x19\x87-8\xb7\x04\
|:\xc1\xef\xf0\xb5\x90\x0f<\x8b\xde\x07\xfa\x82MF\
\xbds\xdf\xe5\xa7\xf2\xc3\xfd+\xce$-HQ\xd5\x0f\
BH\xde\x15\xcb\xea\x0f\xeb[0i\x8b\xb5Y\x02\xa4\
\x84\xad\xc5\xa4\xb4\xea\x1cH[N&\x0c\x85$\xef\xd4\
N\xc4\x025\x13L\x91\xed\xa4\x94\xb0\x90g7\x84\x09\
\x93 G\xf4\xa6G]L\xda8\xe2\x13\x95v\xebI\
2\xaf\xc2\xa3\xa4\x0f%\x0d\xff\x00\xcd@u\x8e\xcao\
\xd9q\xd5X]\xa8*\xd2\xe7T\x89\x95\xb6\xa9\x0aB\
\xb5\xe4L\xeb\xd4\x10w\xa8U\xe9'\x8b\xb6YF\xab\
\xefD\xa8%\xc0 (\x02A>^\x95q\x92\xa5~\
~\xedB$\x18&i\xd0\xae\xe2\x0e\xa9@$\xa9E\
\x09\xf9RN\x83\xd2\x89\x020\x88\xd7\xa5V\xc1\xc4\x1d\
\xb4\xa0$\xec\x07-2\xf5\xa4\x8a\xb4a\x89\x88\xdc\x9d\
4\xa8\xbc9\xf3\xcbK=\x82%#\xf2\xd6\x94\xfe\xdc\
\x99e\xb4\xbd\xb0\x8d\x84\x0f\xca\x93\x0b\x97\xe4{i\x8d\
9u\xaa\xd5)O\x91\xa6\xda\xd1?#f\x1f\x19A\
\x81\x024\x9a\xad\xeds- \xb1\x1c\xba\xe8\x00\x1dy\
UF\xd8\xd5n\xf7U\x10f:\xcd7N5\x12\xe2\
\xbcD\x01\x1c\xaa\x9b\xc3\xf6\xe4\xc8\xe7\xbe\x94Ui=\
\x870\x5c\x02#\xde\xa3\xb5\xedt\xc20\xf2\xe8H\x03\
\xde\xa4v\xbc\xe1X2\xb2\xa2S\xf44\x82\xd3c\x84\
\x94\x94\xf8d\xf2\xa5`w\xb8\xf7\xa6\x0a\xd8P\x18\x91\
\x11\xce\x908<\xf7\xa00\xcf\x9f\xa9\xa4\x1a:\xfa\xd3\
\x05\x0d\xa8\x0d\xd0l\xd1\x22\x81\xa6r\xebL6L\xd0\
\x18D{\xd2\x22H\xf6\xa0\xd8G\xf4\x8aa\x80\xef\xd7\
\xca\x90nc\x952'\xd3\xf3\xa4l\x8dh&\xf4\xd3\
_\xa5\x06\xd8\x8fO:D\xd1\xf9\xb4;\xebL6 \
\xd0t\xbd\x07CA6\x06\x9aQ\x0d\xb2\x929\xed\xb5\
\x06\xc1\xe2\x12\x05\x04XNa\x02\x80e\xaf\xbcu;\
\xf8\x89Ts\x81\xe1O\xefB\x81bw\x99lV\xe8\
Ip\xbe\xe8b\xdd\xa4\xfc\xd7\x0b'(\x03\xc8k\xfa\
\xec(\xdf\x09f\x14\xc1\xb1\xc2n.\x14\xb0\x97\x16;\
\xa2\xf9\x13\x09@\xd9#\xa4\xce\xfc\xcc\xd27\x84\xbe\xd6\
<pq~,{\x05\xb2\xb8Y\xb3\xc3T\x9b\x057\
\x9aJ\xd6\x81\x99\xd7\x14\x7f\x98\xb8\xb2\x0e\xb1\xa4oT\
n\x0bg\x95\xdcA\xd7\x08\xf04\x9c\xb0:\x9e_@\
(\x1a7\x88\xbd\x98\xa1\xa1\xce\x04F\xd4\xc1\xa7u\x82\
\x15\x95@f?\xb0\xa0\x06@\x933\xa1W\xaf\xf7\xb5\
\x04z\xdc\x9e\xef9\xd8\x98\xd7\xac\xff\x00SA\xb3\x12\
Wyz\xda\x01\x9c\x882:\x12b\x91\x0b\x5c\xa4\xa0\
D\x10c\xcbjf\x94e\x05\x18e\xd1H\xcaHJ\
F\xb12c\xfa\xfdj7\xb5E\xa3\x0c\xb6\xb8\xb8q\
K\xb7\xd5Hx\xa0\xce\xc4\x80\x00\xd3\xebK,\xb4\xd7\
\x1c}\x96\xebl;\x13i\x8c\xbf\x0e_R\xce\xe81\
\xed5\x85\xf2\xb7\x9e\x1bZU\xbe%c\x0e\x22\xc5\xcc\
\xed\xea\x14\x8d=F\xba\xfd*\xe7\x96\x22\xf8\xac\xfa\x13\
a\xc7\xd7\xf6\x0d\xb8\xe2l,\x92\xbd6A\xce\x98\xe4\
A?\x9di\xed\x11\xebc\xa3`]\xb9\xdd4P\xb6\
\xcal\xc3`\x15'(\x0bQ\x88\xf4 \x1dF\xdc\xea\
m\x8b\xd6R\xf6\xec<\x11\xf6\x8bR\x97\x92\xec\xb8\x1b\
\x00\xa8\x95\xc1J\xa3s\xa6\xb3\xe5Xe'q\xd3\x85\
\xcb\xaa\xee\xd8\x1fhV8\xb5\xbb}\xda\xc2B\xc0R\
y\x95H\x9fj\xc6\xc7D\xe1a\xb5\xc4\xd0\xe9J\xb4\
)W\xe2\x9d\xbc\xe9^\x17\xad\xa6\xac\xee\xca\x92b \
\x11\xb9\xd8\xd4\x9fIT]$\x81?6\xd1\xcb\xd6\xa8\
\x1c\xef\xb9\x93\xa0\xd7^\xbc\xe9\x8d\x1fE\xc6@\x90H\
!\x5c\xc1\xd2\x99\x0ab\xebe\x12J\xa3}(\x09;\
k\xc1\x97M\xc6\xd4\x12I\x8b\xd0\x00P2cj6\
\x9d\x161E\xdb\xba\x16\x12V\x9eh\x1d9\xc7ZV\
\xf2^\xbbM\xb6\xf2^BT\x0e\x87m+iv\xc6\
\xcf^\x046\x94\xacl&\xa9\x16\xd8}\xa4\x81\xb4M\
8\x8bN\x94\x9a\xa4m\xa2\xa8\x1c\xe0T\xec\xf4\xafq\
\x8e\x01i\xc5<=\x7f\x85\xe2\x0c\xa2\xe2\xce\xed\x950\
\xe3K\x12\x92\x95\x02\x0c\x8fz\xe7\xcb\xf2\xe9\xf1\xf7\xa8\
\xf8\x8d\xdb\x87eW\x1d\x9cqN#\xc2w\xaaQr\
\xc9\xc5\xa6\xcd\xe5\x1dV\xdc\xca\x01<\xfc:OP\x0d\
ta\x9f\xb3\x1f6\x13\x1b\xc3\x8a>\xdfvC\xa1\x00\
\xb8\x90FG\x13\x99+\x88\xcc\x929\xec\x0dn\xe2\xa9\
4\xbe\xbcj\xc1\xbb\x84\xeb\x885%\xc4\x91\x1f\x105\
%C\xfc\xe0N\x9c\xc0\xea*z;\xcc\x11\xc3\xcaM\
\x966\xda!\x06\xdf\x11ml\x17\x15\xa8B\xc0\xcc\x95\
\x83\xe4@\xf6\xa3)\xc6\xd5\x87z\xbfh\xbcJ\xdc\xdb\
\xdc)\x0bJZ\xef\x09T$xP\xa9&=\x8c\xfb\
UNyg\xd7\x01n\x9b\x01aiO\x87E\x94\xf3\
\x827\xfc\xea\x88\x11d\xf7d\x03\xa3j\xcd#\xcf\xff\
\x00QG@\x8b\xbb\x88\xb9J\xcaA\xef\xad\xcaO\xfa\
\x8f?Q\x02\x99/]\x9a>F%n2w\xc9S\
J\x0aJL\x11\x11\x06yEN\xb9U\xe9y\xc6B\
\x8b\x0au$\xad\xac\xdf0\xd2\x0f)\x1c\x94G\xfbU\
t\xce\xa9\xf7\xe23\x88\xe5\xb51\x15\xab\xddgI\x14\
\x12<\x9dc\x95\x00\xb4\x81\xea|\xa9\xf6*W\x0f\x89\
\x1d:\x0a\x9a\xcb%\xaf\x0c\x1a${T\xd7&w\xf2\
\xb3X\x08\x83>\x955\xc3\x96I\x8bQ\xa8\xe8u\xe9\
Dso\x91\xcd\x88\x8dF\xbfJr\x8d\xc3\xc1\x11\xac\
\xcd9\x0f\xd8\xcb\xd2'Ojr}\x1c\xca\xab\xf8\x88\
\xcb\x9b\xf5\xde\xaeWF9+7\xe3R\x05_\xd3\xa7\
\x1c\x91\x0e\x92\x1c\x88\xd0Rv\xe2:\xc9\xae\xf5cC\
F\xd6\xb9\xe0\xd6\x12\x11\xe1\xe9\xbdJ\xbf\xb7H\xe1\xcc\
*R\x92S<\xe3\xf7\xa5M\xd1p\xbc(\x81\xf2\xce\
\xda\xd2\x1bY,\xf0\xb3)\x84\xeaw\xd3jE\xb7G\
\x02<\xa8Q^](6\xc6\x94\x02\x86\xbbG\xfbR\
\x0d\x81 \xf3\xa3\xec0\x9d\x8d\x10t\xde\xd4\xe8\xd3&\
L\x7ff\x90`\x13\xcc\xfaS\x05\x01\xa7\x97J\x034\
\x8a\x03Z\xc6\xa2\x80\xd4\xf5\xde\x917#\xd6\x9c\x0c\x1c\
\xb5\xf7\x14\x1bd\x18\x8eT\x83J\x12b~\x94\x06\x86\
\x9a\x1a\x03ydkF\x83q\xa4\x13@h\x8f\xf6\xa0\
6\x07/\xca\x82(\x01\x1b\x1fJ\x0c\xa4\xfd(\x05L\
\xe8@4\x13Pg2`+\x98\xebA\x92\xe2\xe5\x0a\
\x03\xc2\xa5x\x00\xf5\xff\x00i\xa0\x10\xf3\xa9g:S\
\x98BBR\x12<Yz\x01\xd4\xec>\xbc\xa8\x01P\
\x92\xe6'j\x95\x80\x1c\xb7c\xe2\x12\x01\x94\xa6NT\
\x04\x9e\xa0\x99\xf3\x89\xe9A\xa3\xb8\xb7\x18o\x05\xc0o\
R\x872\x14\x17\x88ZS\x98\xa0\x93\x099F\xaa\xe4\
r\x8f.T\x07\xcc\xbe\xd0q\x01\x89q\x8e/x\x9c\
\xdd\xd3\xaf\xadm!Q!3\x03o\xe6P*\xf7\x9a\
\xa8u]\xb1\x04\xdb-kR\x82L\xe5\x11\xb4\x9d\x7f\
J\x9a 7U\x9d\xf4\x88\xca`'\xd7\xce\x98\xad\x5c\
-(\x0b^\x9b\xe5L\xefA\x19J\x07t\x9d~T\
\x95{\xf2\xa3`\xf3>\x16@ \xe6L\x00=\xf3R\
\x06D\xb9v\xfa\x89\xcc\xa2\xa4\xa4y\xeeM3H\xb2\
\x93\x9dEZ\xa6\x00\x1a\xeat\xa0%\xd0r\xba\x19\xca\
%! \x0e\xa4A\x8a\x95N\x1d\x1b\x83\xdb\x0e\xadj\
D\x94\x17\xca\xa5Z\x12'\x9dr\xf9\xae\xab\xbf\xc1\x8e\
\xe6\xdd\x97\x02\xe1\xff\x00\x8c\x08!\x099\x0c\xe5\x8c\xc0\
\xff\x00\xb8\x15\xc1s\xdf\x0fFa\xa5\xc5\x1c\x22\xa2\xd1\
\x96C\xa0\x8c\xc4\x912?Z\x9f{ZzM!1\
~\xcf\xb0\xd56\x90\xfe\x1e\xdb\xb9\x0c\x88D\xa8\x13\xcc\
u\x8e\x95s\xcbc;\xe1\x95T\xbd\xec\x9d\x92\xb5\xae\
\xd5jBI>\x15~\x19\xde\x0fO*\xd2y\x99\xfe\
\x8c\xd9\xdc'\x83o0U%\xc4\x85\xadH##\x88\
Q%?\xd6\xa6\xf9w\xca\xa7\x8bN\x85\xc1\x98\xad\xdd\
\xaa\xc2B\x96\xd9m^\x109H\xf0\x8d:\x1d\x7f\xf4\
\xa5\xef\xb5\xfa;\xcf\x0e\xe3\xce\xfc+aR\xb4\x14\x80\
H\xe4z\xc7\x9e\xa6\xabe\xeb\xa5\xd7\x0f\xc5\x02\x90\x08\
\xf1\xa67\xa3cI\xc6q\x00\x90\x90\x15\x13\xb9#_\
\xad\x5c\xa0J\xefs!:\xa8i\x10i\xe8\xbe\xc9\x18\
\x87v\x94+6\x83\x94\xe9Kj(c\xa9a`)\
A\x02}\xe3\xd6\x8d\xa6\xc1\xf6\x9cB\xda\xe0%d&\
`\x15n(\xfe\x91\x13\xb6\xd8\x81Sa\xd0a\xb3\xa0\
P\x12\x99\xa66$_\x9c\xc8)T\xa4\x8d\xccG\xbd\
9\x0a\xd4\x8d\xa6-\xb0.(\x12wQ\xd2\x9fH\xb3\
i6\xb1XP\x19\xf4\xe93W\xb4$mq\x84\x10\
\x02\x88\x9d\xb4\xa73\xfc\x95\xf1\xfe\x12-^\xb6\xf0\x00\
(\x02D\xc1\xe7U2\x95\x8d\xf1\xdcy-K\x07~\
T\xb64\x12\xf12\xde\xe0\xd69\xf4\xdf\xc7y|\xf7\
\xff\x00\x88\xcfe\xe1\xcbk>*\xb5h\x07YPC\
\xf9D\x15k\xe1T\xf5\x1b{\xd6~<\xbdo.\x8f\
&\x1e\xf8\xd7\xcflB\xc9\x8cEsn\xf0&\xe4w\
\x81\xb5\xa3&WF\xe1'l\xd1\xf8N\xfa\xc1\xd8W\
\xa5/\xdb\xc7\xcak\x85~\xdd\xa7\xec\x1f\xb9\xb3YR\
\x16R\x1dnd\x18\x07E'\x9cL\x10EUf\x95\
f\xe5\xbc^\xc2\x1ek-\xd3y|M@\xcc\xb11\
\x99\x1e{\x125\x98\xd2\x8d\x06\xaf\x9a7\xe0\x5c\xe5*\
Q\x09K\xa3R\x02\x86\xe4\x7f}(\x9c\x15B\xbc\x80\
\xda\x8bg\xe7\x0d\x00O-\x15\x1f\xd2\xac\xb6i\xa4\x9c\
\xcf\xa1\x09*\x09AW\xa0\x1b\xfa\xe9H\x90\xf7\x8a9\
\xd24'CL.\x5c\x02\xf2\x19\xc6\xec^9\xbb\xa0\
\xa4\xac\xef\xef\xed\x22\x91\xfd:\x9e-j\xd3\x89}l\
\xdc\x95\xac\xaaV\xdaY2\x06\xf3\x13\xa8\xd7\xda\x8e\xd3\
\xa8\xa8\xdc\xd9\xb7r\xa2\x18}+p\x92\x12\x97\x07v\
W\xe4\x0c\xc4\xf9\x1aiT\xef\xd2\xa6\xd6\xe2\x1c\x0aJ\
\xd0aIX \xa4\xf9\x8eT\xe1\xa3y\x9adq\x06\
bw\xa0$\xf0\xd2\x09\x1f\x90\xa1\x8ek\x86\x10\x93\xa0\
\xe6<\xab>\xfapy?\x0b^\x1e\x84\xa0\x02j\x1e\
~|%m\xd3\x00\x1d\xc9\xa3\xfbsl{iI\x8e\
\xbc\x8ciO\x84\xec\xe1@@\xe5\x03j}\xaad\x1e\
\xe4i\xac}t\xad$V\xf9Wq%\x02H\xe7U\
\x1d\x18_\xa5Z\xf4\x8c\xe4\xef\xe7V\xee\xc2\xa2\x88\x05\
\xdfM\xa6\xa5\xdd\x8a\xc3\x82Z\xf7\x8a\x066\xe7I\xb4\
\xfc\xba&\x01\x87\x95e \x13>T\xaa\x9dO\x86p\
\xb9JAN\xe3Z\x92\x8e\x8d\x86\xe1p\x84\x80\x01\xe8\
h\x0b\x13\x18|A\x1fX\xdb\xd6\x94$\xce\x91\xae\xf4\
\xd6V\xbe^\xf4\xa0lF\xb1\xb5\x00\xb4\xc6\xf4\x83\x06\
\x9as\xa7\xc0aW\x9f\xb5\x147\x14\x83\x5c\xc0\xda\x80\
\xdat\xe5H67\xe9L\x99\x14\x1b\x08\x834\x13D\
f\x07\xa5\x01\xb1\xa4\xc5=\x9b`\x7f\xe8)\x06i\xb4\
P\x1a\x9d9\xd0\x1bH\x83G\xd9\xb4t\xdbZdW\
\xf7\xad\x144f\x90o\xde)\x11@k:\xd32\x84\
\xefH7\x1c\xce\xd1;S\xd8l\x89\xe5\x22\x826\xb4\
\x85>\xcaL@\x0aQQ\xe5\xa6\xff\x00\x9d#\x07l\
\x87.QqtV\x95%j)l+\xf0\xa0\xc0\x07\
M\xc9\x1a\x9f#\x1dh=\x1c\xc2\x98S\xd8\x85\xe3\x8e\
0S\x9d\xf0\x90\x13\x07(m1\xa7\x91R\xcf\xd2\x99\
9\x07o<^\xde\x07\xc2\xf8\xd3\xec\xa9,\xb7l\xda\
BT\xe2a\x1d\xf2\x86T-'\xf9\xb3\x12<\xc2E\
\x06\xf9\xda\xfb\xcbXq\xc5+\xc4\xe2\x899\xcc\x92\xa3\
\xe7\xeai\x98\x92\xd1f\xd1A\x0a\x19R@\xf7\xfe\x9e\
t\x8c\x03i\x05\xcc\xdc\xd3\xb1>T\xfb \xd7:\xb7\
\x91;\xabR\x7f\xbfZ\x0b\xfa\x10\xc3\x0b\x7fD&D\
\xa5\xb2d\x08\x00y\xfaR\x02\xed\xec\xc9l)W\x16\
\xc8L)\xcf\xf1d\xc7\x90\x00\xc9\xa6`\xad\x05\xbbn\
\xc8Z\xeed\xa9Y\xb2\xf7h\xd3\xa8:\x9f\xcah\xfa\
!\xd6\xb0\xeb\xa9\x93\xb9\x09\x9e\xb5*I4\xe9]\xfa\
u\x85w\xbb\xf4\x8a\x14\xe9|\x19\x88[\xdb\xa1\xa2\xf0\
\x9c\xc4\x92O\x9dq\xf9wk\xd3\xf0~\xdc^\x82\xe1\
\x1e;\xe1\xec5,\xa6\xe2\xf6\xdd\xa4\x91\x04\xb8\xb1\x07\
I;\xed\x5c7\x1b\xb7\xa1\x8f3\xb7Z\xe1n4\xe1\
\x5cS\x13\xc3\xec\xda\xc6,~\xf1\x0by\xd0]I\x19\
\x01JG9\xdd_\x95+\xfbf\xe8\xd5\xdf\xaa\xe2\xcf\
\x09\xda\xf1\x16\x0bo|\xc2\x90\x94<\x8c\xde\x18R\x02\
N\xa3\xd8\x883\xca\x9e\xa5\xe8\xb7q\xedN\xc6\xfb?\
r\xc1&!M\x93\xb6]\xbf\xa5FX\xd9\xd3Lr\
\x97\xb5iXj\xd8\x94\x902\xce\x84m\x15\x9d\xadt\
\xd8\xb5i\xb5\x82\x94\x04\x9d\xbc#z=\x8f\xd5l\xe1\
\xfb\xc0\xdeT\xf8\x8fI2\x07\x95\x5c\xc9\x17\x18\xbda\
\xd7 6\x9c\xa6c\x90\xd3\xda\xb6\x95\x85X\xac\xf1\x02\
D,\xfa\x93\xbdi\x11G3~\x95\x12\x90DF\x80\
\xedW\xb2\xfb\x0bw}\xdd6\xa1\x9b.\xda\x83\xb1\xde\
\xb3\xaaVq,y\xdbr\x0fy)*\x00\xa5#\x7f\
1>\xd5\x17%z\xedJ\xc7;C\xbc\xb2\xbcQ\xb5\
s+HXChT\x9e\xf5Q\xa8\x09\x89\xd3\xaf_\
*s.Sq\xd2\x00\xf6\xf7\x8da\x0bt2\xc8y\
\xa1\xe2p\xa9d\x04*u\x04L\x11\xd4\xc8\x03\xadm\
\x85\xc7\xed\x8eW.\xb4;\x0d\xfbV&\xea\xe5L\x5c\
\xa9hy\xb0J\x9ahJ\x15\xa4h\xad\xa0\x1eG\xa4\
\xcdo\xe9+\x19\x9e\xaf+\xff\x00\x0c\xfd\xa1\xbf\x88\xb6\
\xb54Y\xbb\x04\xe4\x96\x9cIZv\x80D\xea\x7f?\
\xdc\xf4\xb3\xa1\xef\x82\xf7\x84v\xc4/.\x1aB-\x09\
)$-.\x11\x99\xbf1\xd7\x9d/N\x04\xc9p\xb1\
\xe2\xfb[\xf7<\x17\x01\x00\x0c\xc4\x10du\xfa\x7fJ\
\xce\xe3ZL\xe5\xe1h\xc3q\xc4\x17\x92\xd1p\xadg\
Pg\xc2G\xadgxk\xda\xd6\xc5\xd7x\xd01\x13\
\xb15S&7\x0eX\xea\x89IO*\x9c\xae\xf8V\
3\x9d\xb8\x97\xda\xa3\x84\x9b\xe2\xae\xca\xb1\x9bu\x00H\
\xb7Y\x12<\xab*\xdf\x17\xc6\x0c^\xd0aX\xb5\xcd\
\x8b\xe5B\xdd\xd3\x99E\x1b\xb6G\xe2\x1e\x87\x95zX\
_h\xf2|\x93Yj\x9aC\xb7xm\xda\x18Z\xdb\
\xb9\xc3\xd4\xeft\xb6\x9fOx\xcbjP\x90G0\x85\
\x03#)\x115\xb7\xd3\x9b\xaa\xce\xea\xd9\xcb\xe6\x9e\x08\
6\x0e,\x90\xe0Z\xca\xda$\x18\xdc\xf8\x81\xe7\xac\xe9\
\xce\x9c\x88k\x11C\xb6)Sj)i=\xe8* \
\xf8w\x9f\xa10zA\xf2\xa2\x0bQ\xd7\xac\xb4\xa5\xa0\
\x9d;\xd0\xb6\xd4:+t~\x95D\x8b\x07\xb8\xc4R\
\xb56\x1c\x09L\x96\xce\xcb\xd3oq4\x1a3\x12`\
1p\x009\x91\x932\x15\xfc\xc8&R\x7foPh\
%\x83\x84\x9dl]XgJ\xf2\x92R\xe0J\x80\x91\
&#\xa1\xd7\x9dMS\xaf\xe2\x96\xca\xb8\xb4\xb0\xb9\xb3\
p\xbeT\xcaJ\x92\xd8!\xe4\x14\x80\x0c\xa7\x9f-D\
\xd1\x11U\x1cZ\xe8],\xa5\xd4\xa0\xbe\x92RV\x12\
\x12T:,u\xf3\xde\xa9(G\x9d8\x98n\xca\xe1\
\xd2]\xf9-_sR\x85rB\x8e\xe5\x07o\xf2\x98\
#I\x14\xa7\x01]\xd5:(eRt)P\xd4\x1e\
\x86\xaf\xb0q)\x98\xdc\xd2\xdf\xd0Ja\xbe'$\xc5\
*\xc7;\xf9\x5c0\xa2<0EK\xcf\xf2\xcf\xb5\xa6\
\xc5\xc0\x00\x04\xeb\x1c\xf9TW\x9f\x9cJ0\xa927\
\xf5\xa6\xe6\xa3\xd9P\x8d6\xe5\xe7GI\xd1\xec\xe1<\
\xf2\xd5\x1c\xe3\x80\x97+\x04\x11\xb7=+I\xca\xf1\xed\
]\xc4\xd5\xbc\xe9\xaf:\xb9\xdb\xa7\x05Z\xfb\xe73\xf5\
\xe9U\xb7n\x13@\x11\xab\xbaR\xafC\x1e\x97n\x1b\
\xb5\x0a\xee\xf6\xd7R:Vm\xa3\xaap\xe6\x1d\x9b)\
\x89\x9eU&\xeb\x1c5\x87\x04\xb4\x80u;\x81G\xd9\
/v\x16\x80\x01\xa4t\xa4'I\x96\x98\x94\x8d=\xa8\
\x14\xa0b\x91\xb7\xc8iL\xdb\x99\xd6\x90(hA\x8a\
\x03|\xf5:PM\xe93L\xda\x83H2\x01\xd0\x1d\
\xbaP\x19\xa6\xc3\x95\x22+_jz6\xf9\x1e\x9d)\
\x86\x03\x06\x90h\xd0\x18#\xde\x80P3\xe5@d\x02\
\x22\x83a\x13A4\x06\xa2\x80\xceQL6'\x9c\x1a\
G\xb6F\x9bk@d\xef\xe7A\x14\x04m:P\x0a\
I\xe9\xbd0\xdf\xa5Hoq\xbcS\x00\xef\xfcn5\
n\x9f\xfa\xc8X\x5c\x7f$\xa7Os\xa7\xb1\xa0\x09p\
\xa1\xa6\x5c\xd7+a\xc2\x07\x90\xe5A\x9a\xc2\x16\xe2l\
Z\x04\x7f\xcc)\xb2\xb5\x95\x0f\xf0\xd0\x09*Q\xfa\x80\
\x073H<\x97\xf6\xb5\xc4\xdc\xb0\xe1\xb7\x1aL\xb8\xd3\
\x8e-\x94-#e\x122\xa9s\xcc\x15\xae\x07\xbf*\
f\xf2\x0fw\x9d\xc6\x8e\x9d\xd2NeO\x90\xd0~\xf4\
P[\xce\x95[\xac\x98\xfb\xc3\xa4o\xa5\x00:c\xbb\
\x01:\x9c\xa2O\x99\xa6\x00Fg@#\xaf\xebL\x1e\
%Y\x11\x1b\x80\xa7\x07\xa9\xf0\xd2\x02\x1d=\xcd\xa3\x85\
\x22LdJS\xe5\xa5\x00\xc5\xa0\xee\x5c\x08\xdc\xa5\xa9\
Tu<\xa9h$-\x95\xdd\xa9\x04xJc\xeb3\
\xf9S\xd1\xc1l<\x1b|,\xa4\x03\x05_\x9e\x86\x91\
\x93{\x8f\xbc\xd2\xc2R\xe3\x8d$\x00R\x96\x8f\x84\xce\
\xde/\xda\xa7\xd5\xaf\xea\xe5\x0eY_\xe3W\xcf%\xbb\
p\x86\xf5\xcd\x9b\xbb\x07^\xb9\x8c\xcd/\x5cW|\xde\
K5\xb1\x1cH\xbcs\x00\xb7f\xfa\xee\xf5)\xb8y\
=\xc2\x1am\xb0\x09\x1b\x98\xd3OZ~\x98\xfe\x19\xfe\
\xb6{\xde\xd6\x0e\x02\xfbMq\xc7\x02\xa5\x860\xdb\xe5\
\xae\xd1\xac\x93f\xe2\x8a\x9bq) \xe4 \x925\x80\
$F\x95\x8e_\x1f\x0c\xb7g\x0e\x9c>g\x93\x19&\
\x5c\xc8\xf7g`\x9fk.\x1e\xed\xf9\x95a\x18\xa3\x08\
\xc1\xf8\x91(\x07\xbaR\xa4:OO~U\xc5\x9e\x19\
x\xae\xb2\xeb\xf2\xf4p\xcf\x1f.>\xde>\xff\x00\x0b\
_\x11\xe0\xbf\x03z\xe3JF`'Q\xb1\xael\xb1\
\xd3\xab\x0c\xb6\xa9<\xd0mZx\x80:\x1a\xe7\xe5\xd3\
9\x89\x0c5\xd5 \xa6%$\x1f\x94\x9f\xde\x9e\xf4,\
\xda\xef\x83-E#PF\xf1\x1b\xd6\xd2\xb9\xb2Y\xed\
\x810t\x02$V\xf2\xb3\xd1\xd5-h*\x8f\x94\xec\
E=\x8d#\xb1\x0b\xfe\xe1\xa2\x0e\xa26\x1c\xab\x1c\xb2\
\xd2\xf1\xc3jv,\xa2\xfb\x8e\x0c\xc7)\x11\x95?\xad\
cr\xe5\xbc\xc5S\xc4\xb8}x\x8d\xc0{\xbcIY\
\x19|S\xa7\xa7\xbdG\xbd\xd9\xdc\x22\xa7\x8d\xf6ww\
\xdc:\xe2\x01}\xf5@\x08*)\x09\x03\xf0\x8a\xdf\x0f\
'\xd3\x9f?\x1a\xa5\x7f\xd9N6\xf2\xd6P\xe3.|\
A\x85\xa1.(@<\xa4\xeay\xd7N>W.^\
\x12-;6\xe2k[\xe4\xb6\xd5\x8b\xb9@\xfb\xab\x86\
J\x90R\x01\xda#I\xe5\xae\x9b\xd7N>Y\xd3\x9f\
/\x8f\xbe][\x05_\x13\xda0\xab\xbcJ\xd9\xc6\x12\
\xd3\x7fv\xe8P*'\xf1\x10@\xcc\x0c\xc6\x84\x11\xa5\
;\xe4\x97\xa5O\x0d\x9c.\x98/hk\xc3\xda\x09\xbf\
\x00\xe6T\xf7\xd3\x91M\x9ej\x82`\xa641\x07M\
\xa8\x99J\x8c\xb0\xb2\xedu\xc1{LU\x9b\xd6\xcf6\
\xe2o\x19u\x22P\x89B\xe3\xf0\x92\x0e\x84\x08\xe4d\
\x8eT\xee3.\x933\xcb\x1e\xdd\xdf\x84x\xc2\xdb\x1b\
J\x12\x9b\x94\xad\xc5!*(\x1a@#j\xe7\xcb\x0b\
\x8b\xab\x1c\xa6Qr\x032jbo\x15M\xedS\x0c\
8\x9f\x03\xe3,'\xe66\xea\x8a\x8f\xb6\x9b\xe1\xf1K\
\xb7\x1c\x0b\xf8?\x16\xde\xa5\xb3\x0aK\xa5HTh\x95\
t\xfd\xab\xaf\xc3~\xab\x93\xcf\x8f\xda\x86\x85\xa2\xf2\xd9\
\x19TXAFP\x98\x9e\xec\x83%\x07\xa8\x04\xe6\x1e\
D\x8d\xab\xba<\xd4\xa8O\xc6\x84\xa5\xc8m\xc7\x04\x1c\
\xa0\x14f\x11\xaf\xa7\x97)\xde\x8e\x885\xc0S\x96\xef\
3r\x82\x95\xb6\xa2\xdb\x8d(\xc4\x11\xe7\xfa\x1d\xb5\xa0\
\x91\xf7,\xe4\xb6i\xc5\xa5kl9-\xa9B\x151\
\x05\x0a\x1c\x95\xb6\xfb\xf2\xa6@\x9el\x07\xfb\xe3\x94\x84\
xV\x91\xcbr\x93\xe8A\x8fj\x0f\xfbA\xdc8\x92\
\xdd\xdb\x0a\x1f\xe0\xa8\xa9\xa5\x81\xcaD\xa4\xf9\x1d\xfc\x8f\
\xad\x04;\x07w\xb9K\x00(\x80\x1c\x0a\x9a\x9b\x0e;\
S\x9d\xc3\x98\x1d\xb3\x8b\xbdSO\xb6P\xb4\xb4\x86\x0e\
c\x98\x14\xe8\xb9\x00AH\xf3\xf2\xa6\x9b\xa5g\x10\xc5\
\xae\x9dB\x91p\xf7\xc4!3\x01\xe4\x85\xeb\xb6\xe4O\
\xe7L\x95\xbb\xa5\xb2\xe2\x82\x94\x0d\xbb\x89PR\x5ch\
HI\xe5)\x9eZli\x10\x1cj\xdc\xb3\x8a<a\
=\xdb\xdf|\x85!Y\x92\xb0\xadJ\x92y\x89\x9f\xd2\
\xaa^4t*L\xc6\xb2hJW\x0e\xd1B\x93<\
\x96\xbc9gO\xa5Epy\x16K\x17$\x09\xd6y\
S\xff\x00n<\xa2]\xa7\x0e\x9a\xd4\xed\xcd\x966\xd1\
\xcd/\xc3\x07^\xb4\xed\xfc&bt9\x99 ny\
Q\xbd\xaac\xb0\xf7.gA\x911Zc\xc7\x0b\x98\
\xf0\xafbj0u\xdfMj\x9b\xe3\x15\xab\xc5x\xd4\
v\xab\xed\xd9\x84\xd0\x1bx7)\x13\xcfsR\xed\xc7\
\xa7J\xe1F\x01\x09\x8d\x06\x9aT\xe9\xae\xdd\x87\x86\xed\
2\xa12'OJ\x9a\x1dK\x00\xb5\x08B e\x10\
\x22\x99.vLh43K\xfa4\xbb,O\xad\x01\
\x1e\x0e\xb3\xd2\xa4\xf7\xc9q\xff\x00\xa5 \xd82<\xaa\
\x83\x06\x86(8\xde\xe7nT\x06m@n#JA\
\x83\xd2\x80\xc0)\x91@\xeev\xa0\xd9\xb7\xad \xc2y\
\x9d\x8d\x01\x9a\x0d\x8d\x04\xca\x01Zk\xf9\x8a\x0d\x93\xac\
\xff\x00f\x80\xc3\xae\xb1A5\x1e\xd4\x1b(&\xc4}\
h\x0dr1A\xb6>i \xcf\xad\x01\xb1\xa4zi\
H\x8a\x06cZfQU\x03\xed\xbe\xbd\x7fZ\x0c+\
\x91\xdf4\xfe\x9e\x17\xc2$t\x82'\xebL\xb4F0\
\xfaZ\xb1}\x19\xb2\xadJQ\x04\xec I'\xca\x91\
\x94\xf0\x16x\x0c<\xe1B\x9fh.\xe5\xe1\xa1Ca\
9\xd6\xaf#\x94\x11\xefA\xbe~\xfd\xa6\xf8\x9e\xf3\x10\
\xc6\xacp\xdb\x97\x90S\x0b\xbc-\xb6ej\xcee\x05\
^@\x12\x7f\xee\x9a\x0d\xc3\x96\xea\x9cuE1\x08\x84\
\x80)\x93.\xa6R\x80\xa0\x22&yS\x06\xd4\xa1\xdc\
\x95\x0d\xa4\xd0A'.\xa3\xe6)\x89\xf5\xa4g\xb4\xce\
`x@\x00G^t\xc1wL\xbb\x0c\xb0\x80K\x8e\
,&\x13\xcbMh\x0dZ\xa9\x19\xdfRU\x9cg\x82\
\xb1\xb4\x0e\x9eT\x82B\xd4\xe5a\xc3\xa2\x94\xa2\x13\xed\
G\x1d\x9c\x11n\x9c\xef-$\x92\x90\x9c\xb9\xc5M\xfc\
\xaeM\xd2\xac\xb0\x94b/\xf7Y\xf2\xae2 \x9d\x81\
\xe5Ye\x93\xab\x0f\x14\xbd\xba\x17\x0b`\xe6\xca\xe5\xa6\
n\x19R_I\xf1H\xd3\xca:\x88\x93S\x8e[/\
'\x8fQ\x13\xdb\xc5\xa2\x93\xc48(Kp\xca\xadT\
\x1b\x90@&w\x15\xd3:q\xeb\x95\x04Y\xdd\xe1\x0e\
2\xe2\x87\xc2]\x88r\xde\xe1\xd5\x84eLh\xa1\x22\
\x0c\x1dd\xedN\x7fI\xb3K\x16#s\x7fn\xdd\xb7\
\x17X\xe1\xcd\xe0\x17\xf6\x09Ck\xb9\xb3uA\x17\xab\
\x1f\x8c\x03\xa0$G\xcb\xa4\xeb\xb9\xa8\xf2z\xe7=k\
\x7f\x16Yx\xef\xbc\xfa}\x00\xecg\xb5'{j\xec\
\xd2\xcb\x15\xbaJN/d\x91ov\x00\x8c\xe7,\x85\
\xfb\x8d\xfc\xe6\xbc{\x8d\x96\xe3~\x9fA,\xd4\xce}\
\xa4\xef\xac\xbb\xb3)\x04i\xb0\x1b\xfa\xd7>X\xbaq\
\xcbea\xad\x15\x10\x08\xd2u1Yi\xa4\xae\x81\xc3\
\xd6\x05m&\x09'\xcb\xado\x8e\xef\x0c3\xab}\x9e\
\x1b\xe0 \xa1Z\x09\xdb\xf4\xadc\x1d\x9a\xbd\xb2q\xb4\
\x9c\x80Lj\x95t\xa5N_\xca\xa7\x8c\xad}\xe6R\
\x80\x14=k\x97,\x9dX\xe3\xf6\x84,g\x92g\xd6\
\xa3\xbe\x9a\xb0\xe1\xf9\xd2dH\xe7U0O\xb9\xf4`\
\x0b\xb8XIQ\x83\xf9\xff\x00Z\xd6c\xf4\xc2\xe5\xb4\
\xa5\x8f\x06\x92@m\xb31\x9a@\x04\x11W\xea\x8fd\
\xed\xaf\x08:\xda\x806\xc5H\xe6\x95\xa6c\xd8jA\
\xa2n\x0e/kE\x8e\x08\xcaR\x80\xe5\xb0*J\x86\
\xadjG\xf4\xf25\xd12cbL\xf6y\x81\xe2\xcd\
\x97\x1e\xb3\xb7{:`\xe6D\x13\xe8\x07?8\xa7r\
g\xeb\xca\xa1\xc4\x1d\x81\x82\xd2\x97\x85\xbdp\x06`\xe0\
l(\xa6\x08\xf4\xe64\x1eT\xe7\x92\xc2\xb8o\xb4W\
\x0dax\xe7\x09b(R\x83\x8d6\x1d\xce\x02[\x01\
\x08\xd3T\xf9\x03\xfb\xd7F>I\x94\xd5s\xfe\x9eX\
]\xc7\xa48K\x8a\x1b\xe2,;\xbc\xcb\xdc\xdc7\xe0\
u\xa2uI\xae|\xa7\xadk9\x83q;Qyk\
p\xca\xc7\x81\xc4\x14\x12|\xc5e\xf6\xd6t\xf9\x0d\xf6\
\xbb\xe0\xef\xe1|M\x89-:\x14\xbe\xb2t\x8d\xf65\
\xd3\xe3\xba\xae\x7f4\xf6\x9by\x85\x87\x0b.\xb8@\x19\
V\xa4\xc8;%cc\xef\xa8>\xa7\xa5wb\xf2\xac\
\xe5.\x8b\x81g\xdd\x82\x92m\x95\x0e6\xa5n\x94\x93\
\x0a\x07\xa8N\x82|\xaa\xff\x00\xb4\xce\x12\x97\xca\xb5/\
)\xc7m\xd4\xe3\x89Wr._\xfc)\xca`\x16\xc4\
\xe6I\xd2\x14uLlb\x97AU\xb9\xb8\xbc\xc1\xf1\
W\x0b\xed\xc9q\x008\x1c=\xe3o\x024Q\x9f\x9c\
\x18\x1a\xf5\xe8j\xa5\x80\xc2o,\xdd\x0a*s\xf8z\
\xdciL\x94\xbc\xa2\xb6u:\x1c\xff\x002b&H\
 m4\x12\x1e\xf2\xc2\xe2\xc6\xea\xe9\x87\xdb\xf1-\xa2\
\x10\xa4()\x0b19\x92\xa0H \xc7^b\x91\x1c\
\xb0t|\x22\x10&I'j\x03\xac\xd9\xadwX-\
\xa2\xd5\x9a\x16\x80R\xb8\xf9\xb2\x9d\xa9AQX\x92N\
P\x07_\x11\x1a\x89\xe9\xfd\xf9\xd5%\x01v\xcfA\xfe\
\xd4\x11\xbb\x98V\x1e\xc2\x15\x9b\xbb)\xcc\xde\xc7#\x80\
\xc3\x83\xc9$A\xf5\x13A\x82C[mBR6)\
)P\xe6(\xed\x16,\xb8j\x8cj5\xa9\xbc9r\
\x8b\x15\x910(\x8eL\xb1\xdaU\xb7\x0e\x9c\x8e\xe6\xa7\
sl\xae\x22\xdav=\xbc\xe9\xa7\xd4\xf8zD\xec\x7f\
\xbdj\xb4=ta\xe73L\xcc\xc6\xd5zT\xc6\xa0\
\xf1)>\xbf\xa5=\xb7\x98\xabw\x8a\x05ziM\xd1\
\x8c\xd0&U\x96\xe1\x04\x0d\x8c\xd0\xe8\x91\xd5x,g\
\xee\xe4k\xbdKo\xa7g\xe1\xa4\x85\x04\xe9\xeb\xe9S\
\x0e\xba\x9e\x0a\x89Bv\x88\xa0\xb4\xb8a\xed\xc8\x06(\
\x09\x86\x9b\x07Q\xefA \xd3\xa8\xf7\xa9S}G*\
\x03t\xcd\x83\xd3\xde\x91\x15>z\xf5\x14\x06\x86\xde\xb4\
\x19^\xff\x00Z{\x0c\xa0m\x82\x05 \xd8\xa03\xa7\
N\x94\xc3\x09\x9f#H3o*\x09\xbf\xe9A\xb6?\
\xb3@f\xe3\xa4r\xa6\x1a<\xb5\xa4\x18\x07A\xe7@\
jb\x0e\x93H\x17\xc8\x9d\x8d0\xd6n\xba\xd0\x184\
\x1f\xdcP\x0a\xe5\x07\xda\x82l\x0d\x7fz\x0c\xa29P\
LN\xe0\x0d\xa83\x19\x90-\xdaQO\xdd\xe7\xd4\x0e\
s?\x9d\x10\x22q\xe9R\x98\xb2Y\x02\xe2\xea\xe9\x84\
j\xaf\x98\x13\xb7\xb0\x04\x9f\xf7\xa0\xe7\xf6_\x1eb(\
\xb7\xc0\xef\xc2\x88\x06\xe9\x05\x8c\x81\x19\xb2\xa5{\x18\xe7\
\xa0:s\x9a\x03\xe6ok8\x9bX\xb7ix\xea\x98\
Z\x9c\xb7m\xe2\xd2\x1cw\xe7)JF\xaa\xf3*\x92\
G\xa0\xa6\xa59\x95\x05e1\xf3(\xa8\x9e\xbc\x87\xe9\
E&\x9dQqJ;$(\xed\xbe\x80\x7f\xbd\x1b\x01\
\xde^Kv\xce\x99\x8f)\xeah\x04\x11\x10\x0e\xd9\xb6\
<\xb6\xa0\x1d\x03:RN\x80\xab,Pmb\x0a\x97\
\x99\x04\x90\x90Tg\xd2\x997b\xd9E\xabiV\xb9\
\xe5J\xfd\x85\x06\x96d$0\xc8\xd0\x1d\xcf?j\x83\
\x83xr\xc0_\xe2\xe8iF\x12\x94I\xf3\x93\xfe\xdf\
\x9d,\xee\xa3\x7f\x0c\xf6\xcbKM\x87\x09\x85\xb9\x9e\xdd\
\xe7\x10\xf9'(\x10\x125\xdc\xcc\xd7&U\xe9c\x8f\
\xe1\xd8\xb8?\x03\xba6\xcc\xa2\xed\xa6\xae\x18df/\
\xa9\xf2\x16\xc2bI\xcd\x1a\x08\x12A\xac\xa6V\x7f\x16\
\xd7\xc7\x8eS\xf7$\xf8\xef\xb2\xfbn\xd4x^\xdd\xdb\
<A\xab;\x8bB\x1f\xb5\xba\xbcl\xa2\x090\x12G\
<\xd2#Nu\xae>}q\x5c\x99|=\xf3\x8a\xa1\
\x84\xf63\xda\x86\x12\xc3v\x97\x98\x1f\x0d\xe3l\xb8\xa2\
m\xcd\xc5\xfb$\xaa7\xca\x95\x00\xaaw\xcd\x87\xd5D\
\xf8\xdeKy\x84\xf1Gb<{\xc5=\xd3\xfcKd\
\x94a8{R\xc5\x8e\x0d\xf7\xd2\xa4\xceF\xa1\x22\x10\
\x9d\xf5\xd7\xa6\xe6\x9e\x19\xe3y\xd8\xcf\xc1\x9c\xe3N\xa7\
\xf6\x13n\xe1\x9e2\xe3N\x1b\xbd\xb3z\xc5\xd1n\xcb\
\xe9\xb7\xb8AmM\x92H:\x1e[W>S\xf7\xed\
\xe9\xe3\x8f\xfc\x1d=+\xc5\x1c\x22\xac5\xfc\xa1Az\
\x90\x91\x10}\xfe\xb5\x97\x93\x03\xc3- -\xacI\xbd\
i\x95@\x04\x80B\xb4\x10N\xfe\xd5\xc7f\xab\xa6]\
\xcd\xbb\x07\x08\xe0=\xe3AA\x19ae1\xfaWV\
.L\xbf\xb7@O\x0c\x06mP\xe6Yor\x0f:\
\xd6\xcf\xb6{Ux\x8f\x0f\x16\xe5]\xd2\x96Q\xff\x00\
\xd3#0\xe84\xde\xb1\xc9\xb6\x0em\x8aZ\x95\xbe\xe7\
\x9e\xf3\xb5sY\xcb\xaae\xc2(\xb4\x84(\x02\x8c\xf1\
\xac\x13\xa1\xa2O\xa2\xb7g\xd8\x0au\xe0\x96\xd0\x1cs\
\xa0\xfc>u\xb4\xc5\x96Y\x15\x89q\xff\x00\x0b\xf0\xae\
+\x87\xe1\xf7\xf7\xbd\xfd\xed\xc1ZUoh\x92\xf2\x9b\
ZS\x99!YtIT(\x09\x8d\xab_[\xae\x13\
\x8e6\xddQ8/\xda;\x01\x1c[\x89am`W\
\x8f)\x8bK{\x84\x04:\xd9tNd\x94\x14\x05\x18\
3\x07y\x8d\xc0\xa7\xe9\x96\xb7\xa1\xe9\x8f\xb7\xaf\xb2\xe7\
\xc3\xdfh>\x13\xc5q\x9cm\xbb\xdb\x1cS\x08\xb5\xc2\
\x5ck\x0fr\xe6\xea\xcd]\xd2nJ\x03\xae\xa5jH\
PB\x90\x16\xd82F\xe7j2\xde\x1a\xf6\x89\xc7\xc5\
\xef\x95\x98Y]\x17\x07\xbe\xe1\xde*C\x8f`\xb7m\
\xdc\xb6\x82\x94\x87-\x9cJ\x92VFb\x90f\x09\x12\
$y\x81Ks.\x8b\xd7<8\xca\x0cM\x92\xac^\
9\xb3\xa1\xb5\x19\x95\x9d'\xcb\xa5+uNk$\x93\
D\xa8I\x83\x1c\xe3\xf5\xa5h\xd6\x8f\xab\x0e\xb6|K\
\x8c\xa1S\xa4\x11\xbd\x12\xa2\xce\x02\xb1\xc3\xa9\xc2\xf1\x14\
\xdeX\xfd\xda\x88\xca\xb4l\x95\xa7\xa1\xf4\xe5W\xed\xbe\
+?_\xb8\xb08\x0b\xc9\x00{\xf9R\xd9\xce;|\
\xfe\xfbwp\x0a{\xdcB\xf9\x099\xd4\x84\xac\x8e\x91\
\xfd\x9a\xbcm\x99D\x5ce\xc6\xed\xf3\x97\x17\xc3\x9cf\
\xf9\xc6\x13\xe0[\xad\x1c\x8a#r5I\x1f\x9f\xac\xd7\
\xa5\x8dx\xf9\xceR\x1c7v\xd63nm\xde*e\
BTT\x15\x01\x85\x11\x19\xc6\x9f!\x98P\xe5W\x7f\
(\x89k+f\x1c}Xf'\x96\xda\xe9\x22\x12\xea\
\x06F\xd6\x909D\x84\x9d&v\xf2\xa5j\xe6<\xab\
\x9cG\x8b\x04\xbdp\xd9\xca\xf8i@\x0c\xca\x19\x90\x93\
\xb6U\x01\xa8\xde\x08\xd0\xc4kD\x16Ef\xf5\xdbk\
\x8f\x02.\x92\x89\x03\xc2\xf3D,u2\x99\x07\xe8*\
\xe3;[\xbby\x84\xdb\xb0\xc5\xab\x8b\xb8\xee\x82T\xe5\
\xc2\x91\x93\xbd1\xb0I\xd4\x01\xd4\xea|\xa0\x0ail\
\xb7\xdd8\xc2Q\x04\x14\xa8\x05$\xcc\xed\x1fM\xa8\x0e\
\xaf\xc1\xf9/8u\x8f\x10a\xc3\xe1\x0ap\xc3z\xe9\
\x1f\xe53\xcfoJ\x88t\x8b\xcb'\xad][\x0f\xb2\
\xa6]\x89JT\x22c]9\x1d:MZ\x10\x97\x16\
\x8bqA(B\x94\xa5\x18\x09H\x92O\x95\x00%\xd5\
\x92\x99PkE)?1N\xa0\x1e\x80\xf3\x8d\xa6\x8d\
\x83h\xb0qZ\x04+\xe9Kd>\xcf\x0euZ\x86\
\x95\xaf\x91\xd6\x8d\x95\x8b.\x1d\x84\xdc)`\x86\x96G\
\x92t\x15,r\xc6U\x92\xcf\x05\xbbRA\x16\xce\xff\
\x00\xe41SX\xe5\x84H\xb7\x80\xdf\x93\xe1\xb5t\xcf\
\xf9hcp\x1a\xdf\x0cbk\x12-\x1d\x03\xcd4J\
^\x82\x11\xc1\xb8\xb2\xc8\x8bE\xfd*\xb6_\xa6\xdb\x9c\
\x0b\x8c\x91\x1f\x0cA\xaa\x97\xe9~\x88\xeb\xae\xcd\xf1\x97\
V\xaf\xb9\xd3\xcc\xd3\xe5\xb4\xc1\x16\xf7e8\xd3\xc7\xfc\
,\xbf\xad9ki\x8f&Y\xec\x7f\x1aS\xe9\x84\x89\
\x9e\x94\xd7\xa7T\xe0\xce\xc9q&\xca3\x11\x066\xa8\
\xe5N\xc3\x80\xf6mv\xc9Fg`@\xe5Oa\xd2\
0n\x0bu\xb6\xd2\x14\xa3\xa8\xe9\xad#Zl\xb8Y\
i\xcb\x99j\xd3\xa0\xa3\x92\xa9V8oo\x12\x8f:\
Z-(DM\x0al\x1f-)\x9b\x04\x0a\x5c\x11`\
\xeb4v\x1b\x9eZ\xcd\x07\xdbCZD\xde\x93;\xf9\
S=\xb6t\xe9\xbf*\x03\x22Ds\xa0\x14\x22&\x80\
\xce[\xd3\xd8f\x82\x90b\xb7\x1b\x1a\x03^t\x02\xa2\
?z\x03]'\x95\x01\x87SL2'\xfd\xe9\x06\x86\
\xa7\xfb\xd6\x90+^t\xc3Fc](\x0d\xef\xa7J\
\x03cmt\xf5\xa0\x8b\x07s\x1f\xedH3s\xac\x1d\
)\x9bi\xd0\x8a\x005\xac5j\xda\xb7K\x049\xea\
B\xe0\x0f\xd6\x90\x09\x8d0\xa7\xf1L\x11\xa4\x08?\x1a\
\x08s\xa2\x82T\xa5-=`i\xd2\x83R\xfbf\xc5\
\x8e\x1de\x847n\xeaP\xa3usv]S\x99\x08\
\x0c\xb2BVO4\x82\xa4\x8fU\x01\xa53|\xda\xbd\
\xbaU\xee%\x8a\xde:\xe6g\x9dq\xd5\x07\x12>r\
\xa5L\xfb\xd2P4Bu\x1a\x02\x02A\x1c\xb4\xa7R\
B\xe0!\xc2 I\x09\x1e\xbf\xdf\xe9@\x0dw\x05\xe4\
 \x0d\x11\x00\xcf\xd4\xd0\x0aI\xe6y\x09\x8f\xa9\xa04\
\xd2T\xa50\x06\x8a*\x0a=9\x9a\x0c\xab\xb2\x97\x1e\
qD\x15\x04\xa4Nc\xa4\xd1\xb1\xd9\xd2\x9dR\x92\x7f\
\x08\xd8F\xa6\x8a4\x93\xb7l\x19$\xc2R3-C\
HJF\xa7\xfb\xf2\xa5\x0dt\xec_\x07N?\xc4\x98\
\x83\xee \x84\xa1\x85\x14\x04\xeb\x94\x84\x9d=\x00\x15\x8f\
\x9a\xf0\xf4~\x16\x1e\xd9\xed|\xc4\xf8&\xef\x0eh\x5c\
4\x95 $\xc1\xcc\x0e\x86\x7fJ\xe3\xca\xbdO\xd3\xd2\
s\x03\xc7\xaf\xb0\xd7\x13o\x88X\x0b\x8bE\xac-M\
e\xd1zm\xe6$\x03\x1eU\x95\xcfM\xe6;\x9a\xae\
\xa5a\xda.\x0f{\xf0f\xfe\xd0\x1e\xe1a\xd1\x99\x0a\
 \xac\x02\x02\xb9\xccI1\xb4\xd4L\xa7\xdby'k\
\xae\x19\xc4\x98~5wn\x8b{\x22\xf7v\xa0\xa4\xca\
\xfb\xbc\xfb\xc7\x89C\xc32f7\xf2\xaa\x92t|v\
\xbf\xe1\xb6\xef\x5c\xb0\xdd\xcfv\xdd\xb3J0\x10\x14\xb0\
@\x07^\x89$\x1e[s\xd4\xd6\xb3\x8e\x98e\xeb\xbb\
\x12]\x9bv\x7fe\x81q\x06%\xc4\x8e%\xd5b8\
\xa2\xd0\x97.\x1d9\xcbm7\xa2R\x91\xc92d\x8e\
sYcm\xcb\xda\xa3;1\x9e\xb1t\xe2\xd2.]\
A\x90ZL\x90\xd8\xe4N\xf1\xe5\xfd|\xabO%\xdb\
\x9f\x15O\x0a\xc3\x0d\xe6&T\x122\xa4\xc4\x93\xbdq\
\xf7]S\xa7z\xe0\xbc\x09-4\xda@\x83\xbc\x1eu\
\xd5\x8cq\xe5]\x11\xeb\x14\xa6\xd4\xa7,\x025\x8a\xed\
\xb8\xeb\x17$\xcfu\xcf8\x9f\x0bC\xae.\x00O\x22\
\x22S\x15\xc1\x975\xdf\x8f\x11\xcc\xb1\xfc\x05Ip\xf7\
#6\xfa\x01\xa6\x94\xbdNd\xaa^a\xdf\xc3\xd6\xe2\
\xdeR[@\x04\x15*\x06Q\xd6v\xaa\x98\x0fk\xd3\
\xce\xfd\xa7v\xf9\x88^^\xb9\xc3<\x06\xca\x9f^r\
\xdb\xb7\xad\x92\x9e\xf0\x9d ,k\x1f\xe9\x83\xd4\x8a\xd7\
\x0c&\x5c1\xf3y?Fo\xed\xe5\x1e\xd9\xb1n0\
e\xf6\xac\xf1lg\xbb\xb4$\xe5\xc3\xad\x13\xdd\xdb%\
CE\x156\x9d9\xc6ef&N\xa2\xbd9\x84\xc6\
p\xf1\xbc\x9f#\xc9\xe5\xfeUS\xe0N\x19\xc58\xb3\
\x18\xb4\xc1\xf0\x9b\xf7\xad1[\x85\x91n\xd0^\xae\xae\
\x0a\xbc\x1a\x83\xa0\x07c\xae\x80L\xc5W\xaf\xb3\x09\x95\
\x9dU\xef\x84\xbbZ\xedc\xb0\xdce\xac+\x08\xe3K\
\xdc%\xfb\xd7\x0b\xcf0\xcd\xc7~\x85>\xad\x14.\x1b\
p\x18t\x90\x02\x82\xa4\xe851Q\x94\x91\xbf\x8f\xcb\
\x94\xe9\xe9n\xc6>\xd0XO\x15&\xd3\x0c\xc3C]\
\x9cv\x99\x98\xb6\xeb\x97\x97y8s\x17^\xaa[\xd7\
AFZ}fun3\x13\xd0i\xc1\xe5\xf0L\xaf\
\xb7\xdb\xde\xf0|\xc9\xeb\xe9f\xe7\xe2\xf7?\xd5z\xbb\
\xb2\x1e\xde\xd8\xe3!s\x85bJ]\x969`\xa0\xc5\
\xd5\x95\xe2\xc7z\x1c\x89\xcc\x94\xf3l\xee\x95l\xa0A\
\x1aW\x9f\xbc\xb0\xba\xc9\xd7\x97\x8f\x1c\xa7\xbe\x1dWr\
\xb2\xb8K\xed\xa5I\xd0\x7f(\xda\xaf{\x8e{4-\
\xa7;\xb5\xe4Q\x00\x93\xa5\x1b\xd1kq\x22\xd3\x83 \
\x03\x958\x8b\x054\xde\x9f\xb5\x5cc\x95y\x93\xed\xb3\
\xc3\xa9\xbb\xe0\xeb\x8b\xcc\x85E\x16\xcb*\xd3a\xa5T\
\xe2\x95\xe7\x0a\xf9g\xc5\xfc<\xda[\xb4\xbal\x92\x04\
\x85\x05h\xa1\x1a~\xb3\xadzX\xbc\xac\xa6\xd4\x8b{\
'\xf0\xcb\xdc\xcd7\x91\xd8$f3\x9aD\x11\x1f\x88\
\x11\xb8\xab\xdb-Wp\xfb9vgk\xdb\x8fiX\
G\x0d>\x02\xacn&\xe1\xf4\xdd\xac\xa1\x96\x83@\x1c\
\x8a\x88+\xd7X\x90U\xa0\xe5\x5c\xbe|\xae8\xf1t\
\xf4>/\xad\xcf\xf7M\xbe\x95\xe2\x9f\xf0\xf7\xec\x13\x8b\
\xf8yxs\x9c\x15o\x87KA\xb6\xaf0\xd7\x97o\
t\xc9\xe6\xb4\x99\x22I\xd6\x14\x08\xdbJ\xc3\x0c\xec\xeb\
#\xf3O\xff\x00\xe5\xf3[\xed\xa7\xf6\x16\xc7\xbe\xcaX\
\x838\xc6\x1f\x88\xdcc\xfd\x9d_\xbb\xdc\xb1\x8a\x1bt\
\x87\xec\x9e?+7A05\x1f+\x83E\x10A\x09\
1=\xfe<\xfd\xbb\xed\xe7e5\xd3\xcc%\x0de\xf0\
]w\xcb?\x87\xb9R?2kd\x1em\xc8,\xa8\
\x08\x09Q\x8f\xde\x82zO\xec\xaf\xc16\xbd\xa1Z\xe2\
v\x97V\xce\xad6\xad8\x1bq\x83\x07\xbcJ\x82\xc8\
3\xa1\xf0\xa8}7\xa4+\xbd#\xec\xee\xc5\xb2;\xb6\
J]d\x1f\x0a\x1dI!'\xfd\x04\x18\xf64i;\
\x08\xd7\xd9\xf2\xc1\xc4\x05\xb5f\x96\xf3\x88Q\x1a\x106\
 \x0f\xc29u\xa5\xa1\xb3\x8c\xfd\x9c\xf0\xd6\xf4\xf8T\
\x81\xb0\xd2@\xaa\xe0\x0ec\xec\xfb\x876c\xe1\x91\xa6\
\xd2)j\x04\xa5\xa7aX{g\xfc\x04\xf5\x8c\xbbS\
\xd4N\xaar\xd3\xb1\xdb\x06D\x86\x92=\x06\xb4\xb4.\
)f;+\xb1@\xff\x00\x08y\x08\xa7\xa8W\x11\xad\
vif\x8f\xfa\x7f\x95)\x22\x7fLS]\x9dY\xa7\
\xfe\x88\xf5\xda\x8e\x07\xe9\x09\x1c\x07j\x04\x06\xa7\xda\x9f\
\x07\xe8\xd2\xb8\x16\xd0\x8d\x19\xf2\xd2\x89\xa3\x9e3+\xe0\
;S#\xb8\x11\x11\xa8\xaa\xda\xa7\x88:\xf8\x16\xdfY\
d\x1fj6\xa9\xe3\xfa!\x1c\x0dl\x95\x8f\xb8\x13\xbd\
\x1b?E\xa7\x09\xe1&\x81I\xee@\x8e]*v=\
V\xfb\x0e\x19@\x03\xc0=\xa8+\x16;.\x1eJR\
\x98O\xb5\x09I#\x04\x03\x95\x09\xa2\x13\x84\x84\x9f\x96\
\xafH\xb98\x08\xd8\xff\x00f\xb2l\xdf\xeb@`?\
J\x08\xa1\xaf\xbd\x06T\xcf*\x04\xe5\x80\xcd\x01\xbf:\
\x09\xaa\x0d\xb3\xad W(\xfaS&\x883\xd6\x83d\
\xe9\xb5\x04\xc0w\xf2\xa0\xd8\x01\x1f\xbd\x01\x80\xf2\xe5\xd2\
\x82nN\x83J\x0d\xa3\xbd0\xcd'ri\x06\xf4\x92\
M\x01\xb1\xe6h2N\x86yt\xa0\x9b\x07\xa5\x01\xb1\
\xff\x00\xa1\xa0\x14\x0c\xf2\xa0\xca\xe5\xa0\x9e\x91@h\x1f\
\x10\x90By\x94\x91\xfd\xefL\xc10\xdew/\x82\x90\
\x9f\x0a\xc9\xdc\x90IL\xe9\xe8f\x96\x81\x9b\xa7\x95\xfc\
W\x87\x9eqb3\xb9p\xb3\x1c\xbb\xa5\x15}\x05\x04\
\xe0\x9fj\xfb\xa5X\xf0\xe3\xaf\x06\xd6\xfd\xc5\x8e\x04]\
\x89\x9c\xaa\xbb\xb8HY rKm\x8f\xa8\xa0\xe3\xc2\
\xabBXe\x08J\xb3\x19\x09\x9eR?_Z4u\
\xa0\x90\x19\x03\xa7\x8a\x0f\xd2(##6\xb2A\x83\xb9\
\xfe\x94\x00\x87\xc5r\x13&w\xa0\x1c?\x22\x80\xdfX\
=\x051\xa2\x98\x01\x17I\x1c\x86\xd4\x81\xab\x95\x17n\
\x14\x83\xb7y\x1aPbB\xb3>5\xdb\xaf!F\x87\
\xdab\xe5hf\xcd,\x903*\x16\xa9\xfc\x93\xef\xb9\
\xa3G\x1e\x81\xfb\x1ep\x91\xc6\xce9p\xea\x14\x12\x82\
\xd3a\xc8\xf9gp?\xed\x9f\xa8\xae_?<=\xef\
\xf1\xd8\xef\x1c\xb2z\x91\x1d\x9e5\x99\x0by\xa2\x82\xb0\
\xac\xc9Jt\x92\x7f\xde\xb9u\xbe\xde\xb5\xb0{=\x99\
X-*a\xdbt\xba\x90FPS*N\x9by\x8e\
~SQg\xe5\x96Y_\xa1\x96]\x92\xe1J\x0a\x22\
\xd0%H!\x01\x0bP\x13\xe7\xe9S\xe8\x8b\x95M\xe1\
\xfd\x9d\xe1\xcc\xdc\x02-R\x04\x8c\xaaH\x02\x00\x1d4\
\xa3\xa4\xdc\xedY\xad8}\x86\x15\x98\xa8\xc9\xe8$\x1e\
[mJ\xd4v\x9d\xb4R\x12\xc7v\xd8nS\xb9\x02\
\x01\x1bH\x132t\xd0S\x88\xcb\xb4~$\xa3\xdc\xa8\
H$\xe9\xa6\xd59^\x0f\x19\xcaC\x82\xf0t\xbb|\
\x8c\xc3D\xeb\xafZ\xcf\x18\xd7+\xc3\xbcp\xdd\x80m\
\x09 \x0d+\xbf\xc7\x8e\xeb\xcf\xf2\xe5\xa8\xb1^\x0c\xac\
z\x0a\xe9\xcf\xa7\x17\x8b\x9c\x94\x8cY\x90\xe9qS2\
\x0c\xf9\xd7\x999\xafb\xf1\x14\x0cU \x07\xa0$\xa0\
\x08 \xee\x9f1\xe5\xcb\xd2\xb4\xc53\x8a\xf3oo\xf6\
\xf8\xf7\x15\xb40\xbc\x16X\xb3\x0a\xc8\xea\x88R\x92\xb9\
\x13\x07/X\x81K,\xbe\xa3\xb2c1\x9bq\xde\x1a\
\xe1LK\xb3\xbcJ\xc7\xf8\x8f\x0e\xbe--\xa1\xb3y\
l\x9c\xe5ffc\xdfO\xebZx\xb3\x98^^\x7f\
\xca\xf0_/\xf1p\xbf\xb4bm.\xfbRXZ\x94\
\xce\x1e\xf7\xdf0\xb5\x02\x92\xb0\xa03$\x13\xb9\x06t\
\xae\xff\x00\xd4\x99O\xda\xf1\xbfG,/\xae|)\xec\
\xf61\x8e\xdeb6\xcb\xc3\x90\x8b\xabE\xa9%\x8cA\
\xab\xe4\xb6\x1a\x1b\xa4\xaaH) \xef\xd3\x95T\xf2K\
\x19\xdf\x1d\x95y\xec\xf3\xb1Eq'i\x9c=\xc1\xf6\
o|S\x8c<q\x0cf\xf1\xa9Zm\x90\xdf\x89p\
\xa3\xbc\xaa\x12\x09\xdc\x92k,r\xb9ekl\xb0\x98\
c'\xd8\x9e\xddx\x22\xc5<[|\xcd\xb5\xaa{\xf5\
:\xa4\xa9\x94\xa4\x94\x95O?\xebS\x97\x97\x1cr\xd5\
va\xf1\xb3\xcf\x09\x9cLp\xefm\xd8\x86%\x88\xe1\
#\x88\xef\x91\x86qf\x16\x8e\xe2\xcb\x8b\x95\x98\xbbt\
\xd0\xd1\x16\x97Cb\x81\x10\x16f>\xa6\xb2\xf2xf\
X\xf0\xea\xf0|\x9c\xb1\xbf\xb9\xef^\xc5\xfbw^;\
\x86[#\x15U\xbfzP\x09u\x87R\xa4+\xcf}\
+\xc9\xbe\xde<\xbdk\xd5\xf5\xc3\xc9=\xb0w\x9b|\
U\x8b\xfc\xae0\xea\x17 |\xaa\x04\x11\xd4\x11N\xd6\
S\x1d,\x16\x0e\x05hy\xeck\x5ck\x9b\xc94\x95\
B\x05tH\xe2\xb5\xc5>\xd8\x16\xa1]\x8e\xe2O\x83\
\x0bl\xa4f\xe8\x0e\xe3\xde\x9e\xb9\x18\xdf\xdb_/\xb8\
\x86\xc5\x8b\x87\xdc\xb7o\x22\x10\xe2\x81B\xb2\xe6\xca\xe9\
\xd92t\xe7\xb7M+\xb6q\x1c7\x1bj\xf3\xd9\xf7\
\xd9\xda\xd3\x8c\xb0\x15\xe2\xf8\x95\xe1\xb1k\xbf,\xaf\xb8\
l,\xa0\xe9)\xc8v;\x10dHP \xd7\x0f\x93\
\xcf\x97\x8f=}=_\x1f\xc6\xc3\xcb\x84\xbfn\xbd\xc1\
\x9c>\xcff\x18\x8a/xy\x0e[\xba\x97\xd6\xd9\xba\
P\x05\xd2\x03@\x09\x91\xcfY\x8edL\xd7\x9b\xf2~\
NY\xce^\xb7\xc3\xf8xx\xef\xe5\xd48S\xedE\
\x8c\xe0\xd7\xad3\x8a!\xbcF\xd5F3\xb4\x03o'\
\xf6;k\xb6\xd5\xe3\xe3\xe7\xf2K\xb8\xf7\xfc\x9f\xe3\xfc\
>I\xab5]\xa3\x89[\xe1\xaf\xb5ob\xfcE\xc2\
\x17KM\xc6\x1f\x8e\xd99j\x0a\xd3\x0ba\xf1\xabK\
\x8eJC\x81\x0a\x1e\x9d\x0dz\xff\x00\x13\xe7\x5c\xb2\xf5\
\xaf\x93\xff\x00#\xfe//\x8b=\xbe\x9f\x02M\x9d\xc6\
\x1bwsgv\x8e\xee\xee\xd9\xc5\xb0\xf2O'\x10\xa2\
\x95~`\xd7\xd4\xc7\xcb\x9eaC\xbaQ?\x81\xc0v\
\x99\x9d?-\x0dR^\xda\xff\x00\x87M\x95\xb5\xee%\
\xc4\xcd?q\x95\xd6\xee\x0ft\xd2H\xca\xa0\xbb\x7f\x1a\
\x8f\xa8\x81\xedD\xefa\xef;\x9e\x11G|\xe8-j\
\xa4\x85~\xd4\x09\x11'\x85\x10\x82\xea\x0aO\x85s\x07\
\xa1\xd4\x0f\xd6\x95\xadq\xc3f\x95\xc3II\xf95\x9a\
\x9ff\xf3\xc4\xd8\xe1\xe4\xcc\xe4\x02\x97\xb2\xff\x00@\xea\
0$\x839v\xe7O\xd8~\x89\xe6\xf0A\x03\xc2\x07\
\xb5\x1e\xc3\xf4\x0f\xa3\x06H\xd3--\x9c\xf0\x1d\x18:\
G!\x1eT\xbd\x8e\xfcs\x89\xc2\x129i\xe4(\xf6\
\x13\xc0\xc3\x84\xa4\x88#j=\x95>;G\x0aOJ\
^\xcb\xfd\x03na(\x8dF\xd4{+\xf4\x0c\xab\x08\
O\xf2\xfeT{+\xf4\x0bg\x03I \xe4\x9a6\x8c\
\xbc2'\xf0\xfc\x11 &\x13\xa5^\xdc\xd9a\xa5\x86\
\xd3\x0aJ`\x81\xca\x9c\xae\x5c\xb1L[\xe1\xe0\x09\x8a\
\xb64b,\x01\xe5T\xc6\x94p\xe0\x07\xcbV\xca\xbc\
\xaa\x90yW3\xad\xaf>\x9d)\x82\xa4\x8d\x0d\x00\xa0\
H\x13\xa5\x01\xb1\x00z\xd0l\xa0\x9b\xd7C\xa7Z\x03\
?\xb8\xa0\xdb\x07\xf2\xa07\xe7\xf5\xf2\xa0\x99\xae\xbf\xa5\
\x01\xad\xff\x00\xad\x04\xcf\x97oZG\xdb&w\xfd)\
\x93s\x1a\xf3\xa0\xdb\x9e\x9a\x9f::SS\x067\x14\
\x92\xd5W\xd8ojA\xb0u3\xef@k\xdah\xe8\
251\xa4P;(\x1d\xb9\x7fJ\x0f\xa2\xb9\xd04\
P<\xce\xd4\x16\xdbI\xe6?:f\xc6m\x89\xb9h\
\xfe\x17\x1d,\xaa9\x83\xa8?]'\xce\x91\x93\x8aa\
%wx{Gr\xcd\xf0Z\x80\x9e\xed(h)J\
\xfaG\xd6)}\x88\xf2\x0f\xdb\x8b\x1eM\xb6;q\x87\
\xb5r\x14\xb5\xd8XZw\x09s)ej+}\xdc\
\xe9\xe8[\x0d\x80<\xc9\xa2\xfdQ\x1eH\xb9\xee\xda\x0c\
\xa5'9 \xe6\x5ch\x07\x90\xe7N\x03N+]t\
\x91\x04\xf2\x00\x0a\xa0a\xc2\x9c\xa9\x0a1\xa4\x92i\x03\
\x16\xba-\xc5\xc6\xa9H\xca9\x99?\xedL6L\x00\
\x0e\xa0\xa7^[\x9a\x01v\xae\xfd\xe3\xce@ \x10\x90\
M a\x84\xe7\xb8\x07\x96\xaa\x91\xe7GF*\xc1Y\
\xef\x14\xa2%=7\xf4\xa4\x05\xbc\xa4\xdc9t\x14\xb8\
\x08D\x92D\xcck\x1e\xe65\xa7\xd2\xb1\x8fk\xfd\x82\
pN\xf3\x06\xc7\xae\x1eA\x16\xff\x00\x1e\x80\x92\xb3\xac\
\xa5\xa4\x88\x1e\x85[\xfbr\xae?5\xd6Q\xf4\xbf\xe3\
\xb1\xff\x00\x85\x95\xfe\xde\xbe\xb9\xc2\x92\x96\x12\xeeU\x10\
\xda\x82\xa4\x8dS\xc8\xff\x00}+\x1e\x1d\xf9AJ\xc1\
>\xf9\x0e$d\x00\xc6\x9d9\x9a\x9a\xca\xcd7m\x83\
8\xda\xd2\xa7\x10\x93\x13\xa7%'\x98\xd0\xd6|\xb3\xa9\
\x16\xb0\xc4%\x01J\x1a\x90!I\xfd\xeat\xca\xb2\xea\
\xd5!\xa2A\xcaO\x94\x0a\x8b\x0b`\xd0\xd8iGO\
\x11\xe7\xfa\x9ar\x15\x09z\xec\x94\x0c\xb2\x91\xf2\xd2\xca\
\xf0\xac;^\xb8\x0e\xd5\x0a)XI\xe4})\xf8\xc6\
u\xd9pf\x82\x10\x92\x22cq^\x8f\x8e<\xbf5\
\x13\x8a+-\xb9\xa7\xe5\xbf\xb5\x9f\x82o%mlw\
\x85B+\xce\x93\x97\xab\x95\xe1\xcf\xb8\xb7\x0d,\xaf(\
\x05 \x999v'\xd6\xab.\x0b\x0b\xb5\x11\x8bEa\
\xf6\xf8\x88\xcb\xe0q\x09qB\x01\x92']u\x90u\
\x9e\xb4K\xcb\xa2\xdd\xc8\xe7\xd8\xb7\x10\xb5\x84\xdc\x86\xee\
\x18K\xcc:Ce\xb2\x9c\xd9\x81\xde\x00\xf5\x9c\xa7^\
i<\xa9m\xd1\x8e3(O\xfe\x0c\xe1\x0e\xd2,\xd9\
\xb7\xbbj\xca\xf7\x0d\xce\x16\xd3\x17\x8c\x05\xa5*\x07T\
\xac\x1d\x82\x87\x84\xea\x08\xad0\xb2[\xa6~o\x0f\xbc\
\x9e\xd3h\x15\xfd\x90\xfb0z\xe6\xe2x7\x14\xb5m\
\xd0\xe9a\xac;\x14u\xb4%\xc4e0\x84\x12d\x10\
N\xa4\xee\x9d7\xadf[\xddy\xd9|y,\x92\xad\
\xdc\x17\xd9>\x03\xd9&\x17\x8b\x8e\x1a\xe1lN\xcdw\
%\xb5\xe2\x17\xd7\x0e|E\xc2\x88\x12\x12\xa5\x90I\x00\
A\x010\x9e\x9a\xd1\xed\x96\xb8^>\x1c'}\x9d\xbb\
\xe0^\x1a\xc7\x9aM\xca\xf0\x06\xad\xcb\x8e\x15(\x5c!\
N)`\xf2R\x95\xa83\xae\xdc\xeb\x0c\xb1\x97\x9b\x1d\
\xbb\xcbZ\xda\xb5\xc5\x1fd\x0e\x16\xe3\x04\xa9\xcbkQ\
i|\xe0.'\xb8T&y\x88 \x812|\xaa\xa6\
Yi\x95\xf1\xe3\xbd\xd8\xafp\x7f\xd9.\xd7\x86\xf1V\
\xec\xf1;[\xa7\xadsgK\x8c\xbe\xb6sr\x00\xa4\
l<\xab\x93\xc9\x97\x93\xd9\xd1\x8e\x1e-q\xdb\xd5\x1c\
\x0d\xc08G\x0b\xd8\xdb[\xe1\xd8[v\x8c\xb6!!\
9\xa6y\x99&I\xac5\xf6\xbb\x95\xfc\xba\x8e\x19h\
[nH\x8a\xec\xc3\x17\x99\xe6\xcfwID\xa4k]\
\x1aqZ\xe4\x9fj\xa6\xf3\xf6\x1d\xc4j\x8dZBV\
\x0fO\x10\xfe\xb5?k\xc7\xed\xf34\xdb\x14\xe3\xee\xa5\
\x0d\xe6\xef\x9bK\x88\x19B\xa1A$\x84\xa8y\x8c\xe2\
}\x0f*\xe8\xf6\xe1\x9f\xa6\xab\xa6\xf6q\x8d|6)\
\x0b\xbc\xc9\x83\xe2.\xa1\x9e\xf3\xc5\xdd2\xf2\x8f\x81\xe0\
\xaer\xaf\x02\xa66\x81\xa5r|\xaf\x1d\xcf\x0d\xe3\xdc\
z?\x13\xc9\xe9\x96\xb2\xea\xbb\xcb\x9c8\x8b\xfc\x18\xf7\
\xc5Ht\xb8\xa7\x0a3lu\x13\xe9\xa1\xaf\x0e\xe3\xb9\
\xcb\xdd\xc3?\x5c\xbfk\xcf<~\xf8\xc2\xb1\xce\xe9\xa1\
\x91\xb4\xac\xa5\x19w\xdf\xf3\xe7\xady\xf9\xcde\xa9\xd3\
\xe8\xbc\x16\xdc%\xbd\xbb\xbf\xd8\xbb\x1dw\xf8\x9e0\x85\
8T\x13v\xda\x91\xd3\xe5\xff\x00aXxr\xf5\xf9\
3H\xff\x00)\x87\xbf\xc3\xb2\xff\x00o\x94\xbd\xad\x96\
\xd7\xdbO\x1fw\x1f\xe0\x9e$\xc4rF\xd9~%\xc8\
\x8a\xfd\x1b\xc5\xcf\x8f\x1d\xfe#\xf2O,\x93\xc9\x94\x9f\
\x9a\xadZ\x94\xa5e\x0eJ[^\x8a L\x0e\xa3\xd3\
z\xd9\x83\xd8\x7f\xf0\xe3q\xb7;d\xc7p+\x87R\
\xda\xef0\xac\xf6\xf10\xe3\xb0\xb4\xa4$\x8d\xa4\x14\x9f\
jQO\xab78rn]\x0fe\x1fx\xd8\x5c\x01\
\xa0$\xcd\x15\xa61\x12\xfe\x10\x05\xd2\xb4\xd1M\xcf\xb8\
1\xfa\x1a\x8a\xeb\xc7\x1d\x81\x7f\x08\x04\xfc\xb5\x16\xbb\xb0\
\xc2Pj\xc39\xc6\x95\x17'T\xf1\xc6\x0c4\xff\x00\
/\xe5K\xd9\x7f\xa7\x0bN\x1f\xa4\x04\xcd\x1b\x1f\xa7\x0b\
\x18z\x89\xda\x8fc\xfd8_\xf0\xf2t\x8a[?\xd3\
\x85\x0c<\xf4\xa5\xb1\xe9\x1b\x18q'QG\xb0\xf4\x8d\
\x1c8\x9a{W\xa4\xa4+\x0b3\xb5\x16\x9f\xa4'\xf8\
IR\xb6\x9fJ[\x17\x18:\xdf\x07\x88\xd3N\x95r\
\xb9|\x9a\x89\x9bL,$\x0d+]\xbc\xfc\xd2\x8dY\
G*\xb8\xe1\xce\x0fb\xd6\x05i\xb7=\x16\x8bq\xe9\
T\xc2\xc3\x9f\x0e\x0d[\x1b\x1e7\x1e\x13\x1bW;\xa8\
\xad\xa6\x98ko3\x15$\xd8#M\xa2\x9a\x8b\xf4\xd0\
\xd09g>\x86\x82o\x9fQA\xb2'z\x06\xd8\x0e\
\xfa\xd0\x0a\x07\xca\x80\xd7\xeb\xe5A3\xad\x06\xd2\x94(\
\x1d0*5\x1f\x9f*\x09\x93\xaf*\x03cs\xad\x02\
4a&\x98d\xc0:kHm\xb9=~\xb4Bo\
\x9e\xd1\xebH\xdb:\xc7\x97Z\x03<\xb6\xa69m:\
\xef\xbd!\xb2\x82\xe0m\xf9S>\x9a*\x83\xb6\xb4\x10\
\xabF;\xe5L\x18\xa0\xf6\x9e\xb1\xc3\x10\xf3\x8e\xb4\xa4\
\xc8RR\x12\x91\xfc\xc7\xfa@>\xd4\xc1\xdcW\x0du\
\xfcQv\xe1\x0aZ\xdd\xb4R\x14P \xf7\xae\x96\x90\
\xb3\xe4\x90\x94,\x91\xe6)\x87\xcd\x7f\xb6f8\xc63\
\xdb\x05\xd7\xc3\xdd&\xee\xde\xe0|zJY\x0d\xa5(\
?v\xd2z\x92\x12\xda\xa6z\x8aZ7\x03q'\xbf\
w\xf1@H\x129\x9d\xc5 n\xe5j\x0d\x94\xa4\xe8\
\xb8\x04\x9eru\xa6\x0c\xdc\xba%\xc5u\x00Pf\x1b\
\x9c\xe1?\x84\xa8\x09\xa0\x9b}\xc9Y\x8d\x82`S\x0d\
Y\xa8\x9bwu\xd2\x0a\x8f\xa4\x7f\xbd#e\x9a\x83Y\
A\xdbU\xc7\xe9@\x1b\x86\xe5Oz\xa5\x08:\x93\xf5\
\xa0\x17\x86 \xdd\xbc\xe32\x14\xf5\xca\x1c\x08OU|\
\xc0}\x12hT{\xdf\xec)n[\xec\xdb\x11|(\
\x96\x9d\xbc*D\x08\x02R\x09\x03\xdcL\xd7\x0f\x9a\xfe\
\xe7\xd3\xfc\x1f\xdb\xe1\x8f]\xe1\xed\xa9\xc6\xb2\xa8\xa9M\
(\x14\xa93\x12\x08\x8f\xac\x1a\xe7\xe5\xdflHX[\
\xac[4\xcb\x89\x0bu\xbf\x01TsN\x80\x8f`>\
\xb5[ey\xe4`\xb2J\x80)\xf0k!*\x06G\
\xd6\xa6\xb1\xc8\xe3\xac\x0c\xaaN\x81Z\x03\x22\x04\xfbR\
a\xbf\xb4M\xc2\xc2\xa6A\x00\x0d\xeat\x9d\xa2\xae\x9c\
!\xcc\x89\x81\x9bR9\x91\x14^\x0a\x07m\xb2\xe3\xc0\
F\xc3_:\xc6\xb6\xc5\xd48\x1a\xc0\xb4\xd0X\x12\x15\
\x04\xcf\xa5k\x87H\xce\xed\xd4\xf0\xb6\xb2\xb4\x0dz\x1e\
>\x9eW\x9a\xf3\xa2qUl\x99\xd2&*<\xab\xf0\
O\xb4Z\x14\x92\xadu\xe5\x5c\xb3\xb7vS\x85w\x8a\
lP\xf4\x92\x88\x04I\x07_\xa5]\x9bF5@v\
\xc4\x12\xa4(\x91\xb8\x05I\xfdk\x094\xe8\xbc\xa9\x98\
\xff\x00\x05\xda\xe2a\xe6\x1dm\xb2\xda\x86W\x1a:\xe9\
\xc8\xf9\x8e\x9d)\xb5\xc7+9\x8ec\x8cv-\x8ca\
\xb7\xeb\xb9\xc0o\xd6\xd2\xf7\xc8U \xf9k\xca:\xd6\
yc\xbe\x9dxy\xb5\xad\x95\x83\xf1\x97\x1ep\xab\x89\
b\xee\xd9o2\xd9\x8c\x93\x992y\x80v>\x958\
\xdc\xf0kq\xf1\xe7\xcb\xab\xf0\xb7lW\x97Jo\xe2\
p\xee\xe9\xd5BT\x92\x0ab4\x029\x8f*\xdb\x1f\
6\xfbs\xe5\xf1\xf1\x8e\x89\x83\xf1\x0e\x1dp\xd0J\xac\
\x90\x12t\x08)'O\xdcV\xd7,X\xfe\x9d\x8b5\
\x81\xb2|\x94\x86\x80\x13)\xc8\x9d\x12:H\xa9\x99\xce\
\x99\xdcl\xe5:0[k\x86\xd0V\x82\xb2\x0c\x85/\
R(\xf4\x999/\x96\xe3D#\x0bC{$D\xd4\
\xfe\x99~\xb5\xa3\x1bm)D\x03\xb6\xe3\xa5m$\x91\
\xcd\x96V\xd2\xb3R\xa3NW\xf6\x99Hw\xb1.(\
l\xe8\x0bH\x92F\xc3\xbcMen\x9ba7_4\
0\x8b\xb43\x89\xdd\xdf\xa8&\xe6\xe3\x0cBn-\xdb\
vr),\xba\x16\xeaT\x04\x18(+\x81\xd6\xaa\xe5\
\xadO\xcblq\xbc\xd9\xf4\xbcqG\x0d\xa7\x01\xc6/\
\xf0\xd6~!\xfc\x07\x15\xb5M\xf5\xbb]\xe6U0\xdb\
\x8a\xce\xa6\xfc\x96\x95\xa0\xa9<\xe0\x88\xf9\xa8\x9eI\x97\
\xd8\xbe+\xe3\xcb_\xf9\xba\xa7g\xfd\xad\x8cc\x80\xef\
x\x7f\x14q\x96\xf8\xcb\x87[G\xc5\xb8R\x12o-\
]\xd1\xab\x96\xd3\xf8\xd2~Um\x0b\x1a\x8dk\xc9\xf9\
^?\xd2\xbe\xd3\xaa\xf6>\x16W\xcd}/s\xb7\x19\
\xe3LN\xd1\xecU\xeb\x90\xe2\xee\x9cl\xa9C\xc0b\
b\x04\x93\xf3G 9\xc5x\xbeL\xe7o\xab\xf1a\
\x97OG\xf6+\x811\xd9\x07f\x17|A\x89\xac\x22\
\xe1\x9bG1{\xb5)_&T\x15\xe5>\x89H\x1e\
\xb3Y|<=\xb3\xf7\xbd\xd6?\xe4\xbc\xdf\xb7\xf4\xfe\
\xa3\xe3\xa5\xd6&\xee3\x8b\x5cbo\x9f\xbf\xbc\xb9]\
\xd2\xcf\x9b\x8b+?\xad~\x93&\xa4\xc5\xf9\x1eY{\
er\xfc\x88-\x14\xdb\x972\x80\x12\xea\x9aQ\x07]\
\xa4~\xf5hz\xa7\xfe\x1b\xbcB\xc6\x13\xf6\x98\xc2\xed\
n\x8bhM\xed\x92\xedZqj\x8f\x11u\x19S\xeb\
\xaa\x80\xf555r>\xc95d\x12\x1dALwJ\
-\x81\xd25?\x99?JU\xb6?\x90\xb7\x16\x09\xef\
\x11\xe1\xdc\x1a\x97N\x01\x1e\xc3\x93\x1bVu\xd9\x85\xa0\
\x1e\xc3\x93?-f\xee\xc2\x99\x16 r\x9a\x97D\xa5\
\x8b \x07\xcbH\xadlY\x08>\x1a\x09\xb1h\x07*\
{2\x85\xa0\x1c\xa8-\xb0\xda\x83\xb0\xa04m\x07O\
\xa5\x00\x93j?\xb1H\xcan\xd13\xb7\xbd8\x8c\xaf\
\x03Y\xb4\x1aiW\x1cY\xd4\x83,\x84\x8d\xabH\xe1\
\xce\x8aCz\xd6\x91\xc7\x90\x94\x22\xae0\xa7\x92\x9dj\
\xd9S\x89L\xd52\xaf\x16\x0e{\xfaV5\xb3rz\
\xd0\x18\x04jh\x0d\x8d\x09\x14\xc1GqH\xd9\xf3i\
H\x9b\x03Z\x09\xbd\xcfCL\xda&#\xad\x01\xb0\x7f\
\xf5\xa02u\xa0\xda?Z\x09\xa1\xb8\x14\x0d3oZ\
\x03ph\x0d\xc8\xd2\x0cP\x18yP\x18~\xbeT\x06\
\x1d o@n\x80\xdf\xb1\xa0F\xb7\x11:\xd0u\xb2\
\xb83\xb9\xa0\x9a\xcd\x14\x06\x90J\x96\x06\xf3@X\xb0\
\x96\x00\x00\xaba\xcf\xad\x10.8%\x81B\xdayB\
V\xe1-\x81\xd2~T\x8f\xa50\x1a\xfd\x85\xab\xb5\xac\
.\xc1\x97Y\x97\xb07\xdf-\x92C\x89\x09\xb9m\x0a\
tr\x82\xa2\x94\x8er'i\xaa\xe8G\xc7\xde\xd71\
uq7j\xbcOt\xf3\xe9Smb/Z\xa0\xb3\
\xf2%\xb6\x96P\x94\xa3\xa8\x01:z\x93S\x97k\x8a\
Fd\xa9N\x99\xff\x00\xaaO\x97M*A\xb7`\x16\
\xe0j\x0f\xac\x91\xce\x98\x07r\xb0[Z\x8f%\xc0\xa6\
\x0d\x82\x12\xa6\xd04$\x13\xe9A4\xe9\x86\x94\xb9\xd4\
\xeb\xa7\xbcP\x0a\xb6A6n\x005P\x8f\xcf\xfd\xa8\
8\xd5\xba;\xc5\xdc\xab\xf0\xb6\x80'\xd4\xc0?\xad\x03\
B\xd9%\x16\x8ek'$k\xcc\xd22\xf0\xc5\x06n\
\xad\x9c\x07!n\xe1\xb1\x9a`\xc4\xeb\xfb\xeb\xe7J\xab\
O\xa4_e<4a<\x13\xdd\xa5!\xa5<\xdb/\
\x94\x11\x00j\xe2|C\xac\x04\xeb\xcfZ\xf3\xfc\xbc\xe4\
\xfa\x7f\x05\xff\x00\x85\x8b\xd3Xr\xb2 (\xb2YP\
\x1a\xf3I\xf4<\xeb=\xf0\xdfivX\xfb\xd0T\x90\
\xa48\x92\x0a|\xc6\xc7\xcbO\xd2\x96\xd3r\xd0\xd2\x94\
\xb6u')3\x0a\xd7\xfb\xf5\xa3l.[\x07v\xf8\
l\x05D\xa4h5\x91\x1f\xbc\xd2f\xaeb8\x8aH\
$\x0d\x0c\x89\x1aQ\xb4\xa0\xad\xefU\x88]d\x038\
\xdf7\xf7\xca\xb2\xb5\xa4\x8b~\x0f\x82\x87\x82\x14@V\
\xba\xe5\xe7P\xd3\xa7S\xe1\xab \xc2P#\xe6\x00\xd6\
\xf8v\xc3;\xc6\xd7\x9bF\xc2[\x1aW\xa5\x84\xe1\xe3\
\xf9.\xea7\x13\x05K\xf1jz\x0d\x00\xae_7n\
\xcf\x07\x13\x80)\xca\x85\x02O\xd6\xb2\x8e\x9c\xae\xe6\x91\
\xf8\xd2\x83\xad\x9d$F\xa6 \x89\xe7\xe5WQ\x8c\xd2\
\x9by\x87\x95)YRT\x080@\x83>\x95\x9d\x8e\
\x99t\x86\xbe\xc3\x16\xe1K\xc1!\x0e|\xa4\x91\x01G\
\xd4\xd4\xea\xb4\x94-\xa2UjP\x97Q\x99\xb9\xcb\x1a\
\x8fb9\x1a5\xa6\x9a\xdfI\xa5`\xb6\x18\x8b`8\
\xca\x16H\xf1H\x98\xa3[9,\xe8\xa6x6\xc5\x0e\
\xe7\xf8}D+2\x04\xfeF\x8fM\xd5[V+\x1e\
\x17\xb2lfK2\x15\xa8) \x00'\xeb\xfd\xebW\
\xfaR\xb3\xb9\xd9\xc6\xd6\x5c>\xc1\xb4%*i\x08R\
\x07\xcc\x12`\x827\xadg\x8b\xed\xc5\xe4\xf2^\xaf\x09\
v\xd8\xc8\x8eq\x15\xa4\xc5\xc5r\xdd=\x90$\x7fJ\
w\x1d3\xd9\x0a r\xa9\xaa\x81\xc9\x82y\xd6\x15\xb3\
\x8c}\xac\xf1T\xe1\xbd\x88c\xc4\xc1\xef\x8bL\x80y\
\x92\xe0\xfe\x95\x86N\xbf\x0c\xfd\xcf\x9e|\x1b\x85\x05\xe2\
\x0e?\xdd%\xe6]f\xe5\xb0\xdb\x9b\x10\xa3\x04y\x8d\
\x80\x1e~u\xc1\xf2<\xba\x9e\xafk\xe2\xf8=\xb2\xf6\
\xfa\xbbt\xcc:\xe5\x9b\x9e\x16\x0b\xbdn]\xe1\xab\xb0\
\xdb\xa13\x98\xd8\xcaB\x9bX\x99\xd5\x01\x95%[\x85\
6u\x11Y\xe1\xe5\xb8\xdf\xf6\xd7\xcb\xe1\xf6\xc7z\xfe\
(\x1f\xb4\x85\x85\xdfg\x9cO\x85c\x88q77\x18\
k]\xca/\x1aQ\x8b\x9bw\x08Pij\xddA\xc6\
\x88\x04\x18\x05\xc4\xe6\xf0\xaaA\xf5f8y\xf0\xbe+\
\xf7\xff\x00\xee\xde,\xf2g\xf1\xbc\x93\xe4I\xd7\x7f\xdc\
\xfb\x82;9\xe0\xbbn+\xbb\xc31\xb2\xa3s\x80\xb9\
\x96\xea\xdc\xabB\xf8?)=\x00\xfdDW\xc4\xf9\xb1\
\xcb\x1f%\xf1Y\xd7o\xd1|^L2\xf1O.7\
r\xcd\xc4G\xdb\xa3\xb7\x8bn\x1a\xec\xd5\xee\xcf\xf0\xbb\
\xd5\x0c_\x1fJ\x10\xfbM\xab\xc4\xd5\x90T\xac\xaf\xa6\
r\x90\x909\x8c\xc6\xbe\x8f\xfc_\xc6\xb9y'\x93_\
\xb7\x1f\xfd_\x1b\xfeg\xe5\xcc<W\xc7\xbf\xdd\x97\xfe\
\x9f\xfd\xbe{\x0f\x0aVy\x88\x81_\x5c\xf8T\x9d\xeb\
f\xd5w-+L\xdd\xd2\x87\x9c\xa4\x99\xfa\x1a\x09\xd9\
\xbe\xc6.-\x1fi~\x04S7\x1f\x0c\xf0\xbeHd\
\x93\x01nfNT\x13\xca@V\xb5-1}\xe6u\
\xb4\x8b\x87BD\x03\xa8\x11\xe6jkLz\x06\xfa\x01\
u\xae_7\xe9S]\x18\xf2\x1d\xd4yVu\xd5\x80\
'[\x10k:\xee\xc06Q\xadK\xa23(\x14\xbe\
\xcd\x90\x0cS\x0d@\x14\x0d0\xc0\xa0\xf4\xd1\x8a@\x92\
E\x03D\xaa)l6\xdc\x03T\x8c\x86\xb4f\xae8\
\xb3\x18\xd9\xff\x00\xd2\xb5\x95\xc5\x91\xf4\x90+H\xe5\xc8\
\xfaUU\x1c\xf4\xf2M\x5ceN\x05kT\xca\xbcW\
<\x8e\x95\x9e\xdb3\x96\xa2\x84\xb0kF\x81CMb\
\x91\xb6\x9d\x8f\xe9@l}|\xa8\xd0`\xd3zA\xb2\
=\xe9\x86\x13\xb0;\xd2&\x03=E3jcy\x11\
H\x9bQ\xd2)\x9b]F\xf4\x06\x03\xae\xb4\x06\xd2c\
\xda\x80\xd9>R)\x86\x80\xd6\x06\xa2(\x0c\xfa\xcf:\
F\xd8N\xbak@\xfe\x9b;s\xa0\x991\xe5@\xff\
\x00l;\xc5\x06\xd4\xe9\xd2:PF\xd4\xa8U\x06]\
\x9c\xa9\xe8\x8dM\x04\xbcp\xfd\xb0^U\x91 j\x9f\
\xebA/\x18}\xa9\xf8d%:8S)W@5\
R\xbfjf\xa6\xf6\x9d\xc4\xb6=\x9fcW|iv\
\xfa\x1bo\x07\xe1\xf5^\x16\x04\x85\x16\x90\xe2\x94\x85A\
\xd1I*-\x8e\xb3\x1a\x19\xa7\xb0\xf8\xba\xbb\xa7\xaf\xee\
\x1e\xbc\xbaV{\xab\xb7\x5c\xbbyC\x9a\xd6\xa2\xb5~\
fim`\xad\x9b\xee\xed\x92\xe2\xc9\xf1\xca\xbdu4\
\xa8!\x04(\x82S\xe7\xa1\xa2@\x09\xf9%\x1a\x88$\
\x99\x02\x991\x03;\xaa\x07L\xad(\x8f]\x00\xfd\xe8\
3.\x13\xdd\xa5'\xa0\xfe\x94\xc8Z\x94\x1b\xb4\x04\x1c\
\xbc\x84\x0e\xbaO\xebK@;\x04*\xdf1\x1a\xb8\xe1\
>\xc3O\xde\x8ab\xd6r5\x95\x225\x9dw\xa0m\
!\xc2H\xf8\xcb\xec:\xd0 (.\xf5+Q\xe6S\
 \x14\xfeu\x19ukl9\xcaG\xd2\x9f\xb3\x8d\xd8\
\xb9\xe0l\x1dz\xa5F\xd5I\x92\x0c\xc8qI\x8f\xc8\
\xfdk\xcc\xcf\xf9i\xf4\x1e;}#\xbfa/\x04\x90\
\x9c\xa0$\x09\x90t\x1e\xb5\x1bk\xbd\xac\xcd\xab0\x01\
&2\xf8\x92\xa3\x13\xa54\x12\xfd\xe4\xa4\x15\xc0\x81\xa8\
OJ\x9d\x96\x95\xccc\x16\xee\x9aQ\x04\x08$\x81\xb7\
\xfe\xb4\x89Lz\xf2\xe7\x11\xbbC\x0c\x05)o\x13\x09\
F\xc1<\xcd=#|\xac\x98>\x12\x8c:\x14\xb5g\
qgUu\xf2\x15\x19Y\x1a\xe36\xe9\x5c<\x96\xca\
RB\x13>\x5c\xe8\xc6\x15\xae\x93\x86[\xa5A\xb5\x04\
\x81\xe4+\xb7\x0cv\xe1\xf2ef\xd3\x8d\x8c\x89\xf5\xae\
\xae\x9eu\xe6\xa31$\xc1\x93\x5c\x9eX\xee\xf0TE\
\xca\x8aH\x02=&\xb9\xf6\xec\x93\x84m\xf3\xe1\xe5h\
%@\x10\x14N\x84sI\xe4j\xf7\xb4\xebH\xa5%\
'0ZJ\x131$\xfc\xb4\x9ak\xee\x1bM\xa8S\
\x8ah\xa6A:f\xd4\x19\xa6\xd2s6e\xec\x09\x0b\
)q!I\xcc#0\x11\xaf\xed\xebUcYD[\
\xe1\xc4$+0P:\xe6\x09\x89\xf3\xa2F\x92\xa6-\
mJc@\x0e\xfd|\xabY\x13\x96R&-m\xd0\
\x0c\x04~\xc2\xb7\x98\xc7\x06y\xdf\xcaQ\xb6\xf2\x01\xb6\
\x9b\x1e\xb5z\xd3\x8a\xdd\x9dL\x09\x8aU\x0c\x0a\x019\
F\x83\xa0\xac\xed\x1a\xfb6\xa5N\x95\x95\xab\x90\x1b\xab\
\x09\x92$\xd7>WN\x8cf\xdc\x9b\xb6\xfb\x0bn+\
\xb6\xb5\xc0\xefYr\xe2\xc0[\xdebWim9\xa1\
\xa6\x18QI\x03l\xc5jH\x03\xa9\x9eU\x94\xe7-\
WL\xfd\x98\xfbO\xeb\xff\x00W\x89\xb0\xae\x09\xb8\xc2\
\x9a\xe0\xe6V\xda\x91sr3]\xa7\x90*\xc8\xa3\xf4\
\xcc\x04u\xaf'9\xef\xec\xfa?\x1e_\xa7\xeb\xf8[\
8+\x86/\x19\xe2K\xe4\xf7O:\x8b\xbbw-\xdf\
B\x92\x09.7\xa8^\xbb\x95\xa4\x80=\xeb\x9b\x99\x96\
2:\xf2\xb2\xe3\x95\xbfi\xaco\x86-\xb8\xc9\x0b\xc0\
\xb1\xa6\xbe;\x0d\xb6b\xda\xca\xe3b\xe2\xda\x12\x10J\
\x8f\xe3\x09 \x93\xd5\x22\xba<\xf9e3\x93\x0b\xad8\
~>\x1e;\xe3\xbf\xa97\xb7\x93\xf8\x93\xb7\x8c{\xec\
\xd7\xc3\x9cM\xd9\xed\xb5\xb38\x86'g\x89\xa98F\
,\x95\x054\xc3KL\xa9KH\xf9\x95\xf2\xa8#\xf0\
\xa8\xac\x1d\xa0\xfa\xbf\xf8/\x1f\xcc\xcb\x0f=\xfb\x9c\xff\
\x00o\x12\xff\x00\x91\xf2|\x0c3\xf8\xd3\x9b/\x1f\xd3\
\xc9X\xa6-\x7f\x8f\xe2\xd7X\x9e)z\xfe#\x89]\
,\xb8\xfd\xd5\xca\xca\xdcq^d\xfd\x00\xd8m^\xde\
8c\xe3\xc6c\x84\xd4|\xd6~L\xfc\xb9\x5c\xf3\xbb\
\xb4\xdaG\x82F\x92j\xd9\xd1\xf7@\xe7iJ:\xb8\
\xdbj3\xcaE2]\xfb\x0b\xc7\xd3\xc2\xdd\xb3p>\
*\xa6\x9ay\x9blj\xd5\xd7\x1b|\xc3dw\xa9\x9c\
\xdeC\x7fP*+_\x1d\xfd\xd1\xfa\x17[\xa1\xe7\x90\
\xe2L\xa5\xc6{\xc1\x1a\x8dU#\xf255\xa4\x9f@\
\xee\x1cOz\xde\xa0\x9f\x16\x83^U5\xd1\x8c\x0e\xea\
\xfc\xeb:\xea\xc2\x01y\xc1Y\xd7v\x10*\x9d\x12j\
6\xe9\x90\x9e\xf4\x0a\x0d\xae\xf8r4\x8fD\x97\xc5\x1b\
\x1ah\xbc7\x9a{\x1a$\xdc\x08\xebKj\xd1\x05\xf0\
\x0f\x9fJ[\x1a%W\x22\x98\xd3\x13t\x01\xf3\xa2T\
\xe5\x88\xc6.\x81\x1b\xfb\xd6\x9bq\xe7\x88\xc6\xaeA\x1a\
\x9a\xd28s\x82\x13r\x0e\xb3Z\xc7\x1eSG\x91t\
6\x9a\xd29r\x9a<\x9b\x91\xd6\xa9\x958.\x93\xfc\
\xd5l2x\xd8m\xbdd\xd9\xb0G.t\x06r\xf4\
\xa6\x19\xb7?:@\xa2b5\xa00\xeb@l\x1dI\
:\xd0l\x07o\xd6\x91m\x80\xc6\x9fJp\xd84\xf3\
4Bd\x81\xe7=h\x0c?\xa5\x00\x92:kA7\
3\xa1\xdf\xa5\x06P\xda\x82`\xf5\xd7\x9d\x06\xc3\xa7\xa7\
\x9d\x01\x93\xc8\xfb\xd2\x0d\xe6\xe5L\xf6\xd8=\x0cPL\
\x9e\xbaP6\xdcy\xc0\xa0\xc8Q\x81\xd2\x90\x0e\xb3\x00\
\xff\x00sL\x15`\xa2\xbb\xa06N\xe7\xfaPN\x91\
\x83\xa9,\xd9)\xc5/ \x09\x92zy\xd0\x7f\xd2\xe5\
\x86-ien+\xee\xd2\x10\x1dT\x8f\x18o\xfe\x9b\
`l\x92\xad\x09&w\xda\x8e\x83\xcc\xdfo\xee;\xb2\
\xe0\x1e\xca1\xac\x1cA\xc71\xdc0`\xc1\xc4\xc2\x94\
{\xcb\x8e\xf0\x92N\xc0d&\x07\xf2\xcc\x0d\x0dW\x13\
\x919|\xbc|\x06\xa2e2t\x1c\xd4\x06\xd1\xd0y\
\xd4\xa8\xd5\xc2\x82\x82\x88\x84\x90\x80\x02S\xcb\xa0\x1e[\
\xd3\xe0\xc3A\x09\x10DF\xfd=hH{\x82\x02\xc9\
\xda\x09\xf4\x89\xff\x00j\x01\x82\xa2{\xd2t\x94\x80=\
\xc9\xa6\x09p\x92\xe2G0D\xd0\x0fb\x03+6\x8d\
\x8dV\xadTG\x96\xdf\xad(\x1adK6\xa8<\x9a\
\x12\x0f\xf9\x894\x19\xeb\xa5\x80\x92\x07 I\xfd\xa8%\
\x83\x80\x92\xdbX\xf6\x1e\xe3\x82{\x84\xf7\xe1?\x84\xc6\
\xb0}`~\xb5\x9ew\xf6\xba\xbc\x1f\xca>\x89\xf6\x19\
t\xe5\xbf\x0ca\x0aW\xdd\xff\x00\xca\xc9\x09\xd7)+\
\x0a1\x1aF\xa7j\xf2\xf2\xbc\xbd\xf9?n\xdd\xeb\x08\
u*)2\x12D\x18\xfd\x0f\xbdM\x1bY\x9b\xb8\x02\
\x08V\xfc\xb3i4\x00\xb7\x97\x8b\xf1\x03:\x8d\x0e\x87\
^\x94\xd0\xa3q6*\x18N\xa72\xf7\x8d\xd2\x04\xc6\
\xb4\x93y\x1f\xc2\xb6\x81\xac-W\xab\xf1?q*\xcc\
y\x22|)\x1e\x5c\xe2\xa7,\x95\x8e;\x14\x8b\xe4)\
\xe4\x0d\x883\x97\x99\xacv\xe8\xff\x00K\xff\x00\x0e\xdf\
\xa7\xc3\xe2\x05 L\x8a\xe8\x8ez\xe9\x18\x160\xd3\x85\
)$\x08\xe6\x0dux\xf2\x9fl<\x9e+\x967K\
C\x97HKy\x81\x15\xd5\x96RM\xbc\xb9\x85\xb7H\
\xcb\x97\x05\xcc\x10u\xae,\xef\xb3\xbb\x09\xe8\x88\xc6\x9b\
-[)\xd4\x9f\x08\xd7j\xce\xce6\xe8\xc2\xef\x85E\
\xcc`\xa1kI\xf0(\x0dA:A\xdbZ\x8d\xe9\xbf\
\xa9\xd6\xafR\xeb(P*\x0e\x0d<Cq\xd2\x9c\xa7\
\xad\x09\xf0\x9c\xcaN`$\x18\x9d\xaa\xfe\xcf\x1f\xc5\x1a\
\x85%\xc6\xd7\x12\x83\x1b\x91\xa1\x1dt\xab\x8d:cR\
\xd810~a\xb8I\xea<\x8d>\x9aI\xb1L>\
R\x13 $\x8ei\xd6|\xe2\xaa]#,6\x92b\
\xf4@\x1bz\x9d\xff\x00\xa5m2q\xe7\xe3\x12\x9b\xe9\
\xfc@\xa4r;\x8fCW\xec\xc2\xf8\xb4ZnA\x8d\
\xe7\x94T\xfb'\xd0\xb4=\x00\x13Y\x5c\x93qi\xc7\
\xfc\x15\x95\xc8\xe6<\xa3\xee\x9e\x84I;\x0a\xe7\xca\xba\
\xf0\xc5\xce\xf1\x17\xc6-\x8d]\xb2\x16R\x8b\xe5\xfc\x0b\
\x8e\x85AE\xab#\xbc\xb8#\xa6e\x14\xb7\xff\x00q\
\xae<\xf2\xd6Zu\xcc7\x8e\xff\x00\x1f\xfa\xf5\x1c7\
\x17\xc2\x15s\x8c\xf0\xeb\x8cZ)\xf5\x9cU\x08\xf0h\
\x96\xc2\xf6V\xbaG\x87\xe9\x5c\xda\xde\xeb\xd6\xb7\xd6M\
\xba/\xfe\x19\xb6\xe1> E\xcd\xd2B\x9fuv\xab\
\xb3`jT\xfb\x08Z\x17#q%\xc4'\xcf)<\
\xab\x5c0\xf4\xc7\xdb>\xdc\x19y\xbf[/\x5c:x\
\xc7\xedC\xdb3\x9d\x89a8\xfe\x0b\x85\xa9H\xe2N\
$a\xbf\x82\xb8F\xbf\x0e\x85\xad\xc5\xbe\xf7\x91L\x84\
#\x9c\xaa\x7f\x0du\xfco\x8f\xfa\x99{e\xd3\x9b\xe5\
\xfc\xab\xe0\xc3X\xf7\xf5\xff\x00\xcb\xc28U\xff\x00y\
\x84\xe267\xee9r\xc2\xd6\x1fZ\x96\xb2\xa5\xa5\xc2\
ut\x13\xceL\x9e\xa2|\xab\xdd\xea\xcd>_{\x97\
h7\x1a6\xcaZ\x17\x05\xd4\x92\x99N\xde\xbf\xd2\xad\
\x91\xcbv\x92\xe2\x92\x1c9ZH\xcc\xb5tOA\xe6\
v\x1e\xb4h\xc6>\xb2\xfd\xa1t\x80\x14\xa2d\x7f,\
,\xc0\xfa~\x94\x1ak\x8113\x83q\x96\x09w\x95\
+\xf8k\xebu\x94)!AI\xce\x99\x91\xcfz\x9c\
\xbaV\x1d\xc7\xe8c\x05\xc6\x05\xff\x00\x0fa\x17.#\
\xbau\xcbq\x9d\x07\xf0\xa8hG\xe5Q\xb7F\xb9&\
\xe3\x11B\x5cD\x18\xdfA\xa5gk\xa7\x0cv\x8f\xb8\
\xc5\xdbL\xc1\xa8\xb5\xdd\xe3\xc1\x13q\x8f\xb6']\xbc\
\xeb\x1b\x94z\x18x\xe8%q\x025\xa8\xdb\xa7\xf4\xcd\
\x9e!LR\xb9h\xff\x00L\x85q\x12A:\x81G\
\xb6\xd5\xe8e\x5cI\xe7\x14\xfd\x8f\xf4\xe1\xa5\xf1)\xdb\
5-\x8fI\x0c\xab\x89T?\x15-\x9c\xc0\xda\xb8\x91\
@|\xda\xd1\xec~\xb2\x18_\x12\xaf\xf9\xe2\x8d\x9f\xac\
2\xae%P\xfcF:\xd1\xb2\xb8\xe3\xa1\x0cq2\xff\
\x00\x9a<\xebIk\x8f\xc9\x84K[q\x01X\x1e#\
\xf5\xad%y\x9eLbI\x9ch\xaa<_\x9dm+\
\xcf\xcfB\xd1\x8am*\x81\xeb[G\x16PBqX\
\xfcU\xa4s\xd6+\x16\x00|\xdf\x9di+\x0a\xf3\x17\
*\xc5\xb3rH\xe5\xa5\x1b\x0c&H\x9dh\x0d\xc7\xb5\
\x01\xbfJJf\xe6\x996L\x7f\xb5\x14V\x1dD\xd2\
\x0c\x06h6\xfd\xa9\x93$\xd0\x19\x1a\xf4\xa7\xa3\x8dI\
\x10w\xa4\x96\xc8\x91\xe5\xcc\x8a\x0f\xa6\xc6\x94\x06\xc9\xa0\
4h\x0c\x8f\xce\x916D\x88\xa0\xd8\x9d}<\xa8\x1c\
\x95\xd3\xfaP\x19\x10\x7fz\x01\x0e\x09\x106\xa0\xe4\x05\
q)\xe5$\xe8<\xe9\x8e\x8a\xc3\xce[\x94\x92do\
@\xda\xfde|\xdfskj\xaf\x10}Y\x94\xdc\xea\
\xb4\xa4\x8f\x0f\xb9 O\xad\x03\x97E\xc3n\x81=\xeb\
\xeb\xc8\xdbK\x19\xd6\x94\xea\xb7I\x03\xc29\xea\xa0\x91\
\xe8Li@\xff\x00O\x9a_\xf1\x13\xe3\x0b\xfe%\xed\
\xad\x1c1\xdc\x86Z\xc3[J\xc3-\x90\xa0\xa7V\x89\
S\x99\xe6\x0f\x84D\x08\x88 \xc94UG\x91\xdf\x97\
\x9c\x19U\x9aH\x19\xc9\xe5A\x9b\x5c\x17\x16\xaf\xc2\x09\
\x83\xd4\x0a[*@%*%Z%2czg\xd0\
K\x85\x10\xa1\x9bq\x04\xf9\xefBM$\x1e\xe5fw\
R\x07\xe5\xfe\xf4\xc1\x09=\xe3\xea\xe7\xe2\xa6\x19\x8a\xcf\
\xc6!\xb4\xe8R z\xed\xfa\xd0\x05\x84\x06\xee\x5c<\
\x904\xe9 G\xedH\x18\xb8%H)\x99* G\
\xa0\xff\x00z\x0d\xd0;2\xb6.bX\xdb\x89B]\
\xf8{`\xdbY\xb4\xca\xa243\xeck\x9f\xcbu#\
\xbb\xe2\xcd\xdb^\xe4\xec\x8e\xf3\xe1\xf0|-\xa8\xf0\xfc\
2\x09\x04@\x88)\x22=\x87\xd6\xbc\xdc\xaf/ru\
\xa7x\xc0\xf1\x14\x86\x10\x98\x91\xb1\x9aR\xcd'K\x1b\
x\x9b` )$'bQ\xb8\xe9\xea(.\xc2\xdf\
^!M\x10\x00\xd7s&OJ\xb6w\x853\x89\x96\
\xb0\xc3\x8aB\xbb\xb8\x07:\x80\xd7\xd8T\x8cy\xab>\
\x0f~\x86\xacZ\x05@!-\xa4$\x8dF\xd5\xcfk\
\xaf\x5cDf%\x8a\xe1\xf77\xa9e\x9b\xcbqvG\
\x85\x8e\xfd\x1d\xf2\xbc\xf2L\xc7\xb5)~\x95\xaa\x90\xc2\
\xf1\xc5\xd8\xc1R\x8aJN\xa3\xa7\xb5\x5c\xba\xa8\xb3\x85\
\x9f\x06\xe3r\xdb\xb2\x1c\x1dt\xe4y\xfa\xd5\xfb\x8f[\
\x22\xdc\xc7h\xa0\xb7\xab\x85i\x10\x01\xd8\x11\xfd\xf2\xa5\
|\x96\x94\xf1\xc8\xb4`\x1cH14\xe6@\xdf\xce\x94\
\xce\xa7?\x14\xd2\xcdr\xd8z\xcdH1\xe2OM\x8c\
W_q\xe6\xe3\xc6N+\x88\xdc|5\xf2\xd3\x19\x82\
e1\xd3\xa8\xae\x5c\xb8\xafK\x19\xb8\x91\xb2\xbc\x00#\
1QB\xc6\x87a\xfe\xd4\xe5:\x98\xb5|\xb8\x06\xca\
\x1eR\x09\xff\x00x\xab\x94\x92l\x92\x85\xe6J\xb3\xcc\
\xec\x01\x06w\x15\xae\xf4\xbe\xc4#\xe4\x00A\x80DN\
\x84S\x8b\x9f\x92\x83\xa3p\x95\x7f\xa8\x1f\xda\xabk\xd5\
8\x85\x10\x9d \x8fZs\x84\xd9->\xdb\xb3\xa1:\
\xf5\xe7Ol\xae\x22[wi>T\xb6\xc6\xe2}/\
h\x04\xd6v\xb2\xb8\xb1\xc7NS\xadgJb\xad\xf1\
\x0e0,l\x9eq*\x1d\xe4C`\xf3Y\xd1#\xeb\
\x15\x85\xae\xacg\xd2\xbb\xd9\xd6\x10_\xc4\x9d\xbfy\x01\
v\xe1?\x0e\xc4\x89Ot\x92s.?\xce\xe1Z\xa0\
\xff\x00\x96\xb9<\x7f\xbf\xc9\xbb\xd3\xb3\xcf\xff\x00\x0f\xc3\
\xeb/*\x8f\x1fq\xfd\xb6\x11\xc4\xd8O\x0fp\xf5\x8a\
\x1e\xc4\xadn\x92\xfa\xd0\xdb`!.\xa9+\xee\x82\x8f\
,\x88*yQ\xc8 \x1f\x98\x0a2\xf2k\x8cg*\
\xf1\xf8/\x93yyo\x1a\xff\x00\xfa\xff\x00\xf0c\x1c\
q\xbe\x0f\xc3Q\xc6\x1cQv\x84\xb9`\xc3\xb7ju\
\xe5eE\xb3,\x80\xe6\x9c\x812I<\xd4\xba\x8cw\
y\xcb\x9ayO\x1e\x13\xd7\x1e'\xdb\xe3_j\xfc\x7f\
\x88v\x93\xc5WX\xee T\x97\x1f.\xad\x96\x96 \
\xb2\xd0\x5c4\xdf\xa8N\xe7\xd6\xbe\x97\xc1\x87\xa6:\x8f\
\x93\xf9>K\xe5\xcbj\x95\x9byZ\xbf\x98\x8e\xe8\x8a\
\xda\xfd9g\xd8;\x91\xde\x22\xd9\xc2an\xa4\xe6'\
a\x06*\x90\xd2\x9c\x01\xa8\x13\xdd\x83*1\xaa\x8f-\
?AL\x92\x8b\xb36\xd7\xadX>Nv\xd4\x94\x5c\
\xf7d(\xa5j\xdd=\x0eY\x00\xff\x00\xdd\xd2\x98'\
\xe4\xb8\xb9u\x09P\x08*9P\xa8R\x08<\x8f\x91\
\x00\x83\xe5\x157\xa5N\xf6\xfb\xc7\xd9\xe7\x16\x7f\x15\xe0\
l\x15\xf2\xea\x1cR\x98a\xc4\xad\x11\x95hq\x84)\
*\x11\xa6\xb2d\x0d\x01\x04V\x1f\xdb\xb3|\xe8e\xfe\
5\x0e$f\xfc$\xef\xe9Q]^;\x22\x12\xf7\x18\
R\xa7\xc4}\xcdg^\x86\x19\xc8\x8a\x7f\x14$\xfc\xdf\
\x9daewc\xe6\x902\xaf\xc9\x06U\xaf\xad\x1e\xaa\
\xbexI\xc4G\xf3\xd3\xf5/\xd7\x86\xd5\x88\xc6\xe7\xf3\
\xde\x97\xad/\xd7\x86\xce'\xfeo\xce\x8fB\xbf \xd1\
\xc4z\xaa\x0f\x99\xaa\xf5\xa9\xff\x00\xc4\x1b^&:\x89\
\xa3\xd1?\xf8\x9d\x19^,\x00\xf9\x8d\x1e\x89\xbf&\x18\
^,5\xf1\xc7\xad?R\xff\x00\xc4\x18V0\x06\x99\
\xb5<\xa6\x9f\xaa\x7f\xf1\x0d\xb5\x8f%:f\xdb\x97:\
\xafFYy\xb8IZ\xf1\x18\xd3\xc7\xa7\xad^8\xb8\
\xb3\xcd*\xcf\x12\x00\x01\xcd\xb7S[H\xe1\xcf$\x83\
\x5cH\x924W\xe7ZG5\xa7G\x12\xa7\xff\x00\x98\
&\xa9\x956\xbe(\x13\xf3\xfeuR\xa6\xc7*\xa9S\
3H\xdfZ\x03y\xa4\xeb@`&f\x7f\xda\x80X\
\x22:\x0aA\x9du\xa07:\xc5\x01\xa0\xaa\x09\x93=\
h6\xe6)\x9e\x8a\xdf\xd2\x995\xe9\xd6\x850\x9dE\
*\x96Lu\xa07\xcb}h\x0c\x9d|\xa8\xec7\xa2\
\xb4\x8a\x0d\xad\xf5\xd8\xf3\xa0\x7fL:\xfa\xf2\xa0\x8bI\
\x91\xebH\x14\x12\x08\xd4\xd0\xa2\x92\x88:\xe8zS\x05\
)\xa0F\xba\x9eQ\xce\x81\xd8\x154\x97\x14\xa5\x88\xc8\
%)\x1dz\x9f\xaf\xe9H\x1ai\x19]!0H:\
\xce\xc3\xfb\xe9L,8\x05\xd2\xd3z\xe3\xadx\xde\xf0\
\xb2\xda\x88\xdc\xeeU=\x07\xd2\x90^\xec\xf1\xf4\xe06\
Oc\x17\xee\x84\xb1d\x83\xdc-\xb8\xf0\x04\x82T\xb4\
\xa7r\xa2\xa2\x04\x89\xe6i\xc2\xaf\x8e]\xa9q{\x9c\
c\xc6\xd8\xee2\xa5\x05+\x10\xb9ya\xd9\xfc\x0aQ\
\x00'\xa0\x84\x8d|\xe9^yh\xa7!%\xb0\x22\x09\
0bv\x1c\x87\xaf:6F])\xcc\x8c\x9c\xc8\xd3\
\xf5\xa3\xb0@ gH\xdc\x80\x91\xee@\xfd\x05\x04\x0e\
\xe8\x85J\xb9A>\xf2i\x93\x04\xf7@\xc4\x02\xb3\x1e\
\xd1O\xa1\xd1\xab`V\xe2\x8c\x8f\x11\x88?\xad\x1f\xd9\
\xc2\x82\x03\xb8\x93\x09:\x89;k\xb1\x9a\x0a\x9dG\x89\
\xb0\xe1\xd31\x8f\xde\x90\x86\xdcZ\x9c}\xb4$\x15(\
\xec\x90<\xe9\x87R\xecU\x91p\xe5\xd8p\x9c\x8f\x92\
\xb5F\x99\xa0\xed\xf9\xd7'\x9a\xf3\x1e\xa7\xc4\x9cW\xad\
\xfb<\xba\x0dX\xe1\xc0\xa8\xe6i%\xb5\x83\xb2JV\
DGX\xae\x0c\xe6\xde\xae\x17q\xda\xb0\x0cO6Q\
2\x00\x9fJ\xcduk\xb6\xbcJ\xa1%c@U\xae\
\x84yUFg\xdc\x0aZ\x82\x92\x04\x91\xe1$U\xb2\
\xa8<r\xd9o\xda\xbc\x82O\x89\x0aL'y\x8a*\
\xb1SZ\xbf\xbd\xfe\x1a\xee\x1a\xdb\xdd\xca\xcbp\xcb\xe5\
3\xe1\xf3\xe8k\x97<m\xe9\xdd\x85\x9fo<c?\
dG8\x87\x8aU\x8a=z\xaf\x88S\xdd\xeb\x8f\xa5\
JJ\xc9\x92O\x88\x19\x8f!Q\x86^\x5c&\xb1\xad\
2\xc7\xc7\x9d\x99e\xf4\xf4\xe7\x04\xdb\xe2v\xfc8\x9b\
\x1b\xcb\x97/.\xec\xd3\x95\xbb\xa5\x9c\xce-\xb1\xa4(\
\x9dT\xa1\xb4\xf3\x152\xd3\xb2m%l\xdb\xdd\xf0T\
\x94\x8f\xc4\xa5\x18\x03\xebO\x9a\xabq\x8aW\x1a\xfd\xa9\
x\x0f\xb3\xbb\xc4\xda\xde?\x89b\xcb\x98u\xdc&\xcc\
\xbc\xcbG\xcdD\x8c\xdf\xf6\xcdo\x8d\x97\x87>X\xe5\
\xde\x9d\xbf\xb0\xee\xda\xb8g\xb4\x1c\x1d\x18\xaf\x0b\xe2\xc8\
\xbf\xb3\xcd\xdd\xb8\x87\x12[u\xa5\xc7\xca\xe3j\xd5'\
\xf2\xf3\xa8\xdc\x97J\xbe<\xbdy\x8e\xf3o\x8c\xb6\xe5\
\xb1XP\xd12u\xae\x9c/.\x0c\xf0\x93\x97(\xe2\
L\xee\x5c)\xc4Bw0\xa9\xdb\x98\xf4\xe7G\x92m\
X]\x06\xb0\xb9,\xb4\x90a \x83)\x8d\xb5\xe5X\
\xf4\xdf\xb4\xfd\x8d\xdfy\xe1I\x06D\x80\x0c\x13\xfe\xe2\
\xaaR\xd2u*S\x0aJ\x16\xb8TA\xe4}\xea\xf6\
')\x16\x1c\x0b \x15\x19\xf3\x1a\xd6\x92\xaa\xf0-\x10\
\xb1\x04L\xf5\xd2\xac\xf6Gv\xa0LA\x1f\xb5\x0d=\
\xa1\xd4\x02\x224=h\xb5\x9d9:\x8f:\x8bP!\
+\x84\xa4\x03\xadE\xac\xac\xe4&!v\x1amZ\xf2\
5\x19p1\x8e}\x88+\xf8\xe67kf\xea\xb2\xb4\
%\xc5'\xce4\x9f \x09'\xfe\xda\xe4\xf2Y\xad_\
\xb7_\x8e]\xfbc\xf4\xb0\xe2X\xfb\xbc9\x84\xf7v\
vi~\xe1\xe3\xf0\xd8}\x82\x14\x12\xbb\xa7c\xc2\xda\
g\x90\x02TvJD\x9eU\x9e\x1e\xd3\xa9\xc2\xbc\xb8\
\xe1r\x9b\xbc\xf7\xfe\xa7\xe5\x11\x80p\x1d\x8f\x0a\xda\xb9\
x\xb2.\xb1\x1b\x97{\xcb\x9b\xa5\x1c\xe5\xd5\x973(\
$\x9f\xc3\x9b~\xb9R6\x02\xaf\xd6c6'\x93/\
-\xd4\xe9\xe0\x0f\xf8\x90\xfd\xa5m\xb8\x9b\x18\xb6\xec\xbf\
\x86o\x13p\xce\x1e\xf1\x7f\x88.Xp\x14)d\x0c\
\xb6r7\x88\x0bp\x0d\x88JN\xa0\x8a\xef\xf8~\x1f\
\xff\x00\x97)\xfe\xbf\xf9y\x9f;\xcf\xaf\xf88_\xf7\
\xff\x00\xc3\xc3\xd8\xbb\x09z\xe1\x84\x0f\x13\xb6\xcc%O\
$\xf3l\x83\xe2\x1f\xe9\x98#\xa1\x06\xbdl\x1e/\x97\
\xb8\x0a\xdd\xa5'\x09\xbat\x83=\xd8?_\xfdE=\
\xee\xc6r~\xda\x01\xe0B-\xd1\xbeD\x9d}L\xc5\
ZF\xe0n\xb5my\xf1.jm\x9b]\xd3hV\
\xce8\x91\xf7i\xff\x00\xce\xa0\x7f\xed\xa6\x90\x96\xae)\
\xbb\x85\xb9=\xe2\x93\xa9\xcf\xf8\x8e\xba\x9f9\xd7\xd6\x81\
\x06-JZ\x1a\xbaJ\xf3w\xed\xa9\x97\xa7\xff\x00\x98\
\x00\x99\xe9\x98B\x87\xbd.\xd4\xfa\xd9\xf6x\xe3`\xff\
\x00b\xdc\x10e +\x0b\xb4R\x8c\xc6X+h\x88\
\x1bFQ\xa7Q\xcek\x09\xc7\x0d\xae\x5c\xaf\x97\x9cL\
\x93ta\xc1\x01\xadO\xfd\xdf\xedJ\xc5\xcf&\x91\xb7\
<B\x15>!Q\xea\xe8\x9e^\x01\xab\x1cI?4\
\x1eBh\xf4W\xeb\xb4\xacu#\xf1\x08\xeb4\xbdv\
_\xaeax\xf2gUf\xf2\x9a~\x88\xbec+\xc7\
\x90\x819\xc6\xfdj\xbda~\xb8g8\x8d;\xe7\x02\
\x8fB\xbeza\xce%D\x99X\xe9\x14z\xe97\xcd\
\xbeC;\xc4\xa9\xfe`\x0f\xebO\xd7E\xfa\xdb\x08\xef\
\x14!?\x8cL\xc4\x93\xca\x89\x8cO\xea\x82{\x8b[\
H2\xeaA\xf3U?Q\xfa\xb4\x13\xdcf\xd2g\xef\
\x92GY\xa3\xd4~\xb5\x0a\xe7\x1b4\x01=\xeaA\xeb\
5^\xa8\xbeZy\xae8i0C\xe0\xa8\xf2&\x9e\
\x93\xefh\xa6\xfbAe\x11/\x09\xf5\xa3L\xed<;\
Ihh]\x1ay\xc58E\x1e\xd2\x1b#\xfc@<\
\xb3kM-\xa7\xb4$\xabN\xf0yI\xa6k>\xb1\
H\x9a;~t\xc3\x01\x91\xbe\x94\x0d\xb7>\xf1@\xec\
\xadR\x07)\xa00\x1e\x94\x1b`\xe9\xd4t\xa4\x192\
v\xde\x993\xf7\xa0\xca\x89\xd0\x8a\x09\x99\x89\xa0\xdb\xa0\
534\x06N\xf4\x02\xa6A\xdc\xd0M\xc9\x8a6l\
*\x8f?*6ML\xfbPl\x1b\xc4r\xde\x90\x87\
\x13\xac\xfe\xd4\x03\x80s\x1fZ\x14p\x1c\xa3J\x0c\x8b\
\x8c\xcaHBI\x0bp\xe5\x1eC\x99\xfa~\xa2\x97'\
\xea\x1di\xcf\xe1lem>\x1c\xc3\xa7A\xfdh\x1a\
\x0e\xa1\x94\x9c\x89\xf0\xa3D\xa7\x91W\x9f\xa5RRV\
\x0f\x04%J'\x22\x01Sm\xa5\x06\x04i>\xe7_\
\xca\x90\xaa\xe7\xdaK\x8c\xc7\x03v'x-\xad\x94\xbc\
S\x16l\xd95\xdd\xac\x873\xa9%1\x9bS\xa9q\
)\x8d&\x8d\xe8\xa3\xe5\x9d\xe3\x22\xd6\xe5\xcbhHM\
\xb2\xbe\x1f\xc1\xf2\x8c\xbe\x1d<\xb4\xa4\xb3\x11\x19\xb52\
\x01$\xf4\xe4)\x91\x85 \xe7\x92@\x8f\x17\xa7*\xa2\
\xa6\x9a>%\xaeLf\x00GZd\x0dg\x22z\x8c\
\xa3~\xb4\x02\xd4\xb0\x10\xd8\xe4\x94)G\xdc\xd0\x0cZ\
+bu\x8c\xca\xfc\xa8\x07[\xf0:Vf\x12\xcb\x84\
\xc7- ~\xb4\x02\xd93l\x90GS\x1d4\xa5\xa0\
k2\x85\xc0q\xb5\x16\xd4\x93)ZL\x11\x1c\xc55\
:\xbfe\xa9\xf8tY\xa8\xec\xb5dQ\x03i3\xfb\
W\x0f\x9b\x9a\xf5>?\x18\xbd5\xc0W>'\xdb\xd3\
\xef>\xfc'\xc8\x98W\xe6?:\xe3\xca}\xbd\x0c~\
\xdd{\x00\xbd\x123\x18N\xba\xa7\xf4\xac\xf4\xd6\xd5\xdf\
\x06t,\xe6D\x14\x03\x12\xa4\x98:k\xa1\xaa\x93L\
\xfb[\x1aJT\x80\xa4\x8f\x11\x15Q\x17`q\x0bn\
\xf1$\x8d#\x98\xa0\xe2\xbbu\x82\x85\xbe\x5cSg0\
\x84\xcfX\xebScI\x93lX\x9bb\x92\xb2`~\
)\xd4\x1e\x95\x16i^\xdbSq\xf6o\xed1\x05\xdd\
Z\xb8\xeb@i-\x9d=Ms\xfan\xee:fr\
MT\x85\x8a\xb1\x1c_\x0e\x02\xe9\xe5:\x85\x08ZR\
7\xa7q\xbfe\xed>\x91\x18\xe7cXN)n\x14\
\xed\x98R\xc6\xa5Y)~\x8c\xad'\x9a\xce*S\xb2\
~\xcf\x9b\xec\xe6\xfd\xf5\xe1\xb6o\x17.\x94\x90\xe2m\
\xd8%?\xe5\xe5\xbf\x9d,|7\x1c\xb6\xd3/7\xb6\
>\xafOp\xdd\x8e%qn\x9f\x8dB\xac\x90@\x96\
\xd4\xa8q^\xa3\x95w\xe1\x8e\xb9\xaf;\xc9\x94\xea\x18\
\xe2\xac\x22%\xc0\x99Q\x84\x90\x9d\xca\x7fJ\xab>\xd8\
K\xf4\xa8\xa1y]\xcaW\xe2V\xdf\xdf*\xc3)\xcb\
\xa3\x1e\x92(Jn\x0cfP\xf3\x06\x14|\xc7\x9dg\
\xad\xb5\x97K\x0b7a\xe0\x90\xa5\x0c\xd1\x96G1W\
\x07\xf6\x92\xb5\xbbZ\x12\x00W\x94\x0eT\xf6}\xa4\x99\
|8\x02\x81\x85u\x1b\x1a\xb9K\xa1\xcd,(\x88 \
\xf9U\xed'\x93\xb7J[\xe4\xa9\x04\x8e[\x1aI\xb4\
\xa4\xb9\x092t\xa8J\xb7\x8f]\x02\x95\x05\x1f\x0aD\
\xa8\x93\x00\x0d\xe2\xb3\xc9q\x01\xc3Hn\xd9\xbb\x8cb\
\xf9}\xd8u%\xc5-\xcd\x03L\xa7P}\xfec\xea\
\x90+\x8b+\xed\x93\xd0\xc2z\xe1\xc7kO\x0c\xda+\
\x14\xba^?r\x16\x97\xee\x9b\x0cX\xdb\xab\xff\x00\xbd\
-\x8e\xa4\x01\xc9k\xf9\x96\xad\xc7\x84~\x11]8]\
\xcd\xbc\xcf4\xf5\xfd\xb7\xfd\xdf\xee\xff\x00\xf1>\x9ej\
\xff\x00\x88\x07\xdaxv\x15\xc3V\xfc/\x80\xdc\x06x\
\xcf\x1c\xb7Rl\xcb{\xd8[\x19I\xb9\xff\x00P \
\x84y\x89\xe5]\x1e?\x05\xf2\xe5\xbb\xd4\xff\x00\xf7L\
\xb3\xf9S\xc3\xe2\xfd\xbf\xca\xff\x00\xfb\xb7\xc8\xcc9+\
!o)E\xd7\x1e9\x0a\x9c2\xa5\x13\xaa\x94\xa3\xd4\
\xcc\x92y\xd7\xaf\x93\xc2\xc7\x9b\xb2\xef_ZqG\xee\
Y\x5c8]J\x1bZ\x84\x8c\xa0A\x04s\x04N\x9d\
*\xf1\x9f\xb7H\xce\xef+R\xb8\xad\x83G\x87\xd4\xf5\
\xbaT\x96\x14\xa4\xf7\xcd\x1dM\xb9*\x9c\xa7\xfc\xb1\x19\
U\xecu\x15\x12\xef-\xae\xf1\x86\x955\xb8\xa7\x92\xe3\
\x8a2T\xe1>\xd1\xa7\xe9Z\xed\x8bo\xab\xbb\xb9m\
)\xd8#P4\xdck\xfa\xd0L\xb7H!gb\x08\
M0?\x0dJ\x5c}l,\xe5M\xc2 (*\x02\
\x1cN\xa9Q\xf2\x99\x07\xfd^U?\xe8\xe3\xdb\xfd\x83\
v\x84m\xbb!\xc1\xad\x5cPe\xebk\x22\xca\x93\xb6\
U!\xf9\xd4r\x22+3\xbc:}\xc7i\x0d\x8b\x97\
\xbcI\x82A\x10t\x8f*5S\xba\x15}\xa2\xa1)\
\x90\xa4\x80v\xa3Ct3\x9d\xa3\xa2\x0c\x91\xfbUk\
Cf\x17\xda8\x8f\xf1\x00\x1d7\x9aZ\x1b0\xe7i\
\x0aQ\xd1@\x01\xcc\xd1\xa2\xd8\x07\xbbGV\xbe9\xf2\
\xa7\xa1\xb4{\xdd\xa4\xb8L\xe7\x8fzc`]\xed\x19\
\xe9\x9c\xfe\xf34\xa1m\x1fs\xda3\xc0\x11\x9fc\xb9\
V\xd4\xf5\xb1\xb4e\xcfh\xce\x9f\xfa\x91\xc8\xc9\xa0\xb6\
\x8d\xba\xed\x0d\xd5$\x9e\xf4\x1f})\xe8\xf6\x8b\x7f\xb4\
\x17\xd6g\xbe z\xd3\xf5-\x84w\x8f^$\xfd\xec\
\x1e\x93F\x81\xf68\xed\xc2\x81\x0f\x13\xefG\xad\x02\x93\
\xc6\x8bp\xff\x00\x8b\xa0\xe51N\x8d\xef\x81M\xf1r\
\xccB\xe4\x0esS\xa1\xb1\x0d\xf1J\xd5?z\xa3\xae\
\xba\xd1\xa02\xdf\x89U?9\xf5\x89\x14\xb46\xf5\xa8\
\xd3h\x8fZ\x0d\x80\xcf*a\x83B9\xd0m\xcc\x9d\
i\x11@\xc4t\x9aa\x82\x07\xa6\xd4\x8d\xb9\xe7\xb52\
`<\xff\x00:F\xcd\xfd)\x9baZi\xf9\xd0\x98\
W\xebH5>\x1dL\xfa\xd3:\xd8>\xc2\x88MD\
R2\xbf*\x09\xb0@\x03\xe9@a\xd0\x11L2i\
\x1b\x01\x83\xbcr\xa0\xcbA\xd4\x8f\xd2\x91\x9eH$m\
\x03j\x0c\xe8L\xc7C\xca\x85ti\x09\xf8\x85)a\
J!b3F\xa1\x1c\x80\xe9;\xfaE\x02\x1f,\x80\
\x07 \x04\x00\x9d\x87\x95\x03\xbe\xd1\xd7\x00\xb4\xdb\xae\x1d\
\x03H*'\xfc\xc7o\xcb\xf5\xa2\x95\xe0\xa6\xd3\xdd\xe2\
\x16\xb6\xc4@J\x1c\xb8RI\xd0e\xd1?\xfd\x11'\
\xda\x90y\xfb\xed\x9f\xc5\xe9qx\x1e\x1a\xd2\xd4\xf9\xb3\
\xb2v\xfd\xcb\x5c\xb9\x9b\x22\x02\x9bt\xf4\xcb\xe1\x9fQ\
\xce\x9d\xbc\x14\x8f\x0d\xadM\x948P\x099\xccN\xb1\
\xe7<\xf5\x93\xefJl\xc8\x00\x05B\xbeL\xba\x9d\xe7\
\xacy\xd3\x01\x9e\x12\xa7\xb2\x88$d\x00\x9e{\xd5&\
\xc0\x8d\xab10$\x00Vj\x885\xc0%z\xe9\xb0\
\x8fj\x01\xd7\x92\x1b\x98\xd2\x11\x1a\xf9\xd2\x06m\xe06\
\xe6\x9a\x94n:\x13@;\x05L\x5cD\x0f\xbb\x09\x8e\
\xa0\xa8mL\x16\x93\x16d\xfc\xc5Ni\xe4\x00\xa4\x03\
e=\xda\xc8\xd5E$OJf\xee\x5c\x0bf\x96\xed\
\xec\xd4\x98!.\xe4\x00u(\x04\x03\xe7\xaf\xe6+\x83\
\xcb\xddz\xfe\x0e1v\xee\x13s\xb9\xb5\xb4Q\xd5I\
\x9dy\xc1\xd2\xb92\x8e\xdc]_\x87\xaf\x93\x94J\x80\
\x09\x1bL\xeb\xd2\xb2j\xe8X=\xea\x89B\x92\xe4\x88\
\xda&*\xb6\x9dip\xc2_p\xda\xa5*}N\x09\
%!Q\x09\x93\xae\xb5R]'+\xcaPZ\x82\x08\
\xf0\xa8\x1d\x8d4\xec\xd2\xb0\xbc\xfa\x93\x9a9P6j\
\xeb\x0a\xcc`\xa2s\x11\xca\xa6\x9c\x01q\xc3\xa9\xee\xd4\
\x14\x8d\xf7\xf3\xa5&\x8f+\xc8\x9c\x03\x86\x02\x8eT\x08\
Nl\xb0?:~\xa7\xed\xa7Q\xe1\xfe\x10el%\
\xc56\x87\x82\xfeRu\x91[Lt\xc6\xe5\xb5\xa2\xdf\
\x87Xi\x05\x0d\xb2\x94\x8f\xc2\x90'\xe8j\xb5\xc2}\
\xbe\xce\xff\x00\x0e-\xa4\x85\x08\xf3\x89\x14\xb4\xafdV\
,\x92\xabu4\xe0\xd0'\x7f\xde\x90s\x9cN\xdd-\
\x5c\xeb\x02w }k\x1c\xa3\xa3\x0a]\xab\x83\xbeN\
h\x13\xbem=\xeb\x16\xc9F.\x09\x80~d\xea9\
kT\xa4\x9d\xa5\xcetA\x82uQ\xebU9$\x9d\
\xab\xe4@\x92@\xa7\xaaV\xa5X{2s\x03\xb0\xe7\
V\x9d\x8dB\x89\x831C;HQ\x80`\x9aD\xd3\
\xa7*s\x1f\x96%^~U\x14(\xbcCz\x95\x5c\
6\xcb\x8a\x12\xf2\xa2:\x0f?j\xe6\xf2\xe7\xeb9u\
\xf8\xbcw*\x19\xc6\xc7\x11claM\xadG\x07\xc3\
\x9d\x0e\xdf:\xda\x81\x0e\xdc&\x0bv\xc7\xc8HZ\xa3\
\xa2G:\xe5\xe2\xf0\xec\xd5\x93s\xff\x00\xdf\xed\x7f\xb1\
\xc4\x12T\xa7\x0a\xc0JAHQP\x09\x00|\xca'\
\x90\xf3\xe8\x0do\x8e_N/'\x8f\xba\xf8\x97\xf6\xca\
\xed\x96\xcf\xb6\xff\x00\xb4\xdf\x15q\x16\x12\xf8\xbd\xc0m\
\x8bX^\x1dr\xde\xa1\xebkt\xe5\xef\x12\x7f\x95k\
\xef\x17\xe6\x0aM}\x0f\x87\x0b\x87\x8eK\xdb\xe5<\xb9\
{gk\x90\xe1\x89\xf1e\x8f\x02T\x92S\xf9\xff\x00\
J\xbc\xb9\xe4\xb0o\xba\x0f\xdc\xb4\x98\x04-\xe2b:\
o\xf9\x0f\xce\xb4\xea3\xee\xa5q{\xd7--\xdd[\
hB\xca\x9bZ\xd6\xd3\x82P\xb4H\x94\xab\xaaI \
yD\x8dEe\x8fm\xbc\x9cM+\xce\xe1\xcd\xa9\x93\
sg\x99\xdb#\x19\xd2\xbd\x5c\xb6Q\x91\x91}F\xf9\
W\xb2\xbc\x8c\x8a\xd5\x85G\xa9e\xeb\xc7\x17\xf3\x1d\x84\
\xf4\x15D\xda\x15\x94,\x8e\xa0\xe9\xebF\x80\xb0<B\
\x0e\x84\x90\xaf0i\x1b\xd2=\x90\xdf7u\xd9\xfa\x16\
\xb5\x5c\x02\xdd\xcb\x8c\x17Z@\x5cH\x06\x14\x99\x0a\x82\
\x22\x08\xd8\xd4\xeb\x95Y\xc4\xabQ\xc7\xed\xdbk0q\
\xdb\xa5\x85@HIlk\xd4\x9dyr\xa1\x98\x17\xf8\
\x8d\xf7\xdc\xce\xa2\x12F\xc9H\x80\x07@(-\x9bV\
6\xe8\x07Y\xe8)\xc8\x088\xc3\xa4\xcc\x91L\x88V\
*\xea\xbf\x16\xb1\xce\x8d\x00\xcf\xe2\x8e\x93![\xf5\xa7\
\xfd\x10\x07q\x07\x89:\x99\x1c\xa6\x90\x0a\xee \xe4j\
\xa8\x9e\x94\xe1l\x13\xd7n\x15L\xeb\xd6\x9f\xf4}\x81\
~\xe9\x7f\xcd\xebO@\x03\xd7+T\xf8\x8e\xf3F\x93\
\xb0+yrL\xcfQT[\xd1\x95\xba\xa9\x1e)\xf2\
\xa7\x06\xc6\xda\xb8\xac\xa0I\xd7\xf3\xa3EjZ\xd9D\
\x81354\xd2\x8dH\xd3\xf3\xa4\xa1\xcc\xafa\xca\x8a\
%H0\xa2#_\xa5\x22\xdb\xdb\xc0\xc7\xbf*\xcd\xa3\
71L\xd8v\xfe\xb4\x89\xb1\xb4F\x9eT\x02\xbeQ\
\x1b\xf9P8ju\x8aa\xb8\xf3\xa4\x185\x8a\x0d\xb0\
zS\x84\xde\xc4\xc5\x01\xbd5'J\x039\xd0}\xb7\
\xb4\xf3\xf3\xa0\x9b\xa0\x151\xa6\xe2\x91\xb5\xa4\xc7:a\
\x86i\x06O\x94\x9aa\x9e\xda\xfa\xd23\x8d\x8f\xf7\xa0\
\xc5\xb6\x8c\xd0t\xfe\xb4\x96S\xa0e\x0d\xea\x12d\xa8\
\xa7p\x91\xbf\xf4\xf7\xa0\xa9\xe6\x11\x0d\x02D\x15x\xa3\
\xa4\xff\x00q\xed@8[\xa0D}\xdb\x00[\xbc\x9d\
\x0a^xD\xed\xaa\x80#\xf2\xa0\xcd\xa9\x8e\xf3\x89\x14\
\x16\xa2\x96\x95h\xac\xca\x02T\x12\x1c\x00\x91\xe7\x13E\
.\x9e\x1e\xed\xfb\x1fN-\x88\xf1\x86't\xf2\x94\x1b\
u\x8c)(I\x19Y[\xab/8\xd8\xea\xb4\xa1\x0d\
\x8dd\x0f\x14T\xc1xy\xcdD\x144`\x95f\x04\
g\x8d\x04\xf4\x1fJ\xa27\x98\xa9N\x81\x12\x00\x11\xef\
\x22\x80m\xd1\x94\x95\x122\xca\xd6\x93\xd64\xd7\xe9T\
(&\xd0P\xda\xa3Xi%^D\xeb\x14\xbbI\x87\
\xa0\xad^J\x09\xd3\xfdT\xc1wJ+7*\x1a\xf8\
A\x07\xca\x986\xc8\xca\xc2\xb5#D\xa7\xf7\xa6\x0f\x89\
\xf8@\xe0\xf9\x84\x00F\x9c\x8c\xd0)\xe7\x1b\x0d\xda\x84\
\x9d\xc2\x12\xaf\xfc\xd3\xfb\x01H\x04d\x15+H\x99\xd0\
R\xaaw\xee\xce\xad\x03\xb8\x15\xb0e'+\x83\xbf(\
P\x85\x05\x01\x00\x83\xbe\xda{\x0a\xe1\xf2e6\xf6<\
S\x89\xa7`\xe1\xf4\x16\xd9Cn\x0dB@3\xa1\x88\
\xael\xa3\xaap\xb6\xe1Wf\xd8\x84\x95B\x92`\x91\
\xd6\x7f\xf4\xac\x1bK\xf4\xe88\x0e6\x84\x8f\x990c\
Y\xfe\xf4\xa7\xb3\xf5\xdb\xa0\xe0\xb8\xfd\x98J\x02\xddJ\
R\x98$\x81\xb7\xf5\xab\xf6\x8a\xc7\xc1\x9e\x5cH\x9fw\
\x89\xf0\xf6\x5cAE\xca\x16\x14%!;\x81\xe7J\xe7\
#l~\x1f\x96\xf7\x03/\x8e\xad\x19\x5c\xe7B\x02w\
.\x1d\xbdEO\xeaGN?\xe3\xb3\xa70^\xd0,\
\xeeo\xd3\x99m\xbe\x82`\xa4@\xdf\xf4\xa9\x9eY\xbd\
:3\xff\x00\x19\x94\xc7\xaeW\x97\x86\x13\x88\xda\xe6\xb7\
u)*\xdcF\xbc\xb4\xae\x89ey9|O67\
\xa1\xdc/\x810_\xca\x95\x05\x15\x99$\xef\xedU#\
,\xfcY\xe37b\xfbe\x86\x9c1\x04\x84\x14\xa1&\
e5\xad\x8e;\x7f)@HBH\x03\xd0t\xf4\xa6\
\x937\x0b\x11\xf3i\x1bE%H\xaf\xe2A*K\x89\
\x04\x1d$\x03\xb8\xf3\xa8[\x9cq\x02KO(r\x90\
A\x8d=k,\xdb\xe0\x08:\x84\x18V\x864\xd3\x7f\
*\xc1\xb4\x1bmq\x01\x1af\x1df\x85%-T\x0c\
\x13\xb9\xe9\xce\xb4\xd1m&\xdb\xd9\x14!S<\xebI\
\x19\xed/gr\x08\x80w\xe5F\xb4*Q\xa5\x95#\
\xc8\xee:\xd4\xa6\x9f\x01*\x1a\xd4\xec\x07\xbf\x19-\xf2\
'Rt\x09\x15\x15S\xf2\xf0\xe5\xf7\xdb\x9b\xb3lW\
\x8e\xf8\x86\xcc\xf1\x19\xc3\x1d\xc3.\x95am\x7fx\xc2\
\xbe\x0d\xcc\xa6\x0b\xc8q3)\x90\xa8\xd0\x13\x00\xea\x0d\
s|\x8f\x89\xf2-\x99c74\xec\xf8\xdf7\xe2\xcc\
n\x19e\xab\xbf\xff\x00y_m\xbe\xd5=\x8f\xf0?\
\x0d\xdb0\xd7hX\x09i\xb4\xc2T\xd5\xdfz\xb5-\
FT\xb3\x90\x15\x12I$\x98\x9d\xab\x9b\x1f\x07\x9a\xf1\
\x8e\x15\xdf|\xfe\x09=\xb3\xf2O\xfb\xbc\xc1\xf6\x9f\xff\
\x00\x88y\xe3\x9e\x1f\xc48\x1f\xb3\x16.\x98\xc3\xb1\x06\
\xcd\x95\xe7\x10]\xa7\xbaq\xc6T2\xad\xbbv\xce\xa9\
\xcc\x09\x05\xc5\xc1\x82`\x0d\xeb\xd8\xf8\xbf\x0b,,\xf2\
y\x7f\xec\xf9\xef\x9b\xfeG\x0c\xf1\xbe/\x07\xfd\xff\x00\
\xf8x\xb1\x8bD%\xa7\xca\x14\x942\x14\x10\x1c\x1b\xbc\
R \xa5\xb1\xfc\xa9\xdav\xd7\xda\xbd\x87\xcf\x17\x87\x8c\
\xa9\x0b\x22\x08*Q\x01]F\x87\xd3Z\x90\x96\xc3\xed\
\xd7\xf1\x05iL\xc3*\xf1\xf4I\xddG\xa1\x88\x1e\xf4\
e\xd1\xe3\xdb\x5cB\xa3\xdeb*\x9c\xa9n\xd1\xb4\xa4\
m\x98,\x85\x1f\xa7\xedF1^K\xba\xae\xe1\xd7\x8e\
\xd8\x17\xaeZ)\x0a#\x22\x82\xd3\x99*A\xdd*I\
\xd1@\xf4\xfd\x0d[\x16\x99e\x9b\x98]\xac\xb2\xe2\x88\
\x06\xd5\xc5L\x13\xfc\x8b;\x8f%j:\x9a`9i\
MgB\xd2\xa4\x19\x88P\xa0AM\xa8\x17\x1b\xe8@\
W\xb7ZA\xdb;\x11\xc4\x97i\x84\xe26\xabs#\
.\xad$,\xec\xdb\x80BTGI\x80|\x8c\xf2\xa9\
\xfb]\xebK\xfb\x89B\xd3\xdc\xdd2Y\xb9J\xb2\xb8\
\x8c\xc1.\x029\x03\xb2\xb5\xeb\x07\xcc\xd3\xdb>\xc1\xbf\
d\x94+G\x93;\xe5p\x14+\xe8w\xa14;\x8d\
)\xb0&\x06\xfa\xcc\x8a\xae\xca\xf0\xd2\x86\x9e\x9a\xf5\xa3\
Ek\x0e\x864\x14H:\x0e\xf0\x99:\x03L\xb6\x0d\
\xd9\x98\xe5\xe9J\x1f\xd0gH\x00\xed\xafZ\x06\x81\xb8\
`\x1du\xeb\x14\x08\x0d\xcdw\x15B\xde\x00\xbe$G\
_\xadP\xfa\xd07\x0eS\xe7\xd2\x9aL\xack\xb7\xa5\
\x05\xa1\xd6z\x81\xa8\xa7o\xe0&m9\x11\xcb\x97Z\
\x83\xe9(\xc2I!<\xcd#H4\x99\x11\xfaR\x03\
\x99De\x8e\x9b\xcd#{l\x12*V\xcfJ\x0d\x80\
H\x9f\xd7\x9d \xd80\x7fZ`\xad\xb9\xc5\x05Xw\
3H2`oL\xd9:\xed\xef@l\xd2&\xf7<\
\xa0S\x0d\xf9\x0aA\xb9\x95N\xf4\x06\xff\x00Jc\xed\
\xbe{kH7\xbcA\xd3\x9d\x01\x90\x00\xde\x99\xb4)\
\x1b[L\xd0E'B'q\xca\x83>\xd12#Z\
\x0e\x0dbH\x1ak\xd2\x85\x10\x13\xde2\xf3\x83u\x88\
A\xe7\x94s\xf7\xd4\xc5\x07\xa1\xa29\xf3\xa44X\x02\
u\xdb\xa5\x03A\xdd@\x0c[\xe6$\x1f\x88@\x90:\
\xa8\xeb@\xd2\xbd\xc5X\x9f\xc0!p\xe6K\xbb\x96\x91\
l\x85\xed\x91KQ!Z\xe8H\x00\x98<\x86\xb4\xaf\
f\xf9\xeb\xdb\x0e,S\x820\xd3.\x87\xd1\x89c\x18\
\x86\x22.\x14?\xc4B\x08a\xb3\xaf\x96bOZp\
\xb2r\x8bt\x0c\xf9\x94\xa2H\x09\x03\xa9?\xd9\xa7R\
\xc0\xbd^\x22%K\xca\x00\xdbH\xa0\x03\xbd^E\xba\
\x12e \xe5\x1eQ\xcb\xeb5]\xa5\xb5$&\xda\xe0\
s\xcc\x84\xf9\x98\x8aa\x1c\xe9!H\x9f\xc4\xe0'\xa9\
\xd6h\x07\x9f\x19\x5c\xbc\x8d\x82\x80\xd3\xde\x80m\xbd-\
\xdc \x93\xe1*\x81\xe9\xbd \x22\xd5\xb2\xe5\xa2\x19\xd0\
\x15- \x12z\x8d(\x02q\x08\xf8\x8b\xb8\x90\x8e\xfa\
#\xc9#(\xfd\x0d0\x05\xbf\x09\xcc#\xe6\xfaR7\
\xa5\xbb6Ci\xe1\x8c-\xe4A*\xb5Q\x0b\x03U\
\x10\xb9\xf60My~[\xfb\xab\xdf\xf0O\xd9+\xad\
\xe1L\xa5\xf5\xc2\x13\xa7\xe0=?\xda\xb0\xde\xdb\xd8:\
\xe2XrR\x92\x16\xe2d\x0d\xf5\x1f\xb4TY\xf6%\
R8\xcf\x8fq\x0e\x06m\x17\xae\xb0\xb7\x99Z\x82R\
\xd3q1\xceI\xda\xaec2ta\x9f\xac\xda\x06\xd7\
\xed_\x86\xb0\x95\xa2\xe1\x17vK\x1ad}\xa3\x94\xfb\
\xa6i~\x86[\xe3\x97\xad\xe3\xf9\xff\x00\x1f\x09=\xb7\
\x16\x8c\x07\xed\x0c\xde5o\xde\xe1o\xdb\x5c!F\x08\
mG0<\xc1N\xff\x00\x95a\x97\x8f,x\xb1\xea\
x\xbeG\xc6\xf3c\xbc3\x95;m\xdaQ\xc4\x1c\xca\
\xfb\xeaigHR`\x1f\xae\xd5\x1e\xb3\xed\xe8\xe1\xaf\
\xfajI\xee'v\xcd\xd6V\xcb\xc0\x95\xf3\x06\x01\xf7\
\xfe\xf7\xac\xee\x16^\x1d\x18[\xf6\xb9\xe0\x9d\xa5\xe2,\
\xb2\x84-\xf4\xa5A$\x85\xa5PH\xe9\xe6iL\xf2\
\x8do\x87\xc7y\xd2w\x0e\xed\xcf\x88l\x02r\xbe\x97\
{\xb5\xcaU>!\xe5?\xd6\xaay3\xb3[rg\
\xf0\xbc\x19\xde\x9d\xd7\xb3/\xb4\xbd\xa68\xca-1b\
\x86nP\x06e\xa4\xff\x00s]>?\x95g\xed\xcd\
\xf3\xff\x00/\xfc7>\xde'j\xc3x\x97\x0f\xc5Y\
J\xed\x9e\x076\xa0DO\xf4\xae\xe9\xe4\xc6\xf4\xf9\xaf\
7\xc4\xf2\xf8\x7f\x94;vR\xb0\xa2\x9d#x\x9a{\
sk]\xaa\xd8\xe3\xeaCy\xd2\x99\x83'\xfd\xe3\xf2\
5\x15riJ\xc5H\xba\x09vt\x88\xebYe\xcb\
lxDw%(\xdfQ\xd4\xcdb\xdfbm\x94\x00\
\x126\xde\x92\xaf!\xb8\xbf\x8ep\x8e\x03\xe1\xcb\xeco\
\x16\xb8\x0cY\xd9\xb7\x9d@|\xee+\xf0\xa1\x03\x9a\x94\
`\x01\xe7\xd2\xafrs]\x1f\x1b\xe2y~_\x96x\
|Sv\xb9G\x06\xf6\xf1\x8aq'\x1d\xe0\x98}\xc5\
\xf5\xa2?\x8a\xb0V0da\xee\xb6\xbbU\xe5\xcd\x90\
\x5c)D:\xa4\xa7.o\x0aG\x8bM\xab\xaaI1\
\x99m\xd3\xf2~\x06^\x0fig\x18\xfd\xfe\x7f\xf2z\
W\x05\xce\xea\x02\xd5\xb4I\x07\x95g\x95x\xfdp\xb1\
\xb2 \x0e}k #6\xa1 O\xedSj\xa4y\
s\xed\xf5\xf6\x8f\xff\x00\xd8\x7feG\x08\xc1\x9c\x0a\xe3\
N'J\xec0\xc6\x11\xa9i\xb2!\xeb\x82:%*\
\x81\xfeb9\x03]\x1e\x0f\x1f\xbe[\xbdG\x1f\xc9\xf2\
\xfe\x9e:\x9d\xd7\xc6\x97\x1cJYn\xd6\xd8M\xbb[\
(\x0d\x5cQ\xddg\xd7\x97\x90\x15\xebi\xe0\xb4P\x9b\
v\x92\x94%9\xe4\x95*9\xf9Q\xd8H\xd90\x14\
\xf3aD\x84\x95\xe6:\xc1\xca5\x81\xeb\xd7\x90\xa3\xa3\
c\x97*\xbcU\xc3\x8b\x88JND\x01\x00$h\x00\
\x1c\x86\xb4\x12s\x0e\xb1 4\x87\x01Qp\x06\xd4\x8d\
\xb72L\xf2\xd8T}\xf0\xaf\xa4\xa6\x0dl.\x96\xfa\
\xe70Z\x92\x89\x8efO\xf4\x14\xb3^\x11\x1d\xc4o\
+& \x01\xca\x95\x80\x92\x08\x89\x09\xd0} \xd5c\
8FWuX\x5c\x06\x94\x81\xa4\x04\xfe\xb5h*\xd7\
E\xb7\xa4\xca\xe7,OA\xb5\x00\xb4-\xd6C\xc9J\
\xc8@3\x1b\x82'\xa1\xa0\x1c\x0a\xcc\xb6V\x10\x84\x08\
?\x22`\xabY\xd6\x95?\xb7Y\xec\x81+\xb9\xb5\xc5\
mJd\x14\xf7\xa0\x01'0\xf0\xfa\x90A\x8f-\x0d\
LU\xebn\xab~\xa5\xe2\x96M](M\xc3-\xa5\
/*?\xc4@9\x02\x8f\x9aL$\x9e\x84t\xaa\x9c\
\xb2E\xa8\x125Q\xe8$\xc8\x03\xca\x84\xb3&\x84\xe9\
3\xf4\xa0\xda\x88\xf213Oi\x8d)9\x93\x03C\
\xc8M\x06a\xc8 \x88\x9f*d\x09\xdd\x0c\x13\xa8\xde\
i\x18W\x13\xa1\x06\x9a\x7f\xa0\xab\x04l<\xf5\xe9A\
\x83z:\xc9\xaaOH\xf7\xbec\xcaz\xd3 n\xef\
\xa7\xbcP)\xa5'O\xefJ\x00\xbb22\x88\x1c\xe8\
\xe8\xd3V\xba\xc7\xd7\xd2\x8a\x13\x16\xda\xc0\xf73SM\
$\xd2<\x225>T\x86\x86\xb4\x9c\xb1\xcc\xd0\x1e\xd6\
\x8f=\xeb6\x8d\xeaI\xa6\x1a\xd7JFW?Ja\
\x90I\xdfjD\xcf\xa0\xa6\x1b\x1c\xfa\xf9P\x18A\xdf\
M(6\x009}(\x0d\x83#\xfa\xd0E\x094\x8d\
\xb1L6\x06\x9b\x827\xa0r\xd8\xd3\xd2\x91i\x84\xfd\
(\x0c;\xff\x00Za\xb8\x99\xe4i\x1b_\xde\xb4\x08\
\xdf0f(3\xed\x10\x92&\x85\x08$\xac\x06A\x82\
\xe02\x7f\x95\x1c\xcf\xed\xef\xe5S\xb5\xc9F\xe5\x19`\
\x80\x06\xd1\xca(^\x98\xd8!%$\xf8\x93\xa7\xf44\
\x86\x8e\x02$\xf9P4\x16\xeb7vB\x94\xa0\x05\xd2\
\x09\x1b@V\xdf\xad\x05\xa72\xed\xe1\xf5&\xd2\xf6\xde\
\xd5\xe0\xcal\xb0\xef\x87q)<\xde\xff\x00\xec\x823\
\xa8s\x92\x9av\x93\xc1\x1d\xac^5ss\x861n\
\x83\xf06v-6\x95-BT\xb5\xa4:\xa0@\xe9\
(\x07\xcfCDM\x9c\xa8i$#1\xdc\xab@?\
:d\xdb-KchS\xa4\x9e\xba\xeb\xfbUBF\
\xdc\x99B5\xd1fO\xd6\x9aD\xa9 \xa4\x12F\xae\
\x15\x8fJb\xa2\x96Ar\xd9#b\xe0:\xebH\x14\
\xeb\xa6.I\xd4\x95\xeai\x864f\xd6\x04\x08l\xa3\
\xe8h\x09\xae\x1de/6\x87r\xe7\x0c(\xba\xbdc\
\xc2\x94\x1d\x8f\xacR\xec\xd1\xcd\xac\xe5}\x0e\x12\x5c\xca\
\x82\x95m\xac\xeb\xfa\xd3&\xad\xe0\x99>g\xf2\xa5M\
\xe8\xce\xc8\x1e7\x1c\x14\xc3\x04\x82\xb6\x1e\x00\xf9\x01?\
\xb1\x1fJ\xf2\xfc\xf3\xf7=\xcf\x8dw\xe3\x8e\xc1\xc3\xf7\
\x02\xddG\xc4\x94\xa5I\xe64\x00\x8a\xe7\xeb\xb7^\x93\
\xf7\xcc\x052\x87\x12\x08\x85%J\x09:GZ_\xec\
\xaf0>'\xc1V\xf8\xee\x1c\xe3KG\x8c\x0c\xc1\xc8\
\x04\x83\xb7=\xfd)oWm\xbcroN-\x8dv\
=oz\x16\xc1e\x0d>\x89\x01Yr4\x104\x1b\
\xecO\xd4\xeei\xdc\xee\xb7+\xde\xf1|)\x9e:\xbc\
\xb9\xcb\xbc\x15\x8dp=\xfa\xeep\xe6\x5cqH\xd5\x0f\
[\x18q\x07\xa8\xeb\xe9Zc\xe6\xff\x00\xfd\x9eo\xc8\
\xff\x00\x17\xe6\xf1]\xf8\xf1\xdb\xa2p'k\xd7.\xe3\
\x18-\xcf\x1c\xb6\x9cB\xc2\xd1+C\xc86a.\xf8\
\x92@Y\x1f\x8c\xa4\xeb\x1as\xa3,\xa6\x5cW\x068\
\xf9\xfc3\x8d\xe2\xbf\xaa\xdf\x00\xc7R\x9b\xbe\x15\xc5,\
\xf1[E\xab8\xb5r\xe8\xa1M\xf9\x09\x19\xbf\xed#\
NF\xb93\xc6\xef\x87\xd4\xfc?\xf2\xf8\xcc}~T\
\xff\x00\xce\x7f\xeev\xcb\x12~\xe2\xe2\xe1\xb7\xac]\xee\
\xd9)C\xc6\xc9\xd4\xbc\x86\xd5\x12\x13\xa1\xe9\xbcm\x5c\
\xf9c\x96\xfa{\xd8\x7f\x92\xf8Y\xe35\xe4\xd5\xfe\xe1\
l\x8cYo\x14\xa2\xca\xe1\xd4(\x98\xc8\x00\xcc9\x02\
\x09\xd0\xd1\x8c\xbfL\xb3\xf9\xdf\x12\x7f\xfc\x81\xd8\xe2\xa3\
\x87\x5c).3sa\xdd\xa8\xa5O8\x98H#p\
N\xa2\x9d\xc6o\x96\x9e/\x91\x87\x93\xfeVR\xbb\x9f\
d=\xb9=\x86\xbe\xcd\xb3\xf7M>\x93\x05 /R\
9\x0f\xf6\xadq\xfd\x9dV_+\xc1\x8f\x9a^\x1e\xa1\
\xe1\x8e\xd4\xb0\xfc~\xd5)\xf8\xa4\xa6\xe3\x9aTc\xfb\
5\xd5\x8f\x93\xea\xbe/\xe5|,\xbcWrp2\xf7\
\x17\xb7\xb9B\xd2\x97A$l\x0c\xcf\x97\xfbV\xdby\
vU2\xd5\xd7\x10\x87\x90W\x9c\x05\x9c\xa5Ct\xcc\
\xeb\xf5\xacm\xd3x!V\x8aH+ll~S\xca\
\xa2\xb4\x95Z\xe2\xde0\xb2\xe1L%w\xd7\xef\xa2\xd5\
\x86\x87\x8dD\xf3\xe5\x1dI\xe8+,\xf3\x98\xcd\xd7w\
\xc7\xf8\xf9\xf9\xf2\x98\xe19y\xaf\xb4{n=\xed\xb7\
\x17\xb5\xb7\xb6\xe1\xacAxJ&\xea\xda\xcdp\xdb\x8e\
\xc6\xcbRI\xf0\x02b\x0a\xa3\xd2\xb9<w\xc9\xf22\
\xfd\xb1\xfa?\xf8\xfc\xbf\xc6\xff\x00\x86\xf0\xfe\xb7\xc9\xf2\
\xccoV\xff\x00\xed\x1dW\x84~\xcf\xd8\xaf\x06v\xe5\
\xc3+\xc4\xb8\xaf\x07\xc4_\xb4d\xe2\xb78\x12\xefB\
/\xac\xd6\xe3=\xd0\xee\x9a\xd9\xd4\x10\x98*O$\xeb\
^\xcd\xf0\xe5\x86\xb7\x7f\xf2|\xcf\xcd\xff\x00/\xe1\xff\
\x00#\xf0\xfc\x9eO\x17\x83,q\xb7\xd6g\xae/;\
\xe6\xfdW\xa8\xec\x18\x0c\xa0F\xc3H\xack\xe3~\xd2\
\x8c\x90\x94\x18\xa8\xd9\xe8\x8cK\x15\xb3\xc10\xdb\xbcG\
\x10\xban\xc7\x0f\xb4ew\x177N\x98C-$\x15\
)j=\x00\x04\xfbQ?u\xd2s\xbe\xb2\xda\xf8_\
\xf6\x99\xed\xe2\xeb\xed\x0f\xda\xee5\xc6.\xb8\xa60\xe5\
M\x86\x0bfI\x96l\x10\xa2\x01\xe5\x95nIQ\xf3\
Q\x1c\xab\xda\xf1\xe1\xe9\x8f\xac|\xef\x9b\xcb\xfa\xb9\xfb\
9\x08\x96\xd5\xe0\x10\x8f\xc3#R|\xfa\xc5j\xc0\xff\
\x00\xc3\xa5A9\x92@&r\x93\x02}w4\xc8^\
\x88s@H\x0dh\x06\xe6t\x8f\xf6\xa93\xb66\x8a\
@K\x81\x1d\xda9-bJ\x8c\xfe{S\x09\xfbk\
E\xe4\x0d\xa1YK,\xf8W\xbeuD(y\xea\xaf\
\xa9\xa9\x8a\xbf\x84\xdd\x83B\xd9jOt\x10\x11r\xe1\
 \xeb(\x1aLu\x00i\xebQ\x975x\xf1\x15G\
\xc5\xbd\xde!\xf0kp\xa9\xac\xee4\x1c\x88\x85\x14\xa8\
\xf3\xf3 z\x9a\xd6M2\xa8\x16T^\xb6Z\xb2\xf7\
hqiL\x1d\xc9\xd4\xc1=F\xb4\xc9\xb6\x93\x17\x00\
\x03\x00\x08\x9e\x94\x03\x8d9\x0c\xba\x0cC\x825\xe4t\
4\x03\x8c\xac\xfc+S\x00\xa5j\x07\xae\xf4\xaf\xe0\xe3\
\xa6\xf6B\x959\x88\xad\xe4\xb9\xddB\x94\x8c\xd3\x19T\
D\xc9\xe6\x04s\xa8]\xe9\xd8\x99{\xe1\xd2\x87\x1dF\
l\xaa-\xbc\xd9\xfcHR!^\xc7C\xea*\xe3\x00\
\x0e\xb2\xa6W\x90\xeb\x97\x99\xe69\x1f\xd2\x80j\x0c\xc0\
\x89\xf3\xa0\x9a>\x111\xad\x03l\xcb\xb8\xd8\x9a:+\
\xfd\x07z\x080c\xa4U\x00N\xa6\x07B6\x9a@\
*\x93\x06\x7fZ)\x05p\xc1\xdb~\x94\xe7\xe4\xf6\x05\
\xe1#O\xcb\x9dV\xc8\x0b\xa3S\xd6\x8e\xc8\x1a\xc6\xa7\
\x98\xa6\x0c8|FD\x1az\x03,\xc4\x80t\x11\xa4\
\x91A&-t\x1aLR\xa2\xd4\xc5\xa6\xe3\x91\x98\x1a\
\xd4\xd3\x96\xa5\xed\xc4$F\x94\x18\xe6\x92D\xe9\xa7J\
A\xed8\x91\xb0\xa8h\xcc\xa0ji\x06\x86\x80t\xa0\
\xd9\xeb\xf9P\x96\xe2N\x9bPm\x89\xe5\xce\x80\xcd'\
\xa7\xad0\xcd\xcc\x1aA\x9b\x1f1L\xca?J\x03c\
M\xa8\x22\x81\x93\xa1\x83A\xb6(\x0c\x1bR\x1bo\xa9\
\xa6\x19\x97A\xd6\x910\xa4F\xff\x00J\x03FO?\
zf\xcd'o*Fp:\x11$\x98\x00N\xd4\x97\
\x05\xd8\xcc)KL-{\x8e\x80l=\xb5\xfa\xd2i\
\x12\x09\x82\x22i4l\xb6N\xa3q\xce\x91\x96\x98<\
\xb5\xe9\xfb\xd3\x01\xaf\x92P\xfb\x00e)[\xcc\xa8\xa5\
F\x0f\x85RL\xf9\x0a;Mp\x8e\xdc1[u\xb2\
\xcd\x8a\xed\x1c\xb9s\x1d\xb9~\xea\x14\xbc\xa1\xb3!\xa6\
J\xe3\xf0\x80\xa4\x9fJ\x11\xa7\x87\xbbY\xc4\xdb\xc4\xf8\
\xff\x00\x88\xd6\xc3\xc9]\x85\xad\xfd\xc5\xbd\xba\x92\x90\x92\
P\x85\xe4\x1f\x92\x05S5Ed\x86\x91\x02`\xce\x9f\
Z\x08\xed\xc1\x0d[\x119e$O]\x00\x9f\xd6\x80\
\x8e\xb9\xf1]0\x82\x9d\xf5#\x95Y\x1e\xb9s\xbam\
\x07\xa2&<\xe8$j\x007\xd6\x93\xb4\xcf\xefE)\
\x1az\x0d\xa3\xa7\xaa\xcf\xedL\x1d\xb4o=\xbb\xf3\xb8\
l,M(zH\xf0\xf3\x85\xbc.\xe2\x0f\xce\x9c\x8a\
\x9d\xe0\xff\x00\xe9L#\x14\xbf\xbfV\xb2y\x8e\x9eT\
\x01V\xc8\x925\x906\xf3\xd6\xa5N\xd7\xd8\xbe*\xdb\
ia\x85\xab+k\xcf\x22?\x10\xd3_c\x5c>i\
\xbe^\xbf\xc6\xba\x9av\xcbK\xa0\xc1m\x09\xcb\x03A\
\xcfOZ\xe2\xe1\xdfx[\xf0\xeb\xd4\xde6\xca4\x9d\
\xa64\xf5\xa2\xa2\x7fk6\x18\x86\xd2@\xf1\x18\x00J\
Lf\xf3\xa8\xbc\xb7\xc3\x8eMc\x18-\xb5\xbd\xe1\xba\
\xee\x1b\xb9\x0dj[q9\x82\xba\x18\xac\xf7\xab\xa7\xd8\
\xfc\x0c\xfd\xf1\x92\xa31.\xcf\xff\x00\x88a\xc2\xe5\xab\
\xa49~\xeba\xd7[\x0d\x80\xdb@\x9d\x80\x1e`\x00\
74\x5c7\x1fC\xe2\xf2\xe32\xf5\xcap\xa0\xf1?\
gb\xf1\x8bu\xdc2\xdd\xc5\xad\xc2\xd6\xca\x12\xb4\xc2\
\xd4\x10\x06w |\xa9*PH\x1b\xcf\xa5ce\xc7\
\x98\xea\xcf\xe3x~F\xf0\xcb\x1e\x95\x5cW\xec\xe7\x9d\
kE\xb3\xb7\x18R\x90\xae\xec\xa9\x0d\xf7\xa9J\x86\xe0\
\x1f-y\xd5L\xf3\xc7\xf9M\xbc?/\xf8/\x8f\xe5\
\xbb\xf1g\xa3h\xec\xbb\x8c\xf8c2\xf8\x7f\x1d\xb5\x0b\
\x88PR\xfb\xbc\xe4\x7f2L\x82*\xa7\x92[\xccy\
\xdeO\xff\x00\xb7\xfc\xf8\xff\x00\xcb\xcaY\xff\x00a\xe2\
\xfb\xb5\xeb;\x02\xcf\xc2\xda&\xe4\xa4\x83qon\xd9\
Q=Rf\x01\xe8b\x8fy+\x87/\xf0\xbf/\x1f\
\xfag\xfd\xd4\x8c\x0d\xde\xd4xj\xcca\xedaw/\
\x84\xa8\xa9\x08\xb8\xb7\xef\xa2L\xc1<\xf5\xd7Z\xd6\xf9\
0\xefn_\xff\x00\xc5|\xdc;\xc1O\xb9\xb0\xedb\
\xcf\x15\xb8\xbai7\xb6\xa5k\xcf\xdd\xf7IK(=\
\x12\x88\x809\xc0\xad\xa5\xf8\xf9MX\xd3\xf4\xbf\xcb\xf8\
\xaf\x19\xf1\xfd\xe9\xd1\xf8\x1b\xb6>\xd68B\xe5\xa6\xf1\
\xfc,b6\xde\x15%y\x0b/ r)\x8d\x14<\
\x8f\xd6\xb2\xcf\x0f\x1f\xfd\x1b\xda\xe7\xc8\xf93x\xfc\x99\
/\xfa{[\xb3>\xd0/q[FM\xdbn6\xb7\
P\x17\xe2\xd3q\xd3\xaf\x95F\x19\xde\xab\xcb\xf98\xe3\
n\xe3\xa8\xd8:\x92\x80F\xca\xe5\xd6\xb4\xb7\xe9\xc9 \
\xbe \xc5m\xb0<=\xfb\x8b\x87\x12\x86[AZ\xdc\
Q\x00\x04\x81$\xcf\xa5E\xba\xed\xbf\x8f\x0b\x9eS\x18\
\xe1\xfc\x0bn\xefk\x9cV8\xbf\x13iJ\xc0\xad\xdd\
?\xc0\xec\x1cN\x99F\x9f\x12\xb4\xf3R\xbf\x08\xfc)\
\xd7s^^y~\xb6{\xfa}_\xac\xf8\x9e/\xd2\
\xc7\xf9^\xef\xfe\xce\xba\xd7\x0c.\xfa\xf2\xf1\xe6\xae\x1c\
eo\xa5V\xce\x9bu\xc0q\x92\x04\xb6\xae\xa9\xdbN\
\xa2\xb6\xf1\xe5q\xb6\xca\xcf\x1c\xfcw\x09\x87\x97\x19\x94\
\x9c\xf37\xcf\xe53\xc2\xfc\x10\xf6\x07\x895\x88\xbfr\
\xe5\xca\x90\xd1\xb6h]\x00\xe2\xdal&\x12\x86\xd6\xa0\
J\x12$\xe8\x92+\xbb\x0c\xb3\xee\xd6?\xe4>_\x8f\
?\x0f\xe8x\xf1\x92[\xbb\xae&\xff\x006N-\xff\
\x00k\xe5\xb9\xd0\x19\x04yUZ\xf9\x9b\x05\xb6\xe8\x02\
H\x81Q\xbd\xab\x5c>\x7f\x7f\xc4\xdf\xed:\x8b+\x11\
\xd8\xb7\x0e\xdd\xe5\xbf\xc4\x12\xdb\xfcKr\xda\xbf\xf8k\
m\x16\xdd\xac\xf2R\xe0-}\x12\x125\xcck\xd2\xf8\
\xde?\xfa\xeb\xc6\xf9\x9em\xff\x00\xc3\xc5\xf3Qj\xf8\
\xa7\x0a\xd2\x03m\xc6\x9c\x83m\xa7A\xfd\xeeMz\x0f\
'\xb2>!@\xf7h*Jd\x08\x9dc\xa50}\
\xa4\x97\x9e*\x04\xf8t+Q\xd0yMI\xa5\xed\xed\
\xdbK\x0e<\xeb\xa4\xdb\x8d\x14\x13\xa6x:$\x1d\xe2\
\x98\xa9,9\x95\xbbl.\xdf\x01!\xd1\x99\xb4\x01\xe1\
\x84\xeeG\x92A\x8fS@\x83\xf0\xa5\x87\xde%\xc4)\
\xc0Ki\xca\x81\x06\x0a\x8a\x89\xf2\x84\xa2}\xe9^\x0f\
\xefI\x1ca\xf7l\xd0\xea\xd2{\xc5\xb0\x91\x195\xce\
\xea\xb5\x09\x1fT\xcf\xa0\xa8\xc6m\xa6W\xe9\xcf_x\
\xdb6\x92\x95\xe7[J\x9c\xe3\x5c\xcb\x99\x90y\xea\x07\
\xd2\xb5b\xcb\xb8ehm\x1c\x97\x9c\xaf4\x87\x14D\
\x929\x08\x9c\xbe\xd4\x02\x90\x02ns\x8f\x12\x0e\xa9\x9e\
r\x0f\xef@i\x00\x1b\x05*R\x0aV\x01Lx\x8c\
\xcf\xe5\xa7\xe7@?\x87$\xdc\xa6\xe1\x84\xc1wE%\
\x07\xf1\xc1\xdb\xd6)St\x1e\xc8\x9fH\xe2\xc0\xd1%\
\xb6\xd6\xd19\xce\xa1\x0a\x03s\xd4D\xe9P\xaf\xaa\xed\
$)\xa9\xb6\xbb\x05\x07,\xb6\xb1\xa8\x1f\xcag\xf1#\
\xd3\xdb\xa5S#/ \x9bv\xdd\x94\x9c\xab,\x95'\
PcQ\x1e\xd3M&\x09\x9d\x00\x83NvmGQ\
>\xfaS\x22y@\xf7\xa2\x97f\x1fN\xbd<\xa9\x0d\
\x01s~\x94Q\x038\x01\xda=\xe80\xae\xa6\x15\xad\
>\xcaNA<\x0c\xd5\x04}\xc0\x92u\xf7\xebA\x7f\
`\x96\x0e\xa4k\x1dj\x8a\x98X0M>\xc8U\x9a\
\xb4\x07\xdfZA0\xc4\x8d\xa4k\xb0\xa9\x09{1$\
\x00u\xe7A'mS\x9a\x08\xdfOj\x15\xfd&\xad\
m\xc2\x8e\xa0\x18\xa9)^\xc7Ju\xf4\xa8m\xb2r\
\xc8\xe9A\xb4D\x1f\xca\x91v\xd0\x1c\xe8=\x15\x12\x22\
\x82n7\xf2\xe7L\xda\x8d?3H\x89\x224<\xe8\
\x0d\x8f\x172#\x953l\x0d\x0f*@\xb2=\xa8\x0d\
\xedA0\x08\xa0\xdb\x1a\xfe\xf4\x0d\x14\x06\xb4\x06\xe3\x9e\
\xf4\x06D\xef\xad\x00\x93\xea4\xa6!\x22'\xad\x06\xda\
\x11\xde\xb9\x96\x01J\x0e\xa3\x91WOo\xe9IQ$\
\xc0 \x0eG\xce\xa5pZ$h>\xb4*]\x1e\x0a\
 \xebB\xb6\xd2\x81R\xb2\x88\xdad\xf2\xf4\xa0{!\
\xb8\xb6\xed\xcb\x1bV\x0aIS\x8b\xcc\xc3~\x1f\x17x\
\xec!\x1by\xcd\x1a\x12\xed\xe7\xfe\xd7\xb1\xb60\xee&\
\xc4\xef\x9dq-\xa3\x03_\xc0\xb4\xd9\x19\xc9\x0d\x04\xa9\
\xc2F\xda\xa8\x02\x9f$\xebJ\xf3t\x9d\xeam\xe0\xec\
A\xef\x8d7\x0f\xba\xa58\xe5\xc3\xaayjX\xf1\x15\
(\x95\x19\x8f3V\xcc\x94\xab3\x89\x89\x04B}\xe2\
\x997|\x98e\xb0I*^\xc3\x9cS\x84\x8c.g\
\xc4w\xcd\x90\x12}\x22)\x91\xfb\xe9\x89\xda\x12\x04}\
)A@0\x92om\xe0I\x06@\xeb\xa5\x04\xdd\xc8\
#\x0fh\xc4\x09P\x91\xcf]i\x99\xdb\x1f\xf0\xd3:\
\x854\x84\x98\xe9&E\x02\x0d\xc2\x10\x06\x1bq\xfc\x81\
\xcc\xb3\x1d6\xa4\x11(O\xfc\xe2\xa7\xa94\xc2N\xdd\
9\x94\x93#p\x08\xf7\xa5z8\xbe\xf6sx\xab{\
\xc54\x15\x95\xc4\xbar\x9d\x80#i\xaeO+\xd2\xf0\
Y\xd3\xd0L\xde&\xf6\xc9\x9b\x94\x00\x12\xa1\xb1\xdc+\
c>s^m\x9a\xafS{\x8b7\x0f\xe2$\xe4l\
\xe8RA\x04\xf5\xf3\xa5h\x93\x95\xff\x00\x04\xb8/\xa8\
(\x81\x07t\xf9r\x156\xe9\xb4\x89\xeb\x96;\xc6\x0a\
\x92\x9c\xca\x09\x85#\xf9\x93\xfdEM\x9c\xee=o\x85\
\xe7\xfd<\xbdrEX\xde\xaf\x09\xce\xc9=\xe3j\x92\
\x82\xaf\x94\xc0\xe7\xe7\xa9\xf7\xaa\x97\x87\xd8\xe1fz\xa0\
\x15x\x85\xfc!uEE\xb5%\xc2\x95\xef\x98/6\
\x9e@\xc5cn\x9e\xef\x8en]}\x8bk\x1d\xbfc\
\xb9i\xa7\x12\xf5\xbfx](tL\xc2\xb3\xe5\xd3t\
\xcc\x08<\x87\x9d/|\x97\xfa\x1e+wg:\xff\x00\
\xe9o\xe1,r\xde\xe7\x11\xb7\xb7{\x07a\xc6[\xef\
\x9d\xb8m)J\xc3\xa9\xee\xd5\x95\x1bJ\x88Y\x0a\x9d\
6\x8a\xd7\x0f$\xf6\xe68\xbeG\xc5\xbf\xa7r\xc7;\
\xbe5\xff\x00~\xff\x00\xec\xb9\xe0\xd6\xbc\x1f\x8b\xd9\xe2\
M]X\x0bV\x99M\xb8S\x8f\xb6[u\xc5\x84'\
\xbe3\xf3\x02v\x1c\xf9\x81]8\xdf\x1d\x9c\xc7\x8f\xe6\
\xf1\xfc\xcf\x1ex\xe5\x86[\xb7}u\xad\xf0;/f\
\x82\xe6\xd8\xd9\xe17O\xb4\x92\x92\xf2\x94\xfa\x9bJ\x09\
H\x09\x1273\xf3\xe9\x1a\x83\xbc\xd3\xf6\xf0}F7\
\xc5\xfeS\xd6\xfb\xe7'\xe3\x8d\xfd\xf3\xff\x00\xd1\xc7\xb0\
kLb\xf6p\xab&,m\x1a\x80\xdd\xd2\xad\xd0\x1e\
Rd\xe6l\xa4\xc8RH3'_:{\x9f]8\
\xf3\xc7\xf4\xb0\xff\x00\x8bw\x97\xfb\xe3\xfd\x97\xff\x00\xb2\
|)\xa5.\xe1VM<\xe2\x93\x05w\x031\x03\x90\
\x00\xf2\x15\x9f\x19]\xbe[\xe4y\xb2\xca\xf1P\x83\x87\
\x9a\xc3\xb1\x09\x00%I;\x04\xf2>u\x95\x92W<\
\xb6\xceV\xdc2\xe1\xa6\xd9Ip\xe5\x03r9T^\
\x17\xad\xf4\xe3}\xb4\xe3\xcf\xf6\x85\xc56\x1c\x05\x87\xb8\
E\x9a\x92.\xf1wF\x816\xf3\xe1k\xfdN\x11\x11\
\xfc\xa0\xd7\x0f\xc9\xce\xdda\x1fA\xfe;\xc30\x97\xcf\
\x97\xd7N\xc1\xc0\xf8\x1a0\xdb\x1bv\x10\x80\x84 @\
\x00@H\xe8*<rc\x1a\xf9s\xf6\xcbk\x9f\x0b\
X\x5ca\xf7\xaf6\xed\xb2\x96\xc9QP)\x133\xcc\
WW\x8f\x1dW?\x9b)\x96;\x97\x95\x83\x15\xb8.\
^\xf7!\xbe\xe802\x04\x832w&\xba\xb2\xfc<\
Iw=\xad\xed\xa4\xbc\x1aN\xb56\x96\xb6\xe4\xff\x00\
i\x8f\xb4\xa6\x0b\xf6j\xec\xd9\xee\x22\xc4\x12/q\x9b\
\xa2\xbbl\x17\x09\x07\xc5yr\x13 \xab\xa3H\x94\xa9\
j\xe9\x00j\xa0+\x7f\x07\x8a\xf9r\xfe\x9c\x7f'\xcd\
<X\xeb\xed\xf1;\x1d\xe2\x0cW\x8c\xb1\xbc_\x1f\xc6\
.\x9d\xc4q\xbc^\xe9o\x5c]8d\xb8\xea\xcew\
\x09\xf2\x88\x1d\x00\xafnMq\x1f;m\xb7u\x1bt\
\xbc\xaa\x0c\xa5Y\x90\x803/\xf9\xd5\xd7\xd3]>\xb4\
\xd2E\xaa<r~T\x99=M\x14$0\xdbe\x5c\
<\x958\xac\x8d\x85\x00\x12\x04\xcf\x90\x1f\xd6\x90H\xdc\
g\xbf\xb9\xb7\xb5d'\xbd}a\xa6R\xa11'\xe7\
=\x073\x1b\xc6\x9a\x09\xa0'\xdfy\xa4\xbb\xdd!k\
,!\xbe\xe4BeJm:\x92@\xfcK\xd3OJ\
f\x91\xe1\xc6\x0bv\xed*\xe5\x19\x83}\xf3\xef%\x0a\
\xd4\x9c\xb9B\x09\xe8\x90\x001\xcc\x9e\x957\xf0\xacg\
\xda\x13\x88/\xddIM\xbb\x8aR\x16\xe7\xde>\xb0\xa8\
\x9c\xe0\xc6\x83MuT\xf2\x00\x0eTHV\xedV\xba\
%\x0e6\xc9\xd04\xa3\x9a4\x83\x15H0\xa5(\xa5\
\xb93\x08\xd0t\x13\xa5\x06\x22\xd9Q\x94\x9e\xa0\x8f#\
\xad\x00\xb6\x9a\xcd\x87-`\x9f\xf1Br\xc7\x913\xfa\
\xd0\x19d@\xba2r\x85hc]\x0d*q|\xec\
\xff\x00\x12\x09\xe2\x8b'\xd4\x99yJ\xca\xe8\x88\x0bT\
\x1d}\xc6\xa7\xccy\xd4+\x5c;\x82\x1d-\xe5m_\
|\xce\xaa\x0d\xach<\xc7CV\xc8\xf3 9ez\
\x84\xa0\x05$!\xd0|\x82\xa1[\xf9(}(\x9b\xe9\
 c11\xa1\xe74kF\xd2\xb4P\xd7\xde\x994\
\x12s\x11\x10\x07Jt\xa1\x97\xc1\xf9\x7f:@\x0b\xa0\
jc\xca\x83\xd0g\x0e\xb1\xae\xbeT\x00\x8e\x0d\xb7'\
\x94P>\xc0\xbe5:\x89\xebU\xdah\x07\x93\xe5\xb7\
Zc{\x04\xe0\x9a\xa2\xfe\xc3\xacs\xa0\x85Y\x09\x02\
\x8a9L\xd9\xa6c]\xeahNY7\xa0\xd2\x81V\
\x0b64\x1a\x7f\xb5\x05\xbf\xa4\xed\x95\xa1#\xa1\xea)\
\x1b\xd7\xd1\x03\xa5d\xdfL)\xd3\xf6\xa6\x0d\x94\xf3\xfc\
\xe86G0(&\xc0\xd7\xfaP\x1b\x88\xd6\x80\xd1D\
\xefL\x12Q\xad \xc0 \xd0Z,&\x04\xd1L\xac\
\xbd)\x06\xe0\x1fAA\xb3,\xef\xad\x05X\x01 \xf5\
\xa065;P\x0a\xe5\xebL2)\x15$\x8f`9\
\xd0f\x9c_r\x92\xa8\x93\xb0\x11\xb9\xd8\x0afz\xd9\
\x1d\xdaB\x06\xbc\xc9\xe6z\x9a\x95$\xad\xd3'\xaf\xad\
\x06-\x08\xd2u\xa6g\x12\x9e\x82)(\xb6\xdb\x12\x09\
\x030\xf3\xe5Gd\x85\xc4\xb2]\xf1\x96\x0a\xda\xe16\
\xb8{\xa9\xbf\xb9p\xea\x12\x84%F\x08\xf5\x5c\xcf\x95\
3\xfe\xdeJ\xed\xa7\x88\x0d\xa7d\xcb\xbeU\x9bO;\
\x8b\xbd{~\xef\xc4\x82\xac\xaaz\xe8! s\x0a\xc8\
Tco\x05O\xdao/\x1c\xdd\x9c\xaaa\x139\xbc\
a|\xce\xb1&\xaa\xa4\xe2\x06{\x94#.d\x9dG\
\xf5\xa6E\xdc\x9e\xf2\xed\x03`\x06_\xa0\xdf\xe9L!\
\xac\x9c\x05\xfb\xd7fBS\x94\x1f\xd2\x99\x09\xba\x12\x95\
\x1d\x80H\xd0\x8aP\x05\xb5?\xfb\xc1\xbeyP\xb3>\
\xd4\x06]\xe9\x87\xb47NY\xd7\xa9:\xfe\x94\xc9\xbb\
I6\x0bP\xdd(\x80zk@Kam\x14a\x8a\
*H\xc8\xa7\xbb\xec\xa7\x9e\xa0D\xfa\x03A\xa1\x14A\
\xbe\x94\xcaR\xa7\x08O\xa4\xd28\x91B\x09e\xc2\x06\
\x92\x93\xf9\xd3\x09\xde\x1c\xc4\x95o\x8c\xad\xcc\xc6\x5c!\
r4\xd6\xb0\xf2N\x1d^,\xb5\x97/Cp\xdd\xea\
.m\x9aRN\x8e\xe8\xa0N\x99\x80\xf9\xbc\xa4\x08\xf6\
\x15\xe5\xe4\xf6p\xab6\x12\xe9\x17\x1a\xc8\xe5\x03\xf5\xfe\
\xfa\xd6v}\xae^];\x02B\x91\x91C\x5c\xc9\x04\
\x84\xed\x15\x95tE\xce\xcc\x00\x84\x10\x08>\x5c\xaa\xe1\
\xec\x06+\x84\xa1\xe0\xa2\x15\xdc\xb9<\xf5I\xfe\x9e\xd5\
\x96[\xdf\x0fg\xe2|\xec\xbc:\x97\x98\xa8\xe2\x167\
\xd6\xce\x92\x94&\xe1'PP\xa0\x7f.\x95\x8eY>\
\xbb\xe3\xff\x00\x92\xf0Y\xabt\x08>\xeaNU\xa5m\
\x13#\xc2\x08\x02\x94\xb1\xeb\xe3\xf2p\xcb\x99S8F\
 \xb6T\x5c\x0e\x97\x9e0\x04\x88\x09\x03pG:>\
\xf6\xde\xf9\xb1\xb3_KF\x09x\xf3\xb7\x0e\x95\xad\xdb\
\x85)\xcc\xde.G,~\x9c\xea\xe5\xaeo'\x9f\x09\
8\xe1z\xc2\xb0r\xfbImK!9BJS\xcc\
y\xf9V\xb1\xe0\xfc\x8f\xf2\x18\xe3v\xe8\x5c?\x86\xb5\
d\xd9\xc8\x0eu\xc7\x8c\xeav\xd8V\xb2_\xb7\xc9|\
\xbf\x99\x97\x9a\xeb\xe9<\xe1\x0bFPd\x8d<\x22\xaf\
\xfay\x17\x9a\xaab\xf6\xe8K\xebQ\x83\x97c\xfdk\
<\x97\x8a\x99\xc5\xbcN\xd7\x0eaO\xdc)P\x94$\
\x9d\xfc\xab\x9f<\xbdg.\xdf\x17\x8e\xe7u\x1c\xff\x00\
\xb0\xcc=x\xbb\x17|Oz\x93\xf1X\xd3\xea\xb9*\
V\xa46<-\x0fd\x8f\xfe\x8a\xbc\xcd\xdc\xb2\xb9W\
\xd1\xe7\xac0\x98c\xf4\xf4&\x16\xe8CM\xa4xL\
\xd5L\x9cz\xe5\xd18Z\xe1\xcc\xa8\x07)hk\xe3\
\x00\x81\xd4\xd7w\x87;\xb7\x9b\xf2\xf1\xc6\xcd\xfd\xa2n\
/\xfb\xeb\xa7\xde\x99\xef\x16U=D\xd7U\xbb\xe5\xc3\
&\xa4\x88N&\xe3\x0c;\x84\xb0<G\x19\xc5\xeeE\
\xae\x1d`\xc2\xeen\x1d?\x81\xb4\x89Q\xfa\x0f\xccQ\
\x8e\x17;\xa6y\xf9&\x18\xee\xbe-}\xa2;x\xc6\
~\xd2]\xa8_q>\x22\xa3g\x86\xa0\x1b|'\x0d\
u\xd8n\xc6\xd0\x1f\x0azfW\xcc\xb5nTz@\
\xaf{\xc7\x84\xc3\x1fX\xf9\x8f/\x92\xf9s\xf6\xaes\
r\xea\x11kon\xc2\x8a\x92\xac\xc1\xc7H\x8c\xf2\xad\
\x80\xe4\x9d\x07\x99\xe7\xd2\xb4b\x19\xc5\x1e\xf1\xc2u9\
\x88\xfc\xe8\x02-\xd0\x10\x80\xa5\x09\x1c\x87S\xb5\x01,\
\xc2\xc5\x85\x93n\x80J\xde\x07&m\xc8\xe6}\x09\xfc\
\x80\x1c\xe8\x09\xde\x0c\xc3\x96\x94\xbf\x8c(\x07\xeed\xb0\
\xc3KD\xf8\x97\x03<s\xdc\x01\x1bI\xe4(2\xae\
nP\xcb\xce\xdb\xd9\xb8\x9b\x8b\x87\x16-\xc5\xd0\x1e\x12\
N\xa7(\xe4@\x04\xe6\xf3\xd2\x90\xfb\xd2f\xe1\xb6\xb0\
\xcc,X\xa1c\x22\xed\xca\x9d\x04\x18JA\x04k\xce\
w>p)kj\xfe\x94g\x1eU\xe7\xc4\x5c\xb9\xe2\
\x0f9 \x8d6\xd3O(\xaaE\xe5\x1c\xef\xdf\x12\xe2\
\xa4-\xf2\x93>Djh#Jt:\xb5F\x83]\
\xfd\x7f\xa0\x14\x8cCP\x94\x03:$\x13\xed\x06\x98\x15\
nKxu\xead\x18\x0c\xaa:\x10\xa3?\xfdU\x00\
+d\xb5p\x0ch \xcf\x95 \xb5\xf0\x82\xc21\xd6\
W\xb6WP\xa1\xe7\xac\x11\xf9\xd4_\xa6\xb3\xaa\xf4\x09\
\xf1F\xa6TcNUS\x878\x8b\x04\x05.\xe4\x12\
|v\xce\xa4}'\xf6\xa7\x00R\x9c\xbc\xc1\x8a}\x91\
*\x19D\xc4\x1et\x06e\x93\x04\xe9\xe5F\xc0w\xc1\
\x1a\xfe\xfbS\xd9}\x82wS\x1by\xd20\xce\xa6&\
\x06c\xb8\xa7\x05\x06\xeaJ\x81'\xf3\xa6@\x1f\xf9\x8e\
\xbe\xd4\x10'G)\xf6\xe9U\x08\x0b\xdf0\xe5\xd2\x88\
W\xb0\xcelt\x9a}\x816FLDR=\xa7\xec\
\x10$i4\x12\xc7\x87\xb2H\x13\xa1\xe8i\x16\xd6[\
\x1b\x7f\x08\xccyP6\xb2\xd8\xda\x82\x00\xfd\x0d*\x1e\
\xa8:\x0d\xab'KGi\xe5@& E\x1b\x04\x91\
\xa9\x8et\x06ziA0\xe8zP\x18u\xff\x00z\
\x0d\xa2y}h\x0c\xd8\x13\xca\x80P?\x9d\x04X\xd2\
\x07\xe8(6\xc0\x03\xd6\x80\xdcO\xf5\xa6\x1a\xe9\xd6\x90\
n'\xca\x99\x14\x225\xa07\x13<\xe8\x04s\xde\x8a\
\x0c-9\xee\x12?\x0bc1\xf5:\x01\xed\xa9\xa4b\
\x1a\xfc\xbc\xa8RA\x83<\xcf\xa8\xa4\xa81\x07\xe9I\
Z8\x17\xb7:\x0fE\xa0\xce\x9b\xf9PZs\xfe0\
\xbf\xf8\x5c\x17\xb4;\xe2\x15\x90\xda\xb7\x85\xb4\xe4\xc2U\
\xde\x8f\x19\x07\x96R\xa4\x09\xf2\xa3\xf3C\xcb\x7fk\xec\
Q\xb6\xb87\x85\xf0\x96\x9a\x0d\xdc\x86\x99\xb8t6$\
%?\x0b1\xe8K\xc93\xe5D\xfc\xa6\xf0\xf2a)\
r\xf9\x9f\x04%\x0d\xa6G\xef\xfd\xf5\xaaH\xcb62\
\x12\xea\x8c\x15\x92\x86\x92y\xf5>\x9c\xbc\xfd\xa8\xa2\x07\
}\xd0\xd3\xce\xabp\x84\x18>gJz*\x8d\xc3\x19\
*i\xc2g\xc6\xaf\xca\x7f\xf5\xa7\xf4PE\xc0\x12\xe8\
<\x92\x91\xa5\x1c\x8a\x0a\xceM\xd1\x8f\xfeZ\xbe\x91A\
\x08\xbeBE\xbbh\x11\x05\xa2fy\x88\xff\x00z\x0c\
\xcd\x9bel\x16\x87\xfdD\x12\x91\xe75D\x99\xb7x\
\xae\xd5HL\x00\xda2$y\xa4\xc7\xfb\xd2W\xd2\x14\
\xa4\x1b\xd6\x14&;\xd9>\xf4\x12I\xbf\xba\xb5\x8d\x04\
\xc4\x8e\x90\xa3H\xcf\xb56o\xa1\xc8 %d(t\
\xfe\xf5\xa9\xcap\xbco.\xc9\xd9\xce6\x1e\xb66\xe5\
`f\x12\x09\xfe\xf9W\x97\xe4\xc6\xca\xf6\xbcWq\xd3\
\xb0\xab\x83\xde\xa5p$\xea\xa1\xc8u\xac+n\xdd\x87\
\x84\x1a[\xed69\xc00y\x0a\xc7\xba\xe9\x97\x87D\
\xb4\xc3\x02\x9b\xf0\x8c\xd275\xa6\x93\xecn\xf3\x07u\
\x7f\x22N\x823\x13\xbdNX\xddp\xdb\x0c\xe2\x06\xfb\
\x01u\x0a@m\x1a\x99\xd4l\x07CX\xdc/M\xe7\
\x93\xed\x1b\xfc\x09\xc4e\x0e\xc3d\x1d9\xe7=jr\
\xc7\x86\xd8y\xf2\x9dT\x8d\x8e\x0c\x15\x04Z\x05+b\
BbMgqu\xe3\xf3<\xd3\xfe\xa5\xa3\x04\xc3\x03\
.$&\xd4\x85s\xce~\xb5\xb6\x18\xf3\xcb/'\xcd\
\xf2e;^\xb0\xcc=\xf2\x88P\x09\x82<)\xae\x99\
\xc4y\x99\xf9.U:\xc2\x03`$)S2\x0e\xe6\
im\x9fb\x9d\xbaP\xd0\x18\x11\xcf\xf5\x9a6Ri\
\x5c\xc6o\xf2\xa5Y\x8e\x87\xa6\x95\x9eMdy\xcf\xb6\
\x8cJ\xf7\x1ba\xdb\x0bU)i_\xdd\xe5I\xd6N\
\x83N{\xd7\x07\x97yW\xbb\xf10\x93\x9a\xed\x9d\x97\
\xf0\xc3\xb8f\x01\x87[\xb8\x94}\xc3(o\xc1\xb1)\
\x115\xcd'\x1am\xe5\xce\x5c\xb8u\x8b.\x1d\x0f\x1b\
e-\x12\x8d\xcc\x0f\xefJ\xaf]\xb9\x7fS\xd7k\x06\
!\x18\x17\x0f\xdc\xaf(J\x9cPe\xbc\xab\xeb\xb9\xfa\
\x03]\xbe,t\xf3<\xbeO\xd4\xcaH\xa4\xddb\xc1\
\xb5\xe4B{\xc7\x95\xf2\xb6\x9f\xdf\xa0\xae\xa96\xc3,\
\xfd^J\xff\x00\x88\xd7i\xeepwc6\x9c.\xd5\
\xc4b\xdcWu\xdd<R\xa8(\xb4j\x14\xb0\x074\
\xa9YR}+\xd1\xf8\xd8\xfe\xed\xbc\x7f\x97\x9d\xf5\xff\
\x00o\x99\x09H\x10?\xb1^\x93\xc7<\xd1\xcc\xbbp\
y:\x9f\xa1P\xa0\x12\xe2\x7f\xe6\x9e\x1b\xfd\xe2\x87\xff\
\x00DE\x01'el\xab\xdb\x96\x98m\x0aZ\x89 \
\xa5\x02I\xd7\xf6\xfd\xa8\x02\xd7n\xbcB\xf0\xe4\xca\xe0\
NV\xdba\xb2\x14\x106BI\xdb1\x81\xe1\x13$\
\xd28\xb8\xa9\xff\x00\xe1\x18z\xac\x9aV~\xe8-*\
P\x10VS\xa3\xab\xf4\xef\x14[\x07\x9eRy\x0a>\
\xc0L\x05\xaf\xe1\xf6\x87\x11ZGz\xa0~\x1d\x04I\
\x8f\xe6\x8f\xf3\x10\x07\xa0\x1djm\xdf\x0a\x9cr\x1f\x88\
\xae\x96\x97\x5c\xb5i9\x9cm\x84&I\x92\xb5\xa9C\
s\xea\x7f/*\xa4\xab\xf7\x0c\x06KV\xe9u(C\
R\x82\xb3\xae\xc0\xe6#\xae\xba\xfd*\x8b\xb4s\xaf\x87\
\x1fu\xe6\xd0\x10\xd2\x04!\x07\x5c\xa2!#\xd6\x97\xf4\
\x0c0\x80U\xa7A@Ia6\xa7\x13}\x9b@\x7f\
\xc7!\xa3\x1d\x0a\x84\x9fd\xc9\xf6\xa0\x08z\xe57w\
\x17\xee\xb4\x02XqEH\x09\x1ad\xcd\xe0\xfc\xa2\x80\
\x09\xd4\x04\x84/\xf0\x9d\x01\xf7\xe7@\xfbX8n\x17\
{\x9f))n$\xf9LO\xd6+<\x9a\xe2\xf4M\
\xb9\xefl\x18Q\x82r\x82\xafSW/\x0c(\xbb\x04\
\xa8]\x09\xd4\xe4^\x83\x9f\x80\xd0\x98\x0c\x02&u>\
U\x5c\x06\x15A\xd7^Zs\xa9\x1b%d\x93'x\
\xe7L\xaf&\x1dI#]\x06\xf4t\x00\xbc o1\
\xccQ\xfe\xc0g \x0d\xbf\xda\x9f&\x11\xd13\x14\xe1\
Po\xa4\xa4\xc4R\x85b=\xf0L\xc1\xd8\xeej\x88\
\x13\xc3M~\xb4\xc8*\xfd\xfaM2\x11d|C]\
i\x1cY0\xf4\x83\x04\xce\x9aE\x01l\xc3\x99\x924\
\xd3\xcb\x95\x22\xd5Zp\xd6'):G\x95\x05\xda\xcf\
\x87\xda\x83\x11\x1e\xf4*=*@\xac\x9d\x0de\x9f\xf7\
\xa4\x0d\x907;Pm~B\x80\xcd\xa8&\x89\x98\xe9\
\xd6\x98l\x09\x1e]i\x06h#_\xad\x01\xa1\xb9\xa0\
6\x9eFt\xe9@,\x1a\x03y\x80\xe5@nr\x9d\
\xb44\x06r\xda=\xe8\x0d\xa4\xec9y\xd3\x1b(\x18\
\xe54\x06\xe4\x8fJ\x08\x83\xa6\xe7(\xeb\xd2\x81\xb0\xec\
\x12\xa4w\x8a\x04)\xcf\x14s\x03\x90\xfaE\x06!\x04\
\xe8?JJ\x1bl2\x82zT\xb5\x90bO\xbd%\
\xe8\xb4\x98\x00Pz/\xbd\xeeArBB\x06i\xe9\
\x1c\xe9\x93\x98\xe3\x17\x9d\xe7\x06\x8c\xed\x94\x22\xf2\xe1N\
\x06]\x07\xc6V\x09\x81\xe9(\x22:\xf9T\xf7\x12\xf1\
\xa7\xda\xdb\x19z\xf3\xb4\xdcR\xd57\x0b-Z\xdc?\
n\xdbRr\xb6\xdaJP\x94\xa7\xaaHn\xaeFW\
\x97\x0a\xb6d\xdd]%\xa4\xc3d\xa6\x14\xa5l\x90\x04\
\x95\x13\xd0\x09>\xd5E\xd0\xebb\x1fyO'0i\
0\x10\x15\xfc\xa0i\xa7\xd0\xd0\x11\x17\x90\x8bW\xce\xbe\
5@WX\xff\x00\xd6\xa9$a\xa0\xb7m\x98\xfc\xc1\
S\x97\xca?\xde\x80S\x92]|\x9dPH0=\xa9\
\x00\xd6\x80\xa6\xe1\xc2~`\xda\xbfj\x01\xfb\xc4&\x16\
\x90s\x04\xa0\xa4}\x00\xa6T\x9c7\xc1t\x10 \x94\
$\xa7S\xa4\x84\xff\x00Z\x0cV\x1eG\xc2\xac+q\
\x94}G?z\x029~\x17\x89\x00eJ\xff\x00?\
\xecP\x13/6\x94\xda\xb6\xf7\xccT\x84\xa8\x88\xd3Z\
\x0d\x8d\x9e\xf9\xc0\x08$\xacs\xea\x22\x95TY83\
\x11s\x0d\xc4\x9bHP\x09'*J\x86\xd5\xc9\xe5\xc7\
q\xdd\xe1\xcbU\xdf\xb0k\xf2\xf2\x11\x95#P\x0a\xbc\
\xc8\xaf;.\x1e\xac\xe5\xda\xbb=\xbb\x0ba\xa07\x03\
_\xebYN\xda\xbbv\x0a\xd2\x1ci%2\x09\x02:\
\x8a\xb8\x84\xe2p\xb6\xd5\xf3\x09\x1eU{\x22U\x81\xb4\
\xa0\xac\xa9\x81\xb9\xd2)v\xae\x8c#\x84\xd8[\x84d\
\xcd\x1f\xde\x94Y)\xcc\xac\x1fo\xc1Mf\x90\x89B\
~T\xa3qK\xd6+\xde\xd4\xd6\x1f\xc2\xc9iHJ\
\x93\xe2#\xe6#\xcb\xafJZ\xd1\x5c\xb6\x96o\x04K\
h#*N\x9b\x1et\xf4[\xd1\x87\x9a)P=\xd9\
@\x066\x1a\xd4^\x17\x10\xf8\x8b\xdd\xda\x00\x00\x9e`\
\x9f\xd2\xa6\xd6\x92n\xa8\xfcOt\xa5\xb6\xa4\x81\x1ak\
\xaf\xebY\xda\xea\xc3\x09\xbd\xa9\x18\x7f\x09+\x10\xc4\x99\
\xb8u\x06\x0b\xa9H1\xa1?\xae\x95\xcd\xe4\xc7X\xed\
\xe9c\x9c\x9cG\xa0\xb8k\x0a\x16\xf6\x8c $\xe5\x00\
iYH\xe7\xf6tl\x1a\xc2\x10\x83\xfb\xd6\xf8`\xe1\
\xf3\xf9u\xc2\x13\xb6;\xa5\xdaa\xb8\x1d\xab\x08\x05\xc7\
]u\xc2\xa3\xa0\x00$\x09\x8e{\xd7\x7f\xa4\xf5\x8f'\
\xc3\x9d\xf7\xca\xa8vV\xc2\xd1\xa58\xbc\xcauz\xa9\
j\xd4\x9a\xb9\xa98kw\x95|\xa9\xfb|\xf6\x8f\xff\
\x00\x8f\xbe\xd1\x18\x95\x83D|\x07\x0d2\x9c%\x9c\xba\
\x82\xe0\xf1\xbc\xaf\xfc\xea#\xfe\xda\xf5<\x18\xfa\xe0\xf0\
\xfeN^\xdeN>\x9ev\x1dv\xae\x87)EY`\
\x88\x1a\xd0\x07\xa7\xe1\xd3p\xa7\xb2/\xbb\xd5\xc0!'\
\x96\xa0\xfa\x1a`m\x83\xa1\xab;\xc5\x9e\xff\x00\x22\x10\
\x02S\x9c \x92\xa3\x13\xa7\xbd#K\xf0m\xa0z\xe5\
\xccJ\xe1(c\x0d\xc3\x92\x92\x00\x10\xd9}D!\xa6\
\xe3rJ\x8ei\xdc\x04t\xa4\x12\x7f\x08.\x02\xddZ\
H\xb3\x90\x80\x80d))\xf0\xa1\xa4\xab\xf9bT\xa5\
u*<\xe9Q\xf6\xd3\xb8\x82\xdfZ\xdeQ(\x1a%\
\x09H\x8c\xa9\x98\x1e\x84\x80}\x05\x12\x0b@],&\
\xf2\xfd\xd4\xc2\x14\x87@\x052JJRr\x8f?\x9a\
O\xa5Q+\xcf))l\xe6\x92KJ\x00\x7f(\x90\
\x004\x10\x17FKD\xc8\x85,\xc9\x1d\x07/\xdc\xd0\
ld\xe53\x11;\x8a\x02B\xc5\x7f\x0dl\xf3\x88T\
;\x94\xa1\xb5\x0d\xc6m\x0a\x87C\x12'\xce\x83c\x12\
\xa6\x88\x1aKh0)\x02P\xa4\xa5\xb7\x03\x80\x96\x89\
\x13\x90\xf8\x87\x98\xf3\xa0'\xb0`,/\x1ap\xa9/\
[(\xfc\xe8\x90\x97\x10G\xcb\xd4\x19\xe5\xc8\xd4\xd5\xe2\
\xf46\x1e\xa1\xfc2\xd5AY\xdb[ISk\xe6\xa0\
G?>^\xa2\x9ccx\xa9\x0c3[\x9c\xc3@\x86\
\x5cQ;\xfe\x05S\xec\x81\x18\x02\x0e\x9d(*\xd0\x98\
\xd26\xa2\xc1\x1aP\x04\x8d&\x81L>\x98O\xa7Z\
b\xcf\xa0\x0f'^\xbeQ\xad20\xe2w$\xe9H\
\xe8'\x84\x14\xc8\x1e@U'\xa0Oh\x0c\xd0@.\
\x07/\xa5T\x00]\x037_*da@\xf5\xd0\x8f\
\xce\x989f\xa0\x95\xf2\x03\xd7\x9d\x1a\x0b^\x16\x02\x82\
L}jB\xe3\x867!#_\xebH\xd6\xfc-\x99\
P\xda\x8a\x95\xa7\x0fd\x10\x01\xe5\xadOG\xb7\xa1\x14\
7\xac\xdd\x04*u\xd6b\x80l\x9a\x0d\x9e\xd1L\xf4\
\xd10c^\xb4\x88\x99\xeah&\xf4\xf3\xa05\x9a=\
:\xd0l\x8d6\xa4M\x8a`\xa1;\x1d\xe8\x05O.\
f\x80\xc1\xa0\x8a\x0d\xbdcZ\x09\xb9\xe8\x07\x9d\x00\xa0\
w\xd6\x82g=(\x06nI)\xee\xc6\xee\x1c\xbat\
\xe6~\x93\xf5\xa0\x172D\x0f\xa6\xd4\xc4-\xb1\xbe\x80\
\xeb\xd2\x85A\xec|\xbf\xadF\x9bJ))\xf0\xf2\xa4\
\xad\x96\x11\xa7\xedM[Fqe\xe8\xc3\xb8w\x10w\
0\x07\xb9ZB\x88\x9dT2\x81\x1c\xe4\xa8R\xea\x16\
\xf9S1\xac3\xe2\xb8\xd3\x86\xb0\x97V\xa4Xaj\
\xb9\xbd\xb9q\x03V\xd4\xd0m\x94\x93\xfeQ\x99G7\
Q\xe4hE\xe5\xf3\xef\xb6\x8cm|G\xc6\x98\xae\x22\
\xe9RR\xf3\x87R<\x1a\xadJ\x00\x1fE\x0fZ\xa9\
Qx\xaa\x1b\x8c\xfc+\x17\x0d\x15\x8e\xf9\xe2{\xe3\xcd\
\xb4\x03!\x1eD\xe9>\xc3\xadV\xf4\x92\xed\xd6C|\
\xc8\xc8\x02cd\x88\xdb\xce\xa4DV*K6I\x1f\
\x89j\xe65\x1c\xc7\xedV\x8a\xcc<\x00\xd2\x09\x12J\
\x88\x81\xfd\xf9Pe$KO\xf3*\x8f\xfe\xa8M0\
n\xc9%\xc7N\xd2\xa0@\xfa\x0d~\xb4\x8a\x0d[R\
\x17\x10\x08J\x96g\xcbZ\xa1\xb4}\x88\xc8\x82\xe4\xfc\
\xce\xaa=\xd3\x9b\xf4\xa4p\xf3*\xca\xed\xda\x0e\x84\xb6\
r\xfa\x82\x08\xa0\x07tB\xd4w3\x9bO\xef\xce\x80\
\xb06\xd7y\x83\xb2`\xc8o\xb9Ry\x13\xba\x7f)\
\xa9Q\x16\xa9\x0e\xb91\xe2\xf9\xa4\x0f)\xd2\x97J\x90\
u\xba<IRA\x04\x18\xf3\x1d=\xeb\x1c\x9dXG\
X\xe0\x0ct>\xb4\xb2\xf1\xfb\xc4\x0dO\x229\x1a\xf3\
\xfc\xd8\xbdO\x0e[\xe1\xdf\xf8\x0b\x12\x0c\xbe\x94\x8dR\
\xad\xc4\xd7%wi\xdf\xb8g\x12=\xd8\x92\x09H\xeb\
\xa4S\xc7$\xe5\x82\xdbk~\x16v\x80v\xaa\xd8\x98\
\xa4X|*A9\x86\xf3U\xb2\xb8\x8be\xd4g\xd6\
\x15\xd7J6^\xa9\x9b\x17@\xca\x12b\x9e\xf6ZK\
$\x81\x98\x183\xe7\xa5+OD\xb8\xd2HB\xa3D\
\x99\x94\xc8\xd6\xa7\xfbR3\x12\xb8JQ\xe2\x00\x1e\xa9\
\x14\xa8\x91S\xc5\x9d1\xea\x04\x80h\xd6\xdbc\xc2\xb5\
qc\xf1N\xea$F\xa0\xfe\xb4\xfd\x1a{\xe9#\x87\
\xd9\xb41\x1b6F\xcd\xa4\xba\xa3\x13'a\xfb\xd7'\
\xc8\x9c\xcc]>\x1b\xb9k\xac\xe0\x96\xd9\x99i@\x0d\
4>u\x9e3\x84ey]\xb0\xcbp\x84'q]\
8G\x97\xe7\xcfuO\xedV\x1f\xc60\xc6\x95%,\
Z\xa9Q\xcaT\xbd\xff\x00\xfa\x1a\xe9\xb7Zsx'\
\xf2\xbf\xdb\x99\xf1\x97\x12Z\xf0\x8f\x0eb8\xad\xcb\x89\
E\xbd\x85\xb3\xb7n\x17\x0c$\x86\xd0U\xaf\xacG\xbd\
\x18\xfe\xec\xa4\x8dr\xbe\xb2\xdf\xc3\xe1\xe6?\xc4\x17|\
]\xc4\x18\xae9|\xa2\xbb\xdcN\xe9\xdb\xc7\x8e\xfe'\
\x14T~\x93\x1e\xd5\xee\xc9\xa9\xa7\xcdenWt&\
\xe9\xf4\xa6G\x9aBc1@Tjs\x13\x14\x03\xa8\
x\x80\xa0\x98B`\x80\x00\xd7m\xe81\xf8}\x92\xae\
\xac\xae\x87y\x95\xb2\xa4g\x8dTu:\x01\xe5H\xd7\
\x06p\xd6\xd3aj\xd5\xe3\xa5\x96\xd0\xe0q\xb6\x1a\xdc\
\x0c\xa4\x04\x83\xe8T\xa2\xad\xe5s;B\xd8\xd0|o\
\x14R\xcfv\x84%\xa8NF\x99@\x846\x9d\x80\x00\
s\xe7F\x8bm8\xc2\x18\xb4`\x02J]=\xd2\xc2\
\xbf\x94\x7f\xb0&\x9a@ci{\x0f\xc3\xb2\xaeC\x8f\
\xe6\xb9^]\xb3\x18\x9fp\x08O\xfd\xb5F\x81K\x01\
\xebw\x86h\x86\x92'h\x05bO\xd2\x95#O\xa7\
\xbf%\xc2\x98i\x09.(l\x00\x98H\xf71\xf9\xd0\
a\x92\xa9sy\x9df\x80\x93m\xc8\xc2V\xd4\xc1K\
\xbd\xe0\xd3\xfc\xa4\x1f\xda\x83cI\xfb\xb2\x06\x99[G\
\xe9H\xe3hHy\xa7\x96A!)$\x9e\xa4A\x83\
A\x0e\xc2.\x16\x1c\x08)\x0e!\xc8*mZ\x09\x1f\
\x88t#\xfd\xaa*\xf1\xed\xe9.\x11\x0e?\xc2\x98H\
p\xb6\x0a\xdb\x84\x82G\x80\xec'\xa0T~\x94\xf1\xe6\
#9\xcaJ\xd0--\xdf\x15\x0c\xbd\xd3%\xa5\x02 \
\xa5KPH\xd3\xeb\xf4\xab@%\x08$\xef\xe7A\x12\
|#]=w\xa2\x13J2\x99\x1f6\xc2h\x06\x1e\
\x93\xacN\xf3L\x02t@$\xc5 \x15\xc8#M\xc5\
?\xb2\x06\xa2\x09<\x84\xd3O\xd87\xd1\x9bc\xad8\
\x11\xef\xc0\xe5\xac\xedA\x01t\x1c\xe7\x95V\xf4\x03:\
9\xcd9\xd0\xd1\xcb_\x9f]ONt\x82\xd5\x83|\
\xc9\xe5H\xfb^\xb0\x80\x17\x97O\xf6\xa4Qu\xc2\x9a\
\x19P\x06\xa3}hO;[p\xc6B\x80\xd2\x0d#\
wC\xb8\xd3Z\xcf[t\x9b\x99\xa0\x1a:\xeb\xb7*\
\x0f\xfbh\xeai\x0d\x92N\xff\x00\xa5\x03L\x11\xed\xca\
\x80\xc11\xad0\xc2gH\xfaR\x0dN\xbb\xc7J\x91\
\xd1Ryk\xe5Lh\xa4\xa8u\xfa\xd3&\xc1\xde\x80\
\xdc\xe9\x14\x06\xf9~T\x06\x05\x12\x0f(\xa0\x8bN\xf4\
\xfb\x0c&F\xa7\xde\x902Fk\x890{\xb4\xed\xcc\
\x13\xfe\xc2\x98(\x92f:\xd23\xcdF\x9dh8\x92\
\xb7\x1ar\xa5\xa5\xc1iN\xba\xd0{8\x94\xe8(\xd0\
\xda/\x15\xb7\x18\x86+cdW\x95(q\x0f)\xb0\
$\xab,\xa92?\x96J'\xd3\xce\x95\xfc\x1b\x9c\xe2\
\xb8\xa2]\xb0\xe3L}\x01/<p\xf6\xb0t6L\
\x85<\xe1qe'\xac\xf7\xb2\xaf8\xa3\xa4\xde_=\
8\xe9\xd4Zq\x15\xf3v\xb9\x92\xfd\xad\xeb\x89.\x15\
}\xd8\x089f\x0c\x80B\x82\xf5\xff\x00OJ\xa9\xd1\
mLq\xc0\x1bu\xa0T@P\xce\xa5\x1dV`\x93\
\xbf\x99\xfe\xb4\xea~\xd2\xb3\xf0\xf6kP\xf0\x90\xd8\x83\
3\xbe\x9e\xd4\xa7<\x9a\xbd\x8a,\x95[\x05\xf8\xa5E\
\xc8\xea9~\x95h\xa2\xad\xbe\xec\xb6\x95\x09\x84\x92\xaf\
#A\x92\x95em\x7f\xe6\x9d\x7f\xee\xa6\x1a\xc2A]\
\xe2\xc7 \x98\x9f\xd2\x91$r\xf8_9IYid\
\xa4s\x92\xa1\xfbP\x11XR\xca\xec\x82`\x14\xa4\xf7\
\x85]IA\x14\x03\xa9'\xf8\x83\x00\x90R\xe1JI\
\xe4A\xd0\xd0d\x5c\xb4@B\x87\x88\x81\xa8#\x98$\
\x11\xf9Q\xb0\x94\xc2\xeeH\xb7m\x02T\xd2\xf4)?\
\xcc \x83\xea&\x8a\xa3\xad\xb6\xb6\x9fR3f\xca\x98\
\x0aN\xda\x1f\xdc~\x95\x95\xe1\xa612\xc22\x14\xba\
\x90\x14\x82d\xa7\x9aMe]Xp\x9f\xc3\x0b\x96\xef\
\xa1\xd6\x8eR\x93!@\xf3\xfd\xc5se\xf8vM\xf6\
\xec\xfd\x9c\xf1\x9aV\xe2m^\x01\xbb\x83\x02\x09\xf9\xbd\
?\xa5p\xf90\xb3\x98\xf4\xfcY\xcbu^\x82\xe1\xae\
\x22=\xda\x0e`\x0cl4\xae_}p\xed\xb8K\xd2\
\xf9\x87\xe3a\xd0!YLk;U\xee3\xb8T\xcd\
\xb6/\xb0Q'\xa1\x1f\xad\x5c\xa9\xb8%\x18\xc5V\xa3\
\x13\xe1\x9d\xce\xf4\xfd\xaa}\x13\xb6\x18\x81\x91\xae\xda\xea\
i\xed7\x14\xed\xb5\xf6p\x06\x9e\xdbS\x1a\xd1\xf7\xaf\
\xf2\xa3q\xa1\xday\xd3-D\x15\xf5\xc1rB\x8d\x12\
Zh\x1cAI\x9c\xa5@\x0a\xd6M\x17\xb2<\xdd\x01\
\xa3i+'ji\xb9\x0d\xe1\xc6\x96\xf6$\xeb\xaa\x12\
\xb4\xa8 \x009\x0f\xec\xd7\x95\xe7\xb6\xf9+\xd4\xf0\xc9\
<q\xd7\xf8}\x004\x9c\xdbN\xd58\xd6>_\xe9\
p\xb0JW\x02N\x9fJ\xed\xc1\xe3ym\x8e\x7f\xda\
[\x9f\xfd\xd3/\x90n\xdd\xa0#\xd0\x9f\xde\xb5\xca\xf2\
\x9f\x07\xf0\xff\x00\xce\xbci\xf6\xf4\xe3\xf5\xf0\xb7`\x98\
\xed\xbbn\x06\xeeq\x97Z\xc2\x9b\x13\xaeU\x9c\xceA\
\xff\x00B\x0f\xd6\xba\xbe6>\xd9\xed\x97\xcb\xcf\xd7\x0d\
~_-\x02bDW\xac\xf0\x8f\xe7$ ,\xc8H\
\x84\xa7\xa0\x9a\x01\xe5\xb8\xd1h\x00\x1c\x03r\x04k@\
;j\xc0\xb9\xb9Kl\xa1\xe7\x0e\xca\xccR\x12\x99\xe6\
\xa3\xb0\x1ef\x81\xa5\xeb\x05\xb0g\x07\xb5)-\x8b\x87\
\x88\xf1\x87\x0c\xb6\x825\x05 \xc6\xda\x9c\xc4\x0eP\x22\
\xa2\xdd\xb4\xe8;\xf8\xa7~\xed\xc3\xc1e\xdc\xa8\xcc\x1c\
^\x8aQ$\x0d\x07 4'\xae\x94\xf4\x9d\xa2\xedP\
\xbb\xab\x96\x86\xabVl\xcb'rO\xef\xbf\xd6\xa9?\
\xdaE\x09n\xfe\xfe\xc5\x87U\xdd\xb7%k\x04\x83\x91\
\x0a\x84\xa4y\x98\xd4\xcd0\x8f\xe3\x5cI\xccS\x88.\
\x9fT%\x02\x10\x94#@\x94k\x03\xe9\x04\xf9\x9a/\
$\x09\xaf\xfe\x1a\xe2\xd9\xa1\x99\xdb\x96J\xc8\x1b\xa5\x08\
RHO\xa9&\x91\xa3q\x17\x80\x02\xd5\xb2\x9e\xed\xa5\
fR\xd3\xf8\xd6\x04}\x06\xa0{\x9a\x08\xc5\xa9\x01\xe4\
\xa8\x89\x02d{Pc\x90\x90\x9b\x05\xa9G\x9eQ\xfb\
\xd0\x04!\x01^\x14\xe8\xa2\x12$\xf4\x02i\x19L%\
.\xa8\xa7@\x93)\x01\x5c\xc1\x8f\xcc\xd1\xa1\x1a\xb4J\
\x9aqM\x90F\x5c\xc8>cz\x9b\xd2\xa7\x15\xe9>\
\x02\xbeU\xcf\x05\xda)\xc4!Y\x1cq\xb0\x00\x8eB\
P|\x88\x83\xeb\xafZ\x9co\x03>*\xc5r\xd1N\
\x1e\x87B\xf3\x97\x95\x99 ~6\xd1\xe1\x95y\x85\x12\
=\x04\xd6\x8c\x91j\xd0\xce\x80M2%gI:\x0a\
\x13kS;\xe9\xca\x9f#f\x1e\x1ahh\xd0\x04\xf6\
\xb1\xcbZV\x1c\x0a\xe0\x8c\xdc\xbc\xc50\x15\xe4\xc1\xdb\
H\x914}'\xec\x13\xdai14\xc7zG\xbe\x9f\
\x11\x1f\x952\x88\xf7\xa9\x83\x0e\x18\xd3sT[\xe1\xbb\
S\x95BDGJ/!g\xc2\x09\x04N\xdf\xdf\xe5\
H/x*\xa0\x01'\xca\xa4/\x989\x1e\x11:\xc7\
*\x07K\x9e\x16\x04\xa6\x09\x06\x91Wi'\xadC\xa4\
\x85jI;\xf4\xa4\x0d\x99\x14\x8c\x8d\x87\xf7\xad\x01\xa9\
\xf1s\xa5\xd8$\x90\x09\x9aa\x99\xa4\xce\xd4\x13S\xf4\
\xa4l&\x07\x9d\x146\x0c\x83\xa6\x84Q\x01I#C\
\xb52*A\x11:\x8a\x0e\xb36\xa3H\xa5\xc96\x15\
:\x01\xb50\xd8Q\x07q@8\x0e\x83Z\x12\xdea\
\xcc\x80:\x9a\x00{ySY\xc8\x8e\xf0\x95\xc1\xe5;\
\x0f\xa0\x14\x19{\x1f\xebA\x9fiDi\xf5\x14\x1cH\
\xda\xccR\xda\xe4\x16\x17\xa4\x83F\xcc\xa5<\x86\xd0V\
\xa9\x81\xc8n|\xa9\x84~\x0e&\xef\x16\xc4\xdfY+\
.\xfc3eGD4\xdaIR\x07\x90Q\xd4\xf3\x8f\
*\x92\xd3\x91\xbc\xcbH\xe0\x05Y\x5c\xbc\xb6\x93\x89\xe3\
+yn\x16\xb5:)y\x13\x07O\x02\x10\x90N\xd1\
JQ\xa7\xcf^#Xx]\xbe\x5cm\x08}\xd5;\
\xdd\x92T\xa4\x82\xa5\x01\x1ez\x09\xe7\xa8<\xea\xe2\x15\
\xd6Aud,\x10\x8c\xe2y\x9f\xfdj\x84L]\xb6\
\xa4\xd9:\x09\x10\xe3\x89\x04s\x00k\xfd\xf5\xa5!\xd5\
u\xf1\xdf\xdf\x00T2 +S\xc8\x0a\xa4\x8eHZ\
P\xb7\x126\x08Ly\x9d\xa8\x01J\xa46\x99\xe9\x9b\
\xd4\xefA\x08\xc0F[\xf1\xd3Pu\xdc\x0d\xe84\xab\
(Fu\x13\xa0S!)P\xf3\x93\xfb\xd0\x11\x18J\
{\x96\xf2\xc4\x1d\x09\x04\xf2\x9d?*\x00w\xa7\xb9J\
\xc1\x82\x85xA\x1bP\x12\xf7\xb6\xc0\xc9@\x84\x15\x95\
 uJ\xd2\x0f\xeaO\xd2\x833\x87\x05%\xb1\xac\x10\
\xe2H\xe4\x04O\xf4\x14\xaf\x07\xa4\x89\x86/\x1b)%\
h\x06D\xe9\x99'P\x7f2=\xab\x1c\xab\x7f\x1cM\
X\xa06\x85'p\x9f\x12N\xf2\x0e\x95\xcf\x95va\
\x16\x1c9\xac\xaa\x192\xa8sA1\xfa\xedX[\xb7\
\x5c\x9aOZ\xb4\x82\xa4\xc9\x00\x83 s\x07\xadE\xba\
\x8dd\xfbt\x9e\x11\xed\x1b\x11\xc1JY\xba\x1f\x1fn\
\x98\xd1B\x1c\x03\xc9\x5c\xfd\x0dsy<x\xda\xec\xf1\
\xf92\x9d\xbb\x87\x08\xf1\xce\x17\x8e\xa4%\xab\x9f\x87{\
\x9bo\x8c\xa7\xfd\xeb\x9e\xe3c\xb3\x1c\xe5_\xad\xf3w\
s\x9aR4\x04\x1d)M\x9d\xd5K\xda\xb8\xa0@I\
\x12\x0e\xf5e\xa4\xdd\x95\xc8\x00\x18\x85\x0d\xe7\x9d\x5c\xe5\
\x1aN[_\x04\xa4\x15+_\xa4U\xe9\x14\xe9\xc4R\
\x94\x158\xb0\x13\xe6w\xab\x91\x9dE^c\x0asF\
Q\xa8\xfcGaZt\xcb\xb0\x08\xb1v\xe5aN\x12\
\xaf-\xa2\x9e\xf8$\x8d\xae\x16\x90AX\x84\x89*#\
\x90\x1b\xd4Z\x9e\xcep:Wx\xca\x9dVE)\xd7\
V\xe4\xa0\xec'\xc2>\x95\xe3\x5c\xaeV\xda\xf7\xbdf\
\x12I\xf5\x1dN\xc1\x0bi\xa9\x03L\xb4\xf9\xfas\xe5\
\xab\xc5O\xf0\xeb\xa1jZ\xdcx\xa7)\xd5)L\x9a\
\xdf\xc1e\xbf\xba\xbc\xdf\x99\x8e\xa4\x98\xc79\xed>\xf5\
_\xf8\xa6\xf6\x15\x98\xf7m\xe5#x)\xe7\xe6+\xb2\
\xdd\xf2\xe6\xf0\xcda\xa7\xcc\xff\x00\xf8\x90\xf1Y\x7f\x15\
\xe0\xde\x1dC\x92\xda\x10\xfe$\xe2\x7f\xccHm?\x90\
W\xd6\xbd?\x8b\x8f\x16\xbc\xcf\x9b\x972<g:\x0a\
\xefy\x87\x9b\xb4u\xe4$\xa4\x082\x01*\x02}\xb7\
\xa4i\x9b\x0c\x11\xb4\x85\xae\xe6\xe9\x0a\xc8%l\xb3\x0a\
JA\xe4\xe3\x87\xc2\x99\xe8%Z\xf2\xa5\xb1\xa4\xb8y\
\xac)\x86\xd6\x84&\xd2\xda\x09\x1d\xe2`\xac\x93\xa9J\
N\xa7\xa6ek\xa0\x80&i\xebf\x19\x18\x9a\xf1\x07\
nN\xac\xdb\x04\xc2\xc9\xd5J\xd7s\xe7\xe4(\xe8o\
lm\x096a!$\x97\x9d*\x00\x9d\x90>P\x0f\
\xa0&\x9aO\xb6\x14\x19\xefA\xee\xdeq\xe0\x8dF\xc2\
%P=\xd2&\x80_|\x96\x18\xbd\xb9lGx\xeb\
V\xad\xa26\xcc\xad~\x89\x03\xebA\x00\xc5\xd2\x1f\xbe\
u\xe1\xe2\x09\x81\xacB\xa3`|\xe2$\xd3\x01\x12{\
\xab\x97B\x0fz\xefp\xb4fA\x80\x09L\x98\xeb\xeb\
\xb7JA\x0a\xe4\x04\xb7\x06D\x1d\xa83\x8dl\x9ed\
\x98\x02\x81\xa1\xe7\xff\x00\x84(\x1a\xe5\x91\xea\x7f\xb1H\
\xc6[\xa4\xa6\xca\xe1d\xc1\x05\x0d$\x0es\xbf\xe4\x07\
\xd6\x95\xa7\xa3c\xc0\x1c\xfc$&RO\x22\x08\xa6G\
[T?\x04\x9e\xe9d8\x078P0G\xe7\xf4\xa5\
T\xf4\x1fdL\xbb\x88p\xd3Xz\x13\x9d\xc7nr\
4\xa4\x19=\xe2\x92 \xfaA\x929\x00MF<\x8f\
\x22\xd7\x8a\xdc0\xab\xf4\xfc#\xa9z\xd6\xdd\xb4\xb1n\
\xe0\x1f:\x12#1\xff\x00Q\xcc\xafEV\x8c\x81:\
\x82\x00P\x8c\xa7a\xd3\xca\x9e\x93L\xack\xeah*\
\xc8\x8d\xcc\xfe\xf4\xc1\x87\x813\x1az\xd2\x1a\x02\xb1\x1a\
\xf3\xe5T s\xe1\xd0i\xe9KB~\x02\xb9\x02d\
S\x1b\x00\xfc\x1d\xc4\x0d\xe6\x8dhi\x1fr&Di\
T\x90.\x01\x98\xc8\xdb\xda\x8e\x8b\xec\x22\xc9\x02'\xd7\
\xadV\x81V\xa6\x1c\xfd\xcd\x22Y\xb0\x85H\x1a\xf9M\
%/X)\x9c\xbaj\x7f\xbd)\x12\xf7\x84*#I\
\xeai\x1a\xe7\x85(\x80\x91>zQJ\xbbi\xe5\xfa\
\xd6m\xcd(\xc78\xa0\xcd\xad[\xeai\x03EZ\xd0\
|\xb4\x15'J\x06\xc9\xcc\x0e\x93\xa5\x04\xc0\xa8$\xf9\
iA\xb4\x15\xcbr:\xd04\xd8X\xdb\xf3\xa06\x93\
\xae\xbbR\x22\xf7\xe7\xa1\xe6i\x86\xf3k\xfbP\x1a*\
4\x06f\xcc:\xd0\x0bN\xf2\x7f*\x0b\x93\x89>\xc0\
\xd3\x22.\x94CE)0VB\x07\xbf\xfbM Z\
\x8cDh9yS2v]!\x0f6u\xdb\xcah\
i\x072\xac\xa9\xf3\x15-4$9\xaf\xefI\xa4\x9b\
!N\x95=\xfeV\x86`z\xb8NT{\x02f\x81\
\xa4&%\x8e\x9c\x03\xb2\xdcK\x19x\x07\x0bVww\
jKCq\x0b\x09\x81\xe62\xfdim\x16p\xe4\xbc\
yh\x8b,.\xcb\x0dK\xee7ki\x87\xbbv\x9b\
\xaf\xc4\x84\xb7l\x90\xea\x0fU%j\x00\x1e\xb3:E\
\x12\xf0\x9c\xb9\x8f\x9f\xf8\xc1v\xe6\xcd\x80\xb0T\xa5%\
Y\xdd)\xd5fu>\x92\x0dh\xcd\x16\xca\x83j\x06\
aECNzP\x12\xce\xa5+B\x02\xb4\xcc\xac\xc4\
\x8e|\xa7\xf2\xa2\x17J\xeb)\x1f\x10\xb9\x04k\x0a\x9e\
Z\x93\x1f\x95YNG%c\xb9\xb7nc;\x85K\
\x03\xc9:\x1a@\x13R\xb7@\xd9Q5R$F\x14\
#\x13\x10\x01\x94/\xf5\xff\x00jF\x9b\xb7g\xba\xb2\
/G\x85\x90\x80$\xeat\x91OB\xa3\x0bqsv\
\x94\x90\xa0!aI\x1b\x82\x02\x81\xfc\xcd \x1a\xe2\x16\
\xc3\xa4\x88J\xc6a\xe5\xe5\xf9\x9ag\xb4\xac\xa6\xe3\x07\
\xb7Z\xc4\xaf\xba)&#(B\xe0\x9f\xfc\xab\x1fJ\
V\x186\xd6P\xe3\x89Tf\x0e\x81<\xb4\x06~\xb1\
>\xf5\x17j\x9f\x84\x9bM\xe6\xb8u\x09\xd9*\x94\x8f\
-\xe3\xf3\xacrux\xe2{\x0a@w*H\x04\xab\
\x7fm\xeb\x97'v\x11n\xc3\xed\xca\xa1*\xf1@\xe6\
+\x9f\xd9\xd51N\xb1m%\x1e\x01\x1c\xc4r\xfd\xaa\
v\xd2D\xb5\xa5\xb6\xd0Jb4<\xea-m\x8c\xd2\
\xcd\x85KkI\x22's\xd2\xb2\xb7M\xa4t\xae\x19\
\xe2\x0b\xdb\x18\xee\xee\x1c\x09\xd0\x10U)\xfc\xf4\xa9\xfb\
\xe1\xa6\x9d#\x0b\xc7\x9f\xb8\x85-ag\xa9\x11Og\
\xcf\xd2\xc5g\x88:\xb4\xee\x0f\x95T\xb16\xd4\xad\xad\
\xdb\xcfk\xde\x1faZb\xce\xf21\xb6T\xee\xab\x95\
G5\x1a\xad\xb3\xed)i\x87\x85n \x0df\x89S\
R\x8c\xdb! u?SBo5\xbcN-p\xab\
\xb5\xa4J\xcbE\x22:\xab\xc3\xfb\xd6y\xddcj\xfc\
Sy\xc4\xa7\x07a\x16\xf6VL!\x09\x00\xa51#\
s\x02\xbc\xc9&\xde\xaeY\xdbk\xa1\xd9[4\xbbl\
\xb3\xa9\xae\x89\x8c\xb1\xc3\x9eyL\xb6\x94\xc0\xb0\xff\x00\
\x84\xccP\xd2\x82\x95\xac\xa5S\xadi\xe2\xf1z\xde#\
\x8b\xe5y\xbfS\xf9W!\xed\xae\xf1\x0dqm\xcbj\
\x09mi\xb7h\xac\xc4\x15\x9c\xa7_\xd0{WU\x97\
|\xb0\xf0Y\xe9\xc7\xf6\xf9#\xf6\xdd\xc5\x9d\xc7;x\
\xb9o0S\x168}\xb3M\xa7\xf9s\x02\xb5r\xe6\
Mz\xdf\x1ek\x0d\xbc\x9f\x95\x7f\xe2\xd7\x09a\xabt\
\xac%\xcc\xd7+;4\xdc\x89\x1e\xa3Q].D\x9b\
W!\xa6\x0b\x0d2\xda\x0a\xb5_r\x904\xff\x002\
\x8c\x93\x1bt\xfa\xd2\x02\xcd\xe1\xb0ShRP\xbb\xa0\
\x02[\xb7F\x89ho\xe2<\xbc\xc0\x8f>\x94\xc5B\
\x5c\xba\xe6\x22\xf9S\xae\x15\xa1*\x92\xe7_A\xfa\x0a\
\x09-l\x7f\xe5\x96RBg\xe5Ju\x00\x9d7\xe7\
\xce\x83\xfe\xc5-a\x0at\x99BXkR5\x8d?\
\xa6\x9e\xf4\x10\x94),\xf7%B~\x1d\xa5)\xd5\xcc\
}\xea\x86e}$k\xe5@\x01v\xe6k\xfbkD\
\x1f\x15\xa2{\xc7z\x05\xaa\x09\x1eq\xe1\x13\xe4h\x0c\
\xc5\x14\xab\xbb\xd6Yi2\xda\xd2\x8c\x88\x1c\x89H\x9f\
})\xda]\x07K\xad'\x1ek\xbbVfC\xc1\xbe\
\xf0\x09\xccT2\xa8\xfe\x7f\x95!\xda\x1dM\x14%\x09\
W\xcc\x82PG\x98\xd2\x99\xb1\xad$\x9d\xcf\xebH\xd2\
\x0d\x80m\xdc\x890t\x1di\x08)\xb5f\xb0x\x03\
\x19\x5ciG\xd1C(\xfc\xff\x00ZF^\xaan\xe1\
\x012\xe1mGi&7\x8f\xa522\x87\x92\xbc=\
%dM\xba\x8aI?\xc8|@\x9f s\x0fz\x0d\
\xe8\xae\xc7\xd5q\x83p\xbd\xcd\x9b\x8b,b\x97\x05.\
\x0bU\x02\x17n\xd2\x9b\x82\xa5sK\x8e$h\x9d\xd2\
\x89&\x0a\xa2\xa3\x1e\xea\xb3\xea'J2\x10\x94\xfc\xbc\
\xbd+F\x056\xa4\x94\xa9\xb5\x81\x91DB\xa3\xe5W\
_\xebA\x1a#R9\xed\xebOB\x92\xb4\xc8\x1c\xb7\
\xda\x84\x98tI\xd0i\xe7Ao\x90\x0f\x0f\x16\x825\
\xebNr\xaa\x1dzm\xbd \x15\xd0 \xd3\x1a\x04\xec\
\x00\xa3\xfaS\x08\xdb\x80O\x97\x9d\x09\xec\x0b\x84\x1d\xfe\
\x94\xf6T*\xce\x9a\xea9\x0a\x03\x18\x90\xbd\xfd)\xd1\
Vl)_.\xc7\xd2\xa4/X7\xe13\xae\xda\xd0\
qy\xc1\xf5Jw\xd0F\xd4\x89t\xc2\xfeQ\xafM\
b\x82\xfbv\xd5*\xb3t\x19R\xa4k\x14\x19\xb2`\
R39\xfc\xb4\xa0\x10TN\xe7\xe9A34\x9e\xb3\
@o6\xddM\x01\xa8\x9a\x03AQ\xaf\xb6\x94\x81@\
\xee?:`\xe0\x98\x9d\xa7\x9d\x01\x81^\x19\xa6\x18O\
\xfb\xd2\x0d\x82z\xd3\x05!_ZDu$\xce\x82\x98\
!c;\xe8\xd8\xa5\x00\x9d\xf9\xec?z\x01S\x96t\
\x8aD\xd1W=|\xa8Q\xd4\x18#\xf3\xa5W\x88\xc6\
\x8c\xc4G\xbd'D\x87\x0b\xbd\xdag\xf1\x13\x03\xd6\xa6\
\xb4\xea\x02\xbd\xbc6\xed\xdce\xd4\x84\x12 \xeb!\x1a\
\x7f\xf4J\x14\x8a\xab\x9d\xa7\x5c.\xd3\xb3{k\x0bt\
\xf7\x8a\xbbv\xcf\x0f(ln\x858\xdec\xe9\x95&\
|\x8dTg\x97\x11\xcc;z\xc6_\xc10>#}\
\x0d\xb6\xb7\x06\x14\xabE%I \x22A/+8\xd6\
\x08RLs Q',\xab\xc0\xd7\xe3\xef\x82\x09Q\
J\x06_\x1e\xf07\xad\x19\x81heY^_\x14H\
\x07m\xf4\xa0'\xb1\x08\xb7C\xe65Ki\x82\xa3\xaa\
d\x93@U\xad\xa40\xfb\x86|J+\x07\xcf@\x7f\
STI+\xb0R\xbbt\xa4\x09M\xa9Q\x1ed\xe8\
h\x00\x99IU\xce\x83\xc5\xf7\x89\xff\x00\xe8t\xa3\xa2\
\x1d\x82-+\xc6\x01 j\xd2\x89\xfa&\x83X\xad\xd8\
+\xc3.\x93\x1e\x16\xdc)\xcc\x7f\xd0H\xfc\xf4\xa6\x10\
\x16\xaeg\xb7\xb6\x5c\x13\x9a\xd9\x94\x1fP\x98\xd7\xe9H\
4\xf5\xb3j\x96\xca\xa0\x10\x14\x0cLk\xae\x9e\x93A\
\x8aIB\xb0\xe7\xe2P\x86\x96\x12H\xdb*\xc6H\xfa\
\xa4\x1fza\x15`\xe1qn!\xcd\xd6R\x12|\xc4\
\xfe\xd5\x19t\xacy\xab\x15\xa2\x0a\xd7\x9fT\xcf?:\
\xe5\xcf'w\x8e,\x98C_z\x99LI\x8c\xa7X\
\x9d?\xa5se]\xb8Ny\x5c0\xf6\x02\x0aT%\
Q\xd2\xb9k\xb3\x18\xb1\xd9\xb4\x95\xa7`z\xcf:\xcf\
\xed\xb6\xa2Q\x8bt\x8dd\x95\x0e\x9a\xd0\xa4\xcd\x98 \
\x82\x0c\x8d \xd6v\xe9\xac\x8bn\x0c\x92H\x22Q\x02\
LiS\xfe\x9aH\xbd\xe0\xcf,e\xd6|\xbc\xaat\
\xd3K\x9e\x16\xeep\x92\x0fC\xb5i#,\xa2\xd1b\
3\x00LF\xe0\x0a\xd6v\xc6\xa7\xac\x99\x904\x93O\
l\xeaj\xdd\x92`e\x19w\x9ahH\xdb\xdb\xc2\x04\
\x8dz\xd0>\xc2\xe3mw\x96v\xeci/\x5c\xa2=\
\x13$\xfe\xd5\x8f\x9a\xfe\xdd6\xf0\xcde\xb5\x9b\x0a`\
2\x84@\x024\xd3\x95r:\xd6\x8c<|\xa6?\xde\
\xb6\xc5\x87\x93\xa5\xa3\x0e\x00\x81\x96S\xd2+\xb3\x08\xf0\
\xfc\xdcv\xf3\xe7oW7\x0fq\xb6\x22\x82\xb1\x0c\xb2\
\xcbi\xee\xfeh\x08\xcd3\xc8\xc94\xf3\xb7\xdb\x96\xdf\
\x1eO\xd3\x96>B\xfd\xa4\x9ck\x19\xed\xa7\x8a\x9e7\
\x01\x05\x0f\xa1\xa7\x14\xa2L\x84\xb6\x80\x08\x03\xe6\xd4\x9f\
\xce\xbdo\x07\xfc\xb8\xf2>O\xfc\xdc\x9c\xb6\xcc)\xd5\
\x0b{&\xdc\xb8q\xc2\x07\xca\x12\x09\xf3\xdc\xc7\x95t\
9\xa0\xf7\xddV\x1e\xcfwn\x0a\xee\x7f\x15\xc4\x00\x96\
\xc8\xe4\x89\xdc\xff\x00\x98\xd2\xfa4xi\xc6P{\xef\
\xbbS\x80\x92\x14\xa1\x9dR\x7f!\xfa\xd5$\xd3\xcaS\
\x86%$F\x89I\xd0P\x13\xd6MC\x0d$\xe8g\
1\x1d@\xdb\xf3\xa4tE\xa3=\xeb\xc8Q\xd5\xa0\xa2\
\xfb\xc4\x09\x84\xa3X\xf70#\xcc\xd0\x93\xf6\xcf\x05\x8e\
\xfe\xe7\x22\x81\x05\xf7\xb3\x9f\x98\x8dr\x8fU@\x8e\x93\
A\xa1[m\xd4\xa9jx\xfd\xfd\xc3\x9d\xe3\xabQ\x89\
\xd6}\x84\x9a\x00\xf6T3\xb2\xb6\xc9\xef\xbb\xa4\xa30\
\xdc$H+\xf2\xe9=h\x08\x12\xa5\xb5s\xf7`)\
\xc2\xa0\xe2R6\x99\x91\xfaS/\xe8\xee6\x86\xd1\x88\
\xdd\xf7FZS\xbd\xea\x146PX\xcd?S\x1e\xd4\
\x80fS*H\xe6M\x1d(}\xae\x8d\x90y\x8d\xbc\
\xeaA\xe6V\x96\xb3fOx\xda\xdb\x08[g\xf1&\
u\x8e\x87@A\xa6i\xa6\xf0\xbb\xd7\x9ao\x10\xb1B\
\x9ed%M\xbbvHm\xb6\xd6\x13\xa9qJ\x84\xa2\
S\x06\x0f\x9cM\x13\xfb\x04\xb3q\x86`k\xff\x00\xdd\
\xcbo\x10\xc4\x9d\x04\xfcqo\xfeV\xd5I\x82;\x84\
+U\xaeA\x87\x16\x02D\xf8Rw\xa3\xa8\x1d'\xb1\
+\xe5\xbe\xc6(\x85\xba\xa7\x1e*\x0f\x05\xadEN)\
Y\xa5J*:\x92d\x9f:\x89y\xd2\xb2\xfe1\xd2\
\xdenKn$\x80\x97\x01$\x01\xb1\x1b\x8fM\xa2\xaf\
\xb6&H\x80N\xf2t\xd2\x9acj*q%e@\
\xa8BH\xe7\x11\xa1\xfd\xaa\x88\xd4x\x07\xeciv\x0c\
:\x88\xd7\xf2\xa7\xd2u\x00\xbd\x00\x89\xd8\xf2\xa4\xb0\xaa\
\x07S\xbc\xedL\xa0g\x7f]\x8d\x22\xd6\x80;\x04\x9e\
\x95\x5c\x08\x8f\xb8\x89\xfd\xa8\x08\xf7\xb9\x90'\xad4\xe8\
3\xb3\x97x\xe5@\xa4\xb0Ox$\xd3\x83{Y0\
\x91\xa8\x8di\x14\x95y\xc1\x8f\x89\x22~\xb4S_0\
s\x09F\xba\xf5\xa9\xa3\xfd\xae\xb8Y\xcd\x95S\x1eT\
li\xda\xd5Y\xb74\xbe\xb4\x03+Q\x83A\x99*\
\x8d\x8e\xbeT\x819\xb7\x8e\x5c\xc5\x04\xc1\xbfJ`\xa0\
g\xce\x91\xb4v\xa0\x12I\x04\x9a\x03\x01\xcc52z\
S\x07\x12\xb3\xd6\x09\xa4\x0b\xce\x9d\x0e\xa0\xf5\xa0\x98O\
\xa1\xfd(\x0d\x03\x07Ji8\x93\x97\xa1\xf5\xa0\xce\x02\
\x06\xd4\x19\x0d\xab3\x8f+\xfc\xd9#\xa4\x0d\x7f2h\
\x05\x95\x7ff\x90\x84g\x06\x8a\xa3\xac\xaaOZU\xa4\
\x83[W\x84EK}\x1bq\xd2\x16O  T\x9a\
&\xea\xe8.\xee\xecl\x94\xb6\x95\x05\x01\xa9\x01\x04\x9f\
\xfe\x88\xa7\xe9AZ\x8f\xc6[\xfe1\xc5\x9c\x0d\x86\xa9\
\xd5&\xdc\xb8\xf5\xdd\xc3i\xd3\xbci\xa6\x84\xeb\xe4V\
\x0d=1\xb7n!\xf6\xa4\xc5\xac\x8f\x08\x86\xdex\xa7\
\x10\xb9S\xa5A\xb3)\x08\xcc\xd0\x04\xf4\xf0\xb6\x00\xe5\
\x1ef\xb4\x9d\xb3x\x96\xf75\xc5\xfd\xc1:\xc4\x9f\x17\
M)\xec\x83\xb1\x0e\xde6\x13\xa8*L\x13\xcfX\xa0\
\x7f\xa4\xd7\x10\xcd\xbd\xb3\xc9\x8dJ\x8a\x0a\xa3|\xa9\x00\
\x1fMLS\x84\xad\xda\xb7\x9b\x0ec\x9ew\x96\xdc\x0f\
Y\xa6I\x1b\xd0\x95^>\xa0\x90\x90\xa6\xd0\xd8\xe5\x11\
L\xd1\xac\xf8^WR\xb8P;I\x13\xfa\x0aEx\
\x1b\x83\xa0\xa7\x11\xb6\x5crJU\xd3S\xad0\xb9\xe0\
\xec\x85\xda\xe2M\x82\x90\x1bqd\x95i\x10\x85\xcf\xe4\
\x05\x01W\xb1\xb7S\x98\x15\x92\x92\xa1\x98>\xb6\xddD\
t\x82\x98>\x8a\xa3@\xcd\xc1.\xdd\xdb (\xc1A\
\x04\x8e^\x19\x8f\xce\x836\x82J\x1an\x0f\x89\xc9\x06\
v\x98\xdf\xdcR\x06m\x1aRo\x91#\xf1\x12zo\
\xbdN]5\xc3\xb5\xab\x0d\xb4!0\xa4\xe9\x9bc\xeb\
\x5c9\xdf\xa7\xa1\x86+^\x1dle\xb5@\xccA\x9e\
^u\xcd\x95\xd3\xb7\x19\xbeW<)\x80\xa0\x16w\xfd\
\xab\x9e\xdf\xb7^\x13\xf2\xb2YY\xec\x06\xa2w\x88>\
\x95\x16\xb5\xd0\xf6m\x16\x95\x0d4\x88#\xcb\x99\xa8\xca\
\xea*D\xed\x9b)L\x18Lyr\xf6\xa8\xdbY4\
\xb2a\x8ceP$\xc7\x96\xe3\xebQ\x7f\x0d1\x5c\xb0\
{y\x09\x81<\xfdi\xc8k\xae\x14\xcf\x84H#_\
\xado?,\xb2\xab~\x1c\xcc\xa0H\x89\xd6MT\x8c\
j\xc3`\xc8*\x1a\x0dys\xaa\xd3;\xb4\xe3\x0d\x89\
\x12\x01\xeb\xd6\x9a-\xfa\x1c\xd24\x83\x04\x91OI\xd8\
;\xb6\xc3\xf8\xc5\x93_0i\x0aw\xcfS\x03\xf2\x06\
\xb9|\xfc\xd9\x1d^\x1e\xadX-\xa4/2v\xd2\xb0\
\xae\xa98X\xb0\xe5\xea?:\xd3\x0a\xc3\xc98[0\
\xadR#\xe5\xe9]\xfe'\x85\xe7\xed\xe5\xfe\xdf\x1fH\
\xe3N!S\xae(\xfd\xe8HIVT\x88m;\xff\
\x00\xbd\x1en3\xae\x9f\x8d\xff\x00+\x17\xc8\x9e\xd7\x9a\
{\x16\xed\x9f\x8b\x1ci\x09T\xde\xaa`\x04\x84\x80\x91\
\xa9<\x87:\xf5\xbc3\xfe\x1e/\x13\xcf\xcf\x97/\xf6\
\xa6\xdeb%\xa4\xa9\x8b{\x80\xcb*\x1fx\xea?\xc4\
vw\x10>Dt\x13<\xce\xf1[\xb0F!m\xa0\
\x1e\xed\x1a\xff\x00:\xe0\xab\xdb\x90\xa0\x98\xb3\x04\x1dg\
\x9c\xef4\x02\x84\x05'M\xba\xf9\xd3\x0b\x1b\x843d\
\x8c\x87(qY>\x9b\x9f\xd2\x91\x89BR\xd5\xbd\xe3\
kO\x8c\x04\xb4u\xd0\xa8\x99)?\xe9H>\xea=\
)\x92:\xf6\xeb\xb8jG\x85k\x04\x08\x1ezT\xc3\
\xa6\x1bJ^\xbal-J\xce\xc8\x1d\xe1'\x975z\
\xce\x9fJd,\xdd\xac\x146\x94%\x080\x1ce\x22\
\x01\x1f\xcay\x98\x1f\x9d4\xa1\x90\xa0\xe3\xeaX\x94\x84\
\xb7\xb8\xdf\xa0\xa0\xdbt|N\x19n\xf9\xd7\xbbI\xb6\
Y\x07l\x9e$\x7f\xf4$\x8fj\x01\xb6d\xba&<\
&\xa6\xaa\x0cA\x09Fn\x9b\xfbQ\xd9\x9d}=\xde\
x\xd3\xee\xf4\xfa\xcd+\xc9\xa4\xb0\xab\x95\xad\xa7\xac\x1d\
}H\xb4\xbaA\x059\x89B\x1c\xdd\x0ee\xdaB\xa0\
LlM99\x08\xf73\xa1hZ\xc2B\xdbx\xa5\
i\x09\x82\x95\x8f\x98~T\x14t~\xc6n\xcd\x9e7\
p\xda\x0eWH%\x0a\xe6\x9c\xba\xd6\x7f\xf54\xd6\xf0\
w\x07{\x92\xa6^\x82-.$,\x01\xabK\x80L\
~\xa0s\x06\xb5s\x03\xb8aV\xae\xa9\xa5\x80\x165\
\x90t#\x91\x1eF\x9e\xc7FB\x84\xc9\xda\x91pJ\
\xbc:N\x9eB\xa8\xa8w\x86PE\x04\x09\xedH\xd7\
\x96\xd4\x94\x15Zy\x8ai\x0c\xf9\xdeu\xa0#\xdf\x07\
M\xc50\x8e\xb8\x04LH\x1bA\xebM \x9f\x9d\xa0\
\x1f: \x08\xe1\xf6\xe9\xa5U.\xc8cE\x18\xd4\xed\
O\xa8k&\x15\xe1\xcbP/\xe1z\xc1\x95\x09H\x81\
\xd6\x90^\xb0u\xec`I\xa4k\xae\x18\xaf\x97\xd3z\
\x90\xedk=iF\xa6\x96d\xc4\xd0fTu\xd2\x90\
2\xad\xf4\xa4Df\xe9L\xdb\x04\xcfJA\xb2\xa3\xd6\
\x81\xb6\xa7\x7f\xda\x83$N\xf3@`$\xcf\x96\xf4\x02\
\xb3+\x7f\xca\x988\x15\xa0\xf3\xe9A6bLl)\
\x06\xf3k\x1c\xfaP\x0bJ\xa7M\xa9\x8e\xce\xa5Z\xea\
`o\x22\x83!\x82{\x94\x12 \x90U\x1e\xa6\x7fz\
D\xc2\xa9\x1aP\x0d\xe7\x9d&t\xa5ZB\xda^X\
\x1f\xdc\xd4\xd6\xb8\x9f7im'1\xd0\x09\x89\xa4\xbd\
\x83U\xf46\x06hQ\xfd\xe8N\xd0\x96\x98\x8f\xc6.\
\xe9\xf89\x1cK\x8d \x1f\xc2\x9dL}i\xc4Zc\
\x0f\xe2$\x1e?\xb9qJAc\x08\xe1\xb6\x90\x84A\
\x92\xed\xc3\xa4\xc8=\x0aZ\x03\xd2\xab\xed\x9dy\xcf\xed\
\x0c\xf2\xf1+\x1cH<\xe5\xca\xd5imj\x97-\xda\
Fn\xec\xadR\xa0\xe9\x02\x103\xa8&I\x92\xa5\x00\
6\xaa\x90\x9eP\xbe*7O\x02<juABg\
\x5c\xd1\xefODV\x08\x80\xe6(\xd8?\x22NeF\
\xfa\x03\x11\xf9Pp\x7f\x13\x02\x8bP\x09\xd4!&I\
\xd7RI\xff\x00\xeah\xd1}\xa2\xb0\xe6\xa1\x9c1\x0a\
L\xa7\xef\x1d\x8e\xa4\x93\x1f\xa0\xa6GW\xf3\xbf+*\
\x88\x05]u\xa0\x02\xb2F{\x87\xf3\x0f\xc4\x08=7\
\xfd\xa8\x07\xb0\xd5\xc5\xf5\xa9$\xe5+%^\x9b\x8a\x04\
t<\x15\x86\xc5\xfe1d\xf2\xd4\x84\xa9\x19\xe5\xbd\x7f\
\x0a\xa7\xf2TS\xd8\xedO\xc2\x11\x16\xd8\x9a`\xff\x00\
\xcb]32t\x00\xa4\xa7\xf6M\x1fA\xacY\xb4\xdb\
_/\xbbH\x01\xa5\x02U\xc8\xabb=4\x1e\xd4\x19\
\x87\x9a\x08)\xca\x90\x9c\xeaI\x03\xf9D\x9aA\xbbF\
~'\x14\x7f\xc2\x103\x05\x04\xf9\x10+/%\xd6;\
m\xe2\x9b\xc9u\xb1\xb7\x01f\x06\xa6\x09<\xa6+\xcf\
\xca\xed\xeb\xe1\xa8\xb5\xe1v\x99T\xd8'1\x1aW6\
U\xd7\x8c\x5c0[A\xdc%*$\xaa6\x1e\xb5\x8f\
\xdb\xa6N\x16\xcb[\x14\xc09g\x91\x8a\xce\xd6\xd2$\
\x1a\xb2R\x14\x12\xa4\xe5;'(\xd4\xd4v\xae\x926\
\xf6`8$\x1c\xdb\xe6\xe9A\xf6\x9e\xb0`\xa4\xa4I\
\x03\xd2k;ZH\xba`\x8c\xea\x0c\x08\x07H&\xae\
\x0b\xfd\xaf8S%\xd19b7\xad\xf1\xb1\x85\xe1i\
\xb3`\x94\xa6D\x11\xb4\xfe\x95\xa6\x98Z\x9e\xb3a@\
t\x8d\x93\xd2\x84^\xd2\xcc\xa0\x85$\x08\xea<\xc5T\
*5#\xc2Llv\x07j6\x8d\x05\xb6A{\x1a\
\xbav\x00\xca\x12\xce\xbd@\x93\xfa\xd7\x1f\x96\xef7o\
\x8ak\x05\x81\x94\x10\xb0\x01\xd3J\xc5\xd3:MX\xa8\
\x85\x88\x1br\xad1\xac\xbc\x93\x85\xcf\x079\x9b\x06\x22\
k\xd2\xf0\xbes\xe4\xf1t\xf2\x07\xda\x02\xe4;\xc7\x5c\
J\xa2\xa2\xb4\xa2\xe0\xa4&a2\x12\x91\x11\xcfnu\
>^|\x99m\xd9\xe0\xe3\xc5\x8b\xe4\xa7l\x0e(\xf6\
\xa9\x8f\x82|\x0b\xbc\x0a1\xba\x89\x03s\xce\xbd\x7f\x0f\
\xf0\x8f\x0f\xcf\xff\x003%)\xc0R\x1cH\xd2\x15\x94\
\xfb\x1a\xd9\x81\x84\x9d\x15@\x12\xbdN\xdb\x81L1\xa1\
\xe3L\xeas\x0d\x05\x01e\xb5P\xb7i/\xdc\x14\xad\
,!Ja\xa5~7TfO\xf9S\xf3\x1f<\xa2\
\x91\xd2\x1b\x1d\xc5\xbaB\x94\xa5\xa9R\xa1\x9b\x9a\x88\x82\
\xa3\xf9\xd08F\xbc{\xd5\x82\x09(oP\x22H\x8d\
?\xa50]\x92\x8b\x0e%\xb5 \x05\x87%y\x8f\xce\
\xe02\x94\xfa'R|\xcd2\x8cea\x0f:\x16\xa3\
\x9bU\x1e\xa4\x83\xfa\xd2\xe8\x18\x16\xae8\xdb\xa1\x96T\
\xe1[\xb0\x08\x1ae\x08\x98'a\x04\xf5\xa0\x8fX\xda\
\xa1\xab\x93d\xe3\x8d\xba\xab\x80\x12\xa46\xac\xc1+\x12\
P\x0a\xb6\x9d\xc1\x02w\xa0@6G\xbcx\x15\x81\xe2\
$\x91\xb4yT\xd5A\xcc6Wmr\x0e\xe9\x85z\
\xf2?\x91\xa3@\xeb\xe4\x96fg3bt\xe9F\x8d\
\x8d \xad\x8f\x09\x82[X\x9fAD\x1a\x13nZ\xbe\
\xbf\xb8S\x846\x1eJ\x14\xdec\xff\x00T\x80\x12\x0f\
\x91Q3L,\xfd\x998\xe3\x1cJ\xc4$\x07\x09R\
\x16\x95\x1dF\x9a\x88\xeb\x22\xb2\xbcV\x9f\xf4\xbd\x05n\
\xb5\xb0\x13\xde\xdb\xad\xdbW\x84- \x1e\x9a)$h\
\x14?\xa8\xe7Zm\xcf[\x09\x0f4-\xd4\xb4\xa9\x09\
\xff\x00\x05\xf3\xa0O\xf9U\xd0\x1f\xc8\xf9\x1a\x13\x018\
\x85!E\x0bNU\xa7E%[\x83U4\x0d\x81\xbc\
\xeb<\xa2\x99\x07t\xe9\xb6\xd4\x14\xba\x06\xf7\xcd\x1b\x01\
\xd3\x951\xb0\xab\xe7\xb1\x07S\xe5@\x06\xe7\xe5H\xb6\
\x09\xfdI\xd2:S>\xd1\xcf\xef$jt\x9a\xa4\xe9\
\x1e\xf6\xa7\xfa\x8a@*\xd3\x12O=u\xe5L}\x90\
\xd9\x05\xcf/\xd2\x8eB\xc7\x84\x12\x08\xe8y\x0aF\xbc\
`\xc6\x02y\xcf:\x0a\xe9|\xc2 \xe5\xe6|\xa9\x05\
\xd3\x0aT\x04\x8d\xc4\xea\x7f\xbd\xa9P\xed\x8a\x5c\x1d\xe6\
\xb3leff\x04\x1ed\xd3\x06Tu\xf6\xa4\x0d+\
Q;\xf9Pd\x88\xf3\xf4\xa4L\x04\xc7Z\x03r5\
\xa0\x13\xa8\xdfo*`\x9c\xc3\x97\xd6\x95\xe4\xdb\x0a\xdb\
h\xa0\x17\x98I\xa0l\xa4\xab\x97>\xb4\x06\xf9u\xa0\
m\x80\xce\x82\x98<\x92'\xfa\xd0\x18\xf3\x9d\xdd\xbb\xaa\
\xff\x00)\xfd)\x02\xc4\xa1!'\xf0\x80\x9d|\x851\
\xd9\xb7\x16\x01\xe9A\x87q\xd8\xd8\xc4T\xd5\xc3N^\
\x86\xd2A>\xf5-e\xd2:\xff\x00\x14\x96V\x9f\x11\
\xcd\x09\xf2\x12y\xd2\x1b\x87\xecxS\x8cx\xb2\xddO\
`|5\x89bm\x19\xca\xeb\x0d\x80\xd9#O\x9dD\
'C\xe7W1\xb5\x17(\xe9\x1c\x0b\xf6W\xe2\x14\xda\
3\xff\x00\x8bq;<\x0d\xa7\x98P\x16\xac9\xde\xdc\
\xe7P\xd2H\xf0\x80\x92d\xc13\x00H\xde\xb4\xc7\xc7\
\xb6yy\x16\x8e\xc7>\xcf\xbc\x0fa\x8d\xf1\xad\xfd\xf5\
\xad\xe7\x10\xdc[^3\x83\x171/\x0b\x05\x0c0\xd0\
\x94\xb6\x98J\xa5JZ\xa4\xc9\x12\x005s\x1eY\xdc\
\xb8y\xcf\xed\xff\x00\xc48^\x1b\xc2wx6\x19o\
mf\xe3\xd8\x99+\xb0\xb3h6\x87\x99e\xc6\x9b\xb6\
P(\x032\xd0\xb4<\xbc\xaa\x90 \xe90j\xaf\x10\
N_4\xdevI\x5c$8\xb7\x14\xa5\x1c\xd2\xa2\xad\
\xc9\xf2\x04\x93Y,\xfe\x05l\xa4\xfcS\xba\xe8\x10\xd2\
U\xd5J:\xfe@\xfdi\x18\xce8!\x05L\xa2I\
@\x08\x11\xcc\x81\xfe\xf4\xc8\x01Op\x19l\xa6\x14\x86\
\x1b@=\x15\xa9?\xad\x02\x9c\xb9\x01\xbbK\x85\x92<\
+\x09\x07\xac\x13\xfe\xd4\xc9\x1fnP\x8b\xa7\x09\x92\x17\
\xe0\xd3\x91)\xff\x00z@\x9b2E\xc39\xb4PX\
\x04s\x14\x09\xf9uL\x09\xe6\xd1\xc5\xc9\x0e\x80\xdb7\
v\x89B\xd5\x13\x1br\xfaS5M\xabCe\x8fq\
\x95\xa22\xad\x01\xf0\xd2\x09\x1a\x18rRc\xd0\x1a\x00\
LS\xbc\x18\x96 \xa5\x1c\xd2\xe8p(\x99\x91\x98\x0a\
\x017L}\xcd\x97\x22\xa5\xad;\xf8H\x9d\xfe\x94\x02\
\xb0\xe6\x14\xacI\xa5\x00N_\x06R9\x83\xa0\xfd+\
\x1f/\xf1t\xf8\x7f\x93\xa0\xe1\xb69\x9em\x09IV\
u\x18\x04DF\xba\xd7\x99\x95\xd3\xd7\xc6-x}\x81\
\x0e'(\x0a\x81\xb8\xd8\xff\x00\xbds^]\x98\xcdU\
\xbf\x06\xb19VV \xe6$N\xc3\xc8V7\x8e]\
\x12.\x18u\x89H \x82L|\xbeU\x9bT\x9f\xc0\
(\xa6P\x09;\xcc\xedE\x12\x0b\xb0\xb2+2A \
\x1dj>\xdaE\x87\x0d\xb5J\x94\x12\x12\x02F\xd9E\
\x06\xb6\xe1v\xb0\xa4\x11\xcb\xf2\xaa\x89\xca\xae\xd8;!\
iI\x10N\x9at<\xebx\xe7\xc9i\xb3g,&\
<\xa7\x99\xadX\xa5Y\x22\x00')\xdahH\xd6V\
\x10f$y\x8f\xce\x96\xcfB\xd4\xb4!\xa5-\xc3\xf7\
hIR\x8c\xf2\x1a\xd2\xdf\xe4h\x8e\x17\xb3[\xb8S\
O\x14()\xd2]9\x87S:\xd7\x17|\xbbx\x97\
K\x15\xab\x05&\x0e\xaa\xf2\xac\xebm\xf0\x9a\xb1`\xe9\
\xb4y\xd6\x98\xf6\xe5\xf2\xe5\x16\xfc\x10BR+\xd5\xf8\
\xf3wU\xf3\xbf)\xe1\x9e\xd9\xaf>/\x18\xc7\x9c*\
 \xb9t\xfa\xc9\x1a\xc4-Z\xfd\x05sew\x9dz\
\xb8I0\x93\xfa|\xc3\xed\xe6\xdc[\xf6\x83z\x90\x8c\
\x8aVW$\x19\xce\x0aF\xbeQ\x1e\xf5\xedxw\xe9\
\x1f?\xe7\x9f\xf1j\x84\xf3\x99\xddx\xc7\xccd\xfb\xd7\
K\x98*NC;M0un\xe5T\xa8\xec'\xca\
\x90\x1a\xc5\x83\xc7\x14n\xd0\xa0\xa1\xe5:\x9f\x09\xe5>\
)\xe9\xb6\xb4\xc2^\xf1\xd4:\xe2\x96\x12\x02O\x81\xa6\
\xe6B\x10?S\xfb\x9aFE\xd3\x8a\xef\xd1$\x82\x94\
hO5\x1e\xb4\x02J\x92\x95\xb6\xb6\x84-I\x0e\x00\
F\xc4H\x8fPu\x1dt\xa0\x80\x14\xe4y*Q\x00\
\x83\x08l\x1f\x97^g\xae\xfe\xbb\xd0\x12*y\xc4\xad\
\xcc\xab\xca\xb8\x92\x00\x1e!\x13\x1bS\x08\xd0\xa2\xab;\
|\xe5J\x80e\xb5\x12@&\x0e\xde\x94h\x80\x15\xac\
\xab:V\xa4\xa8j\x95\x0d\xc1\x9d\x0f\xa8\xde\x91\xa5\xde\
\xb7\x0f]3v\xd8\xca\x8b\x90\x1cP\x9f\x95\xcf\xc6>\
\xb2}\xe8\xa7\xa1\x18R{\xcb\xa7sj\x95\x02\x93\x1c\
\xc9\xd0~t\x83\x03j6\xce\xb6@*H&cY\
\x1b\xd3S,\xd4CmG\x22F\x9e\x86\xa4\x05\xb8D\
\xb1\x92<*&\x00\xf2\xda\xa8\x96\x9e\x15\xbcq\xfcv\
\xc6\xedj\x19\xcb\xa9\xce\xa4\xe9\xe2 \x02O\xac~f\
\xb2\xca\xf2\xd7\x09\xb7\xa0\xad\xca\xd1n\x84\x85)!\x22\
HI E\x5csS\xb9\xb2\x1d<*\x1a\x18\xab\xd2\
F0Z\xc5\xd0\x96\x1dZX\xbc\x1a0\xf2\x8eT9\
\xd1\x0b?\x87\xc9[r5:Wh\xd7\xdar\xdd\xd5\
\xb6\xeaT\xd2\xd0r\xa9\x0b\x10\xa4\x91\xc8\x8a\xa9\xcf(\
\xfe\x83:2\x8d\xe7\xca\x8d\x8d\x02v\x01&=\xea\xa8\
\xfb\x0a\xe0\xcd\xc8\x0fJC\xb0\x8fm\x22H\xebB@\
\xbf\xa2g\xe9L\xd1\xef\xce\xbc\x87J\x0a\xa3\xde m\
\xb79\xa6[\x08\xe1\x91\xa6\xb4\xf9\x80\xd3_<M\x10\
\xacX\xb0\xadN\xa6\x05#^ps\x19N\xc0\xd0*\
\xf9\x83\xfc\xa9\x03\x97\xd0\xd4\xecE\xd3\x0b\xd0\xa6\x06\x94\
\x1b\xb5)s\x1f\xa5f\xd0\xda\xc9#\xa5\x06i[u\
\xa3@\xda\x95E\x06\xf3o\xae\xf4\x85`>t\x06\x13\
\x11\xf9Pd\xaet\xe9@7\x9fJf\xd82b6\
\xe5H\x8a\x0a\x9e_CA\x1c\x0a\xcb\xe4)\x9bs\x1c\
\xf4\xa0v\xd9>-}\xe9\x02\xbb\xd2#\xf9f$\xd0\
\x1ay\xd9d\xa65$\x0f\xccPG\x14\xec\x12A\xfa\
\xd0a\xdd|\x0a\x02=\xeb\xde\xf1\xd0\xc3Iq\xf7\xce\
\xa9i\xa4)\xc7\x0f\xfd\xa2O\xe5K\xef\x85\xed\xd2x\
;\xec\xdb\xc6<cn\x8b\xbcA(\xe1\x8b7\x0aT\
\x9f\x8d\x19\x9fR9\xfd\xd0\xd5'm\x14EW\xa6\xc5\
\xcf\xf0\xee\xdd\x9e\xfd\x9d8c\x81X.\x5c\xb0\x8c{\
\x11R\xb3*\xea\xf9\xa0\xa4\xa7\x90\xc8\xd9%)1\xce\
\x09\xab\x92Fv\xba\x1e%j\x1e\xb7E\xb8\xca\x96\xd4\
\xa1)\x8d\x80\xd7m\xabLxF@\x1dmNbm\
\xa1Jq\x19\xe1*\xcb\xe1\x01\x130`s\xf9w\xeb\
W\xbe8g;\xe5\xcc;'~\xf5\xae\xcem17\
\xfb\x96\xaf\x1ez\xf6\xfe\xeb*K\x85\xc7\x16\xfa\x96\x16\
H\xd0\xc3y?\xb1Gf\xf9\xfd\xff\x00\x11<^\xef\
\x0c\xe2\x04\xe1O \x5c\x16\xfb\xb7m\x94\xf2\x81[A\
\xc6C\x8bPJDA:\x02|C2\xba\x88\xcf>\
Z\xe3\xd3\xc2\x8a\x1a\xa8$\x88\xccD\x9ez\xff\x00\xe9\
YE\xa4\xf0\x06\xf3^\xa0\x8deeq\xc8D\x81\xfb\
\xd2\xa6_\x18\x92\xacE@\x88JD\xeb\xf8\x8c\xef\xfa\
U\x10{\xe5\x04\xa6\xc8\x1f\xc3l\x14OS#\xfa\x01\
@n\xf9\x03\xe0\x16W\xa2\xce\xe7\xce\x04\xfe\xa2\x84\xd4\
7\xf8\x8e\xa3\x91\xce\x09;m\xff\x00\xa5\x062\xc5\x05\
7\xc5Z\xe5\x0b$\x9f\xdb\xe9A\xba\x1a^\x16\xf78\
=\xc2\x82e(\xee\xc8P\x90abg\xa8\x834\xca\
\x07\xbe\xb6r\xdf\x8b\xb1\x95\xb8\x12\xea\xee\xd7nHF\
\xa9\x048P\xe0\x1e\x99g\xde\x9d\xfc\x88\xab\xbc\xa2\xc6\
%\x94\xca\xfb\xb7\x16\xca\xb3~(\x82\x0f\xae\xf4\xa0\xd8\
\xeb\xb6\x94\xd8aYR\xa6\xd9\xbb\xeeB\x0f3\xddI\
>\x93B\x9b\xc0!\xfcU(\x12BV\x95@\xdbb\
'\xe9\x5c\xfe]\xfa\xba|\x13\xf7\xba\x85\x9d\x946\x16\
\x07\x89 \x1d\x0e\xe6\xbc\xab\x97:{x\xcd\xad\xd8=\
\xb2\x96\xbc\xf9L\x88\x00\xc6\x8a\x1e\x95\x86N\x8c:\x5c\
\xf0{\x22\xb5(\x11\x98h~\xa2?j\xc7)\xc3\xa7\
\x05\xb2\xc2\xc0\x05\x09\x1b\xc0J\xa3\xe6\xe9Y\xd6\x9d\xa6\
\xed\xed\x02D\xa9 \x09\x91\x9ci\xe7\xebD\xe0S\x89\
`\x122\x08wt\xa5\x00\x92z\xc0\x1c\xa9\xf1\xa1*\
o\x0e\xc1\xef\x9dX\x1f\xc3/\xc2\x8f\x89\x0bM\xa3\xa6\
@\xfc_.\xd5<-g\xc1pLD\x15w\xb8f\
 \x0aTJ\x14-\x1c\x88\xe5#/\xadV6#+\
\xf8\xab\xae\x0d\x83b$\x000\xeb\xc2\x92`\x9f\x86X\
?\xa5o,s\xe5f\xd6{|\x17\x13\xca3a\x97\
j\x1f\xcc\x19W\xf4\xad-\x9ac\xb9\x04\x0bk\x8bp\
C\x96\xcf\xa3\xc9l\xa8~\xd5\x1b=\xcay\xa7\x13\xa6\
\xa1$\xe9\xe2\xd3_z\xa0S\xc9F!sob\x15\
\x99+P[\xe5\x1a\xc3`\xcc\x18\xdb1\xd3\xd8\xd6Y\
\xddp\xd7\x09\xbeW\xc6m\x87v\x90\xd4e\x8dz\xd4\
v\xae\xb8\xa2-\xf0\xf2\x1c\x99\x19zT\xfa\x9d\xf2q\
\xa4\xad\xbb G(\xab\x91\xc5\x9eU?\x84\xaa\x16\x07\
\xe9]\xff\x00\x1e\xfe\xf8\xf2~D\xe1\xe0\x9e\xd7\xd3\xf0\
x\xde>\xc9\xd7\xbb\xb9\xb8\x04\x7f\xde\xa1\x5c\xf6k'\
\xaf\x85\xde\x12\xbe{v\xdf\xc2w\x18\xbf\x13\x8b\xabu\
%O8\xc8 \x13\xa2\xc0\xd8O-+\xd7\xf8\xd7x\
\xe9\xe1\xfc\xa9\xac\xf6\xe3\xd7\xd6\xcfY<\xda\x1fiL\
;\x92\x0aV \x824\xae\xb7\x105\x09'\xaf\xeb@\
)h*P\xfc \x00I\xe9@Ma1l\xd3\xae\
'L\xc7\xb8\x0a?4Fe\xfb\x11\x03\xdc\xd1\xb3)\
\xb9+i*\xd0A\xf3\x8a\x01\xd7\x9e\x0bx\x80\xc3d\
\x83\x1e)$i\xeb\xebO\xb2\xec5\xcd\xc2\xddJ[\
B\xa1\xb0H\x09@\x80GZ)So(\x17\x99T\
\xfe \xa0z\x99\x834\x1aA\xf6\x8b\x976\xcb\xcb\x95\
\x0bGvA;\x94\xc83\xf9R\xd9#\xee\x9c\x0f\x05\
\xadZ\x05)jm\xdf@\x04\x1f\xca\xabZ$z\x86\
U\xc1\x03^~T\x8d5\x82\xa9\xb8K\x0f(!\x0a\
\xd4\xa8\x8d\x13;+\xd8\x80O\x9157\x85\x9ca\xa5\
\xb3\x89\xbc\xca\xe5+\x19\x90\xa1\xe7\xe5\xfa\x8as\xa1R\
\x17\xab7v\x8c\xe2a\x09J\xdc\x86\xae\x02H\xff\x00\
\x19)\x85\x18\x1b\x05\x88W\xaej`\x03\x08\x0d\xb8\x96\
\xc2\xbc2#\xcev4\x81\x17-ei\xa5\x09)\x80\
I;j`\x8a\x00\xac\x01\xc5\xb3\x98\xa0\x1c\xcd\xa8\x89\
\x1eZ\xfe\xd5\x9em0\xed\xe9l=\x7f\x15h\xca\x9b\
\xf1\x054\x1cLjH\x89\xfd\xff\x00*1\xe9\x8e]\
\x9dX\xf1k\xa8\xad\x19\x9b\xd4\xe6\x1a\x11\xcey\x8a\x07\
\xf4)O\x0b\xe6\x90\xcd\xc3\xd9]lee\xf5\xed\x1c\
\x90\xb3\xd3\xa1\xe5\xe9GC\xb0w\xd6\xae\xd9\xab+\xa8\
\xc9\x22gy\xf4\xa0TS\xa0N\xdbu\xabHu\x88\
\xd25\xa4\x7f\xd0G\xf7)\xf6\xa6\x9a\x05\xfd\x8c\x18\xf2\
\xa6H\xeb\x91\xd0\xef@G\xbd\xe7\xee)\xcb\xc9\xc0\x8e\
m\xb4Q\xd9\x19nK\x9d5\xa0\xd6\x1c(\x9f\x0c\xed\
\xca\x91\xc5\xe7\x072\x94\xc6\xfb\xe9EM\xed{\xc1\xd5\
\x19F\xfeDR\x86\xba\xe1\x86@\xd6O\xedR\x1d\x9d\
D\x90f\xa1\xa9*W\x9e\xb4\x0d\x1aQ\x93\xb5 B\
\xb5\xfe\xb4\x19\xbc\xc2t\xf7\xa6M\x03\xbe\xb4\x06\x033\
4\x8c\x85\x11\xfb\xd3\x06\xf3\x7ff\x80\xd8Q\x8e\x9e\xb4\
\x81Aq\xae\x9a\xeei\x82\x82\x86\xa7n\xb4\xc1]\xe0\
\x1c\xc5H\x8c.I\xa6\x1a[\xc3\x22\x81\xd4\x1d\x08\xa0\
\x82?\x886\xc8@Z\xd2\x14\x16\x9d\xce\xfa\xd3\xd0M\
\xf0\xff\x00\x0a\xf1\x17\x17<Z\xc1pk\xcb\xe5\xf8A\
R[)m9\xb6%j\x84\x81\xcf}\xa8\xd6\xcd\xda\
\xb87\xec\xab\xde\xb0\xdb\xbc_\x8ae \xe6\x168b\
\xa0\x81\xfc\xabt\x89:\xff\x00(\x1e\xb5R\x0d\xbb/\
\x0epW\x0c\xf6|\xcfw\x81`L\xd9\x15HS\xac\
\xb5\x99\xd5N\xf2\xb5J\x946\xe7U1\xda.K\x0f\
~\x5c\x08)I\x89\xd6LS\xd1[\xb2\x94\xa2\x06\xb0\
'h\xd4\x9a@1mWW\xa0\x95))i#m\
\xf3\x1f?A\xf9\xd3\xde\x82+\x8a\x96\xe5\x9f\x0dc\xb7\
6\xe9[\x97\x82\xd5\xc5[\x93*=\xe0l\x84@\xeb\
\x9b\xf5\xab\x9fIRq<i|=\xd9]\xeb\xb6\xac\
*\xed\xf4[&\xd9\x8bf\x08*R\x82\x92\xc2c\x96\
\xe9Q$\xed\x07\xa5>S\xf6\xf9\x83\xff\x00\x10\xfb\xab\
3\xda\xa6:\x85?p\xfe\x22\xe3\xe9h\xb6\xe2\xd4\x12\
\xc9`%\x0aHI\xd0\xa0\xa4\xa0\xa5@\x0d\x01\xe7Y\
ee\x8d\xf1\x9ax\xedJ\xef\x1a`J\x8eE\x9d\x0f\
.z{\xd4)5\xc3jP\xb8+\x5c)M\x94\xb4\
2\x8ez\x7f~\xd4\xbe\xd5\x08\xe2\xf6\xff\x00\xe7JU\
#\xef4\x03]\xc0&\x9aB\xe2,\x91q\x94\x0c\xc0\
!\x09LsJR(\x05c`\xb6\x1fI\x222\x00\
H?\x89j\x91\xf9\x0ap\xb4\x8cR \x13'\xa5#\
\x15da\xdb\x97g\xe5\x19r\xf32@\x1f\xad\x01x\
\xbc\xca\xbe\x1e\xb7qp\x0bW+B\x946\xda\x04\xf9\
j)\x90\xfb\xec\x8f\xde\xb8\x12\x15-4\xdb\xd9w\xd1\
\xc0\xd9Vuu\x0a\x07O:\x0dY\xc6\x18A\xe25\
\xbc\xdee[)i\xb8\x12si\xac\xfbH\xdc\xf5\xa0\
\x9b\xb2C\x97m<\x87\x0a\x14\xebn!\xd4\xa4\x9e\xa0\
\xa7\xf5\x9d)\xa8\xef\x07dN2\xb5\xacfB^\xee\
V\x94s\x82cNb\xb9\xfc\xbf\xc6\xba\xbc\x17\xf7\xca\
\xedv\xb8 Cg*\x89+2\x04Bcy\x8a\xf1\
o\xf6\xf7\xb1\x9c\xac\xb8E\x9eG\x12\x94\x83\x1c\xa0\xec\
z\xfb\xd69:q\x8b\xa6\x0flM\xce\x82\x12\x13\xcb\
N}+\x1f\xa6\xda\xd2\xed\x87X\xeaB\x86\x84h\x08\
\xd0Q\xd9\xd4\xcb\x18J\xae26\xd238\xa5e\x08\
V\xb2\xa9\x81\xf9\x9d\xe9\xdb$\xda{\xbazS\xb2^\
\xce\xb0\xbe\x0b\xb4.\xe5M\xd6,\xf0\x1d\xf5\xe2\xc6\xa9\
\xff\x00*\x07\xe1N\xfegsYc}\xa9\xf9%\xd3\
\xa6\xa6\xe6^\x95-Dl\x91\x98\x8d+}\xf2\xe3\xb8\
q\xc4\x18\xdd\xd0\xcf\x01j\x98\xdeN\xb5\xb7\xb3\x9e\xe1\
\xc7GP\xf6s\xaa\x8c\x0d\xb5\xa3\xb6w\x1d\x08m\xc0\
?\x16\xbe\xb5\xa4\xd3\x1b\x0e\x87LFc\xe94\xd9\xfa\
\xc2\x1cm\xa7\xa7\xbcm\xa7?\xd6\x80\x7fQKG\xaf\
\xc1\xb6\xad\xd9\xb5\x9e\xea\xdd\x96\xa7|\x8d\xa4O\xd0Q\
\xad+\xbe\xe9}\xfa\x12$\xb6\x89\xff\x00@\xa5\xb3\xf4\
\xbfT\x90\xe3N\xac\x05\xb0\xd1\x1dJEO\xb4\xfb\x87\
\xeb\x963s*5\x8c>\xd9\xd1)Gv\x7f\xcat\
\xae\x9c|Xf\xe6\xcb\xcd\xe4\xc7\xbb\xb2\xdb\xb76o\
\x08$\x8a=?O$e\x9f\xeab\xf1\x17\xda\x1b\x0a\
\xf8.\xd28\x9d\xa7S\x08r\xe3\xbfJO4\xad)\
V\xded\x9a\xcb\xcd5\x9d\xd3\xd4\xf8\xd9{x\xa3\xc4\
}\xada\xff\x00\x0b\x8c\xe1\xd7\x059Zm\xce\xed\xd2\
\x91\xf8I\xcb?\xa5t\xfc\x5c\xfdn\x9c\x7f/\x0d\xc9\
\x92\x9d\xc7}\x9f\xb5t\x12\xc5\xe3*\x09ZIf\xe0\
\x0f\x12\x14?]\x0e\xbeU\xecG\x8e\xe1X\xbe\x12\xfe\
\x0bv\xbb[\xa6\xe5i0\x95\xfe\x15\x8e\xa2\xa6\xcd\x00\
\xb9\xb38\x82\xb3)\x08\x0a\x8eB\x97F\x96ii\x16\
6\xc8\x13-\xa5eS\xb6e*t\xf6\x02\x85\x08\xb6\
\x01\xc4\x91\x13\xa8\xa2$\xb7\x1a\x19\xeeO\xe2T\x04\xf4\
\xe7V\x11\xa3[r\x00\x80\x99'\xae\xbc\xa9\x02\xad\x9b\
\xef\x90\x90\xa9\x10\xa9\x11\xfa{\x8aD-/\xa8\xa9J\
\xff\x00\xe5\xc2\xc2\xba\x03\xa4}M\x07b$(\xb7f\
\xa6\xc9\xf0\x85\xe4\x8d\xe3\xcf\xf2\xa2\x93m\x056\x12f\
\x02~i\x12<\xa9\x04\x8e\x18\xa4=\x8b[ '$\
\x90\x82\xa0t\x83\xbe\x94\xaa\xe5\xe4u\xaa\xc3\xef4\xa0\
\x15\xf1\x16\xe7\xc2F\xa5\xc6\x87\xcc=S\xb8\xff\x00,\
\x8eT\xc59j\xdaR\xed\xc5\x9a\xd5\xdd\xb4\xfc\xc2\x95\
\xd6|'\xfb\xebL\x07a\xa5\xa5\x0am\xc4\x96\xdca\
y\x14\x93\xb8\xd6G\xe6*i\xb1\xc9l9\x09\xef\x12\
\xd1%M\xf2(?7\xa6\xb1\xe94\xc9\x96$\xd9\xdc\
\x15#V\x94C\x88Q\xe66)>z\xc1\xfa\xd4U\
N\x1e\x8b\xe1R\x1e\xe1\x9c=\xe48\x95\xa5L\xe5L\
\x19(\x8eG\xd3\x97ZX\xf2\x9f$\xd5N\xdc\xb4\x97\
-\x9b\xbad}\xd9\x01/$\xff\x00\xd3r5\x9f\xf2\
\x9d\xc1\xf5\x1c\xabV \x95\xb6\xa65\xa3\xa2\xd9\x0a\x82\
\x0e\xba\x0d5\xa6\x0a\x17\x99YKO \xbc\xd0\xd1:\
\xc2\x93\xe8\x7fm\xa9wF\xf5\xda:\xf7&\x7f\xbaR\
\xd6\x88\xdd`\x02\x0f\xb51t\x05\xc0H\xe7\xb6\xff\x00\
\xbd\x05B\xbb\xb6\x9a\x9d\xf5\xa6@n\x12d\xeb\xbfJ\
!\xa3\x9f\xe6'\xeb\xb54\xf4\x8fx\x92L\xd09\x08\
\xee\xa3\xd2\x81\xbe\x0c\xa0\x8e\xf0u\xe5Oa?\x84\xa8\
\xc83>t\x1c^0e\x0f\x0c\x92f\xa4/\xb88\
0\x08:\xd0\x17\x5c,j\x98#_\xc8\xd2'fQ\
\xfa\xd6m\x8d\xadZ\x8f\xefZ}\x82\x15\x14\x8c\xd1\xdc\
\xed@$\x8eT\x13D\xeci\x06\x8a\xb2\x9dt\xa6:\
 \x91\xcfBh3*T\x1d\x81\x14\x87lI\x98\xa0\
\x8e\x04\x15\x09\x22\x07\x98\xa6\x0a\x90\x0e\xf3\x1b\x0a\x0c\xca\
\xdfKzf\x8eQA\x10\xeb\xcbi\x19\xdcIi#\
R]!\x1az\x12(%\xbf\xb2>\x0e<q\xc66\
-\xe2X}\xea\xf8l\x15|S\xad4\xe2Fl\xa4\
\xa1%`xA I\x9d\xbdj\xa64\xf7\xa7\xb0\xf8\
k\x81\xb8[\x05\xb2'\x06\xc1l-\x9av3\x14\xb2\
\x0a\x95\x1f\xccN\xa4\x8f:\xab.7TK\xbeb\xc8\
\x1bJP\x12\x90\x12\x91\xa0\x03@)\x06\x04\x04\xec\x00\
\xf4\xa7\xb2\xd1\xbc\x81\xc9$H:\x00zUoI0\
\x10 \xa1?:t\xce\x7f)\xeb\xd2\x9e\xc8\xb0r\x00\
\x0c)\xd5h#O\xca\x91\xb4\xd9!J9cS\xb1\
\x04\x9eS\xf9PJ\xcf\x1d\x5c\xdc\xa7\x86\x96\xd5\x93\x09\
\xb8\xbb\xb9[V\xed!\xc5\x1c\xa1Jq:\xa8\x8e\x80\
(\xe9\xd2\xa8+\xfcr\xb6\xf0\x9c2\xc6\xc5\xb7\x0bJ\
\xc4qk[\x14\xbe\xd7\xdd\xe4+y+VX\x07`\
\x97\x0f-\xf7\xd6\xae\xfe\xe8\x9f\xb7\xca\xbf\xf8\x86\xde\xdc\
=\xdaM\x8b\x97\x98c\x0c<\xeb\x97\x91|\x11\xdd\xdc\
<\x84\xad)J\x1d\x12B\xb2\x85\x85\x05\xf3\xcd\xca\x22\
\xa3\xc9\xad\xee4\xc3\xa7\x93l\x06[\xdc\xd0\x14\x9bt\
)\xe5\xe9\xbeQ\xa7\xe6SX\xb4\xde\xbbJp\x99u\
!\x932\x09_x\xaf\xe7XAT\xd2\xa6\xdf\x16f\
\xb9\xc4\x14\xa1)^\xc8P\xe4L$O\xd4\xfd)\xf6\
(7\xdd\xef.\x12\x00I\x01\xb7\x924\x80!I\x03\
_H\xa0\x84c\xad\xe5B\x90\xa03!\xd6Zr9\
\x84#C\x1e\xf35_\xe8\xbe\xd0\xce\xc0y^\x19\x13\
\xf2\x8ez\xed\xfaR\x02\xad\xdaP_v\x22\x1dh\xe6\
V\xfa\x85\x7f\xfd\x94\x8dx\xb6P_\x06\xdf\xa4%\x0a\
\x1f\x14\x17*\xd4\x88(?H\xe7\xebL%\xd3h\xb3\
\x8d\xb6\xe2\x14\x12\xd3\xae)\x0bH>,\xc1\x01i\x1e\
\x99O\xe4)\xfd\x85c\x17Q[\xef\x5c62\xa9\xc6\
I\xca\x13\x10\x9c\xf9T<\xe7\xee\xfd\xe6\x80\x17\x0am\
K\xc4\x1f\x19\x88HbW\xaf\xcd\x95D\x99\xeb;M\
!\x05\xf0;\x0e\xff\x00\x1f\xb6-#\xe7\xb8R\xb2\x8d\
L\xc1T\x01\xce\x04\x8f\xfbMa\xe5\xfe.\xbf\x07\xf3\
\x95\xe8\x9c\x22\xd5\x17v\xa8q\xb2\x03\x8aNr\x9f\xcf\
\xf5\xe9\xa5x\xb9\xf6\xf7\xf0\x9fiv-\x8fx\xd9\x08\
(Vp;\xb5\xe8O-\x0dac\xa6.\xd8=\xa0\
\xf8\x86\xd4TI\x09)P\x1b\xc4\x8d\x7f*\xcf\xe9\xa6\
\xf9^\xf0\xdb\x05\x85\x12P\xa24\xd2z\xebD\xd8\xb6\
.\x1c+\x87\x17\xb1\xeb\x14\xc2U\x95}\xe1Y\xe4\x13\
\xcb\xeb\x15\x9f\x93\xf8\xab\x0e\xf6\xee\x96w\xc6\xd1 \x07\
\x06x\x83\x02\xb2\x9c5\xd7\xb2Q\x9ci)I\x05b\
c\x9e\xf5\xa4\xc97\x0d\x9fc\x1aI\x12V=gZ\
\xb9\x9b+\x86\xc6#\x1bD@T\x8a\xb9\x9a/\x89 \
\xce(\x9c\xb2\x15&\xaag\xa69xO\x8cU*\x04\
\x95}*\xbfQ\x97\xe8~\x1b\x18\x92T>`'j\
?P\xbfD\xb6\xefK\xda!AQ\xd2\x89\x9e\xf8\x89\
\xbe9\x8fb\x10\xca\xd65;\xd5j\xd6W)\x0aU\
\xaa\xc2D\x03O\xd2\x94\xf2A\x16\x0f-\xa7\x02\x17\xa0\
\xf3\xad<y\x5cn\xab\x0f.3)\xed\x13e!\xd6\
\xc0?Z\xf4\xec\x99G\x99\xbfZ\xf2\xb7\xda\xff\x00\x86\
\xcd\xa65\x82c\x89\x1fwyn\xab7@\x1f\xf5\x1b\
9\x91\xf5J\x95\xff\x00\x96\xb8<\xfcIk\xd5\xf8y\
ox\xbc#\xda\xde\x09\xdfZ\x5c+!(P%'\
\xfc\xdd>\xb1Yxs\xd6N\xbf>\x1b\xc6\xaf\xfcq\
\xd9\x83\x9f\xf8\x12\xce\xe96\xabr\xe2\xd9\xb6\xee\x16\x81\
\xf3(\x04\xc3\x83\xff\x00)?J\xfao\x1c\xb6>g\
.+\xca\xdd\xa3pZ.\x92\xea\x00\x95 \x95%\xc0\
9\xf2P\xf5\xd2i\xdcw\x10\xe2\xb7V+\xb4\xca\xdb\
\xa9\xc8\xee|\x851\xc8\x1f\xdc\x9a\xc2\xac\xf0QJT\
6\xd4P\xaf\xa1\xd6\xde\x15\x04\x88\x12A$t\xa7\x12\
>\xe1\xa0\xe3\xe9JD%i \x82|\xb4\xfc\xaa\xe1\
#\xadY\x0f0ZQ\x1d\xfcs\xff\x00\xa9\x1c\x89\xeb\
\xfa\xd4\xd0\x05\x19\x9ap\x05L\x81\xa8V\x94\xa1\x8ch\
#)\xef\x02\x92\x95xs\xa0I\x03\xcf\xad\x00#\xf6\
l\xda\xa9\xd0\xb7\x82\xdc\xcd=\xd8\x94I\xf5;\x0a;\
 \xe5JX\xca\xa0\x13\xac 'aA\xf4#\x099\
o\xed\x08\xd4\xe6\x1a\x1fX\xa9\xcaiX\xa5Wj\xfb\
WJu\xb4\xa9\xae\xe9N\x16\xd67\xcc\x82&<\xc1\
1\xefJX(\xdcU\x09}\x16\xd8\x8bH\x09m\xc2\
R\xfbcf\xd6c\x97$\xabq\xeaEh\x0b\xb5\xee\
o\x0eW\x9cKn\xa0w}\xe9\x9d@\xf9syl\
3r#\xa1\xa8\xa6\x8e\xba\xef\xb0\xfb\xb2J2\xbc\x95\
x\x9aV\x99\x92S\xe2\x07\xc8\x8e~\xf4\x11\xb6\x92\xdd\
\xb5\xdb-\x05\xa9vw\x1e&\x5cV\x91\xd2|\xc1\xf0\
\x91E\x0e\xe7\xd9\xa5\xc2\x9c\xc0\x19J\xcf\x89\xb2\xa4x\
\xban=\xab<x\xaa\xcf\xa5\xc1\x8b\x97,\x97\x99\x95\
\x14.2\x11\x12\x95'\x9aT6 \xf9\xd6\xeef8\
\xa6\x9fY)@\xb7Q\xdd\x00\x92\xdf\xb4\xea?:T\
\xb5\xb3.6P\x04\x809\x8f:cA]\xe6?:\
:\x00\x9fQ)\xdf.\xbc\xe8\xfb\x01\x96 \xa8L\xf3\
\xd2\x80\x15\xd1\x9egq\xccS\x84\x06\xe2\x12\xa3\xfa\x8a\
\x05G\x5c\xc8&u\xe8<\xa9\x90\x07\xa4\xfa\xf9\xd3\x1d\
\x03tD\xc7\xd2\x9e\x81\x84\x8f\xbc\x8e\x94j\x04\xf6\x14\
uLr\xd6\xa6\x85\xe7\x06\xd3,D\x0e\xb4\x8e\xafx\
9\xf1\x09\x1b\xf2\x1c\xa9\x05\xdf\x0a\x85e\x1f\xad\x04\xec\
eSY\xb7\xfa \xab@5\x22\x82$\xfe[P\x0d\
+@h\x04\xe8\x9e\x9e\x94\x84$\x99\x9f=\xa8\x04O\
\x91\xd4\xee(\x07\x9a\xb4[\x82H1\xf9\xd1\xaeL\xf1\
\xb1\x00@\x19\x95\xe7Ua\x16m\x90\xc8\x04\xc6nT\
\xf4F\xd3gu\x7fz\xdd\x9d\xb3\x0b~\xf1\xdd\x11n\
\x84\x95-_\xf6\x00U\x1eqK[5\xe7\x87~\xce\
\xdcg\xc4\x92\xa7,\x7f\x84\xa7B\x1c\xc4\x15\xdd\x0d\xa7\
\xe5\x19\x94y\x03\xa2bi\xeb\xf2n\x9d\x80}\x92p\
\xd6\x90\x95c8\xdd\xd3\xcaP\xfb\xc6p\xe4\x06Rt\
\xf9{\xc5fY\x1e\x854\xc9\xd3\xb0^\xc7\xf83\x00\
\xb976\xbc9bn\x88\x13qp\xdf|\xe1\x22 \
\xe6\x5c\x99\xd0mA\xda\xb7\xa9))\xcb\xf8cj\x09\
\x13p\xc20e\xae\xee\xd8d\xb6:\xdc2\x81\xa4\x7f\
8\x1dG>\xa2\xb5\x97\xdf\x8c\xbbg\x7foI4>\
\x97\x9bK\xad\xa8-\x0a\x01@\x8d\x88:\x88\xac\xf4\xad\
\xb0\xba\x95\x0d\xe2y\x1d)\xf4-h-*@;\x8f\
*d\x1a\xedK\x22\x10B\x14FP\xa3\xc8\xf2\xd2\xaa\
&\x84c\x11m\xe6\x9ct\xaf.C\xdd(~4\xac\
|\xc0\xf9\xccmNO\xa4\xec\x0a1b\xd22\xac\xf7\
y@\xd2|K\x9dg\xf3\xab\x98\xa7jw\x17q\x1b\
\xaf\xf1\xa7\x04`\xc1#\xe0\xae..\xaf\xae\xdbH\x95\
!\x96\x19\x84\x13\x1c\x8b\xaf6\x22\x95\xe0\xe5V\xbb\x5c\
\xe2\xdb{a\x81\xa8)/b6\xf7\xca\xc6-\xed\x82\
\xc2B\x93j\xc3\xae,\x13\xac\x0f\x02Tc\x98\x13\xd2\
\x8b\x0em\xf2\x8f\xed\xd1s\x9b\xb6o\x85E\xc9\xba\x08\
\xb4m\xc2\xe0Q \xb8\xb5\xab9\x00\xfc\xb2[\x06?\
\xb1\x9e\x5c\xb6\x9c<\xfa\xdb\xd2n\xd1\x90+\xbdJB\
\xd4yA\x9d>\x9a\xfaVJX8yKB\xad[\
l6\xa5-\xb7\x9dX\x03Q\xe1\x09\x93\xcbi\xa5T\
\xdf\x12\xb7\x94%GR\xe2\xd2\x10L\xfc\xa3E~\xf4\
\x15E0\x81r\xb7\xd2 \xac\x91\x09\x9dHR\xa2@\
\xf6\xa6B\xf8\x91\x94\xa7\x13\xb8q%%\xb5\xbe\xa4\x88\
\xfc^\x7f\xb7\xb5:\x10\x89\x96\x90\xe3\xe4\x82R\xb0\x04\
\x9dI\xa4ik\x14|;\x85a1\xdc\x044G\xfa\
\xf5\x9f\xcc\xd3--\xdc4\xca\x9c\xc01V\x96A\x19\
\x03IJ7R\xd4\xd0\xcac\xd7s\xca\x83O)\xf4\
]a\x0c-\xb6\xc3\x97K\x0a\xbdq[$\xac%\x0d\
\x14\x89\xda\x01:yPj\xa3\xef\xa0\xa2\xdd\xb2\x09@\
m\xa6r\xfe#\x99\xc5%C\xca\x08&<\xa9\x90V\
\x00b\xe1\xd6\xc1(\x94\xad\x95- \x923\x05\x11\x1d\
I9f\xa7g\x16.\xc8\x1bq\xfe5\xc0B\xd2r\
\xae\xec-I:\x92\xac\x84\x98\xf3\x15\xcf\xe6\xfe\x15\xd7\
\xf1\xe6\xfc\x92=#\x85a\xab\xb5\x96e\xb5B\x94\xb6\
\xc8L$\x89\xd7\xfa\x11\xd6:\xd7\x8bv\xfa\x08\x93\xb4\
h\xdd]\xa1%\xbe\xe9\xd6\xbcD\xabD\x81\x1a\x00\x7f\
\xbeU\x9d\x9c5\xc6\xfd\xae\xd8%\x99T(\xa6Q:\
\x98\xf1OJ\x9a\xb9W\xdc\x1f\x0d\xce\x01\x8f\x09\x06U\
\x10\x0f\xad9\x13r]\xf8:\xc8\xb0\xe2\xae\x95\x12\xbf\
\x0a\x0c~\x1e\xbe\xf5\xcd\x9f5\xd3\x8fK\x16%\x8a\xb7\
o*R\xf2\xc71\x5c\xf9Y'.\x8c0\xb6\xa2\x1c\
\xe3\x06\xdbZs/\xc2~_?J\xca\xe7#\xaax\
m-\xbe6\xb7\x85)O\xa5\x09\x1c\xca\xa3\xebD\xf2\
E\xfe\x85\x1d\x84qq\xc4nrY4\xf5\xe2\x93\xce\
\xdd\xa58>\xa0Ei\x8ev\xf4\xcb?\x168s\x9d\
\xd2\xdbf\x9c}\xd5\x00\x9c\x16\xf4N\xcbZ\x02\x12>\
\xa4V\x93\x0f%\xfaq\xe5\xe5\xf8\xf3\xfe\xb8\x94k\x05\
\xc7nJ~!V\xb6H\xff\x003\xa5\xc5\x1fd\xff\
\x00Z\xd2x\xf3\xfb\xbas\xdf?\x8e\x7f\x19o\xff\x00\
\x84\xb3\x18\x0a\x1b\x8f\x88\xbcz\xe2?\x03\x7fv\x93\xfb\
\xfeu\xa4\xc2}\xd6\x17\xcb\x9d\xfe3IF.\x9b\xb6\
Hm\x96\x12\xda\x06\xc0\x0a\xb9\x97\xafQ\x8e^;\x97\
9T\xdd\x9d\xc8XL\xa5&k\xaf\xc7\x7f/7\xc9\
\x86\x92\xc9e\x0e$\x10\x22\xbd\x09\x84\xb3n\x0b\x95\x97\
\x93N\xd9'4\xc5F^%\xe3\xe4\xa7Y\x05\x00\x03\
Za\xc7\x0c\xf2\xd5s_\xb4\x8f\x08\x7f\xe2\xbe\xcaq\
%4\xd2\x9d\xbb\xc3\x0aq\x06B\x04\xa8\xe4\x9c\xe3\xdd\
\x05_J\x9f>\x1e\xfe:\xdb\xe3g\xe9\xe5\x9b\xfb|\
\xf5\xc4\xf8p\xf1g\x13\xe0\x1c:\xd2{\xe3\x89_7\
\xdee\x12C\x08=\xe3\x8b\xf4\xca\x9f\xce\xbc\xdf\x8f\x87\
\xb6r=\xbf\x91\x97\xae\x16\xd7\xab\xf8\x8b\x82\x94\xf6\x0c\
\x10\x9bu,\xa52\x92\x13&:\x1e\xa2\xbe\xc7\xc5\x87\
\x0f\x94\xce\xfd\xbc)\xda\x97gW\x18f1yn\xc3\
R\x94,\x946\x91\x05-\x93\xa0\xcazm\xedU\x97\
\x8fH\x97o5q\xd7\x0e)\x87_p\xb7\x97\xba\x12\
\x93\xfeQ\x5cyO\xb6\xb8\xa8\xa9h\xb8\x95\xe5\x04\x84\
\xeeF\xc9\xdfsY\x1e\x84\xba\xb4\xb02\xa6Bt\xcc\
\xa8\xdc\xc7/JpT\x9bKK\x812Br\x14\xa8\
\xab\xa7(?\x95k\xf4\x80\x0f[\xae\xc2\xe32\xdb(\
B\x95\x98\x15\xa7B9\xc7#\xa6\xbaT\xd1\x0d\xbe\xc2\
\xed\xd6\xfbJ\xca\xe6@S\x95Z\x8d\xe7Om}\xe9\
\x1cgx\xda\xec\x92P\x09q\x1e\x12B\xb6\xe9\xca\x90\
\x04\xfa\x0b\xeb\x08Js?\x94\x04$\xeb\x9ct\xf5\x1c\
\xbc\xa8\x00\x16B\x9c\x80d$e\x91A\x0e\xc3\x80q\
\xf6T\xa5\x14B\xd3*\x1c\xb5\x1a\xff\x00}*2\xeb\
\x85\xc7I\xc1\x18F+\xda\xf5\xd6\x1c\xcd\xab\xd6\xcd\xfc\
M\xc3\xecZ\xdc\x12\xa7\x02\x14\x9c\xe11\x1a\x92 \x9e\
\xa0\xf2\xae[n>)mi\xaeUt8\xe3\x01\x05\
\xe6\x87zQ\xdc\xbfnN\x85@eZ'\xc8\xa7C\
\xd4\x03]s\xa6s\x83n\x83\x86\xdc1r\xc2\x8d\xc5\
\xb3\xa0\x84\x95\x88\x0e\xa3e\xa1C\x92\xb9\x11\xc8\xc1\x1c\
\xa84\x8e&\xcb]\xcb\x19\x9c\xefm\x0a\x91\xdc\xdc\x81\
*H&\x08>\x9c\xc7-\xc50\xae\xdc\xb4\xebm\xa9\
\x80AKW\x05IN\xc4(i\xcf\xc8{\xe9H\xa5\
v\xde\xc8\xca\x9fi\xf4>\xdd\xc2\x1a\x05\x0a\x05\x96\xc1\
H&B\x86\xbao\x11\xebYoU\xaeSqzt\
\xa72\xa2BN\xc1[\xc7\xf5\xad\xa3\x96\xf0eFD\
\x0d\x7f\xbd\xa9\xe8\xbb)\xb7\x12\x9d\x16\x9c\xedlR\x0e\
\xa3\xcc\x1e\xb4A\xbe\x01\xb8\x0eeu1\xfe\xf4\xff\x00\
\xd9\x03xH\xd7@v\x06\x90\x0c\xb2B\xb6\xa6A\x5c\
2\x09\xdf\xd2\x91\xc0/\x98'\xadQ#\xee\x00&c\
N\xb4\x12:\xe0hg~\xa2\x9c\x17\xf0\x11\xd9\x07]\
OZ`:~}4\x1et\x8d=\x85\x90B\x7f*\
C\xfd.\xd89\x94\xa7\x5c\xbe\x9c\xeaN\xaf\x98B\x89\
JIV\x83\x95\x22\xedx\xc2N`#S\x1b\xd0#\
\xb0\x93\xaf\xec+6\xb0\x92\xaeR)\x99%Z\xe8i\
\x11$\xeb\xfd\xebA\xe8\xd1?\xd3Z\x03IB\x9dT\
\x01\xe5\xe9I){\x1c)&\x16\xe2\x82F\xf1\x12O\
\xb7/Z\xa9\x0cic;\xa8\xb7\xb5K\x97//D\
\xb4\xdbeKQ\x1b\xc2D\x93\xedW\xa0\xbcp\xef`\
\xbca\x8f\x84\xb8\xab&\xb0\x96U\xff\x00W\x10\x5c*\
<\x90\x99W\xd6(\xe0:_\x0e\xfd\x98p{5\xa1\
\xdck\x12\xb8\xc5\x14\x0c\xa9\x96\x07\xc3\xb6\xaf#\x04\xaa\
#\xfc\xc2b\x8d\x87R\xe1\xfe\x14\xc1\xb8R\xd4[\xe0\
\xd8U\xae\x1c\xd8N_\xf9v\x82\x0a\x87\x9a\xb7>\xf3\
A\xed-\xaf3A3zz\x22T)\x86\xc1=4\
\xa4\x09y\xd40\x82\xb7\x16\x96\xd07R\xcc\x01\xf5\xa0\
Uu\xae&\xc1pGUn\xf6/`\xc5\xaa\xa5l\
\x97.\x9b\x19z\xa4k\xe7\x22\xb5\xca\x5c\xa7\xb39\xc5\
\xd0\x94\xf1\x8e\x08\xf0p\xb7\x89\xb0\xe7v\x01^BT\
\x04\xed0*$\xbf\x85\x10\xd7\x12\xe17\x08S\xa8\xbc\
Io9nP\x85\xfc\xdd6\xfc\xea\xfdr\xfc'p\
\xbb\x9b\xf6\x9deHi\xd5\xf8\xc4\x02\x84\x85\x10y\x18\
Tm\xbd='|*w8\xa5\xc5\x96$\xea\x96\xe0\
\xb6f\xed\x91\xde\xb9p\xd9qHy\x12\x89\x84\x88\x13\
\xe1\xdc\xf3\x15\xaf\x11\x05\xb2\xd5\xc5\xc8J\xfe \xbc\xad\
\xb5m\x09X\x8d5\xdf.\xdbE4\xa1[\xc2\xcd\xff\
\x00hw\xb7\xef\x15\x94a\x98SXhJd\x80\xb7\
\x9c\xf8\x85)9\xb7!-\xb4\x0f\xadeg->\x94\
N\xd9\x9bm\xbcs\x0d\xb6\xc3\x92\xca/o\x1a\xbf\xc3\
\x90\xc4(\xba\xa5\xbc\xd8[`\x1e@\xa5\x0eHW\x87\
B$S\xbfG\x1f$\xbe\xd3\xf8\x93\x98\x8fl\xd8\xca\
\x1e!\x0a\xc3R\x9b\x12\x0e\xaaZ\x9b\x90d\x8d\x09\x95\
\x1dv\xd2\xb0\xca\xef\xb6\xf2i\xc9\xb3\xa9\x04\xa5#\xe6\
\x10O^G\xeb\x06\xa0\xd6^\x1aYf\xed.\x81\x99\
\xa6l\x7f\x17\xf3)*9\x7f0~\x94*\x1d\xe2\x10\
\x9f\xe2m\xa1\x19\x94\x8br\x96\xb53\x9dA2\xa3\xee\
I\xfaR\x08~\x17B\xaeq\x86\xb2\xea\x5cq(I\
\x1c\xcc\x93\x03\xd8Uh\x8ebn\x17T\x16t\x80\xe1\
?Q\x1f\xad\x22\xa8\xdb\xd4\x84\xa2\xdd\x84\xee\x94\x05+\
\x97\x88\xef\xfa\xd1\xd9\xa6T\xd2\x9dC\xaf\xa7\xfe\xbb\xa5\
\x09\x81\x00\x96\xd11\xeb\x02\x98Y8b\xec\xb7g\x88\
\xe4\x92\x0b\x8c\xa5\xbc\xa7|\xcd\xe9\xf4T\x81@O)\
\x22\xe3\x04i0\x5c\x0d\xdd#\x22\xc74\x92g^c\
M|\xe8\xfb5X-\xa4\xe2\x0b\xee\x82JZub\
\x10dBTV\x0f\xa4\x92(#\xd8RM\xc5\xd0h\
:\x19u\xd6\x97p\x89N\xaaX@\xf0O\xa0&}\
j2\xe24\xc3\x95\x8f\xb0\xf4\x8cW\x8e\xb0\x9b|\x8a\
q\xd61G.\x0aPJ~\xee@\x04\x01\xa8\xd6D\
\xce\xa2\x0ds\xf9\xb7\xe9]?\x1b\xfed\xff\x00oT\
\xb9\xc2\xd7ao .\x14\xd5\xc2\xbcK>2H\x07\
)1\x030;\xc1\x98\x9d\x0dx\xf7\x87\xbf9\xa2X\
\xb6\xeeXO\x80\xa19\x8af\x01\xc8\xbe`\xc6\xe7\x99\
\xd2\xb2\xca\xb5\x8b\x7f\x0c\xb0\xb7T\x0bc\xbbw\x5c\xb9\
\xc8\xd6t&9\x8d9\xc5\x10_\xed\xd1,\xedR\xa4\
2\x1bl7\xf1\x07!\x131\x1f1\x1f\xd3\xce\x95\xbe\
\xb0I\xba\xb7\xe6\xf8K`\x96\xe3*F\x83j\xe4\xcb\
\x87f\x13j\xe6!o{\xc4\x8f.\xdb\x0f\xb3~\xf9\
\xf4\x09RX\xd6\x07\x9e\xc0}k\x96\xe3s\xe9\xe8\xe3\
\x96>)\xbc\xae\x83\xf0\xaf\xd9\xe7\x8b.qG]\xc6\
q\xd60\x9c\x11\xd1\x98a\xed\xa7\xe2n\xd2\xaeJJ\
\xa4!\x1e`\xe6\xf6\xa5\x87\xc5\xcb\xfe\xab\xa8\xbf/\xf9\
<$\xd7\x8f\x0d\xdf\xcfQ\xd8\xb8k\xb2\x9e\x17\xe1\xd2\
\x0b8p\xbe\x7fBn1\x15w\xea\x9e\xa0\x1f\x0a}\
\x00\xae\xdc<8c\xd4y\x1eO\x95\xe6\xf2\xff\x00,\
\xbf\xed\xc2\xf4\xc3\x9d\xc3A\xb6\xc8i\xb1\xb2\x102\xa4\
{\x0d+\xa2n82\xc2[\xba\xd2\xdd32i\x9c\
\x90\xd9}'uMI\xff\x00\xa2\x0b\xc9R\xb4T\x0a\
\x5c.J6\xda\xdc(\x03\x05F\xaf\x19\xb6\x19\xe7g\
\x03\x98\xb5q\x0a\x052+i\x8d\xfar\xe5\xe4\xc6\xcd\
T\xed\x9a\xce@\x15\xa1\xafO\xc7n\xb5^W\x92M\
\xf0\x22gz\xd9\x8f\xfa$\x88\xa5\xa5m\xb5!\x0f6\
\xa6\xdcH[j\x05*J\x84\x82\x0e\xe2\xaa&\xbcg\
\xd9Gbx\x87\x0f\xf6\xf1\xc7\x18\x86)h\xebvx\
C\x83\x0d\xc1\x0b\xe2;\xcbw!\xd5<\x88\xe4RP\
\xdf\xaaT*~'\xc7\xb8yr\xcb\xeb\xe9\xdd\xf2~\
L\xf2\xf8\xf1\x93\xbf\xb7\xa1\x9c\xc2\x94\x1b)-\x05$\
\x8a\xfa<u\xa7\x8bk\x91v\xad\xd8\xe5\x87\x16Z\xa9\
j`5r\x99S7(O\x89\xb5t=Rv#\
\xe9\xa8\x15\xb6\xa5\xe2\xa7zxk\xed\x0d\xd8m\xfe\x09\
\xc3\xb8\xbd\xf2,\x1a\x0d\xb4P\x1c\x0a\x5cf\x052\xa2\
\x94\x9d\x0e\xfb\x83\xb7 f\xb8<\xbe9%\xae\x8cn\
\xde%S\xab(\x00\x9d\xc00\x0c\x0fa\xfb\xd7\x9f\xd2\
\xe8\xb1\x86\x5c\xdf\xe1w.0\x82\xefv\x00\x94\xfe\x1e\
\xa7\xf4\xaa\x93a\x96N\xad\xab\xe5\xd9\xbc\x85!EH\
NE\x08:\xe5\x83\xf5\xaa\x88\x12\xa7^an\xb6\x97\
\x0a\x1a\x5c\xca\x0e\xa9\x9d\x8e\x87O\x7f*tCw\x08\
\xef\xac[p\x004R\x0ci1\xa0\xfe\xfc\xa9h\xc0\
\xd9\x11\xdf\xad\xb3\xf2(e\xfe\x87\xda\x907p\xd2\xda\
B\x9cL\x85\xb4L\x11\xc8\xf2\x22\x8d\x0d\x80\xf0\xdd\xa8\
\xa99Qp\x7f\x0e\xc9t\x9ec\x90>[\x1eT\x81\
\xcbG]\xb2\xb9Q\x12\xdb\xedB\xa1CT\xa8j\x0c\
\x1fJ\x9b\xd1\xaf\xd8z\x9d\xb8\xed\x03\xf8\xc2\x1d]\x80\
~\xc5\xccL\xbc\xe1.(\xa4\xa3*\x94\x93 \x9c\xca\
\x91\xe44\xd8W\x17\x97\xf6\xe1\xc7\xe5\xae=\x85\xc6p\
W\xf0\xb7\xefP\xa0\x95\x06\xae\x9co3*\x0e!.\
\xa4\xf8\x92\x147\xea\x0f0k\xaf\x0b\xed\x8c\xb1\x16\x00\
\xb6Z\x14\x95\xb0\xe9)\xb6z\x1d\x04jP\xb1\xf8\x80\
\xf4$\x1f/j\xd3A%\x86-\xabE9k~\x8c\
\xd6\xee\xa1AE*\xf9LJ\x16\x83\xb6\xa3\x9f0b\
\xa7|\xab\xb4~/\x85\xa3\xf8\x9b\xa8i\xc4\xba\x95\x80\
\xac\xc8\xdb^yw\xe9\xb4\x8dh\xa4\xe8\x1d\x89\xdf\xbd\
kq\x88Z\x93\x98\xa9\x02R\xa2b\x12\xa9\xd0zV\
9M]\xb5\x9c\xe3\xa7U\xba`(\x17\x19\x92\xd4\xe9\
\xcb/\xfbV\xb8\xd7.P)\x92\x08\xad\x19\xf4L\xf3\
\xd2i\x0d\x98s]\x8d\x14\x02p\xe5\x1b\xcf\xf5\xa6,\
\xd0u\x9d(\x01\x5c\x19\xa6\x0d\x02r\x05\xfd\xb5\xdcy\
\xd1\xd1^\x11\xef\x93\x98\xe9:\xed@\xee\xed\x1dp}\
\xa0\xd5AB9\xac\xd1\xfe\xc825T\x90(4\xee\
\x16b\x04\x0d(\xa1v\xc1O\x85=\x22&\xa4qW\
\xcc\x18\xe8\x07-*,\x0b\xc6\x14A\x09\xe4'z5\
\xa2u\xf2\xa9;\x9fQ\xbdKbTA\xf2\xa4m(\
\xe9\xb50J\x8cF\xb4\x0d\x92\x84\x15\x9f\xf2\xc7:\x09\
%l\xd2\x19\x09* y\x9a u\xfe\xcc\xfb\x14\xbd\
\xe2\xe2\x8b\xecU.\xe1\xd8)\x01IP0\xf5\xcc\xea\
\x0a:&?\x11\xf6\xebV\x1d\xf7\x86\xf8\x0f\x87\xb8?\
)\xc2p\xa6-^(\x0d\x97\x82s:\xa1\xe6\xb3\xa9\
\xf3\xd6\x81\xb5\x81J\x09\x12g\xdb\x9d AP\xeaL\
}\x050o\xe2\x8a\x94R\xdc,\x8d\xe0\x18\x1e\xf4\xf4\
\x0d\x5c9|\xa6\xc7p\x86\x1b^\xb2^$\xfeC\xfa\
\xd3\xd4 \xd7\xd6X\x8d\xd0Gs\x8a\xfc\x14\x10U\xdc\
\xdb\xa5D\x8e\x9e9\xfd)\xcd~\x01_\xc2\x8a\x9e[\
\x8b\xbe\xbe^q\x19{\xec\xa9\x1e`$\x08\xa0\x83?\
\xc3v\x17#-\xc3+\xb8\x8dG|\xfb\x8a\xff\x00\xec\
\xaa\x88KxE\x9blw\x1f\x0a\xd1g~\xedH\x0a\
O\xd0\xcd\x16\x97F/0\x1bE[\x94\xdbZZ\xdb\
\xba\x92\x16\xd2\xd2\xcaFG\x07\xcav\xf6\xf45X\xe5\
\xab\xc9e78\x15\x86_\x7f\x10\xb5\x0e\x1c\xcd\xba\x92\
P\xebD\xea\x85\x8d\xc7\xf7\xc8\x8aY\xe3\xebt%\xdc\
.\xe1\x05S\xe2\xdfI?\xa5\x18\x95G<\x8c\xc5E\
I\xcd\x94F\xa0(\x82z\x83\xbf\xadj\xcdQ\xc7-\
\xc2\xdc\xbc,\x94\x80\x10\xdaYmEI\x0ap\x11\x9c\
i\xb6\x84}*\x92=\x0bb\xe5a\xac\xe3:\x80\xcb\
\x9d\xc2s\xa3`d\x0dz\x1f1T_h\x0c%\xc6\
/p\xfcq\xdbu\xba\x94\xff\x00\x11\xb8RJJ\x89\
9\x02R\x8d\xe6D\x22k\x1dV\x8eE\xda\x83\xaaw\
\xb5|\x1f\x16U\xff\x00wea\x86\x5c\xf7N:\xdb\
}\xdbn-\xa4\xb2\x97H\x10\xa5\x02\xa7\x14\x94\xc7\x9f\
\xadE\xdf\x1bk4\xf8\xeb\xc6x\xab\xb8\xe7\x17c7\
\xce\xba\x1du\xdb\xb7\x94\xe2\xd3\xf8\xcfxu\x1dG\xed\
Y^kD+,\xb8\xed\xd3h@\x05F\x04\x93\x02\
y\xfa\x01\xadI\xac\x98*\xd0\xbcD\xb1\x9d -\xc1\
l\x9d\x0c\x80`\x12G\xaeQIPG\x10%,b\
\xd7\xcef\xc9n\x97\x1c\x19\xce\xbe 2\x8fMMT\
\xe0\xa8\x1e\x16h\xd9\x9b&\x14\x02n;\xc5\x5c\xacF\
l\x89O\x84\x03\x1e\xb3\x14\x10\x5cN\xdb\xbeC!\x00\
\x14\xbc\xe2\x91\xd3L\xd9\x94GM\x00\xfa\xd1\xfe\xc0\x0b\
\xf5|N(y\x02\xb0\x13\xa4s\x13\xf9\x0apm6\
\x96\x94\xdbX`\x04\xad%\xe7VQ\xfee'\xfa\x18\
\xa5\xa0;\x87\xd5\x92\xdf\x12\x92AJ\x12\xb4\xaeu\x05\
\x07p\x0d\x06\xb6\xdf\xdd\x8bL\x17\xbdm\xb0\x94!\xc6\
]\x1axR\xd2\x96\xa2S\xa6\xe4\x13\x04y\xd3\xda\x90\
\x96\xd6\x0c\xdb\xdf^0\xb5xZg\xbc[\xc7\xf1\x94\
\x89\x1e\xd2g\xd6\x05-\xa5\x9c<\xc8\xc4\xb8\xb3\x00\xb2\
l \x5cdK\xc9Z\xd3\x99\xb5\x13\x98\xc1\x03}2\
\x80y\x13\xae\x959\xf4\xd3\x09\xbb\xa5\xa7\xec\xd8\xc3\x97\
\xbd\xa5\xa1 \x14\xbdnWps\xa8\x03\x9b8I\xf1\
D(\x82 \xf2\x8a\xe6\xf3\xdda\xfe\xdd?\x1a\x7f\xc4\
\x95\xed\x8b\x8b\x0b\xab\x9b\x9b\xf5<\x80\xcf\x89\x09+A\
\xce\x94\xca`n4\x1aH\x9ecz\xf1\xf2\xfc\xbe\x83\
\x10\xcc`.2\xfa\xdc\xcb+#\xc4\xbc\xd3\x98\x8f\xc4\
\x0f\xa7N\xb1\xca\xb9\xef|\xb6\xe3\xe9b\xc10\xd5\xb8\
\xf7\xde',\xc0\xf0\x0f\xcc\x7fJs\xfb\x17\xfa]-\
\xc2S\x8ae(J;\x86\x00V]\xb3+S\xf9\x01\
Y\xe7y\xd2\xfcrz\xecZ\xae\x0e)v\xc5\x88Y\
AqZ\xb8\x06\xa9H\xdc\xfa\xd6\x19s\xc3\xb3\x1f\xdb\
=\x9dC\x03n\xdb\x09\xb0n\xde\xd9\xa44\x9dTB\
wQ\xe4I\xe6kId\xe29\xae\xf2\xbb\xa9d^\
\xc2\xca\xa7\xd6M^\xd9\xe8G\xc7\xa3i\x13\xebOe\
\xe8\xd1\xc6\x1bl\xe5S\x89\x9e\x93U\xb2\xf4\xb7\x92\x1c\
\xc4..?\xf8{w\xae\x15\xfeF\xc9\xa3\x9b\xd4/\
\xdb\x8f\xf2\xa1\x9d\xb7\xc7\x1d\x10\x8b.\xe0\x13\xbd\xc3\x89\
G\xf55\x19L\xd5\x8e~/\xab\xbf\xf4\x92\xc0\xf0\xf2\
\x83\x9a\xf1\xf0\xf3\xbc\xd2\xd4\xe4O\xb9\xdf\xd6\xa7\x19>\
\xd3\xe5\xcb)?l\xd2\xef\x87\xb3nR\x00Lt\xd6\
\xbdO\x0e8\xd7\x83\xe6\xcb=\xf2?\xe1\xd26\xae\xbf\
\xd3\x8e_z\xcc\xbd\xde\xa3\xde\xabZ\x1b\xd9\xd0\xa0|\
\xabM\xb3\xd1`U!\xad\xa80X\x86\x1e\x8b\x85\xa5\
\xf0\x94\xf7\xa0e*<\xd3]\x1e\x1c\xfdr\xd5FS\
p2\xac\xd2\xb1\xb5z\x1e\xf69\xf4\x8c\xbf\xc0\xdb}\
&R5\xae\x8c<\xbf\x94X\xe2\x1d\xb9\xf6Z\xcf\x10\
v}\xc4\x96\x8e\xb4\xa7\x9bu#\xc0\x94\xe6T\x9c\x80\
\x14\xf9\xcc}k\x5c\xec\xcb\x1b'\xd9cl\xb1\xf0\xef\
\x11\xc2\xdd\xc3\x1fr\xcd\xf4\x94\x5c[\xa9l8\x95\x0d\
R\xb4(\xa5@\xfb\x83^\x1e\xb9v\xad\x5c\x15v\xed\
\xb3\xef\x86\x86\x5c\xe8\x01@~!\xa8\xfd\x0d^%\xa4\
\xa5\xd1\xc1\xaf\x19\x0c]\xa1,dIM\xbb\xa8\xff\x00\
\x16\xd9i2?\xd6\xd9;\xa7q\xb8\xe9ZK/h\
\xb2\xfd(\xef!\xeb%\xe4\x7f+\x876`\xe2\x0c\xa5\
z\xeb\xfa\xfeu=\x01M\xad,\xdd\xf7$\xcb\x0e\x11\
\xb71\xd7\xd6u\xa4\x00^\xdb*\xd6\xe0\x13\xa8\xcd\xaa\
\x80\x9d\x0e\xc4u\x14Y\xa0z\xed\xb0X\x82\x99\xce%\
^q\xb5:\x15\x9b\x86{\xb2\xa1\xb8\xd4\x0e\x84V`\
U\x9d\xea\xb2\x86\x9f@\xb9g)JR\xb2B\x93\xfe\
\x95\x0dG\xe6<\xa9\x1a\xc5\x809jq\x1b\x15\xa1\xe7\
\x1b[.!Y\x1d\x00\x83\x95@\x8f\x17\xca \x81\xb8\
\xd4V>I\xfblm\x82\xcf\x8d\xba\xfb\x1cq\x8f=\
\xf0k]\x95\xfb\xc6\xe9m\x06\xbb\xb4/?\x8b2[\
\x07\xc2A$\xa4\xe9\xa1\xe8j~<\xd7\x8aJ\x9c\xbf\
\x95Ab\x16g\x0cPZe\xcb|\xe5\xd6\x97\x11(\
?2OE\x0e`\xd7JO\xdb-\x0f\xb4\x94\xa9\xcc\
\x81\xb8S.\x91!\x1a\xec\x7f\xcaI\x1e\x9fZ\x9b\xcf\
jk\x1e@r\xf4\xb3x\x840\xb4\xa1\x0f\xb6\xf2\x04\
\xe4$B\x84\x8f\x99\x1a$\xe9\xb6\xfdi\x92_\xb3k\
\xeb\xbc\x1f\x8b\x12\x82\xe9mN6F\xaa\xcc\x0a\x8f\xca\
A\xe64\x06k,\x97\x8e\xdd\xe17\xcf^Z\xa1\xe4\
99P\x0b\xad\xa4\x08\x1dU\x03q\xfaQ+<\xbb\
\x0a\xb4\x07\x12V\xdc@\xd4\xa7\xa7\xa7\x95i\x19\x981\
&\x00\xaa\x9d\x22\x99}D\xf3\xd0\x8e\x5c\xe8\x14\x13\xa4\
k;\xed4\xc6\xf4\x1dp$l\x06\xb4\x1d\x08\xf6\xa7\
Mh\xa3\xef\x80N\xabS?Z6\x9dm\x1e\xfe\xea\
\x83#\x91\xa0\x91\xce\xe8\x09\x99\xe5T\x029\xae\xd4t\
?\xd0Y=\xe7J|h&\xf0\xb3*\x07\x98\x8fz\
\x93\xfe\xd7|\x1b`9\x9e\xb4\x95\xa5\xf3\x06RJR\
\x0e\x91\xad$\xaf8V\xe9\x82|\xa9\x07]'\xf2\xa8\
j\xd13\xa6\xd4\x06\x19'H\xa4\x0d\xa9i@\xd4\x80\
#\x95\x07\xfd\x12/\x02c\x94\xf5\xa0\x9d\xfb\xb1.\xc4\
\x17\x8b\xb5i\xc4\xbcJ\xd1E\x92\x87yi\x85<\x81\
\xf7\xc9 eq\xd9\xd9<\xc2#]\x09\xe9W!=\
\x18\x87\x06\x80\x01\x03@\x06\xc2\xb4\xd1l\xb5\x12\xa4\x93\
9`\xf2\xde\x91\x98C\x9d\xe5\xc2\xb2\x8c\xc1\x00\x0c\xc7\
]}}?Z4\x04d\x07\xe7\xf1z\xedH\xdb\x88\
\xd3\xa7*\x09\x91\xad0\xca\x03F\x84\x90\xad5\xe9U\
\x01$\x11\x14\xc3&A\x07\x9d\x01\x0d\x88\x5c\x7f\x04\xc4\
\x11|\xad,\xee\x0aZ\xbaP\xfc\x0a\xd9\x0e\x1f/\xc2\
}\x8f*\xd6O|}~\xe7_\xfc2\xbf\xb6\xed2\
\xa0T\x08\xac\xa2\xea2\xfd%\xb6T\xb4&]&\x12\
:\x93\xb0\xf4\xfd+Y\xcb*\x88\xbdd=on\x13\
*R\x1e\xef\x88\xff\x00H?\xef\xebZ%\x1bz\xa5\
&\xd8\xb2\xc7\x8a\xe5\xff\x00\x05\xb2\x14r\x85\xa9~\x12\
'\xa8\x1e/(\xa3+\xc6\xcaM\xd4F\x08\xdb8\xae\
\x05e\xf0o\xad\xdc-\xf5\x90\xbb\xb5\xa8\x15=\xf7\xaa\
\x04\x7f\xf4:\xabm\xc7)\xa8\x9c\xc6\x9d8\xc7kN\
ZYa\x9cg\x8b\xbc\xb0\xe3\xb8_\x0d\x16\xdb\x0b\x82\
\x10\xf0S\xae\xb7\x03`\x0c$\x7f\xdazT\xdb\xdc\xad\
#\xe3>`\xe6H\x92r\x89Q\xdfnu\xcd\xaf\xb6\
\xa5\xb1r\x84w\x8bpdH\xd1p7\x1a\x98\xf4\x91\
\xfb\xd2\x03\xb8z\xe1\x0c\xdf\xd9\xad\xcdV\xdb\xa2\xe1\xc0\
\x93\xb1\x10\xa5~\xa0P\xa8\x9d\xe2B\xd5\xbb\xcf\xac\x94\
\xe57*Z\x80\xd6R\x85lN\xc2W\xa7\x98\x14\x0a\
\x03\x02.\x05[\xf7\x90_n\xd5m\xa8\x01\xf2\xadJ\
R\x89?](#\x97m\xc6\x1djJ\x0eAn\xad\
\xb4$\x93\xaf\xbe\xdaS\xa1\x0fl\x02\xeem\xd4\xb8X\
\x0a+\xc8\x0c\x93;\xfe\xd4\xf6I\x9b\x89K\xcc4\x0c\
\xf7OD\xff\x00\xfc\xb0u\xa0\xc4a\x8d\xa9\xabK\xe0\
\x14I(iP \xc8\xce\xb2\xa2}\xa8\xfb\x111\x89\
7\xddY\xbf\x87\x1d\x17wo\x9d\xb6y\xa5i\x85$\
\xf9L\x03\x1ez\xd2P^\xf8\xdda\xf7\x8bNg{\
\xd7r\x12\xad\x96\xda\x9c\x19\x12<\xb4Z\x87\xb7Z4\
pw\x03\xda\x0b\xde\xd1\xcd\x9a\x12\xa4!\x16k\x0d\x96\
\xd5\xe2\x96\xda*\xe9\xaf\xcb\xb0\x1a\xcdg\xe4\xbf\xb7\x86\
\xbe.rto\xb2\x15\xa3\xb8\xd7h8\x95\xc0QS\
\x09\xb1q\xf7\x9bJ\x00\x90\xa7\x16\x01\x1d\x000Lt\
\x15\xcf\xf2?\x83\xa7\xe1\xcd\xe7^\xf2\xfe\x1d\xff\x006\
\xe2\xcbyIm\x1a\x01\xa2\x84\x1d\x7fJ\xf1\xed{\xb2\
\x1f\xb4\xe1 \xfd\xd2\xfb\x84%\x04\x90\xb1\x0a\x01\xb3\xa6\
\xb3:\x0d5\x9d6\xa9\xf5\x12\xb8\xb5\xcf\xda\xc3\xb3\x0c\
\x1f\x1eV\x1e\xdd\xc6/\x89\x96\xd4[\x176\x18nf\
\x5cT\xc7\xdd\xe6X+\x13\xb1\x88<\xaa,\xd75\xf4\
~/\xf0\x9f7\xc98\xc6K\xf8\xb5\xd5\xed\xb1\x84\xde\
.\xe2\xec!l\xa2\xec\x87\x1bm\xd4\xe5ZR@\x84\
\xa9<\x949\x8eGJ\xe3\xcf9\xbb\x5c8x\xbdx\
\xfc\x19\xb3\xe2\x06\xec\xf1\xfbb\xe2\xcc\xab2\x07\xa9\xda\
\xb1\xf6\xe5\xd5|{\xc7\x87G\xc38\x89ND\xc9\x09\
\x11\x1e~U\xa4\xbc9n+e\x9e\x1f\x88\xdc%\x0b\
p&\xd1\xa5\x09\xfb\xe3\xe2\x1f\xf6\x8dkNX\xdb\x8c\
\xe93i\x83\xda\xb6\xa4\x97\xdfr\xe5C\x5c\xa3\xc0\x9f\
\xa0\xd4\xd5\xc9\x19e\x96W\x89\xc2~\xc0Z\xda\xc8f\
\xdd\x96\xf9\xc8@\x9f\xa9\xd6\xb7\xc7/\xc3\x8f<.]\
\xday\xfb\xf7\x14\x82\x12\xa9\x1d\x0e\xc2\x9d\xca\xa3\x1f\x1e\
2\xa1\xaf\xee\x1c\x03\xc4`s\x83Xe+\xb3\x0b>\
\x8c\xd9b-\xb6$\x90u\x8a\x89\xc3l\xa7\xb2\xdd\x83\
\xdf6\xe8\x1e!]\xfe\x0f$\xaf\x17\xe4\xf8\xacXP\
|\x03_z\xf5q\xbc<{\xd9e2*\xb4[h\
\x0a\x0c\xb0u\x15S\x84R\xaa\xb8K9P\x038\xdc\
,\x8a\xed\xc3-\xcd\xb1\xcaj\x92Z\x0a\x06\xafzF\
\x91\x98\x86\x18\x1fj\xf5! \xadmfFa#2\
A\x8d=@\xad\xb1\xf2kH\xd7\xe1\xf0s\xedO\xd9\
\xcb\xbd\x9av\xed\xc5\xd8*\xa4\xb5\xf1)\xc4\x99R\x81\
\x95\xb5p\x9e\xf5*=L\xadZ\x8d<5\x87\x97\x1f\
\x5c\xae\x9d\x12\xee\x1e\xfb1\xf0\xeb\x1cg\xda\x86\x1b\xc3\
\xd7\x08.\xab\x13*\xb3\x85$\xe5Br\x15!d\xec\
\x9f\x14\x0fz^).Z\xa2\xf4\xb5\xf6\xa9\xd8V)\
\xc27\xf7\xd6\xf7\x16\xc5\xd6\xec\xdf#:>`'C\
\xee\x08\xfa\xd6\xfeO\x0d\xc6\xf1\xd2q\xcaW\x0a\xc78\
F\xf3\x0d}\xc5\xa3\xc6\xd6\xabI\x07\xe6\x8f.\xa2\xb0\
\xb8\xaa\xa1p\xd7\x8a\xdcj\xdd\xdd\x08_\x80\xce\xa2w\
\x1fSRZJ\xfd\xdd\xd5\xa1\xb7\xbb%\xa5 \x94\x87\
S\xaeB9\x11\xcd;\xfa\x1aa\xae\xe1\xef\x82Wz\
\x06d\xa6P\xa4+2\x149\x10\xa1\xe5\xe8i\xfd\x0d\
\xa0q+l\xc9Q@\x94\xabo#\xfd\xe9Qa\xa3\
mf`\xe9\x0a\xdb\xf2\xa9\xa1g\xe0\xd0\x5c\xe2\x06\xad\
\xc6B\x9b\x96\x97n\xb0\xe7\xc8\xa4\xa9\x07Eyh\x0f\
\xb5a\xe4\xba\xc7mq\xedq\xc7\xb0\xb4\xbb\xc1\x987\
\x13\xa6\xf1w\x18\x81\xbb~\xc6\xe4\xa0\x13\x0d\xca\x12\xcb\
\x99\xe3\xc4\x09\x05>^\x11\x5c\xde\x1f'\xaf\x96\xf8\xbe\
\xbb\x9f\xfb\xaf\xc9\x8f\x13 \x16\xd8\xb5\xd3H\x05J\xef\
\xd8Za\xc6\xd6sz\x91;(u\xf5\xafF\xb03\
mj3\x9bv\xd8E\xdb\x0aI\x8e\xecwo\x04\x9d\
\x89\x03C\x07\xc3 F\xdbRT\x18\xe3vW\x96\x01\
\x85:\xa7\xbe\x10\x17\x10V\x00q\x0d(\xc2\xe0\x89\x0a\
L\xeaQ\xa1\x1b\xd2\x01\xb0u\x0c\x0b\x12j\xd2\xe9N\
$\x94g\xb5\xb8 \x14%'P\xa4\x91\xf3%CI\
\x1b\x19\xf4\xa8\xcb\x95\xe3\xf8v\xfc1\xe5\xb2\x94\x90\xac\
\x8e$%C!\x98\x9es\xb1\x14\xb1\x8c\xf2\xed\x22\x02\
n\x97,\xe5f\xe4\x7f\xd3\xd9+?\xe5\xe4\x0f\xf9~\
\x95}3\x0e\xea\x01Z\x8aAB\xc6\x8bl\x8dA\xf2\
\x14\xf7\xf9\x00\x9e\x99\xa7\x13A\xba<\x5c\xa9\xa4+\x8a\
\xe9\xb5*a\x1dV\xe6\x053\xfa\x06\xf2\xa3I\xd3\x94\
\xd2\x08\xe7\xf5N\xfa\xf9\xd3H\x07\xc8\x95\x0f\xd2\xa8\x04\
p\xc8\x1a\xc5\x04\x17e\xf4\xa0\xd38Y\x22'Y\xfc\
\xe9Jk\xbe\x10\xa8\xcb'nB\x96\x82\xf9\x82\xa8\x10\
4\x98\xdf\xca\x91/8B\xbeS\xb4\x094\xa8\x8e\xc2\
[X>c\x95f\xdd\xae\xe5Gd\xc8\xe7L\x12\xa4\
-\x04H;hf\x82G\xdd\xa9i\x00i$\xf3\xe9\
\xce\x91;?\xd9\xdb\xb1[\x9e'\xbd\xb3\xe2\xdcy\xb2\
\xd6\x0a\xc2\xc3\xb66\xca\xde\xf1cg\x08\xff\x00\xe5\x83\
\xb4\xfc\xc4t\xde\xa4\x0fT\xbe\xe4\xe6\x93:\xe8\x91Z\
\xc8\x9aKN\x12\x01\xd0\x0e\xbc\x87\xa5V\x88\xebC;\
\x1b@V\xba\xfa\xf3\xa9\xea\x9c\xe9\x96\x88J\x19\x94\x88\
\xceJ\xcf\x99&\x8b\xd9\xc3\xf3H2\x80\xca\x03S@\
h\x9ar&\x92u\xa6\x08\x9d\xc7J\xa0\xcc\xd0E\x1a\
#WV\xed\xde\xdb\xb8\xcb\xa8K\x8d\xb8\x92\x85!C\
E\x03\xa1\x06\x9c\xbe\xb7q6m\x09\x80\xe2+\xc3\xef\
\x9e\xc0o\x1c*y\x86\xfb\xdbWW\xbb\xd6\xf3\x02O\
5 \xe8z\x88<\xebL\xf1\xdf\xef\x9d_\xfdK\x1b\
\xc6\xaaM\xf0]J\x14A\x19|@{T\xce\x13y\
\x00\xfb\x0bM\xcaT\xd1HR\x12A\xcd0t\x02\x0f\
\x96\xa4\xd5\xce\x91b\xa9x\x13x\xf5\xd3E\xc5\x03b\
\xd2\xdfm#\xc3\xdd\x05\x02\x02\x87RU \x13\xc8\x13\
\x14\xefe\x0ea6\x83\x08\xc0\xb0\xab&\x80i\xb4[\
!\xb4!?*H@\x04\x01\xcby\xfa\xd1M\xe2\x0f\
\xb5\xb7\x17\x7f\x04\xe0\xae\xde\xdbM\xccZ\xdcc\x18>\
\x0e\xcd\xba\x10B\xdeP\xb3G{\x95@\xf8R\x14\xe6\
b\x07)\xebYe\xbek\xa3\x1e\xa3\xe6\x8b\xa7(Y\
\x98\x1f(1\xb9\x06\xb0i\x0c\x90\x5c\x91\xbe`NQ\
\xcf\x95!\x19d\xb2\xbb\x96\xc2\x08R\x9cQIV\xc9\
9\x94\x01>\x80~\x94\x95\x17\x0e(u\xab\xdb\xb7\x90\
\xc2%\xac\xc8I#\xf1\xc8\x01*?\x9f\xd4\xd3\x80\xce\
\x08\x85\x1b;\x97R\x9c\xcbS\x89d(\x1dt+I\
\xa3\xec\x9b\xe2G\x8d\x86\x1e\xdeA\xde\x85\xbc\xb42\x92\
D\x13)H$z\xc9\xf6\xa7\x00L=\x84-\xfbf\
\xe0)\xa6\x80g<k\x99G\xef\x0f\xe4\x22\x91\x1f\xbe\
w\xbdN \xeaV\x14\xa3r\xefv\xb04(\x00\x80\
\x7fj\xa0\x99b\xdc\xdb\xa6\xf39\x01p\x9bt\xa0\xa6\
%Ih\x95\x03\xd3U{\x9aG\x0b\xbd\x0a\xf8L-\
\xf1\x99\x17l\xb7\x952`\xa1c@|\xe6A\x8e\x94\
iT\xda\x90\x19Ch\xb6\x05,\xa9hq\xb4\x11\x03\
+`\xe6\x1e~\x22Dt\x22(2\xf8;\x15\xb2\xb4\
\xe2\xa7\x15t!K\xb0~\xe2\xdd\xe4\xea\x80\xe1\x19\x92\
\x15\x1a\x94d\x0a\x07\x9e\xb1Y\xe77\x17\xe3\xcbU\xe8\
o\xf8\x7f\xe0I\xbe\xe2\xce)m\xe3\xdc\xad\x18}\xbb\
-\xa22\xa5an\x93\x22u\xd0\x94\xe9\xfe}k\x8f\
\xe4^$w\xfcI\xab\x95{\xde\xda\xc1\xa7\xd9F\xa9\
R{\x86\xa0\x9f$\xc6\xfe\xb5\xe5\xddm\xecKk\x95\
}\xa9\xb8\xb1\xee\xcd\xbb\x0e\xc7/\xec\x10{\xdcN\xed\
\x8c\x15O\xb4t\xb7\x0e\x85\x05\xa8\xab\xf0\x92\x12P\x0f\
UE<p\xdfOS\xfcn^<>^\x19\xf9z\
\x9c\xcf\xf7\xf5\xff\x00\xe5\xe0n\xcd\xf0&o\xf8\xb2\xc8\
\xae\x1c\x0a\xb8L\x025\x10\xa0v\xf5\xae\x7f\x93}q\
\xd4}\xf7\x93\xe5\xe5\xe3\xf8\xb9\xf9\x7f\xea\xcb\x8f\xfb\xbd\
\xe2\xab\x87\x16\xdfx\xa23\x9124\x13\xce\xbc\xab\xbd\
r\xf8\xff\x00\x1c\x93\x87:\xe3N'k\x09u\x0f-\
\xf3n\xa4+:\x16A\x82A\xd3\xadg\xddz\x18a\
\xb8\xf4\x8f\x07\xa1\xdb&\xed.o\x1aSw.4\x97\
C\x0aL-\xb0@:\x8eJ\x83\xb7/Z\xec\xd5\x93\
O\x16\xd9m\xd2\xfc\xf68\x87T\x95!C9\xd2'\
\x95i\xdb\x9e\xcd6\xd6($\xe63>u\xa6\x98\xd1\
Mc\x88\x063\xc1\x15r\xe9\x16S\xa9\xe2\x04\xa4\xc2\
\x95\xa5\x16\xa6a\xb6\xae14\xdc\xa4\x0d#j6&\
:\x0e\x19\xcd%\xb8\xd7\x96\xd4\xb5\xb5L\xf5\xdaG\x07\
yL\xad#:\x81\xa9\x98\xfa\xd5\xe5fs\x95\xf7\x0c\
\xc4\x0a\x9bHV\xbdMz\x9e/'\x1a\xaf\x9f\xf3\xf8\
uw\x12\xc9P F\xa2\xbb\xe3\x82\xc2\xea\x92\xc8\xa6\
\x0a\x14\xe2YG@\x87S\x22zV\xfe;\xce\x91\x94\
 V\xec\x9aq\x1f\x8b\xc8\xa4\xfa\x1a%\xfa=>s\
\x7f\xc5{\xb1U\x1c\x0b\x86{K\xc3l\x81V\x1c\xe2\
\xb0\x8cU\xe6\xf5%\x87\x08]\xb2\x94#d\xaf\xbcD\
\xf2\x0b\x1c\xabL\xaf\xbf'8x3\xb1\x9e3<\x03\
\xc7v\x98\x87x\xdb=\xda\x83\xa5\xc5\x9c\xaaJ[P\
s\xee\xd5\xfc\xf2\x88\x09\xfc[H\x9a\xcav\xbd>\xc9\
\xf1\xff\x00e8?j\x98]\x8e3\x874\x87\xadq\
\xabV^i\xf0\x8c\xaa-\xa9!\xc6\x95\x11\xa0#,\
\x8eQ^\x9f\x8b\xc9\x8ex\xf2\xe4\xb2\xe1^A\xedO\
\xecj\xf6(\xa59h\xca\x98S\x80\xba\xe3d\x92R\
F\xf9\xb9I;'\xa0\x93W\x97\x82ds\xc9\xae\xde\
\x5c\xe3\xaf\xb3\xa5\xee\x08\xb7S{l\xf3\x0bJJ\xb3\
\xb2\x89\x88?2z\xf9\x8eU\x86~\x0dE\xfb\xcd\xb9\
O\x11\xf0\xad\xe6\x04\x16\xf2\x1eE\xdbf;\xfe\xefE\
\xa2b3 \xf2;\xc8\xaeK\x85\xc5R\xed\x01mx\
\xbb'\xdb[J)\x0a0F\xe0\x9f0t:H\xa8\
\xe9B\x1ey!\xd5\xcb\x0c=n\xe1\xdc\xa2\x08\x9f0\
DQa\xed\x15umf\xdb\xca\xcc\xd3\xd6\xd9\xf4K\
\xac/\xbc\x19\xbf\xcc\x95\xc1\x1e\xc6\xa0\xc5aV\xc8q\
m\xbfmt.2\x1c\x8bB\x12[z6\x90\x85n\
7\xd8\x9a\xcb)\xb9\xb6\x98\xde^\x8eF\x08\x8cK\xec\
\x87\xc5,2\xc3m_\xd9\xb9g\x8c %)\x8e\xe9\
\x0bXy\xc1\xa4\x89QJOL\x915\xf3y\xf9?\
O\xe7\xf8\xed\xea\xf0\xed\xcaL\xbcWN\x15\x85\xbe\x8b\
\xfbt\x5c6\xe2r8\xae\xeaH\x80\x97A\x90\x0f@\
u\xf6W\x95}D\xaf<\xbcA\x85\xb6\xe3n\xb6V\
\xda\x90s\x00\x92RRF\x84\x026#J\x14\x92V\
*\xd5\xcb\xed=r\xdeb\xa5w\x89\xbd\xb7\x01.\x82\
@\x90\xa1\xb2\xe6\x06\xf0t:\xebS\xa3)6(q\
!\xab%3yh\xe1/\xa6\xd9\xb5\xe4q\x927R\
\x12\xadRRO\x22B\x81\x07JTJ\xea|8\xfa\
\x95\x872\x95\xa9JQH\x04\xaceRU\x02R\xa4\
\xf2\xebQ9,\xe2Mj\xdeu\x1d\x08\xad\x1c\xfd\x09\
\x17\xa9}!\xbb\x92s\xa3D\x5c\xa3U\xa7\xc8\xff\x00\
0\xfc\xc5\x1aT5}j\xb4\x94%Y\x0a\xdc\x12\x85\
 \xf8\x1d\x1dRz\xf9R\x15\x0c\xf1\x80H1\x1aA\
\xdcU\x10E\x90|\xe8\x01\x5cT\xce\xbf\xd6\x82\x04\xf9\
\xf0\xf4&\x9f@\x03\xca\xde\x80\x01\xed\xcc\x99\x8dt\xa0\
\xbb\x06\xe6\xc0\xc6\xa6\x99\x07\x90V\x0cS4\xb6\x1a\xaf\
\x10'}\xe2\x97\x04\xba`\xce\x01\x96N\xddhR\xf1\
\x83\xbe!#\x90\xe55!y\xc1\xee#.\xbani\
\x16\x9e\x98N\x09\xcf/\xd6\xb3m\xa2\x8e\x069\x0f\xca\
\x81\xb0\xb7\x18,\x0e^\xf4\x05\x97\xb2n\xc6\x0fh\x98\
\xf8\xbb\xbf\x0ao\x87\xf0\xf7\x01|e\xff\x00\xe2\x97 \
\xf7 \xf2\x11\x05Dr1\xce\x9c\x9b\x0f[\xa5(h\
!\xb4 !\x08\x01)JD\x04\x8e@\x0eB\xb5\xd7\
\x09\x04\xa5w\xf1\x1f,\x9fZ\xd3D~$%Ca\
\xb0\x1b\x13\xfe\xd4\x15\x87\xad\xd3\x96\xd3/8:\x9e\xb5\
9\x7f!:)#*\x12<\x85#.\x91\xb2h\x0c\
\xa02t\xa0\x135ZI3L\x1bY\xf1'\xa1\xd2\
\xaa\x11$\xebA09\xd0{\x9a4\x10\x9cW\x80;\
\x8c0\xc5\xcd\x8b\xc8\xb5\xc6,\x96^\xb2\xb9pJB\
\xa2\x0a\x16\x06\xe8P\xd0\x8f}\xc5i\x86^\xbb\x97\xab\
\xda,\xfb\x8c\xe1\x9e&g\x89p\xee\xf40\xbbK\xbb\
w\x95myd\xef\xcfn\xf2D\xa9\x04\xf3\x1b\x10\xae\
`\x83K,n7G\xf5\xb1\x17\x12\xe3\xca@\xd2\x10\
\x02\xd7\xd2I4Fu[\xc6\x99\xee\xd9E\xc8\x96\xcb\
\x8f\x04\x15\x88\x94\xb7\xfb\x8d&\x0e\xfa\xd5\xebp\x8db\
\x8e\x17\x1a\xb5\xb6Z\xbb\xb2\xa6\xcb\xa9y\x12\x12\x88\x03\
*\xcf0\x01 \xc1\xd0\xc4PO\x9c_on#\xb1\
o\x84\x9f\xb1\xb7S\x85\xfcg\x8d\xafo^\xc8\xa0R\
\x05\xbb\x0d0\x227\x06<\xf5&\xb9\xf2\xfc:\xb1\xe9\
\xe0\xcb\xc5\x0e\xf1\x86\x7f\x089\xc8\xeb<\xeb&\x86\xee\
\x16\x1a\xb5BS0\xa4\xe6Z\x8e\xea\xd4\xc0\xf2\x1f\xad\
!\xb2\xb0\xe4%\x0amINp\x95\xc0\x9fo\xde~\
\x94\x1cX/\xee\xfb\x8f\x88tJ\x83\xbd\xda2\xff\x00\
\xa0\x03\xaf\x9d\x01%\xc2\xf6\xa1\x8c9\x85\xbae\x0a\xb8\
\x0b\x88\xd0\x84\xadeQ\xcfM?J\x06\xb4\x8b\xe2d\
\xaa\xee\xfd\xb6\x12Cm\xdb\xa6\x16bJT\xb3\xa4\x8d\
\x94@<\xbaPCp\x02\x97\xef-JR\x942\xe5\
\xd7\x85\x06HB\x10\x83\x94\xfd\x01?\xf7S\x01\xb04\
\x9b\xabKa\x97R\xb7V\x17\x10\x04\xaaw\xe8&M\
=\xec\x93/\xdc\xa5b\xd1\x86\x88!\xc9qI\x1f\xce\
\xb3\xe1&v\xf0\xc7\xe5\xd2\x97j7v\xa7\x0b\x8e\xdb\
\xa8\xa57\x0aAm\x95\x13\x01*R\x84\x99\xe4bS\
<\xa4Pf\xb1\x07\xcb\xae\xe2\x0d\xb6\xe1\xee\xc0\x1d\xc1\
\x99\x09Y\x5c}\x17\xa0\xf2\xca( \x18+\xd6\xac\xe2\
x\xa3\xef$\xf7i\xb4v\xcd\xb4\xa7\x92\x96\x8c\x99\xbc\
\xc2\x0c\x9f\xa5+6\xa9u\xd3\xd8\x1fbdY\xdf\xe2\
\xb8\xc5\xeb\xf679\xc6:\xc2\x98}\xa5e\xfb\x92\x85\
\x85\x88\xe4\xa4\xf7AYu\x99\xeb\xa5y\xdf#\xb9\x8d\
z\xdf\x0f\xac\xab\xdb|=kooj\x95:\x80\xfb\
M\xa7+w\x0a\x1a.`\x80G#\x1at'j\xf3\
o\x15\xeaNbW\x10\xe1\xec3\x88\xb0K\xbc\x1b\x1c\
\xc3-1|\x22\xf9\xa2\xdd\xde\x1fx\xc8[/$\x99\
!I\xf2;\x11\x04\x10\x08 \x8ax\xdb\x8d\xdc\x16n\
i\xe6\x0e(\xfb\x0b\xb7\xc0X\xf9\xe2\x8e\xcf\xaf\xee/\
\xf0VR]{\x87q\x17\x02\xeem\x10<EL>\
H\xefP\x90\x0f\x81\xc1\x9e6R\xa2\x97\x9b\x0f\xd6\xc7\
\x8e\xe3\xd2\xf1\xff\x00\x90\xcf\xd7\xf4|\xf7\x8f\xcf\xff\x00\
)\x96q\x04\xaf\x09K\xc92\x95\xa0\x10cq\x1b\xfb\
\xd7\x91g\x0fK\xc7\x8e\xf2\xd0\xae\xc8x-\x18\xf7\x13\
\xb9\xc4\x98\x9bI~\xc7\x0d\x5cX\xb6\xe8\xf0\xb9r?\
\xeaF\xc47\xcb\xfc\xc4t\xa3\xc5\x87\xb6^\xd7\xe8\xfe\
g\x9b\xf4\xf1\xfd\x1c{\xbd\xba\xdd\xf2\xd5\xf1*{\xbc\
>-I\xdc\x9e\xba\xd7NQ\xe5c\x96\xa0V\xb1\x1e\
\xe1\xc5\x12\xaf\xa9\xa5'+\xcb\x98y|@\x92bu\
\xf5\xaddc\xa0\xeeq:Rr\x85\x18\xebF\x8fF\
\xff\x00\xf1nK\x86Y&\x5cyYP\x9d\xce\x9a\x93\
\xe8\x05+\xc1\xe3\x8e\xf9J\xb3\xc4=\xe2\xd2\xdaW\xe2\
\xe7\x1c\xa9m7\x1d,\x18^2\x85+)W\x8a\xaf\
lr\xc5h\xc3\xc2n\xa1h0y\xd5\xcf\xdc\xcfw\
\x15\xaa\xc1\xe2\x94\x80ys\xad\xf1\xe1\xc9\xe4\x9e\xcb\x05\
\xab\xd2\x91]\xfe<\x9eNx\xf21&Et\xca\xe7\
\xa5\x0d\xfc\xaa\x92\xd8\xa7\xc92\x80\xc2$S\x97\x5c\xc0\
gc]\x9b\xdc\xdb\x0b4V\x85*\x07h\xa4*\xb7\
\xda7\x05a\x9d\xa0pF1\x80c6\xa8\xbd\xc3\xaf\
YR\x1eeg\xc2\xa1\x1f\xd9\xab\xc3-e\x03\xe0\xd7\
n}\x8c\xe3]\x80\xf6\xa9\x8d\xf06*T\xeb\xd6\x0b\
\xff\x00\x94\xbbR!7\xf6\x8b\xd5\xa7\x87\xfa\x92\x00V\
\xba)*\x1c\xa8\xcb\x1du\xf6\xb7\xd2\xff\x00\xf8jv\
\xf6\xc7\x1d\xf6B\xdf\x03^xq\x8e\x13\x84\x04\xadY\
\xbb\xfb\x07\x14KN\xa3Y\x86\xd6r)$xF]\
v\xa3\x1b\xf4\x9c\xa7\xdb\xd8\xd7\x18\x1d\xbb\xcaX\xee\xd1\
\xe3%KB\x86\xaaQ\x02O\xae\xd5\xb6>k#\x0b\
\x84Q8\xb7\xb1\xec\x13\x88\x99Z.-\x12\x92\xaey\
5I\x8f\x98\x1f\xeek\xb7\x0f\x91\xbe++\x86\x9e]\
\xedg\xec9\x82\xe2\xed>\xed\x90n\xcd\xe89\x16\x84\
JA\xe7\xa74\x1eh\xe5\xbaMtI\x8ei\xdd\x9c\
W\x8d\xfbG\xfb\x0cq~\x09ss\xfc1\x0d\x5c+\
)u\x0dg\xf9\xbf\xd0O\xcc??\xa5rg\xf1\xa5\
\xe6WD\xf2~^m\xe2\x0e\x1f\xc78\x22\xf5\xcb,\
o\x0d~\xd1M\x92\x85w\x880\x0f?Z\xe2\xcf\xc7\
\x96\x1ce\x1a\xcb,\xdc\x0bn\xa6/Q\x95\x04,+\
E%gB<\x8f_\xce\xb1\xab\x84\xb5f\xd2\x96\x9e\
\xe1_\xebe\xd1\x06zOJ\x83z\xa7\xb3^$\xb6\
\xbd\xecz\xd7\x0ez\xe1+y\xeb[\xfc1\xc7H\x04\
\xb7\xde\xc2\x9al\xf5\x00\xb6\x08\x99\x12\x22\xbes\xe4\xf8\
-\xf9\x13/\xae+\xbb\x1c\xb7\x83\xc9x#\xe3\x05\xbe\
z\xce\xf1EVoK.\xa9\xb1\xb4\x18\xcc\x90v \
\xf2\xaf\xa2\xde\xdc\x0e\x8bj\xcaq\x06\x1b\xb1\xbfVg\
\xf2\x8c\x97Lj\x1f\x03D\xacu1\xb8:\x9a\xa5#\
op\xa7p\xe0\xbb7r\x94\xaaK/$\xc0?\xb8\
\xf4=h4J\xee\xb3\xb0\xd1q9\xd0\x83\x99HP\
\xf1t$~\xe3\xd6\xa7F\xeb\xbd\x96\xe2\xef\xb9\x85;\
gp\xe8\xc5\x99\xb7q+B\x1e2\xe6Eh\x02\x17\
\xf3\x03\xe5$\x1d\x80\xac\xe1\xe78[/X,,\x84\
\x87\x12\x93\xb2]NU\xa7\xc8\x8e\xb5\xacs\xd8\x18\xb9\
\x90\x131\xce\x8d\x13f\xf4\xb4\x92\xca\x81q\x95\x99S\
g`\x7f\x98tW\x9d#\x04\xfb\x89\xb9P\xd6\x5c\x1b\
(\xfe!\xc8\x1f:_\xe8v\x8dw\xc306\xd2\x99\
P\x8e\x18=f\x99h\x1b\xa76\x9fC\xd2\xa8\x80\xdc\
+Z@\x05\xc4\xeb\xa6\xf4*~\x02:\xa9\xe5\xa5\x09\
\xb01$\xac\x1ag\xdaW\x0fp \xa7\xcf\x9d\x05\xda\
\xd9\x85\xdch5#M|\xfc\xe9\x1a\xe5\x84\x5c\x80\xa4\
N\xba\xd4\xec\xbe\xd7L.\xef\xe5\x07\xf3\xa0\xf4\xf72\
\xb0\x91\xfc\xb5:lO\xf0\xd8\x1bR\x0c\xc38Y\xee\
 \xc6-0\xd6\x13\xf7\x97\x0b\x85\x12c*?\x12\xa7\
\xc8k\xf4\xebD\x84\xf4\x9e\x03\x81\xd9\xf0\xe6\x17o\x87\
X7\xddZ\xb0\x98OU\x1ej'\x99'RkM\
h\x84\x90V\xa2\x06\xe7\x98\xe4:\xd5\xa4\xc2\xd1\x94!\
\x09\xd2G.\x9c\xea\x80\x86\x95\x9a4\x804\xf7\xa9#\
\xa8\x1fv\xae\xba\xd2\xbd\x9bI2\x94\xfaPm\xcd\x1a\
\x0c\x9dh\xd0d\xcfJ4\x1b\xe5K\xec}\x12L\x0a\
\xa4\x90\xa3U\x01\xb5j\x0co\xb8\xa6M(\x85\x09\x1c\
\xe9\xc2&u\xa6E\xcc\x8a\x90\xe7<s\xf1<\x17\x8d\
\xa7\x8cl\x18v\xf2\xd9,\x8b|c\x0fcU>\xc4\
\xc2n\x109\xb8\xd6\xa4\xf5Fa\xc8WN3\xdf\x1f\
_\xfb&qy\x5cm1\x0bLS\x09\xfe!\x87\xdc\
\xb7ykt\xda\x5cf\xe1\x95fJ\xc1\xd8\x8f\xadc\
7\xbdQ`<b\xd48\x86\xed\xe2\x12\x96\xdc\x5c\xf9\
\x84\xc7\xeaj\xe3:\xae9v\xa4\xe1\xaf]\x84\xac\xac\
\xdb\x84!)\xdf(\xdb)?\xcc\xa2\x0e\xbf\xcc:S\
\xd6\xb9/\xb7\xc8\x7f\xb6F<\x8cC\xb4gp\xc6R\
\x85\xb7\x87\x5c\xdd\xa8>\xd3\x9e\x05)\xdb\x95\x95'/\
,\xa51\xc8\xeat\xae\x7f'n\xbczy\xafE\xdd\
\xba\xe9>\x190O(\x15\x8a\x9b\xc4\x13\x970',\
@\x9fj\x00\x8c!\x92\xe5\xd3\x08B\x0c\x89Y\x9fO\
\xdb\xf7\xa4pn5-Y\xad\xd5\x0c\x81\xb7O\x83\x99\
 \xc0\xfc\xc1\xfc\xe9\x8f\xb5\xd7\x84\x14\xcb\xbc6\xca_\
t\xa4\xdb\xba\xea\x89<\xc0F`=\xcb\x80G\x9d\x06\
\xa6\xdc<\xe6!\x89\x5c\xdcL8\xb7V\xb72\x88\x00\
!1\x00r$\x98\xf6\xaaH\xe6\x10\x18m\x98q)\
(\xb7yjZF\x92\x10\x12c\xa9\xf1G\xa8\xa0t\
z\xc9(\x16\xb66H%\x90\xb8.\xeb\xae@tD\
\xf4\x12\x09\xea\xad\xf4\x11Rie\x0c\xdcL\xe2BJ\
\x82n\x1b\x01B\x06\xca\xca\x0f\xb0J\xa9\x84Z\xae\x14\
\xbb\xc6\xd6\xa4dq\xb5\xfc@I\xf1x\xbcp\xafP\
`\xc7-(>\xd1\xfd\xf0/(\xaeP\xc6v\x82\xd5\
\xf8\xa5\x12\xa1\xa7\x91H3Ga\xbe\x16\xc2\x86?\x8d\
\xe0\xd8a#-\xda\xb2\xb8\xa7 \xa7\xf9\x95 \x90\x22\
&u\xda\x8d}\x08\xfa\x17\xf6)\xc2\x11\xc4\x1c\x01s\
}vX\xb4n\xe3\xe2XJ\xed\x94R\xc3\xbd\xec\xba\
\x87\x9b\x04\x93\xe09|\xc4\x01^o\xc8\xe3.^\xd7\
\xc5\xca_\x1e\xa4\xe5\xe9\x9e\x18\xb8{\x10\xc0\xac\xcd\xc1\
\x97\x1ci\xb2\xf9y$\x10\xb4\xa62\x9e\x84\x94\xe6\x83\
\xca\x08\xae\x0c\xe7.\xfcn\xbbO2\xea\xc2\x82\x14\x03\
\x83t\xab4\x93\xe5\xd0\xd4}\xb4U\xfbp\xc6n\xed\
{9s\x0d\xc3\xee\x8d\xa5\xee3p\x9c<\xb8\x82P\
\xb2\xceU-\xe4\x83\xcaP\x88$r'\xad^\xbfm\
\x8a\xf1c2\xf2Kz\x9c\xb8\x0e\x07h\xacG\x0f\xc3\
0\xb6\x8fv\xab\x85\x06\xc2\xe3V\xd3\xcc\xc7\x90\x07\xf2\
\xaf\x1e\xfe\x1fI/\xe9\xef?\xc3\xb2\xd9\x960K$\
Y\xdb\xa46\xd3C\x22\x129$m\xef\xfdkY\xc4\
\xd3\xcc\xcby\xe5\xed@\xdfc\x10#sO\xb2\x98\xab\
\xd8\xa62\x8b[g\x9fy\xf44\xd3i+[\xab0\
\x84\x8fZ\xd2c\xc7'o\xd4sK\xaf\xb4\x15\xad\x82\
\xdc\x09\xc1.\xef\x99\x07\xc2\xfbO\xa5\xbc\xfeyT4\
\x14\xff\x00S\x19\xc6\x95>5\xcb\xed\x0e~\xd3)\xbe\
u\xe6m8a\xf4\xba\x84\xe6\x9b\x9b\xc4\x94\x9f\xfc\xa9\
\xac\xef\xc9\x98\xddz\xbb0\xff\x00\x1fs\xef#\xbc\x07\
\xdbS\x18\xaf\x18\xdc9\xc4\x86\xdf\x09R\xd8\x0ca\xcb\
\x0a\x22\xdd\xb92\xb4\xadj\xd9j1\x0a04\x8d*\
p\xf3L\xf2\xfd\xdc4\xf3|,\xb0\xf1O\xd2\xe7\xf2\
\xed8k\xee\xd9\x07\x1euG\xbct\xc8;\x8c\xbf\x87\
_Mk\xa6I\xdb\xc7\xce\xf3\xa5\xb3\x86\x94\xf5\xe49\
:N\x89\xe6|\xea}Y\xdc\xb4\xe8\x98C\xceZ\x14\
\xf7\xa4\x80y\x01U1\xd3\x1c\xae\xfa\x5c\xacoR\xb4\
\x8d4\xad\xf1\xae\x5c\xa2n\xd6\xe6\x22\x0e\x95\xbe9i\
\xc7\x9e\x09F\x1f\xcc\x071]x\xe5\xb7\x0ex\xe8J\
U[\xc66\x16\x0c\xd5'M\xd3\xe0\x99\x14\xc1\x8b\x8f\
\x07\x8cm\xb1\xad\xfcW\x7f\xb5\x9eP\xdanS\x11[\
\xfaVbs\x05\xa4\xfaEc\xad)\xc1>\xd6\xff\x00\
e\x0c\x13\xedG\xc0B\xc1\xe53\x85\xf1~\x1a\x95/\
\x06\xc7\x8brY_6]\x8dT\xcb\x90\x02\x93\xc8\xc2\
\x86\xa9\x15~\xdf\xf6\x0f\x90\xfc)\xc4\x5cs\xf6R\xed\
\xa0:\xfd\xa5\xc6\x03\xc5\xdc9s\xdd_\xe1o(C\
\xec\xae\x03\x88\x9f\x95m\xba\x88\xca\xe0\x91\x04)'H\
\x0e\xcdiO\xb7\x1d\x8bv\xc5\xc3\xfd\xbb\xf6y\x86q\
g\x0f\xdc4\xe37(\x02\xe2\xd0:\x16\xe5\x9b\xe0x\
\xd8r5\x0bO\x98\x12\x08#CY\xcd\xc2\xb1y-\
\x02$\x19\x1d\x0d=\xa2\xc0O\xe1\x8d\xba\x92\x82\x8f\x01\
\xe5\xb8\xfaV\xf8\xf9l\xe5\x17\x15s\x15\xe0\xbbK\x92\
\x9c\xd6\xed\xbc\xd6iSj\x02S\xd4\xa6\x7fJ\xeb\xc7\
\xe4o\x8a\xce\xe1\xa5\x0b\x8d~\xce\xdc!\xc7V\x8f1\
\x8a\xe0VX\x8bo$%Hy\x81$\x01\xa0\x0a\xde\
\xb7\x9ei\xf6\x8f^xy\x0f\xb5\x7f\xf8Yp\xa6:\
\xd3\xb7\x5c%\x89^p\xb5\xf9I\xee\xed\x9eO{l\
\xa3\xe4&G\xa04e\xe2\xf1y:\xff\x00\xf0\xa9\x9e\
X\xbc\x8b\xda/\xd8o\xb6^\xce\x1a\xb8\xb9N\x01\xff\
\x00\x8a\xb0\xe6$\xaa\xe7\x08%k\x03\xcd\xa3\x0b\xd3\xde\
\xb8\xb2\xf8\x99\xcf\xe3\xcbY\xe6\xc7\xef\x87.\xe1~:\
\xbd\xe1\xbb\xdb\xac3\x11a\xeb%\xa9AKi\xe6J\
\x16\xd2\x81\xe6\x92\x01\x1fJ\xf3\xbc\xbe-\xdeg.\xac\
s\xd71W\xc7\x99.q. \xb6\xcbh\xb5u\xce\
\xf9J{\xc6\x84\x85k:nz\x01\xa9\x98\xa7\x8fH\
\xab\x07\x0dqU\xb3\xac\xa2\xc9\xfbvXi\xa5\xe5i\
\xf4\xb7*\x04\xff\x000&\x08'X\xfaV\x92\x9c\xab\
\xf1~\xc7\x16\xb2m\xacV\xd5Vo\x85\x04\xb5\x89Z\
+\xbc\xb7}#d\x90\xadR\xaf\x22w\xd3\xa5\x0b\xfa\
U1^\x1cj\xd6\xe1M\x1b\xe6\x12\xc3\xe4\xa1\x0e\xb9\
\x99\xb2\x0c\xe8v\xd0\x83\xbaLT\xd0\xb6vcew\
at\x96\xcd\xe5\xbd\xb3\xe2CO0\xa5-)q&\
S\x95I\x065\x88\x9eu\x9f\xda\xb2\x9c:1[\x98\
\x8b\xaa7\x17W7\xd7\x0b9\x94\xa2\xd2\x96\xb9\x1b\xca\
\x94z\xf55R\xb1\xb0\xa47mh\xa4\x95\x11n\xe0\
\xd4\xf7\xce\xa0\xa8y\x80\x90\xa8\xa6\x90\xcf=\x83\xa7Q\
\x99\xf2w\x90\xe0\x9e\xbb\x91H\x06q\xfc\x09`\x87\x19\
}\x91?:\x0a\xc9\x07\xd31\x9a\x07@1+F\x1c\
h\xdcY]|ci\xd1R\x9c\xae\x81\xcb2z\xf9\
\x8a\x05\xe5\x02\xe9\xe7\xce\x9aB;\xa0\x924\xe9L\xb4\
\x09\xe3&\x22\x81\x00\xbaA:}zS#\x09e\xc7\
\xddKm6\xa7]Q\xf0\xa1\x22J\xbf\xbe\xb4\x0b\xc8\
W\xdb\xee\x1eZ\x0a\x92\xbc\xa6\x0a\x9bT\x83\xe8y\xd3\
\x94\xc6Z9\xe2N\x86\x81\x16L>\xe6\x08\x13\xedR\
un\xc2\xeec(\x1e\x86\xa7cK~\x1bu!\x00\
\xcd\x05\xa7\xd2uX\x89\x9f\xd2\xa5\xb1\x87\xad\x12\x94\xa9\
GD\x81&\x9fD\xe9}\x9a\xf0\xbf\xf0l=w\xef\
 \xa2\xf2\xf5)9N\xed\xb65\x03\xd4\xee}\xbaU\
HK\xb1\x19D\xf4\xaa&\x9bLI\xe7@0\x90'\
9\xf6\xf4\xaa#\x89NT\x81\xd2\x82)\x22$u\xd6\
\x952[>\x04\xef\xb5:\x0a\x9d(2I\xa054\
\x02\xc1\x8aZ*J\xea\xa06j\x88\x9f:dBN\
YO\xb8\xa6\x96P\x0a\x1a\xd2\xa7@<\x9e\xf2\xe8\x12\
\x01H\x90'Q\x10g\xd8\xedZN\x90\xe3\xedbC\
\xb0\xbe(\xf8'\xb3/\x81\xf1{\xd2\xebk\xdf\xf8c\
\x87x\xea\xd9 \x029hG:\xd39\xef=\xbe\xd5\
9\xfd\xae\xa3\x8a4\xab\xc2\xeb\x08T\x97Y\xee\xd2\xa4\
\x99\xf0+U\x90y\xe9\x00z\xd6R\xce\xd9\xd9\xf4\x82\
\xc5\xdbC\x17\xf6\xc9\xca{\xa7\x16\xda\xc2S\xb0K@\
H\xf4\x22~\x82\xb4\x88\xea\xbe\x12\xf6\x9b\x8e\xab\x1b\xe2\
|J\xe9@\xb7\xdf\xdf]:\x09FUJ\xdfqr\
\xaed\xc4D\xed\x5c\x99\xf7]\x93\x88\xa2\xb6\x92\xe8y\
)\xd0\x96\xf7=I\xd7\xf5\xa81\x18\x92P\xe5\xc3\x85\
\xc5J\x07\x89d\x0f\xc2\x00\x1fRt\xf7\xa9\x09\x5c\x05\
\x05\x18\xa3\xa8#V\x1a\x19\xe3\x91:\xe5\xf6\x1f\xad\x0a\
\x0f\x8eG\xc20\xd8I*y\xbe\xf9\xc33\xe2\xcc`\
\x01\xd3S\xbd2[04\xa5\x9e\x18y\x0bZR\xab\
\x9b\x86\xd2\xa4\xa8k\xa1J\xd5\x0a\xff\x00\xb5\x00\x8e~\
\xd4O\xc9\xab\x16l\x9b\xcc%\xf7\x5cp!\xcb\xb7\xe5\
\x09N\x83 %K\xd3\xde(H\xcb\xd4e\xc3[T\
\x82\xeeC\x02#,\x90\xa3\xe9\xf3~T\xc0\xbc\x1d\x05\
7\xa8\x0e\xff\x00\x85n\xda\xdfq\x5c\xc0Jt\x03\xce\
r\xfdi\x02J\xd7ky~\xb7\x96\x12Qn\x12\xb0\
\xa5\x13\xe3B$k\xe6VO\xb59M\x8aj\x1b}\
\xd0\xa3\xde\x05\xad\xb5\xf2)\x85\xe6\xfaj(4&!\
vR\x9c\xe9?x^*\x08V\xe9B\x89\xd3\xe8\x90\
}\xe9\x03X+Ao4\xdbeiZ\xc2\x80\x07]\
\x09\x83>\xc2\x98}c\xfb\x15\xa5\x9cg\xec\x99\x87\xdf\
9n\xfb\xf8\x95\x83\xd7\xcf\xb2\xda\x80\x0e\x86\x90@B\
\x1b\x81\xf2d\xd4G\xadg\xe5\xf1{\xf8\xf6\xe9\xf8\xfe\
OO$\x97\xaa\xec\x96\x0av\xc5an\xe5q\x17]\
\xd9}i\xd2\x5c)H\x04\x0e\x80\x8c\xb1\xb4\x11\xce\xbc\
[-{\xb0qCY\xd6\x00B\x8a\x14\x0e\x89\x8fj\
\x8d.W\x04\xfbFq\xe6\x1e\xc7\x1ep\xd7\x0c&\xf5\
\x87\x1f\xc3\xf0\xfb\xacN\xe2\xd9\x97B\x9de\xf7B[\
i+\x03\xe5\x96\xf3(\x03\xc9S\xce\x96WS\x97\xad\
\xf0\xbc\x19g\x86^I>\xe4\x05\xc1<>\xee\x13\x83\
\xe0\xf8\xdd\xd2\xcaT\xf2\x94\xd2\x19#\xe5\x1dI\xe7\x5c\
?\xa7\xeb\x84\xce\xf7]^_-\xcb<\xbcRt\xb3\
\xe2w\xdd\xd8*L\x15\x93\xb4\xd4I\xb6,\xe1L\x0a\
\xf3\x8d\xb8\x8d\x8c\x22\xd6\x1b[\xa8[\x8e\x5c\xac\xfd\xdb\
\x08H>%s\x82\xac\xa9\x8f?*\xed\xc3\xc5>\xdc\
\xfeo/\xe9ary\xa7\x8a\xf1\xae!\xc5\xf8\x92\xfb\
\x0c\xe26?\x87\xdca\xb7+\xb7^\x14\xdc\x86\xed\xdd\
A\x833\xaa\xcfE\x1d\xc1\x04\x015\xcb\xe4\xde9Y\
]\xfe/L\xb0\x99\xe1\xce\xd1\xf7\x16\xe8U\xa2\x92A\
\xf1nz\xd6\x1d\xb7\xc7\x8a\xa7\xe17\xb6Lq\x83v\
\x07\xc4n\xdaShZv\x0e\x02\x0aS\xef\x11Yj\
o\x97\xa7\xe3\xebiL{\x00 ,\x14\xa4\xa4\x82\x0e\
d\xe8GC\xd4R\xcb\x06\xb8\xe7\x16~\xcf;b\xc5\
\xb8\x09\xb6\xb0{\xf6?\x8ep\xf3-\xa9Hij\xcb\
qn\x07\xff\x00)\xc3\xa1L\x9d\x12\xad:\x11Z\xf8\
\xfc\xd7\x0f\xdbzp|\xaf\x89\x87\x9a\xfb\xe3\xc5w.\
\x08\xed\xae\xc7\x8f\xb1\x05X\xf0\x92/K\xd6\xe9K\x97\
\xce^[\xf7B\xd5\xb2`e2C\x8a$@\x03M\
\xcdv\x5c\xe7\x93\x8c\x1e\x1e\x7f\x1e\xf89\xf2\xff\x00\xe4\
\xeb\x987\x14\x91\xf7o-k\x8d\xca\x8c\x93O\x1e8\
q\xe57\xca\xfd\x82\xe3\x01\xc0\x80\xd9\x94\x9e\xa6\xb6\x8e\
\x5c\xb8\xedn\xc3\xef\xca\xfd6\xab\x9c0\xbc\xa7-_\
\x9eu\xbe\x199|\x98\xa4\x99vEu\xe3v\xe2\xcb\
\x13\xe0\xc8\xadY\x96\x0c\xd5 \xa9\xa6\x1aRB\xd2R\
v:\x1ar\xea\xee\x12\x0e\xf1\x87Y0\x93\xb2\xab\xd5\
\xc3)\x94s\xd9\xaa\x17\xf8\xbb\x96\xa7\xc4&\xb5\xbe)\
\x91l\xeb<]i?z\xa0\xda\xb6\xd7\x9dc\x97\xc7\
\xbfJ\xf6r/\xb4\x87\xd9\xb7\xb3\xcf\xb57\x0f\x22\xdb\
\x1aZ0\xcc~\xcd$X\xf1\x15\x90G\xc6Y\x9d|\
\x0a\x9d\x1cd\xc9\x96\xd5\xa1\xdceT\x11\x13\x0c\xf0\xe2\
\xcd\x9e\xdf8\x9a\xc3\xbbn\xff\x00\x87\x1fh\xdf\xc4\x5c\
JU\xc3\xb7\xcf%\x81\x89\xdb\x85?\x82\xe3\x09\x13\xdd\
\xa1\xeem\xb9\x13\x13\x0b\x1a\x84\xa9Bf2\xf1\xf1\xb8\
\xa9~\x9e\xd8\xecw\xfe$\xbc\x1b\xc7)\xb4\xb4\xe2\xcc\
*\xe3\x83\xf1'S&\xe1\xb7>*\xc9d\x0dT\x97\
\x12\x02\x80\x99\x10S\xa6\x93Yz\xd3\xd3\xd1\x5c#\xdb\
\x97g\xfc}g\xf1X\x0f\x19\xe0X\x93\x19\x8bg\xba\
\xbe@q+\x1b\xa4\xa1D(\x1f\x22)t\x9d.\xad\
\xb8\x87\x8c!hY\x00\x18J\x81\xd0\xech\xd9h\xcb\
\xf6\x0d\xb8\x0et\x8c\x87p\x91\x1f\x9di\x8f\x92\xce\x93\
q0\xe5\x82rd\x05N$\x0f\x95C6\x9fMk\
I\xe4\xfc\xa6\xe0\x89\xb8\xc3,\xd0\xb4\x81pYqZ\
%=\xd9\xcc|\xb2\xc4\x91]\x13\xcf\x96\xb7\xa4\xfa<\
\xe9\xf6\xb7\xfb-`?h\x5c\x06\xcb\x07\xb8v\xd7\x87\
\xafl\xeeE\xca\xf1\xab{V\x8d\xd3\xbe\x12\x03\x01K\
P\x84\xf8\x82\x8e\xa4\xc8\x1a\x0a\xd6\xeb\xcd\x8e\xf3\xa2c\
\xe9xx[\xb4o\xf8`v\x93\x85Zw\xf8O\x10\
a\x18\xfb6\xe0!(Z\xd1f\xa3\xac'2\x8a\x8a\
s\x19\x891\xeb\x5c\xd9||\x7f\xe9\xc9\xaf\xbd\xbfN\
\x15\xc6_e~\xd0\xfb1a\xf6\xb8\x8f\x841\xa6Y\
%+7\x16\xc9m\xcbt\xc4\xff\x00\xd5AT\xf3\xd8\
V\x19x\xb2\xc6\xafq\x1d\x82\xb9\x8b\xe1\xd6\xfd\xc2,\
\xf1vR\xb0\x02\x9aE\x81SE$i\x9f8\xf1\x83\
\xe9\x22\xb3V\xd7KK{|b\xd8\xb7w\x81]\xdb\
\xa5@w\xa8\xf8_\xbbP\xf9s$\x95\x02\x08\xf2\xda\
\x96\x95\xb4\x8f\x09\xf0&)\xc38\x9an\xf0\xac[\x06\
o\xbdt4^\xcb\x94\xb1#MAP*;\x03\xa4\
jjtk&'\x86\xe3\x96\xe7\xe1\x1fK\x97-\x90\
\x0bek\x08)<\xf2\xa6d\xa6y\xc4\x1d\xeat\x9a\
B\xb87\x18m%\xd7l\xc5\x93e@}\xfb\x88B\
\x89;\x00\x92e^\xd4#H\xcb\xfc&\xe1\x97\x8b(\
\xb6q\xc5\x03\x19\xf3\xa0\x85\x1f('\xf54\x04}\xce\
\x11z\xda\x96\x93h\xf9\x081\x99(&yQ\xb0\x19\
\x16\x97\xad\xbe\x81\xf0\x97\x09\x83\x1a2\xaf\xe9LC\x17\
\xb8e\xda\x8a\x16\xdd\x8d\xd0K\xc0\x9c\xa1\x95\xf8H\xf9\
\x86\xde\xfe\xf4tZ\xd0?\xe0X\x9b\x86E\x85\xc0\xff\
\x00Z2~\xb1Oi\xd0{\x8c\x06\xe9\xa5E\xc3\xf6\
V}~\x22\xed\x00\xc7\xa2I4l\xf5Q\xcf\xdb\xd8\
2<W\x8e^\xb9?%\xb3YS\xe5\xe3^\xfe\xc2\
\x9d\xa3A\xde\xbbS\x8d-\x86\x1bM\xa3\x0a\xd0\xa5\x04\
\x95,\x7f\x99GS\xfaT\xec\xf4\x8f]\xa9\xe6?*\
=\x86\x84\xda[\xaav\xf7\xa5\xec4\x9e\xb0B\x80\x12\
\x9d\x05-\x8d,\xb8r\xcar\xe6\x07\x95M\xa6\xb5\xe1\
\xaf\x98\x13\xafY4\xf6O\xaa\xa6\xda\x13U\xa5\x0a\xe1\
\xfc\x04c8\xa2C\x83\xfeU\x98q\xdd'6\xba\x0f\
s\xa7\xd6\x899\x15\xd2\xdc\xb9n\xd52\xbf\x98\xfe\x1e\
\x95\xac\xc7i\x0eqt\xb9)\x03mO\xec*\xbdt\
bY\xbcC\xed\x15$\xeer\x8fZ\x9b4E\x91\x06\
7\xd6\x996(\x22\xc4\xc4\x8e[\x0aFm\x95\x054\
\x9264\xefb\x17Hh\x95\x0afNjz\x1fe\
\x8aA\xb5\x89\xa5\x12iCJ\xd0\x11\xbd2%Bb\
(*\xd4\x83\xfd)\x82T\xb3\xa2\x04\xca\xb9\xf4\x1c\xcd\
\x1f\xd8\xa6^\xd2\xe5\x1ai\x97H\xeb?\xd2\xaat\x9b\
\xda\xbf\xc5<=i\xc5\x182\xaco\x1b\x0e4\xa6\x9c\
'M\xb3hc\xce\xb5\xc2\xea\xa6\xf1\xd3\x87pWj\
\x8fvA\xc5W|\x17\xc5\xce\xa9\xec\x05\x87\x91g\x86\
\xe3J\x92m\x92\xadCn\xff\x00\xf4\xb1 \x05~\x08\
\x83\xa6\xcb<\x7f\xea\xc5\xa4\xd6qu\xed\xbf\x89\x13\x83\
\xf6s\x8d\xe2M^\xb7h\xf3X{\xaf\xdb]%\xc0\
\x12\xd9J\x0a\xb3$\x8d\xc9\x1a\x03\xb6\xb5\x9f\xb6\xa3/\
[\xb7\xc2\xfe$\xc5\x17\x8b\xdf\xb9t\xb9\x05\xe0\xa7\x94\
\x92d\x8c\xda\x99=k\x99\xd4\x8c\xb0H\x17\xaf\xa1p\
U\x09\x04\x0d\x86\xb3\xbf\xb5 1ZeZ\xceP\xd2\
\x83\x8e\x8eG|\x83\xf7\xf2\xd2\x91\xa4\xf8a\x89\xb7\xbc\
^b\xb7.\x9dR\xca\x80\x91\xe1\x1c\xfd'Z F\
b7=\xfa\x19x7\xaa\x92\x94\x04\xf5\xf1\x00\x07\xa9\
\xe9@\x5c8\xa1/a<+\x86\xe1\x8d\xab)w3\
\xa0f\x1a\xb9\x98g=@\x95\x81Lm\x06\xf3y\xbb\
\x96\x04!\xa4\xb6\xa6\xd0\x01\x82\xa4\xa4\xc2\xdc\x03y'\
7\xd4R\x02\xaeT\x85\xd9!jH\xca\xa5\x87\x0e\x91\
 &b:iO\xb2I`\xf6\xc8g\x04\xbd\xb8Y\
\x0bq\xe7\x90\xd2\xf3\xec\x94\x8f\x1a\x88\xf5\x84\x8fz\x02\
\x13\x14w\xfeR\xedJP\x0a\xb8@*mG\x92\xd4\
\x09=d\x00\x22\x80Nr\xeb7D\x08u\xd3\x9f\xfc\
\xa4\xaf.\xa3\xdb\xf2\xa1HV\xdf\x0aC\xd9`\x85>\
\xb7P\xa2?\x00o*}u#\xebA\x17\x86\xb8\xb6\
qt\x145+S\x99[JO2\x91\xb1\xa97\xd4\
\xef\xb0\xe7\x12\xbb\x85v7\x85[5\xde\xdc9\xf1n\
\xda%z\x80\x97\x16\x01P\x06\x04\x01\x90\x0ef\x02\x86\
\xd5\xd7\xe3\xfe\x09\xb5\xe9\xee3\xe1\xff\x00\xe1x\x87\xfc\
\xb3iU\xbd\xda\x14\xbbt\x8d\x12\xda\xe0\xe6@\xfa\x92\
:i\xa6\x95\xe3|\x8f\x1f\xa6[\x91\xed\xfc_'\xea\
a\xab\xdcD\xe1\xebU\xcd\x9b\x0e\x92;\xc23/9\
\x92\xb5F\xa7M\x8c\xce\x9eU\xc3]\xcf$\xfd\xb68\
Y|-\xc4\xbc;\xc485\xa5\x95\xba\xb8\xe5\xe4\xe0\
X\xdd\xfb\xcd\x80\xebo\xb1\x91\xcb{\x86\xdc?\xe0\xaf\
\xb9\x0bmK\x1a))\xd4i#O_|=k\xd4\
\xff\x00\x1f\xe4\xc7\x1c\xed\xcb\xbcy\x93\xff\x00]\xfe\x7f\
\xf9O\xf0\x7f\x10?\x8c\xe06v\x81\x87P\x9c,\x1b\
|\x99\x09\x08V\xe3^r<@\xf3\x1a\xd7\x9f\x97\x8f\
9\x8c\xc7'\xa7\xe7\x98L\xaex\xdf\xe5\xca\xf5\x80\xf0\
V5\xc4\xef\x1f\x85\xb4Ph|\xd77\x12\xdbI\xf7\
?7\xa0\x06\xb5\xc3\xc71\xed\xe6\xf9<\xd8\xe2\xed\xbc\
\x09\xc1V\x5c\x0fh\xf2Yt\xde^\x5c\xe5\xf8\x8b\xb5\
')P\x1b!#\x92A\xd67$\xc9\xad\xed\xdb\xcd\
\xcf+\xe4\xbb\xaf=\xfd\xad\xfb0U\x9f\x14\xd9\xf1\xcd\
\x93`\xdab\xa1\x168\x82B\x7f\xc3\xb9Ba\xb7?\
\xfeb\x06RO\xe2lu\xaeo\x91\x85\xcaL\xa3\xaf\
\xe1y}m\xf1_\xf7?\xf7\xff\x00\xb3\xce|A\x85\
-\xa6;\xbc\xea\x0d\xa8G\x84\xc4\xd7\x9b^\xfe\x17\xa7\
0\xe2\x0c\x15L\xa9.0\xb2\xcb\xc8P[n$|\
\xaa\x06A\x1e\x87Z\xc3Zz\xf8]\xf2\xed\xf8~\x1e\
\xcf\x1d\xf0~\x15\x8e4\x0a\x05\xd2H\xbbJ\x7f\x03\xc8\
0\xe2\x7f\xf3\x09\xf4\x22\xba}nx\xca\xf3\xae\x7f\xa5\
\x9d\xc2\xa9\x1cM\x84*\xc9\xab\xc7\x08\x01EHoh\
\xf0\x80U\xfd+/]\xb6\xfdI`\xae\xc0x\x93\xff\
\x00\x05v\x85n_9,1d\x7f\x0f\xb8p\xfe\x02\
\xa3-\xae<\x97\x00\xf9(\xd6\xde,\xae\x19<\xdf\x95\
\x8f\xea\xe1\x7f1\xeb@\xc2\xdb\xb8\x84\xb6B\xc1\x83\xd4\
F\xf5\xdfc\xc3\xda\xe7\xc2\xd7\xe5%)R\x12\xd2v\
\x82\x7f*q\xcf\x9ct\xbc2\xf0\x0c\xa4(\xf8\xb6\xe9\
Z\xb9V;W\xf6\xd7\x94\xd3\x9c\x15\xe6&-\xdf\xcc\
\x06\xb3\xe9]8d\xe4\xcf\x1d\x0fizo]\x12\xb9\
2\x87A\x83Z\xb3*\xaa'\xa6\xd2f\x80K\xac\x87\
\x06\xbb\xd6\xd8e\xae\x11\x94\xd8\x0b\x9c-\xb7\x81\x94\xd7\
f>[\x18\xe9\x03\x88p\x83w) s\xae\x99\xe6\
\x97\xb4j\xc5/\x1a\xec\xc6\xe1\xe3\x9e\xde\xe1\xe6]\x03\
\xc2\xb6\x95\x0a\x1e^c\xc8\xd6\xd3<i\xee\xfd\xb9\x7f\
\x19va\xc6j\xc3ol\xed\xafWy\x87\xdc\xb4\xa6\
\x9f\xc3\xaf\x1a\x0f\xda\xdc\xa0\xee\x95\xb6\xa9\x8f%\x0d\x8e\
\xa2)\xfa\xcb\xc9\xfb\xcb\xdb\xc6|g\xf6;\xc7\xf0w\
no\xb0,%v\xb6\x8e\x1c\xc6\xc1\xa4\xa9v\xcd\xac\
\x7f(\x9c\xed\x11\x1c\x89\x1e\xd5\x96^\x0fn\xbb_\xb4\
\xfa\xaewu\xc2\x9cm\xc3\xce\xbe\xbb\xcc1$-!\
\xa5\xaa\xed%\x0b)\x1a\xe5\xef@\xf1\x09\xe4\xb1\xa7Z\
\xc2\xfcl\xff\x00\x03\xde~L\xb5\xc4\x5cE\xc3\x97)\
u6x\xfe\x12\xf9Vau\x85\xe2/\xa5\xd2w0\
R\xaezyT_\x07\x92}\x1f\xb4O\x7f\xf6\xc7\xf1\
\xf6\x1e\xc7uk\xda\x7f\x1eY$\x7f\xd3v\xf9d\x0e\
\x9a\x90H\xf3\xd2+?\xd3\xcb\xee\x1e\xe1?\xfbs\xed\
3\x1fc\xbb\xb7\xed/\x8c1\x06\xda\xd4 c.7\
\xe2<\xfc \x13\xd7S\xf4\xa3\xf4\xef\xe0\xbd\xa1o\xf6\
\x9f\xdam\xba\x02^\xe2\xde1\xb7b\xe4(\x17oq\
7\xdbS\xb1\xbe\xa2J\x84\x8d\xc1\xd3i\xa3\xf4\xf2\x9d\
C\xde\xd1v\x98\xe7\x1d\xe37-[Y\xe3\x5cQ\x8c\
>\x89B\x13l\xe5\xc3\xa7\xc5\xba|(*\xd7\x99\xfc\
\xea\xbds\xe8-|=\xf6s\xed\x93\x8b,\x1cE\xa7\
\x08qH\xb0Z\xc9\x0c\x5c\x97\x90\x17\xac\xc9/:\x80\
\x08;i\xe7Qq\xd7t-8?\xd8\xb3\xb6\xa6\x9a\
[\xa3\x82o\xad\x90\x93\x98\xa6\xeb\x17\xb7p\xaf\xfe\xd0\
\xe2\x8d91\xbf`\xeb\xdfg\x0e\xd5\xf0\xeb\xc4\x1b\xee\
\x1c\xbd\xc0\x12\x13\x06\xe5\xe0\x1d`\x0e\x99\xc6`\x92}\
\x05i\x8f\x8f\xdb\xaa7 \x8c#\xec\xe5\xda\xbb\xce\xdb\
#\x0e\xb5\xc1\xf1D2IG{\x8d\xa2\xdd\x08#Q\
2\x91\xe23\xa5U\xf0]l\xbd\xa2\xb3\x8d\xde\xf6\x93\
\xd9\xc6<0\x9cg\x05g\x01\xc6\x14\xa9C7\xab\xff\
\x00\x18\x13?r\xe9\xf09<\xc2I>\x95\x9e^<\
\xb0\xedx\xe5\xed\xd2_\x07\xe3\xee$\xb5K\xc5\xee\x1e\
KW\x17\x1fw\xf1\xc9\xb7in#\xc8,\x83<\xf9\
\xd67M8X]\xe3\x1e\x19\xbb\x0e\xb5\x8dpV\x1a\
\xe5\xd2\xd9IU\xc6#b\xa5\x026\xf1-2@;\
\x90\x9dk\x1bO\x85?\x898\xef\x820\xa0\xc3\x96\xbc\
-\x85%I%-\xda\xe0\xe1A\x04\x19\x97\x0a\xd64\
X\xd2\x00'\xce\xa2\xe4\x9b\xa5B\xf3\x1b\xe0Lel\
\x86\xf8n\xf5\x0b\x8f\x1aQ\x7f\xdd\xba\xa3\x1a\xe5\x22&\
\x9c\x16\xe3\xf8W\xdck\x85\x1b[\xc17|Il\xea\
W\x08e\xe56\x9f\x09\xf31\xae\xe3]\xe2\x82\xd6?\
B\x18\xc2\xf8j\xf3\x0d\xbcm<Eyir\xd8\x17\
)\xb7\xc5\x8b\xad\x02\x01\xca\xa8u\xac\xc92\x0ai\xcb\
\xf9+'\xd5W\xb1\x1e\x0d\xc4\xf1&\x14p\xdc-\x9c\
I\x00\x82_\xb2\xbf\x17K#\xf9r)AS\xb7\xe1\
4\xd1e\x03\x8cp\x0d\xff\x00\x0b\xb0\xb4c\x967\xd6\
8\x92\xc4\xb5\x86\xa6\xd5`\xa0\x919\x9ep\x8c\xa9\xd3\
\xf0$\xa9Z\x89\xcbL\xb5~\xd1\x8d\xf0\xf0j\xdc\xbd\
}p\xdd\xa9\xcb-\xdb\x05\x05\xbe\xea\xb9xA\xf0\xa7\
\xaa\x95\x1e\x86\xa2\xe4\xa9\x1bg\x08*\x8d$\xf4\xac2\
\xf2*b)\xbc\x030\xda\x09\xea++\xe5\x91s\x0d\
\x8cc\x86\xa4\x83\x1a\xf35\x9f\xebs\xa8\xbf\xd3\xa9[\
N\x1e\x224\x99\xda\xab\x1f*}R\xcc`\xeaF\xe0\
\x89\xadfr\xb3\xf5L[X\x14\xce\x9a\x88\xf7\xab\x94\
X\xfa\xb8\xeb>\x02\x22\xbaR\xb8\xe0\xf6\x09\xc2lR\
\xdc}\xea\xbe\xf1\xd3\xfec\xb2}\xb6\xad1\x89\xa1o\
\xd4\xb0T\xb5I\x03S[\x9c\x09n\xec&\x14ad\
\xe6>G\xa5\x0a?\x87\x5c\x96nKS\xe1\x0e\x97#\
\xc8\x8d?2iX\x95\x81\x0ffpt\xcb5\x16$\
\xfaH\x22\xa6\x91`hjN\x1aD\xc9\xe8N\xbe\xb5\
T\xe1t\xa0$\xd3\x22\x0cM3-4\x81\xcd\xc5J\
M)5r\x83DEQ5L\x89\x89\xf2\x22\x98j\
5\x9e{S\x06.\x7f\xc2u\xc1\xa9o_\xa0\xd4S\
\x9d\x95\x0cW\x0c6\xe0\x82K\x01I\x1c\x890@\xa7\
\x13\x5cs\xb5\xde\x01\xb5\xe2<\x06\xe5\xb7!7\x0c\xa9\
n6\xecjL|\xberI\xad%\x1d<a\xda\xc7\
h\x98\xefg\xfd\x9bq_\x0e_\x85\xdda\xc6\xc9\xcb\
K\x14\xbc\xf4.\xcd\xb2`6\x827B\xd4d\xa7\xc8\
A\x81\x15\x8e|\xee\xb7\xeem\xe0k\xc1\x1e\x22S\xf2\
\xa5#\xa0\x92?\xa5st\x0c\xe12\xbb\xab\xa5\x13#\
4O]I\xd6\x80V\x22\xfeK\x7f\x86\xca\x01rT\
\xe1:\x94\xa0j\x12=L(\xfa\x01G\xfaRo\x0c\
`\xd9`}\xe2\xd4R\xa3o\xf8DIQ$\xfa\x88\
\x00O\x9d(\x11\xee\x97\x19]\xaa\x10>\xfd\x8bu\x5c\
\x94\xe8@W\xe1\x1any\xd3\x02\xb1,C\xbe\xb9\xb5\
\x09qn\xb7\x86\xda\x92\x112;\xe5\xa8JD\xf2\xcf\
\x13\xe6\x93@<\x86T\xf5\xfb\xa0\xa5HS-\x04)\
\xc3\xa8\xd3\xe5\xd7\xaa\x96O\xd3\xa0\xa5\xb2\xd1\xcb\xd7\x0a\
\x8b\xc9\x80\xa4\x14\xa1\xa3\x22@\x12\x22>\x94\xc2n\xed\
]\xcd\xa5\x83\x04\x84\x84\xb6\xe3\x8b\x93:(\xc0\x81\xca\
\x02M3\xd2\xa5\x8b\x15\xa9\xcbv\x91\xab\xaf6\x96\xd1\
\x9fd\x82\xa2w\xf6\x1fJ\x92\x87n\xae\x16\xc6\x14\xe3\
\xe8\x03 \xef\x1di?\xcb\x91!\xb4H\xf7\x99\xa6h\
{B[f\xc0\x10 2\xb5\x18\xde\x0e\x83\xe9\x96i\
l\xcb\xb2Z\x99\xbb\xb2qd\xb6\x1b\xcb.\x01\xb2\xca\
`\x1f\xd2\x82}2\xfb.\xe2\x0e\xa3\x85\xb8V\xcc4\
\xe5\xbaP\xe2\xaf_i\x04\xe8\x92\xb54\x82A\xdd9\
\x96U\x98L\x93]8u\xa4\xd7\xbb\xdd\xb7O\x14`\
\xeeZ\x85\x80\xe6n\xf1\x85\xff\x00*\xc6\xde\x93\xb1\xf5\
\xac\xbc\xfe?|lm\xe1\xf2~\x9eS'<B;\
\x97\x14\xd9Gt\xb2\xa5\x02\x92\x22\x0c\xea>\xb3^\x0d\
\x9a\xe2\xbe\x86]\xcd\xc5\x0b\xb7\xee\xc6\xcfn\x5c\x09c\
\x807\x893\x84^Y\xe2\xd6\xd8\x93Ww\x0c\x97\x90\
\x94\xa3:\x1dFQ\xac\xa9\xb7\x14\x07)\x02t\xab\xc3\
/[\xca\xb1\xf2e\xe3\xbe\xd8\xa6;\x14\xec\x8f\x06\xec\
#\xb3\xbb\x1e\x0e\xc0..\xafm-\x5cq\xe5\xde\xdf\
\x94\xf7\xf7+Q\xddYt\x01)\x01 \x0d\x00\x1eu\
\x96Wu\xa6~L\xfc\xb7\xdb>\xf4\xbe\xa2\xe1n(\
J\xca\xb2\xf2'P<\xaa\x08j\x1e\x99\x88\xf2\x22\x8d\
\x16\xc8\xc7\xf8{\x0f\xe3.\x1c\xbf\xc0\xf1D\xa9V7\
\xadwk(\xf9\xd0F\xa9q\x1f\xe6J\x80#\xd2\xb4\
\xd4\xea\xf4\xce\xdb,\xcb\x1e\xe3\xc4}\xa1p\x1d\xf7\x09\
b\xf7\xb8&*\xd0]\xc5\xa9\x05.\xa0x\x1fl\xfc\
\x8e'\xc9C_##\x95y\x9e_\x0d\xf1\xd7\xd0\xfc\
_<\xf2\xe3,q\x9e,\xc3\xd2\x8c\xc1'q\x1bj\
\x0drY\xaa\xfa\x1f\x0f\xeev\xcf\xb1\x0d\xa6\x19\xc6(\
\xe2\xae\xce\xf1\x82\xa6V\xa4\x0cg\x0a\xbcm#3k\
\x10\xdd\xc3p~d\xff\x00\x84\xb2?\xd4Ez\x1f\x13\
\xd79\x96\x19\xff\x00\xb7\x87\xfeg\xf5<\x17\x0f\x91\xe3\
\xff\x00W\xff\x00o\xfe\x0b\xed\xeb\xb2\x1b\xfe\x07|5\
v\xd2T\xd3\x99\x96\xd5\xc3Z\xb6\xeat\x00\x83\xfa\x83\
\xa8\xa9\xf2|{\x86[\x9d9\xfe7\xcb\x9el\x7f\xb8\
\xe3V\x98\x10J\xd2S\xa2\xd2s%Cy\x1a\x83\xec\
b\xb92\x9a\xed\xd7\xbd\xd7\xaaxw\x17\xff\x00\xc4\xf8\
\x05\x96$\xd2\xb28\xe22\xbe\x89\x92\x87\x93\xa2\xc0\xf7\
\xd7\xde\xbb\xf0\xbe\xf8\xcb\x1e7\x92~\x9ew\x1a\x9e\xc3\
q\x13j\xe0A%\xc2N\xb9\xb9\x7fJ\xa69r\xe8\
\x98\x063-\xa4(\xea+I\xcf\x0e<\xa2\xeda{\
\xde\x84\x90}\xea\xbbDX-.@O\xadT\xbaF\
X\xfb%\x99x(\x08\xde\xba\xb1\xcbn<\xb1\xd0\xc4\
.k\xa2W5\x87\x12u\xabI[S\xe9%M0\
\xcc\xa0\x8a\xdbl\xac\xd1%\x13\xbd=\x91=\xcazk\
U\xecZg\xc2\xb6\xad\xd2>\x94{\xdf\xc8\xd1\xa5a\
v\xab*R\x98B\x8a\xbebF\xa7\xd6\x9c\xf2\xe7:\
\xa3\xd6#1\x1e\x06\xc0\xb1t\x94\xdea\xb6\xef\x83\xbe\
v\xc1\xadg\xc9\xf2\xe3\xd5O\xe9\xe3U\xdb\x9e\xc1x\
\x12\xec\x10\xef\x0f\xdb)$AH\x90#\xda\xaf\xff\x00\
\x17\xe5\xfc\x8f\xd3\x82p\xde\xc4\xb8\x0f\x09ZWm\xc2\
xZT\x9d\x94\xbbt\xac\xfesY\xe5\xf2|\xb9M\
\x5c\x8ea\x8a\xd3c\x81\xe1\xb8b\x02l\xf0\xfb[D\
\x8d\x92\xc3\x09@\xfc\x85ar\xca\xf7W\xa9\x15\xbe!\
\xec\x87\x85x\xbb\x1a\x18\xae;\x855\x8b\xdd\xa5\x01\xb6\
\xfe.T\x86\x905\x09Jv\x02u\xf3&\xba1\xf9\
9\xe1\x87\xa6\x1cB\xd7+\x16\x0d\xc3\xd8_\x0e\xdbw\
\x18^\x1dk\x87\xb3\xff\x00\xcb\xb6e-\x8f\xc8V\x19\
g\x96\x7f\xca\x9f\xfaH\x1f:\x80\xd03\xe9L6D\
\x88\xa4\xa0\x0e\xe08s\xef\x07\x97d\xc7z\x0c\xf7\x81\
\xb0\x15\xf5\xadg\x97<z\xa9\xb8\xcac\x1c\xe1,\x13\
\x89\xb0\xb3\x86\xe3\x18M\x96+\x87\x93\x9b\xe1\xaf-\xd2\
\xea'\xa8\x0a\x04\x03\xa9\xd7z\x9f|\xad\xde\xc4\x9ay\
s\xb5_\xf8~\xe0\xf8\xa2n/\xfb8\xc6\xdd\xe1\x0c\
Ed\xaf\xf8}\xc1S\xb6+1\xa0\x11\xe3o\x9e\xb2\
\xad\xf6\xa8\xbc\xae]<\xab\xdao\x06v\x9f\xd8\xb5\xe5\
\x9d\x87\x18a\xb7,\xda\xdc7\x9d\x18\xde\x0c\xe1\xee\x03\
\xbf\xcb\xde\xc6R\xa0r\x8f\xbc\x09&`\x0a\xce\xcb\x17\
\xed\xbe\xdcs\x1d\xbc8\xbd\xd9u\xeb\xd6\x9dyh\x04\
<\xed\xaf\xc3\x87@\xd8\xac&RU\xc8\x98\x07J\xce\
\xdd\x0d!.p'V\x94\x96R\xd5\xc8#T\xb0\xea\
V\x07\x9e\xe0\xc7\x94M\x13\x22\xb0\xc3\xb6\xb7\xebJ[\
z\xd5\xe7\xdb\x1f(Z\x09#\xfd&\xaeT\x09\xc30\
\xbb\xe4\xa2\xff\x00%\xa3\x8e\xdb\x1b\x17\xf3\xb6\xfaBr\
\x98\x1a\x99\x88\xd65\x15[\x08\xa3eo\x86\xbc\x97\xf0\
\xf7\xd3q\x88\xa0\x19u\x93\x98[H\xd7\xbb\x5cx\xd5\
\xfea\xf2\xf2\x93\xad\x16\x8d&\xf8_\xb4\x0e-\xe1\xb6\
\x13ka\x8f^*\xc3\xff\x00\xf0n\xdc\xef\xed\xcf\xfd\
\x8b\x98\xf6\x8a\xca\xe5\xa5M\xa6U\xc4\xa3\x1fp\x1cg\
\x0emj*\xcc^\xb2i\xb4\x12\xa3\xb9))\x83\xf5\
\xae\x5c\xbc\xba\xad\xf1\x92\x8b\x1c+g\x89\x12\xe6\x1fy\
l\x93\xa0\x16\xcf7\xf0\xee\xfe\xa5$\xf9\x83\x5c\x99y\
w\xd3Y\x87\xd9j\xe1{\x8b\x15d\xba\xb7q\x92\x9d\
\xca\x93\xa7\xd6\xb92\xf2Y\xc3Y\x81\xc4`\xf9U \
f\x9eU\x13\xc9vw\x1d\x0fg\x0a\x12#^zV\
\xf8y\x19\xdcR\x0d\xe1cC\x135\xd5\x86{c\x96\
'\xd1fQ\xcb\xe9]x\xd66>\xa8\xe1\x16\x02\xe6\
\xf4\xb8\xb1,\xdb\x90\xa5\x7f\x99|\x93\xed\xb9\xf6\xafB\
F;X\x0a\xf38\x90u\x9f\x11\xad\xa4I\x9b\xf6\x83\
\xa0&?\xccG\x97\xfe\xb5r\x92\x02\xf1\x05\xb5\x12=\
hi.\xccY\xde\xc6 s\x1d\xd0\x11?S\xfd)\
\xefj\xd2\xc7eq\xe2Q;\x08\x83\xed\xaf\xebJ\xb3\
\xa9T*EgRx\x1d\x0dA\xc3J\x10\x92F\x91\
\xadP.\x81\xd1'jgH\xda\x81\x0a\x1a\x1a\x01\xc1\
\xb5E\x0d(S\x894\xb1W\x01\xb8\xaa\x84\xc8\xa6\x09\
0\x12I\xdbz\x08\xc9\x11n\xb2\xa1$\x82\xa29\x19\
\xa7\xfe\x89\x1a\xd1-5j\xc1\x05J\x00\xa1#\x9a\xb6\
\x8f\xcai\xef\xed*\xb7\x134\xb7\xd2\xdaG\xde<\xa7\
;\x95\x84\x89\x08IQR\xb2\x8e\xa4\x01\xae\xfa\xfbU\
\xcf\xca~\xdf8\xbe\xdfx\xb5\xa5\xa3v\x16\xcc$\x97\
on\xde^w\x14\x01S\x0ceJ\x14\x907\x05d\
\x8dz\x0a\xc7\xc9\xb6\xf8\xdd\xbcW\x88[\x22\xd9\x86O\
|\x5c{\xbaK\xd92\xe9&LOP\x12>\xb5\x87\
k\x03\xc3\xe3\xbb\x0f\xbcg\xc2\x04\x8d\xc0\x19\x7f\xac\xd3\
\x01^eWn\xa5\x96\xe7\xbdt\x04$\xf3\x05@k\
\xed?\x95H^q47n\xc2m-\xd0\x5cG\x84\
)J\xf9\x8aB\x02r\xf9\x9d\x95\xefN\x1a,!\xbb\
_\xe2\x8f%*]\xcc7j\x826m\x0a!3\xfe\
\xa8\xcc|\x84u\xa05\x83\xe1\xe4\xae\xcd\xa3\x19\x9dy\
\xdb\xd5\x95\xa7R\x9c\xca)H\x1c\xc4\x09\x8e\xa4R#\
\x8d\xbd\xde\xb1r\xfen\xed\xb7\x1d\x01\x01gB\x84\xee\
\xa5\x0f\xfb\xb4\xa7\xa3\xd9N\xb0\xb7\xef\x1c\xb6\xee\x94\x14\
\x14\xdaT\x93\xf8t\xd4G\x94\x8a:\xe8\x92w\x17\x07\
2\xb2$\x04\x22\xd9\xc4%\xc8\xdaHJ\x7fSL+\
W$9\x8c!K%I\xb5\xb7\xef\x94\x144\xceN\
V\xd2G\xf2\xc9'\xda\x97\xd9\x86\xe27\xc9\xc3\xda\xb6\
 \x05%\xac\xc7/0\xa5\xc4\x1e\xbf,\xd0\x01\xdc\x0c\
\xa8e)\x05E,[\xb6\xa2L\xf8\x94\xa3\x98yl\
4\xa3F\x92\xc3\xd5\xff\x00\xc3\xa5M\x85\x03p\x93\x94\
nu\x88\xd7\xda\x96\x8b\xed\xf4\x97\xec\x99f\xacK\xb3\
\xfe\x1b\xbdeE\xb6-\xec\x91h\x82\xa2c\xbdB\xd6\
\xa4\xe8v\x92\x98\x8eyt\x8a\xea\xf1\xc9g(\xcb\x8e\
\x1e\xeb\xe0\xcb\xae\xfd\x9c\xf0S> \x09\x98\x07P*\
\xb3\x9c\x16(\xae2\xc0\x90\x1e{\x11\xb6@S.*\
.Y;!GL\xe3\xc8\xf3\xe8u\xaf/\xe4xu\
\xfb\xe3\xd7\xf8\xbe}\xcf\xd3\xcb\xff\x00%`\x950\x80\
R\x16\xe2\x01\xf9F\xaaH\xfd\xc7\x96\xfd+\xcdz3\
\xb3\xe8p\x10\x09PP#\xc2\xa1P\xd0J@\x06@\
\x90\x06\xbe\xb4\xf4[\x10\xd9\x89\x10\x929\xd1\xa0=\x97\
\x8fRH\xa6\x9a\xe3?jk|\xd8\x7f\x0b\xe2\x0am\
%\x948\xfd\xab\xaf\xe5\x92\x02\x92\x16\x81=<*1\
\xe4j|\x92e\x86\xab\xbb\xe1My2\x93\xba\xf2g\
\x17``9!\x19\xc2\xb5\x91\xb1\x9f\xda\xbc\x7f&7\
\x17\xd8|l\xb8\xd3\xa6}\x8dpSg\xda\xf38\x89\
D%\x8c6\xec(\x8d\x86d\xa4k\xef\x15\xbf\xc3\xdf\
\xea\x7f\xdd\xe6\xff\x00\x9a\xbf\xf0=g\xe6={\xc4\xbc\
\x1a\xc7k\x98\x1d\xd6\x0dz\x14\xce\x1a\xb9\xc9x\x12\x0a\
\x9bt\x03\x95H\x9d\xe2u\xe4D\x8a\xfa\x0f\x17\x82\xf9\
%\xdfO\x87\xcf\xe4\x7f\xe1\xf2\x97\x1f\xe4\xf0\xd6)\xc1\
\x97\xbc%\xc4\x98\x8e\x0f\x893\xdd_X\xb8\xa6]\x1c\
\x89\x1b\x11\xe4A\x0a\x07\xa2\x85y?'\xc3|wU\
\xf4~\x1f\x91<\xb8\xcc\xb1\x5c\xfb4\xb9U\x83\xaf\xe1\
\xcb\x0a\x08\x7f\xc6\xd8;\x05\x81\xfb\x8f\xd2\xb9\xfc7\xd6\
\xfa\x97\xc8\x9e\xdf\xb9y\x1d\xea\x15\x19$\x0dB\xa7\xc3\
]\x15\xcb\xc2\xc1\x80\xe2\xcaJ\xc4\xfc\xc3r?Zr\
\xe9\x8eX\xee:.\x0b\x8a\xf7\xa8NU\x04\xa4\xfe/\
:\xd5\xcbf\x96\xcbK\x92\x22O\xb5\x013iu\x07\
y\x1c\xaa\xf1\xcbL\xf3\xc3q2\xc3\xa1Bk\xaf\x1a\
\xe0\xcb\x1d\x0bI\x04V\xf1\xcfx.\xa9-\x8d\xfaS\
\x0d\xa4\xce\x95q4\xba\xa6l\xa0\xd9A2\x85FP\
+\x5c\xe8.\xdaR\x82D\x9a\x0f\xa6\x0dD\x9d\xe8.\
\xdb\x02(\x160\x9d(Q\x05R`Ui%$@\
\xa4p\xaaF\xca\x03(\x0c\xa0\x01\xc6\xb0L?\x890\
\xab\xac3\x15\xb1\xb7\xc4\xb0\xdb\xa4\x16\x9f\xb4\xbal8\
\xd3\xa9;\x85$\xe8E\x01\xe4\xae\xd2\xff\x00\xe1\xbd\xc1\
\xf8\xbe\x19\x89\xbf\xc1\x98\xa6!\x81b\xee-w\x16\xb6\
\xb7\x8f|E\x92\x16u\x0d\x80Ft#\x94\x85\x12\x07\
#\x15\x17\x09U2\xb1\xf3\xf7\x8e;<\xc7\xbb;\xe2\
+\xcc\x0b\x89p\xa70\xccV\xcdIK\xcd,\x85\xa0\
\x15\x09NU\x8d\x14\x08\xd4\x11\xb8\xae,\xb7\x85\xd5i\
.\xd5\x97\x1aQ\x10\x95\xa8u\x12@\xad&[\xe56\
h\xeb\x0d)\x8b\x0b\xfb\xa2J\x96\xbc\x96\x88R\xf5\xf1\
(\xe6X\xff\x00\xca\x81\xf5\xad%A\x9bl<8\xa0\
\xb6Ov\xe8\xd4\xa0i>i\xfe\x94\xadT\x89[k\
\x00\xf2B\x82!\xd4\xfc\xc9\x88\x0a\xf3\x03\xafZ\xe4\xf2\
g\xbe\x9a\xc9\xb4\xde\x1f\x85\xcaG9\xe7^~~G\
F8\xac\x16xJ2\x83\xdd\xcfI\x1a\xd7\x9f\x9f\x97\
\x9e]\x13\x1d'\xed\x99\xb9e\xb6\xdbK\xce\x86\xd3\xaa\
S\x9b@O\x95a|\xbb\xad\xe6:\xec\xfb\xb6A\xdd\
\xd0\x80G\xe2Jc7\xd2\x9e9\xf2\x9c\xb1\x85'\x0e\
\x02\x0eS\xafZ\xe8\xc7&V\x1e\x16\x99\x001\xa7\x9e\
\xe2\xba\xf0\xcbll\xd1\x0a\xb5\x00l\x08\xae\xdcsa\
q\xd3\xea\x9d\xb5\xa8\xb2\xb4i\x84\xea~e\x1eeG\
s^\xfe3N\x02\xdb\x95\xb9\x9a75a\x8b \x85\
(lN\x9e\x83\xfb5D\x88\xc4\x1a\x94*\x85EZ\
\xe8)\x87P\xb1>\x17\xff\x00-\xaaZ\xc5\x87\x01\xbf\
\x17M\xaaO\x88(\x9f\xfbf*\xb6\x9c\xa2\xc9l\xf1\
)L\xee44i\x88\xe0~\xeey\x9a\xc7\xec\xd8\x06\
l\xc3\x91\xa0\xdaN\xa8O\xa5\x1fa\x8a\xa6\x0c\xabz\
\xb0Z\x0dM\x07\x12ji\xf4\xd9\xa5\x01\xb5\x0dj\xe2\
M\x91\xadQ\x134\xe0\x849\xe2\x84r;\xfaS*\
M\xc1Kv\xef-G*B\x14I\xe8\x22\x91\x22\x98\
k\xbb\xbb\xb4\xbaZr.\xe4%*\x1c\xc1\x09\xf0'\
\xd6$z\xd5q\xaa\x15\xfe$u,\xe0\xf7wi\xf1\
\x14\xba\xb0\x8c\xbf\xea\x89\x07\xdb\xf2\xab\xb7h\xd3\xe4\xf7\
\xdb\xa2\xe3\xba\xed\x0b\x03\xc2\x95\xa1\xb0\xc0\xday\xc6\x86\
\xe1W/)`\x8eY\x94\x94\x83\xa7#Xg[\xe3\
\x1ef\xc6\x80\xb3v\xe0 \x85eN\x91\xb4e\x1f\xb9\
\xac\xa9\x85\xc2\xdb\xf8|\x17\x13r\x0c\x86\xc1\x99\xf2;\
\xd1)\x9c\xe1\xcb3u\xc4\x16-\xa8\x09.! \x13\
\x00\xc2f\x0f\xe4)p\x16\xbcB\xe0\xb2\xa7\xde\x09\x0a\
\x06\xe5\xcf\x02\x94\x01)@\x98\x1e\xaa\x81;i\x14\xe1\
\x81e\xa4\xb5\x86\xe1\xcd\xdcx\x9du\xe3p\xea\xd2|\
\x1a\xc9\x0a?B}\x85\x22\xad\xd8\xe5[j\xc4.V\
K\xad\xdbf\x12`$~\x14\x8f_\x0c\xc7\x9d0n\
\xd2\xd9\xb5\xd9[:\xf3\x85}\xe4\xbe\xbc\xa3\xc4s*\
@\xd7\xc9#\xe8h\x94$-J^\xba~\xe0\x90\x5c\
[k}\x12\x9dU\xca\x07\xae\xfa\xf4\xa7\x01\x17\xcb\xcc\
\x8b\x85)\x07+hK)JL@I\x0a;u$\
k\xe7@W\xdcmO<J\x82K\xd7\x17\x19\xa4\x1f\
\x16T\x1c\x89\x1a~\x1c\xd2i\x04\x7f\x11\x80\xee*\x96\
PN@R\xcaI\xe8\x91\x03N\x92I\xa2\x8e\xc9\xbf\
\x19q\x16\x12\x84\xca\x81C\x99A\x93!P\x93\xef\x04\
\xfb\xd31H#\xbf\x17)\xca\xa9\xb9T\x8d\x0e\x99\xe4\
~\xff\x00J\x93}@\xfb\x18\xdd\x01\xd8E\x8bO)\
.\x1b[\xa7\x94\xda\x06\xa5-\x85\xa9\xc0\x0ck\xe1.\
f\x04\xc4\x83]^)\xc3<\xbbz\xaf\x83\xb1\xd4\xd9\
\xe7eK\x03\xbaYO\xaaN\xa9'\xd6H\xf6\xad\xb8\
\xa9\x9cU\xab\xf8\x9bn\xbe@\x08q\x0e\x02\x95\xb4\xad\
A\x07pj2\xc7x\xe9x\xdb*\xb3\x8da?\xc1\
\xef\x00\x19\x97h\xeas\xb0\xb3\xa9\x8f\xe5'\xa8\xdb\xe9\
^\x0f\x9f\xc7p\xbb{\xde\x0f'\xea\xe3\xcfh\xe0\xcc\
(\x94|\xfc\xc4\xe8\xb3\xd7\xc8\xd7%u\xce\x0f\xb0\xfa\
J\xca\x09\xc8\xb1\xf2\xf2$t\xa2\x0a(\x03\xd0\xc0\xe5\
U\xd2vR^\x1f2\x14#s\xad#C\xf1\xd7\x0e\
\xb5\xc7<\x13\x8c`w\x0aJUqn\xa50\xfc\xff\
\x00\x82\xfa\x06f\x96\x09\xd8\x85\x0d\xfa\x13D\x9b\xe2\xb5\
\xf1\xe7|^L|\x98\xfd_\xff\x00\xab\xc4\xcd\xde\xb7\
\x83\xe1\xb8\x17\xfe%U\xa5\x9bX\xbd\xba\xeemT\xdd\
\xc8R\xad\x82U\x0aE\xc2H\x193\x02\x16\x92\x0a\x81\
I\xde\xb1\xf3|l\xb1\xc6Z\xfa\x8f\x8f\xe6\x9f#\xcb\
\x9c\xf8\xf2\xdf^/\xf7\xfe\x9e\xac\xfb=vb\xd2p\
a\x8c0\xfbn\xd8bm\xa1m\xddZ\xb8\x14\x97\xd8\
\xf9\x80mCB\x09\xddC\xa4W\xa1\xf1>$\xd7\xb7\
\xd3\xe5\xff\x00\xcb\xfc\xdc\xbfS\xf4u\xab\x8f\xff\x00\x8a\
\xf4e\xb5\xb3V\xb6\xcd\xb2\xd3im\xa4\x08JS\xa0\
\x02\xbd\x8e\xba|\x9d\xb6\xdd\xd7\x17\xfbG\xf6F\xdf\x17\
a\x1f\xf8\xa7\x0cc65\x86\xb7\x96\xe5\x08\x1a\xdc\xdb\
\x09\x9d9\xad\x13 \xf3\x00\x8e\x95\xcb\xe7\xf0\xcf$\xd5\
\xef\xe9\xe8|O\x93|9j\xf5^^a\xb5\xb4\xf3\
n \xe5ZU\x99+\x07n`\xd7\xccy0\xb8d\
\xfa\xbc3\x99\xe2\xe8-_\x0b\xfbf\xeeZ\x10T!\
i\xfeUs\xfe\xfc\xeby}\xa6\xe3\x97)\xeb\x96\xa9\
v\xd7%\x97\x01 \x0a\x12\xb7`8\xff\x00v\xa0\xde\
\xe3\xaf\x95^\xd8e\x8f;t<'\x17K\xec\x8c\xab\
\xd0\xf4\xaac\xa5\x8e\xca\xf4e\xe8\x05%v\x9c\xc3\xaf\
s\x00\x0dm\x86Zs\xf9p\xfb\x89\xa6\x1e\x9a\xec\xc7\
'\x9f\x96\x22\x92dV\xd1\x83\x050\xdd\x1d\x11{\xd6\
\xa8n\x83e\x08e\x0be\x09jc\xd6\x83\xe9\xac\xb2\
d\xea\x7fJc\xb6\xf6\xa4l:PT\xda\x94T`\
Ui%\xa50)Z\xa9\x0a\xa4l\xa02\x80\xca\x03\
(\x0c\xa02\x80\xe0_k\x8f\xb35\xbfo\xfc\x1c.\
p\xb41m\xc6\xf8R\x09\xc3/\x1eYJ\x1dA \
\xae\xdd\xc8\xd3*\xa3BA\xca\xa8\x22\x013\x9ex{\
\xcd\x1c\xba|\xad\xe2<)X\x1e1\x7faqmu\
eqd\xe9a\xfb{\xc6\xca\x1ei\xc4\xe8\xb4\xa9;\
\xfc\xc0\xc7\x94W\x9fg\xad\xd5o\xdc1\x89Y\x9bq\
mbH*a%n\xa4rupT\x09\xe7\x94\x04\
\xa6yA\x15\xb5\xcbQ\x1e\xa4\xdbZe\xcb\x03\xfa\x0a\
\xc7<\xf8\x5c\x8b.\x1fn\x97\x80/\x0f\xbd\x9d\x1d\x1b\
\xfa+\xaf\xadpg\xe4\xfbo\x8e+%\x96\x1d\x95i\
\x04\x0dv\x8a\xf3<\x99m\xd7\x86)\xfb\x1b\x01\x02D\
O.\xb5\xe7\xe7\xe4\xd5\xd3\xa6O\xb4\xbb8t\x00c\
M\xe7z\xe7\x9eK\xb6\x9e\xa2S\x86\x84\xa4i[\xe3\
\x9an-\xaa\xca\x0f\xcb]8d\xc3(mv\xc2\x00\
\x09\xd7\xf2\xae\xff\x00\x1d\xfc\xb1\xbc\xc0\xeb\xb5\xcb\x02#\
\xcc\xd7n\x15\xcd\x94\xd3\xea\x03\xab\xd0\x91\xbc@\xaf\xaa\
y\x9d\x94\xcc\x86\xcf\x90\xde\x98b\xd1\x0d\x809\x0ad\
\x8d\xb9Fc\x11L*\xf8\xaa\x14\x8bG]F\xab@\
R\xf5\xf23\xfbR\xd3ICaw\x7f\x02\xf3\x0ej\
\x11\xb9\x1dRu?\xad\x124\xd6\xe2\xf7j\xf0\xce \
\xcaT$\x7f\x7fJ\xbb\xd3\x9a\xceS\x09\xd5\xb4\xc6\xe6\
\xb9\xeffP0\xaaG\xf6J>AN\xf6\x18v\xa0\
h\xc2\xf4\xab\x056iPy:\xd4Sn\x90$\xeb\
M&\xd4*\xe06j\xa1\x12\x9dIW]\xbd)\x83\
W\xa0.\xd9i\x22A\x06A\xf4\xa7;M\x88\xfcQ\
\x0bv\xc1(d\x81r\x90\x97ZQ\xd7*\x93\x04\x1f\
}\xbf\xee\xa6\x14\xeci\xc4\xdf\xf0\x9evQ\x16\xce2\
\xb5-\xb3\xa1)\xce@\x1e\xa0\x93\xaf=\xaa\xafi\xb1\
\xf27\xed\x83\x8f#\x8a~\xd2\x5cL\xab|\xcaf\xde\
\xe2\xd7\x0cm+I\x11\xdd!)\x02\x0e\xb2&\xb92\
\xbc\xb7\x9cp\xf3\xee4\xe4!\xd2`\x05\xafS\xd6'\
A\xe5H\xceX \xb9\xc3\xd7\xad\xa5P\x0b\xa1\x0aQ\
\x1c\xa0\x7f_\xca\x80\x9d\xe0\x1bT?\xc4w7%\x08\
S6\xe89P\xae{\x80G\xa0\x14\x1c\x84]\xbaW\
\xc3\xc5\x09Wyr\xf2\xdb\xb7\x04O\x8b\xc1\xde\xb9\x07\
i\x92\x81\x1f\xd6\x8a\x0a\xc4\x0a\xd0\xd5\xc7v\x00\xca\x86\
\xad\x18G!\x9b\xe7'\xc8\x09\xa4F\xae\xdaS\xed]\
ZZ\x05\xbe\xe45n\xca\x10\x99+qFTG\x99\
\x81\xe8(\xec\x0dx[3|\xabD(8\xc5\x9b#\
\xbdu:\x87\x5c\x8c\xa0'\xcbB\x07Q\xe4i\x98\x8c\
>\xe9\xef\x8e\x0d\x92\x94\x146\x96\x94\xe0\x80\x03\x84I\
\x9f`G\x94Q\x06\xc3\xde\xb4\xa7\xad\x9f\x0d\xa8!\xd5\
%NI;\x05-1\xa7\xfd\xa4\xc7\x91\xa3\xec!\xd9\
q.^=t\x9f\x0bv\xc8\x09f6\xf2\x03\xf3U\
\x04\x83\xbbA\xb8\xc7\x9ak4B\x90\x90\xbe\x8a\xdc\xcf\
\xb8\xa2\x99Ww\x1d\xe60\x5cH>\x06\xda\x00\x01\x05\
P\x01\xdb\xdc\xd1\xa2H\x1bF\xd2\xc5\xcafB\x16\x88\
#\xf9JI\x9fcIO\xa5?a\xf7\xdc\xba\xec\xe6\
\xe5\x17\x0bQ[\xc8\xb4\xc4\x1bKm\xa7\x22B\xd9\x0d\
\xa8\x1c\xa3\xe7=\xd2I\x07y\x9eu\xd7\xe2\x95\x9e\x7f\
N\xff\x00\x85\xe2?\xc3\xb1V\xac\xdfy%.\xa5I\
C\xc5YB\xb2\xf8\x933\xb1)&?\xd2D\xd6\xda\
B\xd8\xd5\xd3\xad8\x97\x10\xec\xe4\xd4A\xa7\xad\xadf\
\xb6\xc4Z\xc5-\x85\x8d\xf2\xb24\xe7\x89\xa7\xc6\xb9\x15\
\xc8\xff\x00Q\x5c\xdeo\x0c\xcf\x17G\x8b\xcb|yn\
 n\x90\xfd\x85\xc2\xed\xdcOv\xf3f\x08:\x83\xd0\
\x83\xd0\x8dA\xf3\xaf\x9c\xcf\x1b\x86Z\xaf\xa1\xc7,s\
\xc6e\x18\xe1B\xb4!+I\xd5)P\x98\xa92\x90\
\xda\x1bX!\x09\x0b\x225\xdaG\xad=\x8dm\x86\xf5\
\xb0\xada*\xeb\x97qS\xb3\xf5\xfc\x00\xbf\xc7\x91d\
\x82\xe9X\x81\x13\xe5\x14O\xc8\xd3\x85}\xa0~\xc8W\
]\xbf\xf0}\xcf\x17\xf0\x9bH\xc28\xc7\x0eo5\x85\
\xb9\x84\xb1\x8b6\x09*iI\xf9[&HJ\xb6$\
\xc1\x00\x19\x1e\x9e\x1e,\xb3\xc3\xf7\xff\x00\xe4\xaf\x8b\xfe\
Z\xff\x00\x8e\xf3k\x0eq\xbd\xff\x00\xf5\xfd\xad\x9f`\
\xe4q\x16\x1b\xd8\x1d\xbd\x9e/oyf0\xecZ\xee\
\xd2\xda\xd2\xfd\xa54\xf3\x0d\x05%Jd\xa5z\x80\x87\
\x14\xe0\x1c\xa3m\xab\xd2\xf8^?O\x1d\xc2\xb8\xff\x00\
\xce\xfc\x8f\x0f\xca\xf9\xbf\xaf\xe1\xff\x00\xaaM\xff\x00\xbf\
\xff\x00\xa6\x9e\xa7\xb2\xbb\xef\x9a\x04\xef\xce\xb5\xcf\x1dW\
\xcf\x9em\xd2\xdb\x9aLVw\x1d\xc18y\xbf\xb7n\
\xc8\x91\xc3\xf7k\xe2\x0c\x1a\xd1-\xe0\xef\x99\xb9e\xbd\
\xad\x9d'\xe6\x8eHQ>\x80\xf4\x04W\x97\xf2\xbe?\
\xeaOi\xdb\xd9\xf8\x7f*\xe1\xfb2\xaee\x819\xf0\
\xd7\x8beg\xee\xde@\x8eP\xb1\xfd\xc5x\x98\xe3p\
\xcbU\xefefx\xee\x0d\xba\x0aiFI\x00t5\
\xa7\xdb.\xd9\x87\xe2\x05\xb5\x82\xa2R7\x14\x22\xc5\xd7\
\x02\xc7\xd4\x92\x98p\x14\xed\x00\xd5m\x85\x8b\xde\x15\x8c\
\xa5\xd4\xa4\xa5zm3\xb5\x14\xa2\xd9\x86\xe2!P\x99\
\xa5.\x8e\xcd\xac\xb6W\xb2\x06\xb5\xd3\x8en/'\x8d\
0\xc3\xb9\xd33]\xb8\xe5\xb8\xf3\xb2\xc7T\xec\xcdh\
\xcc\xa0i\x86\xd2j\xe2iuD\xca\x10\xca\x15\xa3\x0e\
?\xa9Kc2\xba\xf2\x15s\x1f\xba[\xfc\x14\xdaH\
\xd4\x99Q\xdc\xd2\xa0\xe0\xda\xa5L\x98\x14\x17F\xc9*\
\xd0Ut\x92\xd2\x80\x91J\xdd\xaa\x15H\xd9@e\x01\
\x94\x06P\x19@h\xd0\x186\xa07@y\x7f\xed\x7f\
\xf6[g\xb4\xeb%\xf1\x9f\x0da\xe9{\x8c\xb0\xf6\xa5\
V\xad\xc2\x0e \x84\xea\x91\xe6\xeawL\xe8\xa8\xcac\
B2\xcf\x09\x94V7O\x9a\x97\x98[\xd67\xae\xb3\
p\x09x-AJT\x82U><\xc0\xea\x16\x15!\
I:\x85H5\xc1\x94\xf5\xbao9\xe8]\xa5\xb92\
c\xd0\x0a\xe5\xcd\xa61a\xc3m\x81\x09:\x0f)\xaf\
/\xcb\x96\x9dXM\xf0\xb6a\xd6\x80\xa4i\x03\x90\xaf\
3\xc9\xe4\xae\xecf\xe2\xcbcf\x95 F\xa2'J\
\xf3\xf2\xc9\xbc\xc5*\xdd\xa8\x00(D\xd6S#\xb0B\
-6\xe69u5\xb69\xf2\x9b?\x0d*\xd0o\xb0\
\xf2\xae\xdf\x1eL,\xd8G\xad\xe0I\x11\x15\xe9a\x5c\
\xd9@\x85\x8d@\x99&\xbb\xb1s\xd9\x1fI\xddT\xa8\
\x0f:\xfb\x17\x91\x05$}\xd0\x1dH\x1f\x9d\x22-z\
\x8a G\xbe\x81>\xf5[\x0a\xdd\xe2f\xcf]\x883\
\x1ed\xd0\xa5|$\xb6\x90\x95\xc9R<$\xf5\x8d\xbf\
!S\xb6\x92\xad<7\x88\xfcE\xa7v\xa3.1\xb6\
\xbb\xa0\xedZNS\x94\xfb\x5c\x18t)-&u\xcb\
>\xd3X\xdf\xb4A\x11\xa8\xac\xc3I\x1a\x0acM\x11\
L\xf82\xbd\xea\xc8\x94\x1dh!\x08:Vt\xcb\x14\
\x85\x84\xd3\xff\x00dB\xc4\xd5@ez\xe9\xd7\xf4\xab\
\x84\xd4\xe9L\xbf\xd0|E\xc0\xd5\x93\xae\x19\x84\xa4\x9d\
\xa9\xce\xc5\x05p\x85,%\xb4\x98q\xd5%%_\xca\
:{\x0f\xce\xaf\xe9*>+\x88\xdb\xe1\xf8Jn\x1c\
\xfb\xbc9\xa4\x97\x9cO\xf24\xda\x94T\x80\x7f\xcc\x13\
\x03\xcc\xd4\xdd\xfd\x09\xcd\xdb\xe2o\x16\xf1E\xd6=\xc6\
\x98\xc7\x11>%\xfb\xacB\xee\xfdIX\xd5*R\xd7\
\x94\x1f4\xe6\x03\xfe\xda\xe6\xb5\xb4s\x9cA9\x12\x90\
\x04\xa5$\x82\x14w\x09\xd8Q\xc1\xa60v\xd2p\x17\
3\xab\xee\xd6\xea\x94\xa2|\x80\xdf\xe8)\x05\x83\x04`\
\xd9p\x0d\xeb\xe9n.q\x02\x19C\x9c\xf2\x9d\xe3\xd8\
k\xf9\xefA\xef\x80\x96v\x81\xe7\xad\xda\x90\xb6\xcb\xb9\
\x92\x94\x93\xf7y\xa0\x95\x0f8H\x1fJ?\xb0\xd5\xc5\
\xc87\x8ajr\x06!\xd5\x00\x99\x95\x8f\x11\xf4\xca#\
\xcaM\x14\x834\xb5\xdc%!!I*!\xdc\xe8\xf9\
\x9cY\xdbo#\xcb\x95(\x0f\xb1p\x1dE\xdd\xc2\x10\
\x0a{\xce\xe9\xbc\xaa\x81\x02\x06o\xd7\xd2\x9d\x02\xee\x5c\
M\x9d\xa3E\xc4xW\xde\xba\xea\xc6\xf3\x01\xb0\x90y\
\xee\xb3\xe5D\xd1\x84\xbdS\xac\xda\x5c:\x8c\xc9ZR\
\xabt\x94\x8eq\x09\x1e\xb1?JiF36\xd8c\
\xee6\x080\x96\x80#A<\x8f\xb0\xfc\xe9\x04NP\
\xee)}q\xa3a\x95\xe7\x1aO\xe0\x8c\xbe\xe4\xd3\xaa\
#\x12\xb5\xee.\x1e\x01y\x82\x90\x98 \xe9\x10\x92)\
\x7fd\x95!Kl\xa4\xa4%\xc0\x84\xadf$\xc0\x00\
\xef\xe8H\x8f:J\x8f\xa3\x7f\xf0\xea-\xe3\x1c\x01\x8a\
Y\x85\xb2\xe3\xad8\xcb\xa9\xb3\x04\xf7\x9d\xd1K\x8d\xa9\
D\xf2\xccP\x0aGA\xc8\x8a\xea\xf0\xfeQ\x9fOT\
c\x98%\xc9\xb3M\xdd\x93\xeax\xb2\xa4\xac6\xea\x12\
\xe4\xa0\x1dRR\xadcR\x0e\xdb\x93]vp\xc6$\
\xf0\xabb\xbbv\xdfe\x0d\xa1\xb5\x83\x03\xbb\xdb\xc8\x8e\
^\xd4\xa2\xca\xba\x05\xb3\x0fx\xdb\xfcD\xab)\xf5\x14\
\x1aI\xc6\x5c\xc7\xf0U>\xc8\xcfye\xf2\xe9\xab\x8c\
\xf3O\xaaw\x1e\xf5\xe6|\xbf\x0f\xb7\xee\x9d\xbd\x1f\x89\
\xe6\xf5\xcb\xd7+\xc5@\xb1v\x87\x902\x90DL(\
j<\x8dx\x9a\xd3\xdc\xd1J\x7f\x22U\x99^\x1d\xc8\
;\xcf\x95M$\x061\x8e7l\xd2\x8fx\x08\x98*\
\x22\x04\xf2\xa9\x8aJ\xf0W\x01]c\xea\xfe'\x8e\xb4\
\xa4\xd8\x91\x0cX\xb8`\xb9\xfegGN\x89\xf75\xed\
|_\x87\xbf\xdf\xe5\x9f\xf9<\xaf\x93\xf2\xf5\xfb<\x7f\
\xf7v\xac0\x06\x1aJ\x12\x02R\x04\x00\x04\x01]\xbe\
I\xb7\x90&\xea\xdd\x17h\x85\x09<\x8fJ\xcf\x0c\xae\
\x17\x81y\x04\xcd\xa1aQ]\x19g\xec\x5c\x9f-\x9f\
j\xcfb\x94\xed\xabW\xb6\xce\xdb\x5c4\x87\xed\xddI\
C\x8d:\x9c\xc9RN\xe0\x83\xb8\xac\xea\xa3\xce\x1d\xaa\
v.\xf7\x0c_\xb9\x88`\xb6\xee\xbd\x81\xb9\xe3\xc8\x89\
Z\xad\x15\xcd'\x9eN\x87\x96\xc7\x91\xae\x0f7\xc7\x9e\
Nqz\xff\x00\x1b\xe5\xeb\xf6\xe7\x5c\xf5j\xf8\xabl\
\xea\x1e !^g\xa8\xf5\xaf2\xe3q\xe2\xbdy\x96\
\xf9\x88\xe2\x8c\xdc\xe4\x03\xefX]\xed\xb5\x93I\x1c:\
\xe7\xb81\x9e\x13;\x8d'\xca\x8ffYc\xca\xe1\x83\
\xe3\x80\x04\x12\xaf\x94@\x22\xabl\xac]p|p(\
\x03\x9bZ\x9d\xe8\xe4]0\xdcY>\x10\x153\xd6\xab\
\xdbH\xf5\xda\xcdc}\x98\x0df\xba|~G\x0f\x97\
\xc4\x99e\xcc\xe2\xbb\xf1\xbby\xd9M\x1d\xabAB\xa8\
\x8a\x07J\xd1\x99\x0e:\x96\xf7:\xf4\x1b\xd3\x92\xd1x\
5.=\xfeD\xf4\x1b\xd5\xf1\x89vu\x0d\x04\x08\x02\
*m\xd8\xd1\xca\x95\x10U\x02\x9c\x89j3\x1f*}\
\x11`@\xa4\xa8\xdd#e\x01\x94\x06P\x19@e\x01\
\x94\x16\x89rB\x0coNv+cAHF\xe86\
P\x1e&\xfbs}\x9d\xedm\xac\xb1\x1e\xd30;4\
dQB\xb1\xebT'T\x8f\x97\xe3Z\x03N\xf0x\
B\xe7\xe6H\x9d\xc15\xcf\xe5\xc2e-i\x86Z\xba\
x\xa5\x9bU\xdb\xb8\x1bQI\x80\x14\x95'e$\xec\
\xa1\xe4Ex\xbeN\x1d\x98\xac8SR\xa0\x06\xbe\x95\
\xe4\xf9]xNW\x1c)\x81\xe1&g\x9dx\xfe[\
\xae\x9d\xf8H\xb3Y\xdb\x04\xce\xba+\x95y\xd9e\xf8\
o\xa4\x93v\xf3\xe5\x1djf|\xf2~\xbb\x10\x86@\
\x12\x07\xbdtc~\xd1\xa3O6\x00\x9eq\xb5wx\
\xf9\xae|\xe4\x88\xdb\x84\x88\xe6zW\xa7\xe3\xbar\xe5\
8\x04\xa2\x13\xa8\x12k\xb6Z\xe7\xbc>\x8fO\x8c\x1f\
:\xfb\x87\x8a5\xb9\xf0i\xcejA\xd5\x89\xa4\x02>\
\x8d\xb9\xd5\x85z\xed\xa0-\xd0\x08\xdfH\xf7\xa1R\xab\
w\xade[\xab\x00\x98Q\xcc\x071\xca?:$\xe5\
r\x91\x85\xdf\xfc\x05\xf3O\xcc\xb70\xb8\xd8\xa4\xefO\
\xec\xef.\x8b\x86\xbf\x9a\xe46\x15!\x08\x11\xe6\x0e\xa0\
\xd2\xceq\xb63\xb4\xc2\xb4L\xd7<S`@\x8a\x08\
\x93U\x0c\xc3\x82j\xd2h\x08<\xa9\x81-\x99\x1dj\
)\x9d\xe5P+F\x9c*J\xb5\xa6\x0c\x94\xcc\x9e\xbf\
\xa5\x5c\x22\x15\xa6\xe6#\xadQ\x04\xbb3n\xb5\x99\xca\
>T\xfe\xf5S\xb2\xbd\x00qe\x0e\x5c;$\xa5\xb5\
w-\x08\xff\x00\xcd\xeb\xae\x93\xe5U\xd98\xdfmW\
\xc1\x9e\xce\xb1\xbb,\xc1,\xaa\xcd\xe4\xbe\xea\x81)e\
\xb0\x95\xb9\x98\xf9i#\xda\xa6\xf5\xb3\xc6>0\x15.\
\xf3\x0b\xf8\x95%C\xeeRT\x7f\x94)S\xafS\xb5\
r\xb6U\xef\x92T\x80t\x92b9\xef\x07\xf7\xa0&\
p\x94\x95\xe1\x0d\xdb\xa5\x19\xfb\xf7T\x80\x93\xf2\x9dS\
\xa1=\x22g\xa5H[8\xc5\xe3m\xc3\xb6\xd6\xc5\x02\
\xdd\x04\x86B\x1b\x19{\xc1\x00\x95\x0e\x93\x9b_(\xab\
\x000F\xd4\xb7n\x16\xd2`6\xa7\x1ePN\x89B\
2\x00\x94\x91\xc8@\x9fzR\x8f\xf4\x84i\xa7\x1c8\
\x89lfR\xed\xd6\x84\xafeJ\xce\xa3\xdfQ\xe8(\
\x09;T\x0bf\xd0\xe8\x10\x19m:r\x90)\x19m\
Z\xa6\xde\xc9\x0c!\xbc\xe1Km.@\x89*$\x94\
\xcf\xf4\xa3\x90\xde,R\xe5\xebV\xa1 2KG'\
2\x14d\xfa\x98\x07\xff\x0050\x8e\xbfyk/\xb6\
\xa7\x1cQJ\x8a\xd6F\xb0Nh1\xe9\x03\xde\x8a\x0d\
]2\xa6\x11gl\xb6\xc9qi\x05IH\x84\xceR\
O\xea(\xbc\x15D4\x01{\x14X\x19\xbb\xe7\x94\xd0\
I\xd8\xa48\x04\xfeQL3\x11P\xfe$\xf2;\xb0\
\xb6\xca\xe4#\x9c\x14L}b\x83\xa3\xcd\xb9S\x8f)\
J\x04\xac\x00\x8c\x9ajPD\xc7\xb0\x14\x84{\xd3\xfe\
\x1c\xdcL\xbbK\xfcC\x0b\xb8t7j\xf6\x17\xde\xa5\
g(\xee\xdcj\xe0|\xba\x03$8I\xccN\x9b\x00\
+\x7f\x0d\xd5\xd2s\x9c=\xfb{v\xd6U)A\x00\
,\x83\xa8\x84\xabQ\xcf\xf0\x9f-\x8dv{0\x06\xeb\
6\xd8s\xabK(\x09\xb4x\xe6L\x92;\xa5\xf3L\
N\xdc\xfaUUKO\xaa\xd1\x05\x02YGy\xccF\
\xf4\xb6\xad\x8a\xc3.\xff\x00\x85\xba\x97\x10\x90\x95\x83\x10\
?\x17\xa0\xa9\xca{qU*\x07\x8d0\xc6\xad\x13\xfc\
r\xdd\x9e\xe6\xd1j\xc8\xf2A\x8f\x87Z\xb9\xff\x00\xa5\
G\xd8\x1fZ\xf0>W\x87\xd6\xfbG\xbd\xf1<\xde\xff\
\x00\xf0\xf2\xbc\xa8\xb7\xf8\xdb\xae<\x8b[d.\xfd\xf7\
4i\x86\x93/(\xf4\x03c\xeb\xa7\x9dqc\x8d\xce\
\xc9\x8f.\xdbf3\xda\xdd-\xdc/\xd9\xb5\xcd\x9b\xc8\
\xc4q\x86\x83\xf7f\x14\xdd\xbc\xca\x18\xf3<\x94\xb1\xd7\
a\xcb\xad{\x9f\x1b\xe1\xe3\xe3\xfd\xf9\xf3^/\xc8\xf9\
W\xc9\xfbp\xe2\x7f\xea\xe9vAY2\x94\x91\xd4W\
\xa5\x96\xa3\xcdH\xb1-\xaa9V\x19rp`p\xc5\
a\xa3,\x10\xa1S\xd0(\x00t\xa4\x0a\x08\x13K`\
\xb1\xa1\xa97-\xedG\xb1\xbb~ \xb7\xb8\xc506\
\xd1k\x8c$g]\xba@KwQ\xcb\xfc\xab<\x95\
\xcc\xef\xd4c\xe4\xf1\xcf$\xe7\xbf\xcb\xbb\xe3\xfc\x9b\xe1\
\xba\xbf\xc5\xe6\xa7\x91\x95\xc5\xa7!m@\x94\xad\x0b\x19\
T\x924 \x8eD\x1d+\xc7\xf2aq\xba\xaf\xa2\xc7\
9\x94\xdc6\xd3\x8ah\xe5R|3\xb8\xe5\x5c\xd5\xad\
\x9bJX\x5c(\xc1l\xc1'\xe5\x9d\xe9J\xce\xc5\xa3\
\x0e\xc4T\x95')2O\xcc)\xed2/8F$\
\xa0\x84\xea|\xc5\x05W<.\xf9R\x9f\x113N]\
#,e\x8bm\x85\xd4\xc4\x99\x06\xbd\x0f\x1eO'\xcb\
\xe3J\x05Mvm\xc1\xa2\x86\xb5d\xc5\x82\xa4\xc0Q\
O\xa5i\x8d\xd7i\xad!\x84\xa7\x95]\xca\xd4C\xb1\
\x15*h\x9a\x0bd\x95\xfdj\xb4LJd\xc9\xa2\x82\
\xc0\x8a\x93n\x83e\x01\x94\x06P\x19@e\x01\x94\x06\
P\x0d=9}\xc5^)\xa7\x06\xd5\x0an\x80\xca\x01\
\x9b\xbbF/\xed^\xb6\xb9e\xbb\x8bg\x90[u\x97\
R\x14\x87\x10D\x14\xa8\x1d\x08 \x90A\xa0>m}\
\xa6>\xcei\xecS\x89\x9c\xbc\xb2\xb4\xbc_\x04\xdf\xbc\
\x5c\xc3\xee\x18)-\xe1\xee(\x92l\xdcQ\x92\x94\x93\
\xabjV\x9a\xe5\x99\x1a\xf9\xde\x7f\x0c\xeeGO\x8f?\
\xa7.\xc3\xae\xb0\xf56\x036\x0f!\x7f\xce\xed\xd4\x9f\
\xfc\xa1\x22\xbek\xe4e\x8c\xfd\xbe\xbf\xfe^\x97\x8ee\
\xf9Y\xf0\x9dR4\xff\x00z\xf0<\xb9=,\x16[\
U\x04\xa4N\xe7\xa5y\x99e\xcf.\x8d$Zp$\
G\xe9S.\xbb9\xc1f\xe5)\x07\xeb]\x18\xd4\xe4\
\x02\xee\xf5)\xd6u\xda+\xd1\xf1\xb93\xe1\x0fu\x88\
\x84\xce\xa0\xcf#\xd6\xbd\x7f\x13\x93*\x05W\xa31\xf1\
j\x7f\xbd+\xb2G5\xe5\xf4\xc1\xb4\xe6:\xd7\xdc<\
Q\x22R\xb6\xf5\xd3_\xd2\x80t*z\x1aZ\x04\xac\
\x05oN\x04E\xd5\xbef\x9b\x11>\x22\x7f3T_\
J\xd6%o\x91\xd7z\x90\x98?\x95+t\xd2+\xaf\
\xa0\xb6\xb5d\xd4sA\xa2V\x91r\xe0\xccD\x5c\xf7\
'4\xad\xa0X\x5c\xee\x06\xe9\xfd\xc5U\xe7\x16yM\
U\xe4\xf8\xd0zEsuR\xdc\x9f\xad#\x8d+J\
pl\xc3\x95\xa4I\x92`\xc5P\x10\xd1\xd2\xa2\x9c>\
6\x15\x98h\xd0M\x11\x22\x9c\x06\xd4&\xaa\x03\x0a\x1d\
\xe1\x04\x88O$\x9e~g\xfaU\xc4\xd0\x18\xcb\xae\x22\
\xc9a\xaf\xf1\x96R\x86\xe7`\xa2@\x07\xdbS\xedZ\
c\x0a\x82\xbf\x22\xdd-\xb6\xdc\xa9-'\xc2\x0e\xeaW\
)\xfc\xc9\xaa\x9cD\xde^d\xfbUq\x17\xfe\x1a\xec\
k\x8d/K\xb9n\x11\x85.\xda\xdc\xfc\xc3\xbd\x7f*\
\x16JG.\xec\xae\xa6\xf0\xbc_(2\xa1\xbb;\xe6\
[\xfb\xb6\x93\xdc\xb4\xdaH<\xa2d\xf4\xaeV\x8a\xb2\
\xd9X\xb8K\x00eQ+P \xed\xa9\x82OO:\
4\x16\x9e\x05\xb1o\x11]\x95\xaa\xa4\xa1O\x12\xb4\x04\
\xc9R\x01\x19\xd2\x0f\x22`\x01\xcc\x95R\xaa\x84q\xd6\
&\xfe'\xc5kmE\x001\xde\x06\xca5KAk\
\xca\x84\x93\xcc\xcf\xe6(#\xcc<\xde\x1b\x83\xbe\xa6\x8a\
\x94\x1fp\xa1\x076\xaaB\x04\xc9\x07\xaa\x88\x1f\x95\x10\
\xc1[\x07\xac\xd8\xb4\xb8RBs\xee\x93\xf8\x8c@>\
\xc2Lr\xd3\xad=\x10\x96m\xd2\xac\x19\x80\xb5-&\
\xe1\xc6\x90\xb2u9\x01\xccL\x7f\xdb\x1a\xf5\xa5\xb01\
\xc7O\xc4\xa9\xd5j\xa6\xfb\xe7\x80\x07@\xb2\x9c\xbby\
\x13\xa50K\xb6\xae+\x11.%\x00e\x05M\x98'\
1\x19YH\xd7\xcf1\xd6\x9fd\x81L\xdc\xe2\xb7\xad\
\x19-\xae\xedG:LxY)\x88\x9e\xa6>\xb4h\
\xcf]\x5c\x8b\x8ce.\xa1AM\x88vd\x90\x93\x03\
\xfa\x1a\x09\x0b\x87<]\xef\x1c\x03.rT\x91\xb8\xca\
$\xeb\xeeL\x9a?\xd0n\xf5\x8c\xd8\xbfw\xe2S\x8a\
-\x12'A\xe0\x03\xf5\xa94\x9b\x0b\xef\x1e+T\x91\
\x98\x11\x02y\x9d\xa87s\xfb77\xf17\xce\xbd\xdf\
\xb8\x97\x19}\xc0\x80\xdc\xa7\xbcl\xb6T\xe0\x04s\x88\
\xd4\xf3H\x15\xd1\xe2\xb3\xdbtZ\xf6F\x19w\x8bY\
Y\x84\x1cF\xf5\x0a\x80\x84\x9f\x89Z\x92\xa1\x22\x22L\
\x1d\x22\xbd\x0e\x0b\x8a\xb6#\x89\xb1\xe4))r\xf9\xc7\
\x92\x0eP\x8b\x80\x14 \x83#\xd2\x8dJ\x9dIO\xb3\
\xda>;\xc3\xc0%\xf5\xdb\xbf\x87\x03\x0d\xb8\xe8P,\
tJ\xc8:\xa2vW-\x8e\x90i\xcc%MY,\
{a\xc4\x1bW\xde\xe1l\x92u=\xda\xe0\xfet\xef\
\x8a}T{-XOl\xf6o$\xda\xe2\x182\x97\
l\xfaKn!K\x05\x0b\x07pgJ\xc3?\x8f\xef\
;m\x8f\x93Ue\xc2p\xae\x1e\xe1\xa0\x95\xd9\xdb8\
\xd3W-\xe6\x17\x0e\x1c\xeb\x22uJ\x95\xbf\x84\xe9\x1e\
\x95\x1f\x1f\xc1\x8e2\xfaNZ\xf9|\xd9\xf9?\x95\xda\
n\xd3\x12`8C\x17\xc9(?\x85f\xba\xae\x17\xee\
0M\xb3v\x14\x90B\x92k\x9e\xe2b\x92\xfeh\x82\
\x0c\xedY\x5cL\xf3W\x1aA\x82zT\x5c@\x86\xde\
J\xa3Mk;(:\x16\x09\xa8\x05\x85\x03S\xa0X\
=)\x19SRq\xc8{h\xecxq+.\xe3\x98\
# c\x08\x12\xf5\xba4\x17I\x1c\xc7\xf9\xc0\xd8\xf3\
\x88<\xab//\x8eyq\xd7\xdb\xbb\xe3|\x8b\xe1\xba\
\xbd<\xca\xb5\xbe\xcb\xebl$\xa4\xa5YT]\x050\
F\xe2\x0e\xb2:W\x85\xe4\xc6\xe1l\xaf\xa7\xc7,r\
\xc6X#\x0f\x7f+\xbb\xa8\x95|\xc4\xfe\x9eU\x86\xf9\
<\xa7\x0b.\x1dp\x90\xa0$\x026\xaac\xd2\xf3\x81\
^\x82!@\x81\xccQ\x13\x92\xed\x85\x5cw\x85 *\
\x05Zv\xbaa\xeb\xca\x84\x99\xae\x8f\x1dp\xf9f\xea\
u\x97%5\xe8c^^X\xf2}\x0a\x9a\xdaVT\
\xba\xa4\x95:V\x89h\xabJ\x08\x82f\xa8\x9bH\xf2\
\xa3cE\x81\xa5J\x9b\xa0\xb6L\xd09l\x19\xa0\xdb\
\xa0\x99@e\x06\xca\x07M\x13\x14\x15d\x8a\x0c\xdb\xda\
$z\x8a\xacQN\x0d\xaaU\x1b\xa0\xd9@e\x00=\
\xf5\x85\xb6'h\xed\xad\xe5\xbbWv\xce\x8c\xae0\xfa\
\x02\xd0\xb1\xd0\xa4\xe8E\x01\xf3\xc3\xedi\xd9\x86\x11\xd9\
wj\xec\x7f\x02hZ\xe1\xf8\xdd\xb1\xbf6c\xfc;\
wB\xcaV\x109%F\x15\x1b\x02H\x104\xaf\x96\
\xff\x00+\xe2\x98e3\xc7\xed\xeb|L\xad\x96W>\
\xc2\xd5\x00W\xc7y^\xc63\x85\x81\x97`\x080+\
\xcd\xcb\x97D\x87\xcb\xea\x09\x89\xd7\xadgj\xbe\x82?\
v\xa6\xc9\x82I\xde+\xa7\x0b\xb6yv\x85\xbe\xc4K\
aBN\xbdyW\xa7\xe1\xe7\x87&}+\xf78\xba\
\xe4\xc4\x9f:\xf6\xbc}r\xe0\xcc:qE)q$\
\xf2\xae\xc9u\x18\xea\xd7\xd5\xfb}\xcf-k\xee\x1e0\
\xb1\x04\x0d&\x90$\xe9:S\x04\x85P\x03)!f\
?\x976\xbe\xf4\xfa$E\xfd\xb8QsA\xa0\x1b\xfb\
\xd38\xa9\xe26\xb9\x09\xd3Jz\xd3HF\x00\xf9\xb7\
\xc7-\xa1E=\xe1\xc8H\xfc\xa7\xa8\x9a>\x8e\xf4\xeb\
\xcc\x12\xa6\xd3;\xc7*\xe6\xbd\xa0\xa1\xf2\xd2\x11\xa5S\
\x85L9W\x08\xd1\x8e\x95@\xeb&*i\x88ME\
\x1bl\xd2\x1fD\xd5B$\x8a\x01\xb5\x8d*\xa0G\x5c\
\x0e\xf5Eg\xe5D\x00yo\xaf\xfe\xb5\xb4\xe1\x15\x15\
y\x9a\x0b\x8a\xf9\xd6\xad\x07\xf2\xa6t\x1fM}\xea\xd9\
\xd7\x8e~\xd9\xb7\x99\xfb!\xc6\xb2()\xfb\xb5\xb5f\
\xa6\xc2J\xfb\xd1\xdee\x80<\x82\x5c#\xcc\x1e\x95\x8e\
|5\xc5\xf3Yn\x970\xa5[\xa4\x82\xd9+\xb8\x0b\
Tx\xd2\x14\x9c\xc4t\xf7\xdf\x95a\xf4\xd5V\xb9p\
\x07T\x90\x02P\xb2\x14\xa0t1\xa9\x03\xcb\xd3\xce\x90\
\x5c\xb8M\x03\x05\xc0\x9f\xbdpC\xe8p\xa5\x091!\
\xf5h\xd8\x1c\xf4\xccU\xe5\x94\x1a\x22\x95t\x7f\xef\x0c\
t+L\x88\x5c\xe6\x9d2\xa0dO\xae\xa5j\x9e\xa2\
\x84\xa4\xef\xc7\xc4\xb0\xcd\xb3C\xbcyHi)m1\
\x95\x0a**V\xbeB(\xfe\xcc\xd6 \xa8\xbci\xb4\
B\x91on\xd1J\xa7\xe6R\xd4?\xa1\xa6\x9a\x95\xc4\
T\x1b\x7f\x0f\xb5I+\x1a\x12v\xcc&t\xf2\x9d'\
\xca\x90-\xc6\x8d\xc5\xb2\x82B\x94\xe5\xcd\xcfr\x12c\
V\xd2u\x1d5Vc\xedL\xf4Ppw\x17\x972\
\xb2\x12\x12\x84\x05j\x13\x01K\x9f3+\x14l*y\
\xdcE\x95\xb6f\xc2_q\x9c\xce)G\xf9\xd5\xb1\xf2\
$\x83\xed@)$\xdb\xdd>\xe1O\x85-\x1f\x0f\xe1\
\x80\x0e\x83\xff\x000\xa2pA\xacQ\xf0\xec\xb6\xc8\x19\
\x96\xea2\xe9\x1af\x13\xfd)\x18\xcb\x80\x93\x8c\xb2\xad\
\x14\xa4\x86\xe4\x0d'H\xa6G\xadQ\xdc\xda4\xa2J\
\x94DyL\xf3\x1fZ\x15\xd3\xbc}\x8e^E\xff\x00\
\x1a\xa3\x0eR\xa0\xdd\x80\xcb\xc1$\x80\x91\xdd\xb8\xa4\xb8\
9f\x05\xa3\x1a\xea$s\xad\xbcZ\xf6\xe4\xafOr\
p\xebM\xdd\xe0\x8cw\xc9B\x9fl\x81uj \x94\
)2\x0a\xd2\x9eI!\x01Y|\xf4\xd4W~\xf9f\
\x9bg\x0aa\xc4\xb2[\x05H\xef\x10\xac\xc1G,u\
\x07\x9e\xf5R\xa7t\xf9\xc1\xd9F\xc8\x00D\x11\x13\xeb\
\xbd\x5c\xa9\xddA_a\xe8\xe1\xf7\x03\x8d\x85\x1b%n\
\xc0\x95-\xbf4s)\xff\x00/.])\xdaI\xcc\
9\x86\xeeR\xdc\x89mCT\xc7*\xca\xe4\xa9\x1dv\
\xc16W\x9c3kgb\xfa\x1a\xbd\xb5\xd4\xb3r\xf0\
\x01i \x0f\x0a\x8fH\x1aR\xc7\xc9\xeb\x96\xf2\xe9\xae\
\xb7\x10X\x9f\x08\xe2\xce\x82\xe2l\x8d\xca@\xf9\xed\x96\
\x97c\xff\x00)\x9a\xe9\x9f#\x0f\xc9YU\xb7X\xbe\
\xc3\x97\xab\x97v\x86vZ\x96\x88>\xf5\xd12\xc7.\
\x93\xcc\x18\xce9\x8f\xdb\xff\x00\x85\x8a]\x91\xc8\x15f\
\x1f\x98\xa9\xb3\x0f\xb8\x5c\xc1\x08\xe3^)k\xff\x00\xbe\
\xc2\xa3\xf9\x98I\xa9\xb8x\xef\xd1\xee\x88Gh\x5cR\
\x95\x0f\x1b$y\xb1\xfe\xf4\xbfK\xc7~\x8ft[=\
\xa3\xf1F\xbe\x16\x0c\xeb\x1d\xc9\xfe\xb4\xbf\xf0\xfe+\xf4\
%\xa3\x99\xe3\xfe+s@\x96?\xff\x00I\xfe\xb4\x7f\
\xe1\xbc?\x82\xb9T\x85\xb7\x14q}\xc4Ahz3\
\xfe\xf4_\x8f\xf1\xe7pKR\xb6oq}\xda\x93\x9e\
\xf5-\x8f&@\xac\xae\x1f\x17\x0f\xa1.I\xfb<\x17\
\x16u \xdcb\xf7\x13\xcc \x81\xfbW.~o\x04\
\xfe8Ej\xfe\x5c\xcf\xb7\x1e\xcc\x98\xf8\x01\xc4\x16\xe9\
R\xee\x82\x82/\x14#\xc6\x0e\x89Y\xf3\x98\x04\xf3\x91\
^G\xc9\xc7\x1f<\xde\xb5c\xd4\xf8\x9e|\xbcw\xd2\
\xde\x1e}m\xab\x87]\x19\x19\xee\x931\x11*\xf45\
\xf3Y\xcb2}.9cqOa\xb6Kl\x85\xe7\
\xccA\x13\xcc\xd1#,\xaa\xe3\x84\x5cf1\x11\xceE\
Tg\x7f+\xbe\x17p\x98I\x92\x22*\xaf)\x95|\
\xc3.B\x90\x06i\xd2\xb4\xc2\xe9\x87\x93\x1d\xf2\x9ba\
\xec\xb1]\x98\xe4\xf3\xf2\xc7c\x99zk\xa7\x1c\x9c\xb9\
b\x22kfL\x9d+X\x8a\xd6\xe6\xa9%\x01Kf\
P\x11HZ\xdd\x06I4\x0e\x9a\xa00\x1adP\xd4\
R6\xe8&Pmm@$\x9db\xa9\x05l*U\
\xd1\xb7\x07\x84k\xa4\x8a\xa8T\xedJ\x99@e\x01\xad\
\xa8\x0d(f\x1b\x91\xe9@x7\xed\xde\xeb\x8a\xed\x8b\
\x02B\x90\xa4\xb2\xde\x08\x94\xa5DxI/8N\xbd\
FQ_5\xfe^\xfe\xec\x7f\xd3\xd5\xf8}W\x19\xc2\
\xa0\xa50'M\xa6\xbe\x17\xcdu\xb7\xbb\x87I\xc6T\
5\x81\xbf:\xf3\xad\xfc\xb6\x85-\xdd\x06\x83\xcb\xca\xa6\
@\x8f\xbcz\x01\x9du\x9d+\xaf\x0dM3\xcb\x85v\
\xfa\xe0\xea$\x0f\xd6\xbd_\x14\x8eL\xea\xbbt\xec\xac\
\x99\x00\xd7\xb3\xe2\x9c83\xbc\x87\x0e\xed\xe2\x9dw\xde\
\xba/H\x96}\xbe\xbf7\x19\xbdk\xef\x1e\x19\xe0g\
J\x90\xc5G\xb58\x03\xac\xe5\xda\x99\x047>7\xa4\
\xc1I\x8f\xae\xb4\xf4h\xd7\xafR\xb7\x9e\x13\xfc\xbf\xa5\
0\x87\xc4B\x5c\x066\xf2\xa1Q^{3\x0e\xa1\xc4\
h\xa4,,\x1fCMn\xcbd\xe8q\xa0\xa1\xb1\xd4\
W>H>9\xfa\xd4\x115P}\x98pyUB\
3\xce\xb4\x07\x9a\xde\xb3\xa2\x1fI\xa8\xa7J\x14\x88\x9a\
p4i\x83/I\x84\x83\x04\xf3\xe8*\xa1\x04\xbbh\
)\xa55\x04\x0741\xb8\x1c\xebL\x7f)A\xe3\xce\
\xf7M-Q\x00\x02\xa8\x15\xb4\x9c3\xaf\x14\xfd\xb3/\
?\x85vO\x89\xdd)\xbe\xf9\xbb[\xfbkfR\x01\
\xf0\xe6\xcc\xa5\xa8\x01\xcf\xc4\x07\xb1\xac/\x0d\xb1|\xe0\
\xbf\x86\x18\xb7R\xc6e6\xc1Bf2\x98V\xe7\xfa\
u\x1d+\x1a\xb4\x05\xab*\xbc\xc8\x13*x\x82S\x98\
|\xc4\xce\xf4\xb4\x16\xdcm\xf6\xf0\xec\x0a\xc6\xc5\x86\xc3\
\xd76\xc8\xfb\x94$\x92\x0b\xae\xa8'<n`LN\
\xf34\x8d\x09\x87\xa8\xdbb\xae\x86\x5cC\xe9I\xee\xd2\
\xa9\xf9\xc0IL\x88\xd9\x00\x93\x1dh\x07-\x11\xdc_\
>\xfa\x14\x09@Sl\x91\xa0>~\xb3\x10i\xf4g\
\xac\x1a\xef1T\xf7\x8b\x0f\x14\xb9\x99Y\x84\xca\x1bO\
\x88\xff\x00\xe6U\x09\x1e\xb38\xd3\xaf\xa8\xa9%\x09\x0d\
\xc0\x11\xdd\xb6\xa9Q\x81\xd7H\xf2\x06\x83\x13l\x98\xba\
\xb2\xee\xd2\x946,\x9c\xba\x04\xa8\x00\x1c\xca@\x99\xe5\
\xe2\xa6\x03\xe3\x1d\xe5\xbf\x08\xa1m\x95\x97\xdf\x0b\x04\x9d\
\x96\x16\xa0\x96\xf4\xdfD\xa4\xfdh\xe2@\xae\xe2\xcc*\
\xdd\xf8\xd0'2@\x8f$\xe5\x03\xeb\xa8\xa0\x12\xebk\
\x09q)$$%FN\xc4\x15\x08\xa4\x0e#\xba/\
>reK)\x0a\x98\xe7\x93\x97\xd4R\xd6\x88\xd3\xec\
-\x9cN\xdcFgSn\xd1\x80y\xe4&}\xa2\x80\
2\xdc\x7f\xee\xdb\x87'\xc2\x94\xe5\x11\xb9\xfb\xd4\xc1\xd7\
\x9f_*\xa3z'\xec\x02\x1bs\xb4\xe7\xdaz\x1cN\
{5\xbf\x0a\xcb\x95\x96\xeeJ\x1c$s\x91q\x00u\
\x13Zx\xfb\xe0\xb2\xe9\xf4/\x0f\xe1\xff\x00\xf9\xd7S\
p\xca~!\x05L\xb9\x222\xa8\x80a<\xc4\x14\x1e\
|\xcdwI\xf6\xc6\x9f8*\xed\x94{\xb7\x09\x0aP\
\xfb\xa7\x84\xa4\x92F\xb25\x15e\xb2\xf1\x0c=\xc2~\
\xe9\x12\x91\xf38\x0c\x84\xf9\x01\xcc\xfe\x94l\xc1\x9c-\
/ee(\x95\xafA\x98\xeaO\x995\x19y&\x13\
t\xe6;\xbc\x14\xbe\x0e\xbc\xc1\x96\x14\x85\xb6\x92w\xc8\
\xb0\xb6\x95\xfak\xfe\x9f\xce\xb8\xb2\xf9\x18\xdecI\x8b\
H\xbb9\xca\x1cOv\xb1\xd4\xe8}\x0dtx\xfc\xb3\
4\xd9`\xa6^[j\xcc\x85)*\x1a\x82\x0c\x1a\xdf\
R\xa7\xda\xc4\xc5\xa7\x13b\xacx\x13z\xf2\xd2wK\
\x878>\xca\x9a\x8b\xe3\x9f\x85\xcc\x96\xebl-7\x98\
E\xa5\xd3\xad\xb4\x1fqK\xcc\xa46\x11 DH\x1a\
\x1a\xaf\x1e\xe5\xb3j\xb6Q6\xd8U\xbe\x80\xb4>\x95\
\xad\xb6&\x8fo\x03\xb4#\xfc$\xfd*}\xe8\x1a\xce\
\x07j#\xeeS\xa7\x95E\xf2\xd8R\x0ek\x0e\xb7o\
f\x92=\xab\x1b\xe4\xca\xfd\xabZ\x14\xd3(BD$\
\x0fAY\x5c\xad\x05\xa9Y6\xa9\x9c\x98\xabw3V\
YCf!\x87\xb1\x8a\xd8\x5cY\xdc\xa3\xbca\xf4\x16\
\xd6\x9e\xa0\x88\xac\x95\xd3\xc98\xce\x0c\xee\x0b\x8f_\xe1\
\xef\xab*\x98t\xa1k\xe6\xa8\xd8\xfb\x88>\xf5\xe1\xfc\
\xac}3\xb2>\x93\xe3\xe7\xef\x84\xa6Zk\xc5\x95\x02\
\x00\xd8t\xaeH\xe8\xc99\x86\xb6P\xb0cQ\xadW\
\xf6\x8e\xd6\xac=\xe2\x9c\xa3\x971AE\xcb\x07\xb8\xca\
\xa0\x09#\xd6\x9c\xa2\xce\x16f\x9d%#Z\xe9\xc6\xb8\
\xf2\xc4s\x0e\xed\xac\xd7F5\xcb\x96#\xd0\xe4\x8d\xeb\
\xa6d\xe4\xb0\xf82+\xa3\x16T\xa0*\x92U\x01\x94\
\x06\x8e\xd4\x02i\xc2\xadyE\x06\xdd\x14\xa1CjF\
\xdd\x01\x94\x06\x94i\xc2\xb4\x9c\xb4\xd2\xd9\x1ay\xd2\x86\
\xc5\x0f\x0d\x03\xe8\xaaJe\x01\xa2b\x80\xc0\x0e\xe6\x82\
n\x83xK\xed\xe9\x88\xda]v\xa5\xc3\x96\x8c\xa9\x7f\
\x17i\x85\xa8\xdc\xff\x00(\x0br[\x1e\xa3*\xcf\xa2\
\x85|\xbf\xf9\xac\xa4\xf5\x9foS\xe0\xcb\xcdp\xdc/\
\xfc4\xfd\x0d|/\x9b.^\xee\x1c\xa7\x1b^_^\
u\xe6\xe5{\x8d\xe5%\xc7AI \xfb\x0ap\x7fh\
\x9b\xe7\x87\x88\xee:Wo\x8e1\xaa\xce%q\x04\x8e\
\xbc\xcd{>\x194\xe2\xce\xf2\x81y\xf0\xa5\x9eF~\
\xbeU\xeba\xc3\x8a\xf6B\x16dy\xefZ\xdb\xc1k\
\x9e\x1fbR\x99\xaf\xbdxmg\x8d\xf4\xa3D\xd0\x5c\
\xech\xd1\x9at\x92d\xef\xe5TH\xa7J\xb3\xdc\x11\
\xb6a\x03\xca#\xf65F\x83q\xe2\x85\xb8\xa8\xddg\
Q\xe5\xa5#\x08\xf3\xe4\x83\xd6\x96\xd7\x11\x97\x034\x83\
\xb7\x9d=\x9b\xa6p\x9d\xd7\xc4a6\x8a'R\xd0\x07\
\xdbO\xda\xb2\xcep\xce\xf6\x9d\x1b\xd6&J\xc7\xd6\x9c\
I\x877\xad 3\xcfj\xa0u\xad*h>\x0d@\
.\xa5M\x1a\x22Z5P\x1a\xcb\x13\xcc\x9et\xc1\x95\
\xa7u\x1d\xff\x00AZJ\x9a\xabqB\x94\xabW\x02\
\x08n`\x05)2N\xbc\x87\xf5\xfaV\xd3\xa6\x7fo\
\x14\xfd\xb6\x09\xc1\xbb%q\x86\x92\xe5\xc97b\xe5\xd2\
bR\x90\x0aT\xe2\x8f=\x5c\x8fR+<\xa7\x17M\
q\xaf\x9bx\xa3\xe1iy0\x00\x84\xb8 \xc9\x82\xb3\
\xa7\xb4\xd73C\x18\x12~&\xf3\x22`\xe8\x12T\xaf\
\x96$\x88\xf2\x9d\xa7\xca\x05M\xbb\x12\x1d\xe2K\xe2\xe0\
\xc4\xee\x10\x02\x1eVT\xa5)'\xc0\x01\x88\xeb!:\
z\x1aqA\xf8Y\x92\xc3\xaf;2\xa0\x85<U\xd1\
B\x00H\xf2\x00\xeb\xea\x05(\x98*\xd1Km\xcb\x87\
\xc22\xb4\x89@\xd7\xf9|F?/\xad3IaV\
\x85\x8b\xb2\xfa\x88_p\x82\x0bK\x12\x95\x15x\x94\x15\
\xd7\x94\xd3\xec\xa1vhU\xc3\x17*p\x95*\xe9\xf9\
A>\xc2I\xe7\xd3\xd2\x80.\xf2Sp\xb0\x96K\xa5\
\x02\x14\x12$\x044\x093\xear\x8a`\x9e Az\
\xf7\x06\xb0B\x94%\xc3)V\xb9BR\x04}L{\
R\x11\x09\x88\x90\xfe.\xc6V\xe0\x87\xf3\x16\xd24)\
O\xf4 \xd0\x03\xdd\xa7\xbaKl\x13\xaeT\xe5T\xce\
@W1\xe5\xfe\xd4\x88\x8bWe\xa7^Ld\x85\xaf\
*\x8c\x1dT\x12\x90}\x7fj}\x86_\xa1\x0c\xdf[\
\xac\xa9J.\xdb\x223h@2\x01\xa0\xd2L\xb2Q\
\xc3\xf7\x97\x05\x0a\xcb\xdf\xa1\xa4\xe9\xa4\x95k\xfa\x1aa\
\xd4>\xc6\xb7\xb7\xb8wk\x8bE\x8a\x88\xbfr\xda\xf0\
\xb2N\xa8!\x19]QX\xfe\x5c\xa80F\xa0\xc5W\
\x8f\xf9\xc82\xe9\xf5\xcdV\xa8u\xcb\x87R\x03\x8d8\
\xa4\xbe\x5c\x04\xc9R\x95\xa9\xd7]\x16=u\xafJ0\
\xadb\xb8Wx\xfaYnR\xa0\x0b\x8a#\xf0\x8d\x87\
\xb9\xd6=&\x82D\xdd\xb3\xdc\xb4\x96\xd2\x99\x08\xd0$\
\x18\x03\xd2\xa6\xf2q\x0f\x83\xa57\xec]>G\xde6\
\xea\x82A\xfc9|\xbd\xeb\xc8\xf9\x19\xdf}:\xfcS\
\x8d\xae\x5c;k\x8b\xe3m\x8f\x83e\xa6\xad\xdb\xf9\xae\
\x9fNo\xfdO\x90\xac\xa6\xea\xb2\xd4C\xf1>\x01\xfc\
6\xe1($\xb8\xa0\xb0\x9c\xce$$\xad&wO\xa8\
\xe7[x\xb8\xc9\x95\xe6\x22\x13\x87\x96O\xdd\x88O\xf2\
\xce\x95\xecc8sQvV\xca/ \x11\x1a\xd6\xba\
\x12\xba~\x18\xdaN\x05k\xa4\x80W\xfbVS\xf9\xdf\
\xfc\x9a}\x16\x86\x80P\xd7\x9f*\xbb\xb05\x90\x07\x94\
r\xacm1\x88\x89\xac\xe9\x9fLMgL\xb4\xe9:\
T\xd2\x848\x015P\x09\xb6\x10\xaa\xcb%\x0d\x15\xce\
u\xe7\x8e\xdd\xb0\xdf\x86\xe3\x96\xee\x12\x90\x05\xd5\xb2\x15\
#\xa8%'\xf4\x15\xe6\xfc\xdcw\xeb^\xd7\xc0\xcb\xf6\
\xd8\xa6\xd92BDo\xd4\xd7\x96\xf42\xbc\xa7\xacY\
:\x13\xa0\x14\x04\xfd\xabA0u\xf6\xa0\xa5Yp\xb5\
NC:&\x89\xc2\xaa\xcfj\xb9LV\xf8\xd7>q\
\x22\xca\xb4\x15\xd3\x8dre\x12\x0c\x9d\xab\xa292\x16\
\xd9\xae\x9c\x5c\xf4\xe8\xadY}\xb54\x19T\x02I\xa7\
\x0b\xe9\xaa\xa4\xb2\xa5L\x1bQA@\xe9H\xdb\xa0t\
\xd11@hkAvU\x06\xca\x10\xd1\xd4\x1a\x14\xdd\
\x06\xd11L\x9a\x03\x9f:\x01T\x8d\x94\x07\xce/\xb6\
C\x0ac\xed\x1f\x8c-C(z\xc6\xcd\xc4\x93\xcc\x06\
\xf2\xfeE?\x9d|g\xf9\x8cu\xe6\xdf\xf4\xf6\xbe\x15\
\xfd\x95\xcd\xf0\xf7\xbb\xb4\xc0\x81\xb7\xe7_!\xe5\x9bz\
\xf8\xdd&\x10\xf4\xa7q\xef\x5c6]\xb7\x9c\x90\xeb\xd1\
\xa6\xfet\xe6#hLA\xf2sW\x7f\x8b\x176W\
j\xc6\x22\xf0%R\xa9;\x1a\xf6<8\xb8\xf2\xa8U\
\xab\xc45\x111\xadzrj9/{m\xa5B\xb7\
\xd7\xa5<\xba\x18\xcd>\xc9g\xc8+\xef\xde\x11\x87\x17\
\xbfZ\xb26U\x1a\xf2\xeai\x86\x17`\x13\xd0OZ\
Z\x00\xd6\x90\x85\x1f\xe5\x0df>p\x7f\xde\x98B]\
\xdb\xc3\x09\x8dLI\xf7\xd6\x91\xc4\x13\xca)>u+\
\x86\x0b\x89$\xfd=*\x94\xbbp%\xcel?$\xc9\
m\xd5\x0fc\xa8\xfd\xear\xebH\xcb\xb5\xc9'j\xe7\
(\xc5mD-\x87sBkH\x0clj\x88\xebg\
ZZ3\xe8\xa8\xa0\xb1\xd2\xa0\xf6\xdcPD\xd5\x02U\
L\x19^\xc6\xae\x15U\xf8\x992\x84k\x1e0~\x80\
\xd6\xff\x00L~\xde8\xfb^\xa7\xf8\x87\x02q\x92\x14\
\x85\xbc\x86p\x94\xb6\x96\x82?\x1b\x8f!Ai\xf6\x00\
\x1e\x9as\xa9\xad1|\xc7\xb8\xc8\x84<y\xf7e!\
$H\x10\xa9O\xe7\x15\xcbcb\xb8b\xd7\xbaAR\
\x82\x15p\x82\x08J\xbf\x09JN\xa7\xdc\x8d:\xc4\xd4\
\xe8 \xd9w>\x1fp\xb5,\xe6.\xa9Kt\xeaD\
,\xcc\xd3\x09\xec-\xb3k\x83w\x8a\xfb\xae\xf1M[\
\xba\x99\xd7.\xae\x90z\xa8\xe8O\xad [\xbd\xe0\xc0\
m\xd8*R].\xac\xa9$Fb\xe3\x92Dy%\
)\x15D\x94\xbdI\xb3iG\x5c\xa5G\xba\x11\x05D\
\x9c\x81^\x90\x92i\x018kb\xd1\x95\xbc\xb3\x99,\
\xb4\x16\x90\xa1\x19\x14RuOS*\xfc\xa80\xb6\x08\
~\x12\x16\xe7\x89\xf6\x84\xa9\x1a\xe8\xa5\x09OI\xca\x9a\
`N.\x0d\xcf\x16>B\x12\x9f\x84\xb4\x90\xa9\x90T\
I'\xf3\x80i\x04*B\xda\xbfa\xd5\x84\x85\x16\x1b\
B5\x9f\x12\xd2Tu\xf2N\xb4\xc9\x18\xda\x0d\xc3\xe5\
\xf7\xdc)J;\xa4\xa9\x1c\xc9!n\x12=\x04R6\
\xec\x98\x9b\x15\x85\xaeV\xe2\xdbf\x07/\x01T\xc7P\
H>\xf4\x10\x87\x1b\xefql9+Vi\xb4BJ\
\x88\x8d\x81\xfa\xef\xf9P\x07\xd8%/p\xe2\x94<E\
W)N\x5c\xdb\x10\x0c\x13\xf9\xfd)\x9b\xa0}\x931\
\xdf\xfc?\xf6\x92\xe0\xe7\xd6\x0a\x9a\xb8y\xdb\x15\x95\x1c\
\xa0\xa5\xf6V\xd7\xea\xb4\x9fjx]e,;\xcc\xd3\
\xece\xeaSkekx\xfed\xdb]X\x02\xf0\x06\
2-\x0aB\xf3\x8f3\xe2I\xeb\xa5w\xe3\xab\xad0\
\xa9Wm\xdc\x0d\xadN&\x1dqE\xc5\x88\xdav\x1e\
\xc2\x07\xd6\xb4\x9d&\xaa\xf8\xa5\xa2\x9aQTxfF\
\x94RV[K\xd86 \xf3\xa9iw\x16\x17\x10\xa7\
\x10\xd2s-\x95\xc4f\x09\xe6\x927\x8dt\x15\xe7|\
\x8f\x05\xcf\x99\xdb\xa3\xc7\x9f\xaf\x15=e\xc5\x97\x0d\xb0\
-\xecq\x22\xc3`\xe6-\xb4r\xab\xdfI\xae,|\
^I\xc3{q0\xfb.\xdf\xbe\xeb\xe5'2\x95\x98\
\xab,\x09\xe7\x15\xdd\xe2\xf0\xd9\xceL\xb2\xcb\xea\x1ca\
\x88lH \xd7\xa7\x8cs\xd3\xcd\x04\x8eZ\xd6\xa5\x17\
\x8c\x0d\xce\xf3\x02o\x7f\x0a\xd6=t\x15\x85\xfeup\
\xe8W\xcb\xb4\x1a\xa3\x9c\x09c\xe5:\xf4\xac\xa9\x8bA\
#s\xadgLRO\x9f*\xce\x9baqKD\xd6\
yP\xe8h\xd1\x8e\xb7N\x82\xb0\xca\x98\x9a\xc5N9\
\xf6\x83\xb2Is\x02\xbb\x03\xc5.\xb2O\x97\x84\x8f\xde\
\xb9>T\xdf\x8d\xe8|;\xfb\xeb\x9bY4\x08\x8d\xbc\
\xc5x\xaf_k\x0d\xa3`\x04\xce\xd4\x1aa\x94HO\
Nt\xa9\xc4\xe5\x8f\x84\x8c\xb5F\xb2a\xfc\xa7c\xce\
\xb4\xc6\xb1\xf2t\x97e\xbdk\xaf\x18\xe1\xca\x8dhe\
\xad\xe3\x97.E6kx\xc2\x9d\xdcV\xec\x99\xce\x80\
Q\xda\x80M8U\x95IeB\xd9OE\xb6s\xa4\
:nh*\xc8\xebA\x15B\xd9@kj\x13#\x0d\
\x0a!n\x84\x8a\xa96\x92\x10\xa2M:G\x02MN\
\xcfEmIM\xd0\x1e\x0c\xfb}[\x8b~\xd5\xb8y\
\xdf\x86i\x22\xe7\x080\xfad-JC\xca\x90\xae\xb0\
\x14\x98\xf55\xf3_\xe61\xdf\xab\xd3\xf8w\xb8\xe0\x16\
OeF\xb1\xa73_\x1d\xe4\xf1\xde\xde\xd4\xcbI$\
\x5cH\x8a\xe4\xb8i\xac\xc8\x87n\xf4\x9f\xca\xa6x\xd3\
rB_?$\x99>\x95\xe8x\xf0\xac2\xaa\xf5\xf3\
\xfa\x9d\x07\xa1\xaf_\xc5\xe3\xd3\x93*\x8cR\xe4\xce\x90\
y\xd7g\xab\x9bg[Q\x9d\xbc\xe6\xb3\xcb\x85N_\
e\xde`\xa9 \xc5}\xfc\xaf\x0c#\xad\x92\x07Z\xbd\
\x96\xcc(\x905\x1esL\x19[\x90#r\xa2\x05\x00\
\xdd\xd3\x81e\xa0D\x85(\xa0\xc6\xfa\x8f\xf6\xa4\x02_\
&B\x88\xa6\x15\x8cA\xb0\x0a\xb9T\xde\xdaJ\x85u\
\xd2\x83\xebB\x96\xce\xce\xefs\xb9z\xc9;dr>\
\xa3\xfaP\x9c\xa7\xdb\xa44\xa9Jk\x9e\xc4\x1c;T\
\xc3\xec3\xa2+XA\xcdQ\x1coZT\x08ME\
3\x89\xa9\xa7\xb6\xe9\x11&\xa84E\x00\xc3\x9a\x0a\xb8\
\x9a\xabq<\x94\xa2\x04\x84\x99\xcb\xfc\xc6\x0c\x03\xe5]\
\x12p\xca\xbc\x9d\xf6\x8a\xee[\xe1~-]\xd1+\xb6\
\x18\x7fx\xa8\x10^T/(\x9f\xf5d\xac\xb2\xed\xae\
/\x95\xb8\x8b\x8a6w\x09:;\xaa\xe5:A\x0a\x12\
\x07\xa5s\xed\xad9\x85\xadV|-qs9\x16\xa2\
R3\x0eR\x0ec\xea@\xa5\xb0\x06\xc5\x91m\x85\x94\
,\x1c\xc9un\x04\xb9\x12\x09\x00\xa9N\x0e\xa2tO\
-\xcd>\xc2M\x9c\xd7XW\x0f\xd9\x06\xc8Yi\xdb\
\x97\x01$\x95\xadC('\xf3\x83\xebKA Y]\
\xf2\xf0\xf4\x82A\x0b\xce|[\xe5\x1a\xfbj \xf9\xd1\
\xbdp\x0b\xc6\x10\xeb\x96\xf9[\x95<\xea\xc8C\x91\xe2\
\xcb\x9b(\xd3\x94\x00L\xfaS\xd0\x1b\x89]\x9b\x5c\x19\
HiD\xb9v\xa9\x83\x1f\xe1\xa5\x04\x04\x9f5\x15{\
Q\x08\xf6\x00\xdaZq\x94\x94\x15\x06\x94\x14\x19Q\xf2\
\x84\xfa\x1d\x7f*{\x00\x8b\xa5\xfb\xcb\xfb\x84\x85 \xb9\
r\xf3:n\xa4\x89Q?U\x01\xedH\xd1\xce\xb4\xb7\
^um/\xbbB[Z\x10\x15\xac\x05\x00\x84\x11\xff\
\x00jU\xaf\xa50\x04<\x97p|A\xd5\x90V\xa7\
\x8b\x09N]H\x08\x08\x10zj'\xd6\x80]\xebm\
w# T\x9b\x85\x92v\x1a&'\xf2\xfc\xa9X?\
\xd9\xc7\xdf\xcd\x8e`\x85C0\xeeCft\x04\x84\x01\
\x97\xf3\x06\x809\x9bT\xdb`\xef\x05\x02\xac\xb9;\xd1\
\xc9*PZ\x84}E\x06\x91\xeco\x15\x18Gj\xbc\
\x1f\x89\x5c4\x1fi\x8cJ\xdd\xd7\x81L\xca\x0b\xa9A\
Ty\x15\x01\xa6\xba\xe9K\xefa\xf7!Vm\x5ca\
\x98\x0d\xaa\xd2\x94\x10\xe2Q\xdc\xeb\x94\xa1A^\x1dy\
f\xcb\xbfN\xa2\xbd\x0f\xe3\xba\xc2\xf7\xa4\x86BXI\
2RF\xf1\xa8<\xe7\xdf\xfb\xd6\xb5\x95\x15\x1b}c\
\x99\x13\x00\x8d\xf4\xab\xec\xb9F[\xd9!/+\xc24\
\xf2\xa8\xb0\xe5KZ!\x89\xff\x00\x09\x00\xed\xb6\xb4i\
R\x8ar\xdd\x872\x8c\xa2(\x9b=\x9a_\x0f2\xf2\
\xa5 $U{\x06\x8f\x08\xa1\xc9\x05\xc0\x8f:~\xf2\
\x0d%\xed\xf0\xe3\x85alZ\xada\xc5\x0c\xca*\x1d\
\x09\xac\xb1\xcb\xdb+\x94WSF\xdbD\x0dF\xbb\xd5\
\xda\x0f\x22\x00\x22#\xce\xa3\x93\x82\x10\xa4\xc6\xb5<\x8e\
\x0f!@(\x03\xa857\xa3\xfbl\x1c\xde\x9d)k\
Ce2\x92\xa5\xc7/:V\xea\x04\xabB\x05q\xe4\
\xb8rb\xa0\xdc\xbb\xb7\xc6\xb3\xe0\x98J\xf9&\xe8\x8f\
\xaa\x0f\xf4\xaeo\x93?\xe1\xd7o\xc4\xff\x00\x98\xe5\xb8\
n\xa9\x13^%\xe1\xec}\xa7\xedR\x08\xe9\xa5(\xb4\
\xb5\xbc\x08\x07h\xa0\xe2Z\xcc\x19O\xea(R\xc7\x87\
\x93\xa5k\x8b\x1c\xd3\x8c\xc1\x00\xf3\xae\xccyy\xb9\x0a\
lV\xd1\x86B\x1b\xadc\x1ay;V\xf8\xd6T\xb4\
\x8a\xa4\xd6\x8f\xd2\x80\xd1\xa0\xd9O\xb2\xe9\x83JF\xc1\
\xad4\xfd\x14\x04RSC\x95\x08nE\x07\xb6\xe8=\
\xb2\x82\xed\x94(=\xc3\xb9|#S\xd2\xb4\xc7\x1d\xf2\
\x8bIm\x05FUN\xdd\x18\x84\xa6\x05fr\x15H\
\xd9@e\x01\xe4\x9f\xf8\x83p\xb3\xb7\x5c7\xc2\x5cD\
\xcd\xbaJ,/\x1c\xb4\xb9\xb8\x1f2P\xea\x06A\xe8\
V\x80=H\xeb^W\xf9\x1f\x1f\xbf\x8bs\xe9\xd5\xf1\
\xee\xb3x\xe2\xd4\xc0\x06\x04r\x93_#\xe4\xf1\xdd\xe9\
\xedc\x90\xf4,\x04\x90t\x8e\xb5\xc7\x96\x1c\xb5\x99\x11\
p\xa2\x12d\xf2\xde\x8c||\xa7,\xb4\x86\xbc3$\
m]\xde?\x1e\xb8a\x95\xfb@\xde\xab2\xa4m^\
\x96\x18^\x9c\x99e\xb0Rt\xd3N\xa6\xba=Y\x9f\
i$@\x8d\x01\x98\xe7\x5c\xf9\xe3\xf9k\x8d}\xa0d\
\xa5\xc4\x0eu\xf6\xd7\x8a\xf1Zv\xdc+Zs$\xa3\
_aM\x93\xa4\xd6\xd2\xec#\xdej]L\x0d\x00&\
|\xcf\xf6j\x80G\x9c)QR\xcc%\xa83\xd1S\
A\x92\xfa\xe4\x11\xce\x92PX\x8a$\x1d5\xe9J\xa9\
\x5c\xbc\xf9\xfa\xd0\xd2T\xb7\x02<[\xe2\x02\x930\xe3\
+\x04r\xd2\x08\xfd)}\x96]:\xb5\xb3\x99\x99\x1a\
\xea+<\xa7,\xc5\xcc\x8a\xc4\xc3\xbd\xe5Z\xc0d\x8a\
\xa2)\x14Q\x0f\xa0\xd4S8\x9a\x8aemH\x9a\x22\
\x80MP2\xf6\xd5x\xa6\xaa\xdcPrZ\xa9I\xdc\
(\x1f\xdb\xf7\xfc\xab\xa6t\xcd\xe3\x0f\xb6~!oc\
\xc1\x18\xb3o)\x0aK\xed\xb1el\xd0Q\x05\xfb\x95\
\xb9\x01r5\x01\xb4\xa5\xc3<\xcf\xa5e\x9b\x5c_5\
\xb8\x8f\x0fV\x15\x8d]\xd8>\x02T\xc3\xcbmh\x07\
A\xac\x98\xfc\xeb\x9a\xf0\xd0\xf5\xea\x9c\xb6\xc3\xac\xad\xd2\
@\xb8\xca\xa8-\x88\xdf\x9cs1\xa5\x10\x22p\x16\x11\
sx\xe3\x04w\x85\xd7V\x95\x1d~P$\x9f\xfe\x87\
Z K\xb4\xeb\xf7\xf8\x83\x04wHCv)yk\
\x03\xe6QJ\xceRz\x00\xad\x13\xa6\x94\xc0\xdc6\x1a\
f\xd5H\x04\x97\x00\xca\xb0\x04\x08\x19\xd4=4@\xd2\
\xa7\xb0\xd5\xe2\x5c^)\xf0\xac\x858l\xda\x05Y\x8f\
\xcc\xb8\x93\x1e\xaaP\x1e\xc7\xa5_A!\xc4\x0ae\xec\
^\xd8 f\xb4a\x09F\x80\x02\xe6Q\x98\x98\xe6J\
\xa0{\xd2#\xf6hH\xb5K\xa0$\x02\x85\xb8AT\
B\x89JS\xeb\xa4\xe9\xebH\x22\x006\xf6\xcc\x80H\
(+}P>G\x1cQ0OH\x88\x06\x98\x01r\
\x95 \xa9+\xcc\x10\x10\xa5\xa8 \xc2\xd1\x1a%#\xda\
M\x01\x13p\xa55j\xc5\xbaa\xc2\x12\xe3\xaeI\xd4\
K\x91#\xff\x00/\xe5A\x8fZJ\x9ah\x80\xa2\xa2\
\x95\xac+\xa8)V\xff\x00Q\xf5\xa3Dah6\xd8\
\xee\x0e\xc3\xa2J_X\x5ck$\x01\x1a}\x7f\xb1E\
\x03\xaf\x9dp\xe0\xdcD\xfbi\xc8\x13r\xd0\x09\x02J\
@\x03\x7f*F#\x821&p.$\xc0\xb1'\x9a\
\xf8\xb6m\xae{\xf7\xadP\xa8*Hp\x18\x1d \xc1\
\xf4\x06\x9fA\xf7\x8b\x02\x07\x13\xe1++\xcb\x93.)\
I}*\x9dR\x02\xe5>\xfa\x9fz\xec\x99n\xb1\xbc\
T\xabm)\x04\xa1^\x22@Q<\xe6\xb5\xdaC\xbd\
n\x0av\xd2\xb4\x89\x02\xab\x0f\x98\x81\xad=\x96\x8d&\
\xd4\xa1C\xf3\xf2\xa3g\x0b \xcaf\x85\x09k9@\
\xcaI\x82i\x01\x0dw\xd9\xd3\xcct;\x1aWZP\
\xfc@\xcb\xc1 |\xa9\x02=\xab,:\xda\xefa\x11\
)X\x11\x02\xaf[\x22\xd1\xaaT\x0e\xe2\xa6\xf1NR\
\xca\xc2`\x81\xa5>\xfb\x05\xb6\xe8\x06&\xa6\xc0-\x98\
;\xd6y\x1e\x850\x91\x9a\xb1\xca\x98\xc4\xe8+\x1a\x1b\
Q\x8aR)\xcd{s\xf1p\xee\x1c\x7f\xfc+\xff\x00\
\xb0Us|\x89\xff\x00\x0e\xbb>/\xfc\xc7&\xc3\xd6\
Li\xb6\xd5\xe1\xd7\xb4\xb1\xd9\xa3\xc0\x99\xdf\x99\xa5\xf4\
\xae\xd3\x16\xad\xc9\xd66\xa3\xb5J\x95\xb4\x070\x1c\xb6\
\x9aF\xb2Y\xa0\x02\x9a\xda9\xf2\xe90\xc0\xd0r\xae\
\xbcc\x871\x88\x10kx\xe6\xb4\xf2v\xe9ZFT\
\xea\x0e\xa2\xb5\xc5\x14\xe11Z \x9a\x0b\x86S\x0d\xc5\
#\xe9\xaeT\xe2Y4\x13`\x93\xa5\x06\xc9\x9a\x03\x05\
 \xde\xe3Z\x0fL\x98\xa0\xc3\xbbpTr\xb7\xee\xae\
\x95\xa4\xc7\xee\xa7li\x80\x9dN\xa7\xce\x9d\xc8\xa4>\
\x13Y\xa8\xaaF\xca\x03(\x0c\xa09O\xda\x97\x06k\
\x1b\xec\x0b\x8c\x9aq\x01e\x8b?\x8bnc\xc2\xb6\x94\
\x16\x08\x9f\xf4\xd6>l}\xfcw\x15\xe1u\x94\xaf\x9b\
\x96\xad\x98\x03\xae\xbf\xd9\xaf\x94\xcf\xc5\xcb\xd6\x99\x8bK\
zi\xa1\xdak\x0b\xe1\xd3Y\x9f\xe4\xcb\xe9\xd2\x9e>\
/\xb4e\x9a*\xe5\xa5\x10t\x94\x8e\xbdk\xb3\x0f\x17\
\xdb\x1b\x9a%\xebbJ\xb4\xf3:Wn>7=\xa1\
~\x1b\xcb\xe9W\xe9\xc9{\x1ej\xddY\xc4&5\xfc\
\xab\x1c\xfc{\xe1\xa4\xc9\xf6\x1e\xd5\xf5#C\xaf\x9d}\
e\x9byI\x14:\x14++\x0d\xa7\x1a\x0e\x0ar\xe8\
\xb4\x8dv\xd7(Z\x88\xf9\xb5\x8f\xd3\xfb\xf3\xade\xd9\
#\xaem30\xb4\x11$\x83\xaf\x99\xab\x08\x97\xdaR\
\x9b\x0a\x04\xc2\x803@C\xdf8\xa2b6\xe7IQ\
\x07t\x90TL\xeb\xbe\xd4\x94\xde\x0ds\xfc?\x18\xb1\
zHJ]HW\xa1\xd0\xfe\xb4\xcd\xd7\xec\xc9\x09R\
di592\x1e\x0f\x80\x1f*\xc4\xcd9\xe2\xaa\x9c\
\x11\xb0\x994\xc3iL\x1a6\x0e\xa0T\xd38\x9d4\
\xa9\xa0\xba\x953\x95\x09$\x8a\xa0e\xe1\xa5T*\xab\
\xf1(S\x96\xce\xb4\x9d\xd6\x9c\xa3\x94\x93\xb6\xbe[\xfb\
WV,k\xc4\x1fj{\xb6q\x9e\xd38K\x86|\
A\x96\xad\x9e\xc4\xae\x96\x96\xf3\x96\x08Gv\xde`t\
\x09T:z\xf3\x15\x96\x5cV\xb8\xbe}q\xc2W\x89\
\xf1\xc5\xcb\x85\xae\xef\xe2.C\xfd\xd9PT$\xa8\x98\
$htV\xbfJ\xe7\xc9\xa8|z\xd9/\xe3\x0f\x9c\
\xfe\x16\x13\x91$k\xb0\x92#\xde\x89\xc9T\x1e\x18\x85\
Y\xdb\xde\x5c\x03\xf7I\xb9]\xba`\xea\xaf\x04\xa8z\
\x9f\xde\x91\xfd&>\x1c\xd8\xdc\xe2(Z\xa3\xc4D\x0f\
\xc4\x94\xa12c\xd6S\xedKf\x9f\xb4\xc3\x9bu6\
\xe8)\x86\xac\x92\x958\xb24+)\xce\xa1?\xf9S\
<\xe2\x82\x0d\x85\xdb:\xab\xacV\xfaJK\xaf\xb6\xd9\
\xeb\xac\x9d=\xa6\xa8\x07ZT\xfan\x144*uM\
% x\xb3(\x99\x03\xa1)\x03}\xa6\x80\x96y\x0d\
\xa6\xc3\xbc*%+\xf0\xab*\x08\x08P\xd4$\x0ez\
\x89\xfa\x9aA\x15yh\x97\xf1\x1b['\x5c\x12\xe1J\
\xdd\x09:+\xbbA2O9Q\x00\x1a)\x02\xbeA\
E\xbb\xf7k\x00\x97\x0a\x19D\x11\x1fv!C\xd6i\
\x84\x19\x22\xde\xef\x16\x01%]\xd5\xbd\xba\x11:\xea\xa2\
b~\xb4\x8d!x\x944\xd3\x88I\x92\x91\x95\x06d\
\x02 o\xd7J\xae\xc8\xb7Y\xef\xf8\x92\xc0\x14\xf8P\
\xeb\xabR\x87\xcd\x98\xc8\x07\xea\x9a]\x9c\x16\xcbm]\
pn0\xb7\x95\xf7\xaa\xbbKAd\xe8\x9f\x14A\x1c\
\xe4F\xb4\x04n\x03j\xbb\xe7,\xd0\x8f\xbby\xd4:\
PJd\xa4\x94(\xe6\xf5\x19i)\xf7\x17\xb0\x8e#\
G\x1a}\x9d\xf8K\x15\xb7K\xad\x1b\xfc5\xb5\x00\xf2\
\x0a\x16\x1cL\x07$\x1d~d\xa8\xcf9\x9a\xeb\xc2o\
Q\x86[\x8e\x9a\xa4\xe6\xb8u`ht\x1e_\xdc\xd5\
\xce$\x88\xfc\x9a[sZJF\xd2\xd6\x87\xcc\xd3\xd8\
!V\xc0\xf2\x06\x89OF\x1d\xb02r\x8a\xa9\x90\xd6\
\x81\xa9\xd7-\x08\x0aI:N\xf5D?\x0a\xc4[\xb9\
\xb8CKO\xccDMe\x9c\xb2n.]\x8b\xb8^\
{\x87\x0f\x99\xa58\xc6El\xc1\x80G(\xaa\x06\xdc\
s*Tf4\x8a\x01\x95\xddG?X\xe7A\x9e\xb1\
\xcc\xf2\xf4\x13Sx\x09\x96\xd1\x09\x88\xda\xb0\xb7\x95\x08\
d\xc2\xb5\xac\xf2\x02\x02\x80\xac\xb4\x08R\xe4\xd5H\xa8\
\xe7\x9d\xb7\x89\xe1\xfc4\x7f\xf8Q\xff\x00\xea\x0dr|\
\x9f\xf9u\xd9\xf1\x7f\xe69F\x1e\x09#\xa5xU\xed\
,vd\x84xD\xf4\xa9TL['@F\xf4\x1a\
R\xcckJ)a\xb4\xe5Z\xc7>I\x9bc\x02\xba\
\xf0qf5\xba\xe8\x8e\x5c\x8f'\x95i\x19\xd3\x89\xe5\
W\x11NV\xcc\xda\x8a\x03|\xa8\x0c\xe5AV\xaa\xd2\
\xd8\x15!\x91\x14\x8d\x9c\xe9\xf4\x1b\x02)\x1e\x98T\x12\
5\xa3\xb0\x1dk.\xe8\x9d\x13\xd6\xb4\x93\xd7\xb2)\xb6\
\x82F\xd4\xad\x1a:\x13\x15\x06U\x06\xca\x03R(\x0c\
\x14\x06\xe8\x0eG\xf6\xaa\xe2\x0b\x5c\x07\xb0\xfe!n\xe1\
\xcc\x8ebIF\x1e\xcaB3\x95\xa9\xc5\x09\x00\x7f\xa0\
,\xc9\xe9Q\x9f\xf1\xa7;|\xf5\xb7\xb3\xd4\x80J\x86\
\xd3\xd7\xce\xbck\xe3v\xcc\x84\x8bBLF\xb5\x8f\xe9\
\xaefm\xcbUo\xb4\xedU\x8f\x897*\x8f\xb8\xb0\
\x06O\xcaz\xd7N\x18r\x8bw\x11\xcfa\xe5<\xa4\
\xeb WL\xc1\x95\xa6?\x86\xa8\xe9\x96<\xa9\xfa\x96\
\xce\xa2\xc9D\x18\x04\x09\x1b\xd6\x19a\xa6\x92\xbe\xb34\
\x91\xd7}\xeb\xe8\x5c\x02\x90r\x9a\x80y.\x0eu6\
\x06\xcc,R\x9c\x00\xcf\xdb\x85I\x1aV\x92\xa6\xa1_\
\xb2-\x85\xa4\x0d\x12t\x1eGQZB@\xe2\x16\x84\
\x82r\xeb\xd6\x92\xe5V\xef\x18)\xcd\xeb\xedIH\xab\
\x9c\xd0r\xe8bf\x9a\x9d\x87\x00\xbd\x17\xd6\x96\xef\x83\
\xa3\xcd%^\xf1\xaf\xe7S\x97L\xefi\xa4\xff\x00\x86\
\x9fJ\xc7\xec\x1b5A\xac\xc0P\x09S\xc0kU\xa2\
)\x0f$\xf3\xa5a\x88B\x81\xac\xe8.\xa47@ \
\xd3\x80\xdb\xa3\xc2j\xe1Uk\x1dik\x5c6R\x08\
N\x99\xb6\x93\xa0\xfd\xeb\xab\x1eX\xd7\x82\xbbX\xc2Q\
\xc4]\xa9\xf1n6\xed\xe3\xee\xb4\xdb/Z\x95\x8f\xb9\
\x946\xd6@\x13\x97\xfe\x9c\xa9d\xf5\xccy\xd6y7\
\xc7\xa7\x84\x9eRn\xb8\xa2\xf9 w]\xd3\xa3\xbbk\
)\x01\xb4\x18VT\x8e\x83A\xaf\x9ds\xda\xb8\x8a\xce\
n1K\x972\x95)iS\x8a;@\x92\x04z\x80\
\x0dL\x08\x9c-\x1d\xf5\xfd\x9d\xa89\xf3\xa8)^e\
k\x09L\x9fBI\xf5\xa0,a\x96Q\xc47\x89R\
\x81m\x0f\xb8K\x89\x04\x80\x84\x12\x12\x7f\xee$\xfa\xd2\
\xbf\x80\x95mo/\x08y\x96\x14\x85=\x7fp\xb2\x80\
\x0e\xd9BRI\xf2%GN\x82\x9fa\xab\x1e\xf7\xf8\
J\xef\xd0\xa0\xcaE\xc1\x0d\xa8\xf8\x84h\x9c\xd1\xd4\x81\
\xa1\xf3\xa7\x085\xdbjh\x01\xdd-\xb0\xb2^!C\
\x5c\xbb'N\xba(\xfb\xd3\x02q\x16\x5c6\xb6M%\
\xd4\x80\xe3\x8a+I\xdc\x14\xb7\x94k\xd3\xc4}\xe9\x00\
\xcb@w\x13[\x8e\x92\x94Xa\xdf02\xa3\xde\xac\
@\x1d`'\xf3\xa0\x00\xbc?\x12\x8b\x1bd\xff\x00\x89\
\xe3q@\x1f\x09\x95I\x1e\xb0(\xfa\x08<9-\xb9\
\x88\xe3.\xad\x00\xa0\xdd\xb2\xb1\xe2\x8c\xa1\xb0U\x11\xd0\
\xc0\xfc\xa8\x07\x9f*z\xe0\xb0F`\xb4%k*\xdc\
\xa9K\xff\x00cE\x07\xae\xae>\x13\x13\xbb\xbaR\xb3\
6\xdb\x09R`\x0c\xda\x95\xa8\x0f\xa1?\x95\x10$\x93\
\x87/\xff\x00\x0e\xb8\xdb\x08*/\xdf6\x86\x1a\x9d\xd4\
\xa1\x22\x09\xf6\x14\xa9\x85\xe1\xb6;\xfb\xfc)*Wv\
\x92\xe3ht\xe4\xcc\x1b\x05\xe4\xa5D\x8e\x9a\xeb\xee\x06\
\xb4\x8e>\xc9}\x8co\xfe?\xec\xb3\xc2\xac\x84+>\
\x1ao0\xf0\xa5\x9c\xd9\x96\xd5\xc2\xd1 \xf3\x04\xccy\
WO\x8b\x8a\xcb?\xcb\xbb1\x0bi\x11\xc9\x22}c\
Z\xd6\xb3mmk4J,$7\x00MU\xa1\xae\
\xefZ6\x0a\x09\xdf\xad-\xa8\xd3\x88h\xc8Zdu\
\x8a\xa9\xbf\xa0\xdd\x8d\x95\xa8x:\x81\x0aD\xaa\xa7<\
\xb2\x93BI\xd8GTu\xe6I\x93Z\x83.\xbd\x00\
u\x14\xe0\x08\xa7\xc9\xeb\xad33>(\xd6\x96\xcd1\
\x85CdymYe\xd1\xa7\x92\xa0\xa15\xcb\xa54\
V\x01\xa3@\x80\xf8S\x90\x0c\xd5z\xea\x03\xa8>)\
\xa8\xaa\x8ey\xdb\x89\x9c\x1b\x0aH\xdc\xdc(\xff\x00\xf4\
\x07\xfa\xd7\x0f\xc9\xfe\x15\xdb\xf1\x7f\x9b\x97\xd8'.\xba\
\xc9\x15\xe3W\xb2\x9f\xb3\xd67\x15\x0b\x89\x9bp@\xd0\
I\x8aA)k\x04\x8edQ\xa3N\xd9\x9c\xdbV\x91\
\x8eI\x9bc\xa4W^\x15\xc3\x98\xe6\xcdo\x1c\xd9\x1f\
Ek\x18\xd2\xc6\xf3U\x12pm\xb5m\x11{n\x9a\
Z\xa02\x80\xca\x7f\xda[\x9aF\xcd\xcd\x03\xed\xb0\x22\
\x83%K\x09\x1b\xedNM\x8bL\x15\xf7\x87I\xcb\xfa\
\xd6\x9a\xd2N\xa10*-2\xc6\x95*o5\x04\xd6\
j\x035\x22\x98\xe5\xb0\x22\x91\xb7@e\x01\xe5O\xb7\
%\x8d\xfd\xc7\xfe\x0ew\xbdR\xb0\xa0\xbb\x84\x16\x12\x22\
\x1f\xca\x92\x95\x13\xcf\xc0\x16\x07Mz\xd6y\xcd\xc3\x95\
\xe6[{\x08\xca\x08\xcb\x5c\xd7\x06\xbb>\x9b\x18\x1f\xed\
\xb5O\xe9\xab\xdb\x93j\xc3\xb3\x13#S\xbd9\x81{\
\x07s\x0bQ\xe5\x11\xce+Y\x8cN\xc3/\x06'a\
\xcf\x95^\x93i\x9f\xe0y\xa6\x133F\x89\xb70\x92\
\x84\xc4{mX\xe76\xd3\xd9\xf4\xe1\x92\x0e\xdfZ\xf6\
\x5c\x82\xb2\x98\xd2\xa4\x8d\x97T\x8d\xd2O\xa5=\x0d\x94\
\x8b\xb0i\x5cA\xd0\xe8UN\xb4f\x1fH+\x1f\xe6\
\x11\xefU\x10\x88\xc4,\x82\x81\xad;\x81R\xc5\xf0\xd2\
\x02\xa0O\x95\x1ai*\xb1r\x9e\xec\x90A\x07mi\
X\xb8\xbe\xf6}\x88\x070t\xb7:\xdb:P}\x0e\
\xa3\xf7\xa4\x9c\xa2\xf1l\xf2]\xb6m@\x8d\xab\x1b,\
\xa8%n\x00*\xa4\x01^|\x00u\xad$J:\xe6\
\xec\x89\x83Zh\x18j\xfc\xa1z\x9d:\xd2\xb0\xf4\x98\
\xb2\xbf\x0a\x80O\xa5e\x96!*\x85\x85\x0d+\x0b4\
\xb9J\x8d&\x91\xd6\x8d\x096\xe2t:\xc7\xa5T*\
\xa8q\x95\xf8\xc1\xf0\xbb\xfb\xc5\xad\xb46\xcb+yk\
^\xc1\x08AR\xbe\x89\x06\xba\xf1\xe9\x86\x5cW\xcf\xee\
0\xc5\x97g\xc1\x8c\xbc\xb4\xadV\xd7l?\x89\xbe\xe3\
\xad\x97\x14\xdfx\xc9q\x0c\xeb\x12Ntz\x01\xae\xb0\
*r\xe7mq\xba\x9axg\x87.U\xf1\xb8\xb5\xfa\
\x90\xb7\x1cC.\x05\xac\x19\xf1d%0N\xfa\xc1\xf6\
\xaeN\xeb\x7f\xa0\xb8u\xba\xed_S/,\xad\xa1j\
\xceu\xb7\xa9\xe8\x7fSA\x1b\xe15\x15q5\xd5\xd9\
l\xb8-\x9fA\xee\xc6\x92\x10\x99\x09\x1fAE\x10\xf5\
\x93\x85\x8b\x5cV\xed\xd1\x9b\xbe\xbd\x0c\xa4f\x90\x10\x85\
J\x88\xf7I\xf2\xa2\x04\xe2\x82\x00J\x98Pe\xcf\x84\
h%\x19\x84\x97\x5c%N(\xf9\xf8\xc7\xd2\x88\x06>\
\xc3k\x16\x96L\xab#\x02\xe5,\xa4\x01\x05iBs\
{\x99\x8f\xd6\x80\x19\x87\xd3\x7f\x88\xdc^\x04\x85[\xf7\
\xb9\xc1T\x8c\xec7\xa0O\xb9\xcb\xf5\xa6\x0eb\x05\x1d\
\xe5\x9b+Nu\xf7j\x7f\xbb*\x80V\xb5\x92\x91\xa7\
 \x94P\x00\xdc\xa86\xde0\x86\x8a\xdcS\xb7)m\
/\x1f\x95\x09H\x01F\x7f\xd4\xa0=\xa9P\x01j&\
\xf0\xad\xa2P\x940\xeeR5\x89\x81\x07\xdaMT+\
QXzSsk\x8a\xdd\x84wj+\xef[H'\
e\x03\x1a\xff\x00\xa4\x0fz\x01\xf52\x15\x8b\x96FV\
\xdcWv\x8dt\xcar\xc8\xf4\xd4\xd2\x07.\x90P\xc9\
Si\x0a/\x86\x84\xc4\x98\x80\x93>\xa6g\xde\x8d\x04\
\x8d\xd3\xc8k\x83\x98\x0bAu(\xb9ma@\x9c\xbe\
\x14\xa8\x94\x83\xe9\xa7\x95\x06\x8d\xc0V\xf6\x14\xbc-\xe6\
\x01p\xb4\xef\x85)2T\xa8\x0e \x1eGX\xf2\x14\
\x07\xd7\x8f\xb0\x16(\x9b\xdf\xb3\xfb\x0c%,\x06Y\xc7\
q\x16\xca\x98'\xbbR\x96\xf2\x5c\x94\xce\xc0)\xc5&\
<\xab\x7f\x1c\xee\xc4g\xf4\xf4\xab\x09!\xb4(j\xac\
\xb0GZ\xd2\xb2\x12\x98V\xdbTt\xa6\x8a\x22)\xec\
\x11\x1a\xd5l5\x02E0B\xd8\xceLS\x97A\xb6\
\x1bS,\xbd\x98\x0d\xa0\x11K+-\x9a9\xf6\x8du\
PMl\x94}\xcb\xb9d\x83L\xc1\x97\xa0\x89\xa2\x82\
\x90\xe81R\xa8\x97\xc3\x9d\x88\xd3\x993QM4\x8b\
\x80\x13\xd2\xb1\xb8\xa8\xca\xeesH\x1c\xaa\xe4\xd0j\xd8\
\xc2\xf3R\xc8\xe0\xd4\xba\x94\xce\xb5\x9d\x8as\xde\xda\x9c\
\x0ea\xd88\xdf\xef\x96\x7f\xfa\x11^\x7f\xc9\x9a\xc1\xdb\
\xf1\x7f\x9ds{@S\xa8\xdf\xcb\x95x\xb5\xecD\xe5\
\x96\xa8N\xa0\xf5\xa9\xaa\x89\xab}\xc2I>\xa2\x91\xa4\
\xad\xc0\x0a\x9d'\xad\x0aMY\xaeb6\xaa\x8c\xf2\x89\
\x9bu\x05GJ\xea\xc5\xc1\x9c\xd2A\xb3\x15\xd3\x1c\x94\
\xfa\x0di\x19S\x83j\xbf\xa4\x1cA\xadqEn\xa9\
,\xa0\x9a\xaa\x0c\xa9&\xc0\x9aa\xb1I]4\xa3\x03\
\xa59\x08:\x95\xde\x98\x9f\x0f\xebZN\x08\xa4\x906\
\x14\xb9\x05\xe6\xa9\x0c\xd4\xd0e\x00h\xd8\xd1A1R\
zn\x83e\x01\xa2b\x80\xcd\xcd\x01\xc9~\xd3\xfc6\
8\x87\xb2\xbb\x85\x06\xd2\xb7l\xaeY\xb8J\xb9\xa4f\
\xc8\xa8\xf6Y\xa0<\x9bo\xc2k(\x03q\xe9S\xea\
{\x16\x9e\x11s\xf9f?*^\xa3g\x07\x07/O\
\x0d\x1a\x1b880\xaa%\x13\xebOCe\x7f\xe0\x99\
\xfc \xf3\x8az-\xb1<\x0d\x1a\x94I\xf4\xa3@\xd3\
\xfc\x14\x0au@\x8f*^\xa3oh\xb5q\x0b\x89\x9a\
\xf4ld\x96\xb4y.\xa6\x0e\xf5\x96\x5c\x01\x0aa*\
\xe9Q2\x06\x1c\xb2\x04\xed\xa5\x5c\xc8\xac0\xa6T\x83\
\xa1\xaa\xde\xcc\xda\xde)F\xa2J|_J\x13\xb37\
\x048\x09\x06A\xd7\xda\x9c%{\x13\xd2A\x15p\xe2\
\xa7|\xc2\x1d\x99\xf6\xa7yk8Hp\x12\xcd\xbe%\
ylL\x87\x9a\x0bN\xbc\xd2\x7f\xa1\xa9\x19/8u\
\xd9C\x08I2\x7f\xde\x8b6\xce\xf0%W\x19\x8e\xf0\
iH\x90\xce\xa8\x9epkB\xd8\x17D\xcf\xedUL\
1\x1a\xf3\xd2\xa5B-\xee\x0a\x14*t\x16<>\xe7\
\xbcMa\x9e\x22$fEb\xb6\xa8I+\xd0\x1a\xa8\
N;\xf6\x8b\xc4\x9c\xb1\xec\xdf\x1aa\x90\xda\xaeq\x10\
,\x1bC\xa6\x12\xa0\xf2\xc3j\xfa \xb9\xeeEu\xe1\
\xc4c{x\x07\xedu\xc5\xf6\xdc5\x85Yp\xf6\x1f\
p\xa7nnm\xd5\x9d\x0f,/\xe1\xd0\xe9\xef^X\
\x11)\xca\x9e\xe5\x94\x1d\x93'I\x15\x96|M6\xc5\
\xe4\x9e\x1bZ\x13\xc2\xb7\xee\xa9C\xbcY\xd32t \
\x92=\xf4I\xac#CJt\x17\xdcwV\xfb\xd3\xdd\
\x93\xfc\xa8JB\x89=w\x14\x80^\x17\xb9M\xb5\x8e\
4\xfaR\xa8B^q\x09F\xebQLf3\xc8@\
\x13\xcbZ(\x17\x83\xdb*\xe2\xdf\x0e\xb6\xf9\xc9(\x04\
\x1d3\x15(\xe8=\x7fsD\x0b\x1d\xba\xd8w\x1b\xc4\
\xae\xee]\xc8\xc3\x09u\xd5\x02\x99\x1e\x10\xa9W\xd6b\
9\x94\x8a`\x1d\xbd\xe2\xdcj\xea\xf5\xe0[6\xea\x0c\
[\xa4\x18!\xe5 \x02}\x92\xa3\xeei\x17g\xdak\
\xe1\x12\x9bf\xd1*\xb7B\x8b\xa6>EjBc\xd2\
I\xf4\x14\xe0\x09qs\xdc\xf1\x0biI.!\xabp\
\xa2\xb0~A\x02\x13\xe5\x06LPf\xcb\x0an\xc5\x94\
:a\xb5\xbaT\xf1\xfc$\x81*:m$\x8fz\x08\
\x13%(\xb0}\xe0R\x95\x1bbc\xa8!S\x1f\x97\
\xad0\x84\xb2Z\xda\xc3\xd9\xb5K\xa5\xbf\x13jVm\
\xd5)%s\xe4\x90\x13H}\xa4\xee\xd5\xdeq3\xce\
\x94\xc1VU\xc4nCc\xfd\x8d S\xcbR\xda\xc3\
m\x14\xbc\xc7:\xbb\xc4DeH\x19\xa3\xd4M:\x0b\
\x00\xdcps$\xa0\x87\x08q\xe4\x1059S\x00\x0a\
\x0c\x03O>pW\xd0\x84\x85\xdc2\x94\xbe\x8f\xc2I\
\x01I)\xf2\x93\x14\x07\xd5o\xf8t|8\xe0^<\
\xb2\xc2\xee\x1b\xb9\xc2\x99\xe26\x1d\xc3\xdeB2\xa5A\
\xcb6]X\xcb\xb0\x85\x15#a\xf2Mk\x85\xef\xf0\
\xcf8\xf5\xd5\x83\xe1\xdbV\x96\x01\x026;\x8a\xdf)\
\xcdg(\xc4'1\x90`\xf5\xac\xadT(\x82\x0e\xa3\
\xe9H\x1b1<\xc1\xf4\xaa\x06\xd6\x99\xdaO\xa0\xab\x94\
\x8d\x1c\xe8>U|QN\xadsfcI#j\x89\
?y\xef\x84M\xd2w\x22\xb7\xdaQ\x8f\xa4\x9a\x04\x0e\
\xa6\xc1\xf6\xa2\x99)\xd2'\xebSU\x126\x17\x81\xb2\
\x01\x03\x9dJ\x92\x7f\x1c\x95\x0d\x0c\x0a\x93\x86\xdb{1\
\x89\xe7\xca\x9e\x8d!f\x92\xbc\xd0v\xa8\xcb\x83\x07\x8a\
\xbe\xe5\xb4\xc0\x911\x1c\xea\xa7*\x9c\xa8\xdd\xa8\x5c\x9b\
\x8c7\x0a\x9dak?\x90\xaf;\xe6\xcda\x1d\xff\x00\
\x1a~\xebT[bt\x8eu\xe0W\xad\x13\xb6C\xc3\
\xbc\x81\xd3j\x9b\xca\xd2\xf6\xc4\xac\x80*BR\xd8\x11\
\xca\x85%\xec\xcc\x91\x1f\x90\xab\x88\xa9\x96\x0cGJ\xe8\
\xc6\xb8\xf3\x89\x16\x95\xa0\xae\x99\x5cyA\x095\xb4`\
u<\xaa\xe2)\xc4\xfc\xd5r\xf2\x82\x8e\x95\xa2Z&\
\x9c*\xcad\xd8\x1dil\xf4\xc2b\x8d\x16\xd94\x10\
w\x17\x9c\xe5\x1bs5\xa4\x9a\xe46\x96\xa8\xb4\xce%\
\xba\x8bD/ \xa5\xb3l\x08\xa4m\xd0\x19@jb\
\x80\xd6n\x94\xf4M\xc7ZF\xdd\x01P\xed\x5c!\xce\
\x03\xc4\xd9XJ\xbb\xe0\x86\xd2\x95lIZb\x9c\x0e\
\x09i\xc3\xc8\xee\xc4'\xd4\x91TB\xd3\xc3\xa9\x1f\x84\
\x1f:4\x0e\x8c\x00\x7f(\xa3@\xa1\xc3\xe0j\x12(\
\x1fE'\x00\x13\xf2\xd1\xa1\xb2\xd3\xc3\xe0\x80r\xe9\xe9\
KE\xf6\x16\xf3\x00\x01&\x13\xf9S\xd0v\xc2\x0aI\
#H\x1f\x9dv\x96\xdbb\xedl\x91\xa1\xf5\xa5\xa4\xa6\
-q\x04\xb85\xd0\xd6Yb\x07%iP\xde\xb2\xd0\
%h\x06cj\xa9@e\xb0\x93\xa8\xab\xdah\x053\
\xdd\x85#\xf9v\xf4;UK\xb2DbV\xf9\xdbU\
\x5c\x1f\xda\x9b\x890\xa6\xdcQ\xe4)\xb5\x86\xf8n\xe0\
\xda\xf1\x0d\x92\x97\x09J\xd4[Q\xf2P\x8f\xe9J\xab\
\xe9|`\xe5H\x07B$~uL\xa8\xb4I\xe6h\
\x88\xd1KG\x958\x01<\x82\x09\xfdj\x8077\x1f\
\xbdJ\x9a\x0b\x8f:JHa\x97\x9d\xdb\x80\x13\xa1\xf3\
\xa9\xca'KS\x0b\xef\x10\x08\xae\x5c\xa6\xaa\xe1j\x15\
&\xd1\x12(K\xcb\xdfk^&\xb0\xb2s\x85\x98\xbe\
\xc4\x86\x19ge\x88\x9cb\xe5\xe4\x90U\xdc\xda\xb6\xb5\
-Pt\x04f\xd0\x9d3A\xe4'\xba~\xdc9e\
';|\xe3\xfbJc/\xe2\x98\x8b\x98\xb5\xfe\x1e,\
1,Y\x03\x148p\x07\xfeF\xd5Y\x93kn\xa7\
\x01!j\x08\x85* f3\x12k\x0f'<\xb6\xc5\
\xc8\x98R\xec0+F\x87\x8f\xbdv\x0aO\xccr\xb5\
$}V}\xeb\x15\x07\xb8J\x7f\x8d8\x9d\xc2\x09\xc8\
\x8ePS\xe2Ls<\xfd\xa9\x03\xd8-\xa8w\x04\xb9\
\xb5J@7\x0a[\x00\xcc\xa8$\xac!'\xd3\xc4>\
\xb4[\xb2O`I\x8cQ\xeb\x96\x90\x94\x86\x14\xa2\xda\
H\x9d\x00\x09\x1e\x9a\x0d=i\x18w\x1dU\xad\x82\xda\
R\x81v\xf9\xd6\xd0\xe3\x99ve*\x05Q\xe4H\x1f\
_*dv\xf5\xa6\xd3h\xd8J#2\xfe%M|\
\xa19\xd7:u\xdc{&\x98J\xe1A\x92\x97\x159\
\xbb\xf0\x13\x0a:\xfc\xa4\x98\xeb\x02M0\x82J\xb3\xbf\
wv\xe0\x0e\x04\x14\x88H\x80R\x84\x93\xa4r\xf3\xfa\
\xd4\x83x\xe2~\x1e\xd6\xd3R\xa6\xd0\x82\x5c)\x1b\xf7\
\x8a9~\x90h\xd9\xa3\x1c\xf0`\xee\xa1KJ\x10\xee\
@\xa7\x00\xd1\x0d\xe8#\xcb\x98\xf7\xa6\x11\xd6\x8d\x94<\
\xe2\x9e\xd5\x09&s\x99T\xa8m\xe7\xb8\xfaR$\xd5\
\x9c\xb9\x8d]\x1f\x99\xc0\x0a\x92\x80v\x01\x02I\xeb\x1d\
>\xbbS\xbc\xd0\x8aS\xcas\x0cv\xeb4Fp\xda\
\xa3BU\x00k\xfe\x9aF\x9dCy\xf8w\x09ND\
\x87\x0aB\x00&<\x11$\x91\xcbM\xfd)\x84&\x10\
\xea.\xfb\x9c\xc4\xac:K\xcb\xe6\x14\x8e\xf2S\x1de\
'\xf2\x8a\x0d\xf4\xab\xfe\x16]\xe5\x8e\x11\xda>\x14\xeb\
\xa8Z\xda\xbd\xb1\xbaHm\xde\xf1\xb5\x0c\xae4T\x83\
\xb6S\xdd\x81\xff\x00m^<Te7\x1e\xe5m\xb2\
\xdaR\xa4x\xa4L\x0eb\xbaw\xf5X\x0c`\x85\x09\
\x15\x96K\x87N\xb5\x0a\xa4\xc8\xaa&\xb2\xc8\xa6p\xd9\
n}i\xec\xb4E\xc22\xb2\x91\x1a\x93&*\xb1\xbc\
\x95\xe9\x1a\xeakm\xa4\x05\xc32t\xa6\x02\xa9\x1c\xa9\
\x03JkRh\xd9\xb4\x01\x07\xce\x92\xb6)\x9c\xc6\x00\
\x9a\x95$-\x90Bu\xa1Q1c\x09I\x93Yf\
m\xe26i\xb9l\x1aXe\xae*\xa5s\x0e\xd3\xda\
,\xdb\xe1\xc8:\xea\xb1\xfaW\x1f\xce\xfe1\xdf\xf1{\
\xaaE\xb1\x95\x8e\xb5\xe0\xde\xde\xbcOa\xe9\x84\xf9\x9d\
\xc5f\xa4\xc5\xa8!CJ(\xed.\xc8\xeb\xa5=\x0d\
\xa5-b=*\xa3:\x95\xb70+|\x5c\xd9\x0fh\
\xd7Dr\xe5\x05 \xe9Z\xca\xc2\x9dA\x11Z3\xa7\
\x01\xaa\x88/z\xd9\x9fL\xabK*\x0f\xa6\x135R\
\x13(3n\xae<#z\xa9>\xe94\xda Qi\
\x9d\x03J\x83\xe8\xad\xa9\x0e\x19 s\xa0\xda+OZ\
z-\x92]\x14\xf5F\xda\xef\x09\xe5F\x88\xa0\x92w\
\xa5\xb3\xfe\x8a\x02\x05#n\x80\xca\x02\x87\xdae\xf7~\
\x8bl5:\x82{\xf7=\xb4H\xfdO\xb0\xab\x916\
\xa9ma\xa2\x07\x86*\x93\xb1\x09\xc3\x86\x83-\x06q\
8p\xe6)\xe8\x15\xfc:yR\xd0,a\xa0\x9d\xa9\
\x83\x88\xc3|\xa6\x8d\x17A\xee\xb0\xb9\x07MOJ4\
6\xbd\xf7!B&|\xab\xa4\x88\xf83\xae\x9fJ[\
\x05\xa1\xa56D\x02\x9f9\xa0\x0ee\xd5\x00&ME\
\x841\x0eMg\xa3m@(Q8 \x97)\xca\x9c\
\xe7\xf0\xef\xe6*\xe1\x22\xaf\xdb\x90Ei\x09R\xc4\xd9\
\xd4\xe9\xbfJ\xa5D\x1a\x99X}*@\xf1%@\x8f\
QCM\xaf\xd6\xcf|C\x0c\xbe\x9f\xfa\xa8\xcf\xf5\xdf\
\xf3\xa23\xa3\xda\x04\x00D\xc5RN\xaa\x0d$\xec-\
\xc2'Z\xa3\x95\x1br\x88;\x81A\x86*\x82),\
\xfd\xb2\xb5\xd0\xc1\xebH\xd6\x9c\x1a\xe7\xbcf\x09\xd4W\
?\x92&%w\x15\x8a\xc3\xde\xdc\x8bKu\xb9\x19\x94\
\x94\x95\x04\xd5c\x8f\xb5N\x5cG\x87{]\xb0\x7f\xb4\
.\xd8\xee\xd5z\xb6\xc6\x0f\xc2\xd8km\xe2A\xf6\x83\
\xa1\xdb\x8b\x80\xa7\xd2\xd2\x09\xd1\x0aHKjY\xd8\x90\
\x81\xe5]\xf6\x7f\xd9\x94x\x87\xed3\x8d=\x8cq\x1e\
\x1d\x9a\xc5\xbb+\x8cW\xbb|0\xcb\x9e\x16\xad\xdbR\
\x92\x84k\xf8\xa5 \x93\xa7\xcb\xd0\xd7/\x93\x8e\x1bc\
xr\xd5).\x9c\x15\xa4!@\xa5\xd5\x5c\xc8\x1f2\
TJ@\xfa\x0a\xc5@\x89.b}\xe6U(<T\
\xdbru\xceRA3\xe8\x0d \xdf\x09\x5c\x1b\xd7n\
\x92\xb4\xe4U\xad\xa0s?\xf2,\xac\x19OU\x12=\
\xa2\x8d\x05\x9b\x86\xdb[8N$\xfa\x1f\x0d\xbc\xb7\xfb\
\xa6\x9d\x07F\xc2[\x95*z\xa6f:\xd0\x03\xdc\x94\
\xdc\xddZ\xa9\x0d\x1bV\xd0\x94\xb6\xdb%RR\x02R\
\x86\xc6\xbdJ\xa6\x0e\xd4\xfb\x80\xbcqh\xfe2\xa6B\
\xbe!\x16\xc8\xef\x94d\x0c\xe4'#bz\x0d\xff\x00\
\xee\x14vB\x92\x9e\xe46\xfa\xcf\x86\xda\xc9jFa\
 \xb8\xb5d\x1a\xf5\x8c\xe6z\x0a\x02.\xc7\xbb\xb5\xc0\
\x1dq\xc7\x0fz\x93\xdd\xa2\x09\x81&H\x1dt\x81\xaf\
Z4f\xf1\x92\x94\xdb<\x95\x15\x15\x97R\xda\xdbQ\
\xf9R\x1bR\x86\x9e\xaa\x14\x10lU-Z\xe1-\x80\
\xf7z\x9c\x8d)&>`\x00PA\x1c\xa0\xef\xe4<\
\xe8\x08\xfb;\x5c\x96\x16\xe1\xc5\xab\xbd.$\xad*\xf9\
\xc9R\xb4\x1d&\x04\xc7\x9d \x93\xc2\xadT\xa71\x07\
\xd2\xaf\x12{\xd4!K\x11\xb2\xcc\x93\xf4\x02<\xe9\xe8\
\x02\xc4P\x97\xb8N\xd5\xb6\x8c%\x17*B\x80\xd2Q\
\x01D\xfeDPk\x0e<\xa2\xcf\x0f\xda\x86\xe1W\xae\
\x92\xd8\x81\x19LJ@\xf4\x09\xf7\x93O\xe8+\x18B\
P\xc5\xdb,\xa3D4\xc0Vr5\xca\xaeQ\xd0\x1d\
~\xb4\x83\xe8w\xfc1\xf1w\x99\xe3n&\xc2\xc2\x1c\
K\x0b\xe1\xab\x0b\xd8uAK\x0a\xf8\xa7\x81\x8d\x07\x81\
D\xac\x81\xcb\xad\x5c\xe6\xc8Yt\xfa\x15n\xd7\xdc!\
:\x8d\x01I;\x8a\xd6\xdev\xc6C\xed\xa7\xa8\x827\
\x15\x16\x9c&\xe5\xf6\xad\x1a.<\xb0\x84l<\xfd\x05\
E\xcaC\xd1\x96\xae\xd0\xf9L%h\xcc%%b&\
\xa7\x1f$\xb7J\xb8\x9e\xd4V\xc8`1\xca\x83\x22\xeb\
T\xa7\xd2\xab\x02\xa0\x1eF\x9eu\xb2B8\xd4\xd5\x10\
w\x18\xe7\x14\x8e\x19S0h3E\x9di\x19\xfbf\
\xa1@\xfe\xb4\xaa\xa2A\xa6\xca\x1b\x12$yRRI\
\x81\xf7^\x95\x17\xb5\x08\xb7w:2\xabx\xac\xf2\x9a\
\xe4\xe3\x9dv\xc2\xd0n\xdb\x0cX\xe6\xb7\x07\xe4+\x8b\
\xe5]\xe1\x1d\xdf\x16\xeb*\xe6\xf6\x89\xca\xecf\xde\xbc\
\x5c\x9e\xcc\xa9\xfb\x22I\xf4\xac\xd5yL\xdb\x19\xf4\xa0\
%\xd9\xd0']7\xd2\x9e\xb4\x94\xa5\xbe\xc3\xf7\xaa\x88\
\xa9&<\xcdk\x18d=\xa5h+y\x5c\xd9A(\
\xadc\x1a}\x06+X\xc6\x9c\x06j\xe24p\x1d+\
Y\xcb:\xd7x\x99\x83 \x9e\xb5z\xa9\xe1\xbet\x06\
S\x22\x5cp6\x99\xe7\xca\x94\x9b\xa08ZS%F\
Mk\xab\xf4\x1b\xf8\xa8\xd1)\x9a^\x9f\x93`}\xc5\
\x0d\x88\xa3\xd6\x0d\xb6\x14\xe2\xba\xd1\xc4\x05\x84+\xadN\
\xe1\x14\x19\xa5\xece\x06\x80\xa5\xb3\xd1`\x01Rm\xd0\
\x19@e\x00\x82\x0a\x8fAL\x9c\xeb\x89\x87\xc5q\x0d\
\xd2\x88\xd1\x04 {\x01[c8E\xbc\x86n\xd8S\
\xd1\x1fM\xb8\xe9F\x81\xc1n(\xa0\xe0\xb6\x13\xb6\x94\
\x02\xd3j\x0f*@\xe2m\x80\xe5O@\x87m\x12A\
\xd2\x80q\xbcD\x83:WB\xb4-\xacX\x0c\xbe\x10\
\x0f35\x1a\x1a\x14\xdd\xf2\x1c\x1c\xb5\xa5bO\xa5\xf0\
\x0fA\xe5F\x88Kn\xe6\xe7Sa\x9f\x06EH%\
\xc4\xcf\x9f\x958U\x1c\xfb\x19\x81GM\xbc\xc7\xfbV\
\x88A\xe28v`L{\xd5l\xe2\x10\xd8\x16\xdc\x04\
\xa7\x9c\xd3ZW\x04u*\xc3\xd0\x81\xff\x00H\x94\xfd\
L\x8aR\x8c\x93\xb6\xe8\xce\x80E>\x99\x9e\xee\xe7\xfd\
\xe8\xd8\xd1\xb7Z\xa3c\xa4}\xcb2\x0dY\x22\x9eF\
S\xb5-.\x17l\xbf\x10\x06\x92\x93\x98S\x9d\xcb\xb1\
\xc8\xf5\xa8\xcam+\x22\x15\x98\x0a\xe4\xbc.r\x81\xe3\
\x9cb\xdb\x86\xf8K\x16\xc4\xaec\xe1\xed\x98S\x8e\x8e\
j\x1c\xd3\xef1\xefZ\xf8\xb7s\x89\xcaq^L\xc7\
0G,x/\x1f\xc4nP\x9e\xfe\xe5o\xe3\xf7\xb7\
\x17k\x05\x0e\xdc\xa9\x94%\x03\xfc\xad\xb6V\x93\xac\xc6\
H\x8a\xf4o\x5c\xb1\xbcW\xcd\x8e\xd7x\xb1\xae8\xed\
j\xfe\xfd\x836L\xa5\xbb;0\x0c\xfd\xcbH\x08J\
\xbax\xa0\xae\x7f\xcd^vw\xda\xba'HK\xfbe\
[c\x96\xa9*\xca\x1ai\x09(\xe7\x19\x80\xd3\xdc\xfe\
u\x99\xa1\xb1'\x03Op\xf3HY\x97\xaf\x9cS\x82\
\x7f\x1el\x9fH\xa4gxx\x8bv\xb1w\x0ed\xa9\
\x0f%\x92b$\xa6V\x04t\xd8Pk\x85\xa2\x9a\xb5\
\xc3\xadp\xfc\xf9M\x98\xcfxH\x89u\xc8Z\xd1\xe7\
\xcaO\xa0\xa0\x80\xe1a.\xe2Kr\xec\x02\x97\x1dU\
\xeb\xc8\x98\x94\xa71\x09\x07\x96\xb0=\xa8\x80\xcd\x9b\x7f\
\xc5\x1b\xbbqd\x97\x9cq\xb5\xb8\xb0Nb\x80tH\
>\xa5:\x0e\x94\x12S\x1bK\x81\x87\xacD%h[\
hZ\x10t(L\x10OBT\xa3L\xc0\xbbi\xff\
\x00\xbb\xf0\xa6\x1d\xf0\xfcKk}H\x04i\x9d`\x09\
\xf3\x22(\xa0\x1e.\x95\xdf-/\xa4\xf8\xcb\xab\x90\x91\
\xa1\x00\xe5G\xd7J\x00^'\xb5W\xf1{6&V\
\x14\x94) \x00@I\xd7OD\x9aT\x8cX\xe6\xbd\
\xb9R\xdbJ\x0a\xc5\xca\x1e\x94\xfc\xa4\x80\x08\x1eQ\x98\
\x03L%\x18q\x95p\xe6#t\xd3\xe9\x09t)\xa4\
(\xec\xb4(\xcb\xae\x03\xcc\x95\x13\xf9t\xa0\x11\x88Y\
\xff\x00\x0e\xc0m\xd9\xbcB\x93r\xd7v\x95 \x98?\
x\x09J~\x9e%\x0e@$s\xa4l\xc6\x90Um\
`\x0f\x88\xb6\xe3kY\x13\xa4\x83\xe1\xf2\x8d|\xf5\xaa\
4%\xb2\xbe\x1e\xfe\xef:~\xeda\xb4\xc2uQJ\
\x8c(\x8f0A\x81\xe4i\x13\xe87\xfc?\xde\xfe\x1d\
\xdb^\x06\xda\xad\xd5j\xbcO\x80n\x10\x97\xb3\xc8\xbf\
\xf8l@\xa5*\x88\xf0\xe5K\x80y\xe8u\xad\xb5\xac\
q\xa5z\xaf\xa3l\xf8\x9amZ\x89\x00\x99\xe4b\xa6\
\xf6\xca\x14\xf2\xb2\xa36\x81C\xad(*\x9dqx\xbc\
k\x1dM\xba\xe5\x08l\x81\x90\xf2\x1d\x7f\xde\xb93\xcb\
yj6\x93K+.\xe7\xbc\x90$h\x94\x8fJS\
\x9c\x949H\xd4\xd7d\xactFO\xa5=\x96\x8d\xdc\
jc\xa0\xab\xc4PnV\xb1\x14\xc2\x90\x0dP6\xa6\
h=\x9a[\x1b\x9a\x01\xb3o\xbd\x1b\x07Zl\x03\x07\
\x9d%A\xcc\xa7;U+\x16\xd8\x01\x07\x95g{Q\
M7\x1bR\xb4(}\xb1\xa5*\xc3\xf0\xbdA!\xe5\
\xc8\x07\xfc\xa2\xb8>O\xf1\xdb\xb7\xe2\xff\x0073\xb7\
@.\x01\xca\xbcl\xb8{Q;h2\xc6\xb5\x9a\xd2\
\xd6\xa9 \x89\xd6y\xcd \x98aIQ\x00i\x1c\xba\
U!'o\x1c\xf7\xe5N\x12A\xa5h9V\x91\x95\
\x1a\xd1\x90$\xd6\xd2\xb9\xf2\x18\xda\xabi\x5c\xf9A\x0d\
\x98\xadc\x1at\x1a\xd1\x9e\x8e \xf2\xad1\xa8\xc9\x85\
\x1a\x83\xe7\xce\xb5\xdb6\x0a\x03g@I\xd0\x0a\x07\x08\
\xe5\xba\xab\x97dh\x9eU\xd1$\xc6\x03\xcd\xdb\x0d\xc9\
\xa8\xb9\x01\x09i)\xe5Y\xdc\xa8- t\xa92\xa0\
\x0eT\x8d\xba\x03(\x0c\xa02\x80\xca\x03(\x04\xeec\
\x95\x04U\x06\xe6w\xae\xf7\xf8\xc5\xf1'^\xf9D\x1e\
\xa2`\x7fJ\xe9\x92\xe9\x8d<\xdaF\x94\xca\x1e\x00E\
#8\x94\xd0\x0e\x84\x0a\x01\xc0\x8f\xa5\x03\xfd\x1cJ@\
\xa3\xec6\xb6\xe4R\x08P\xd7{%\xb1\x95cR\xd7\
_\xf4\xff\x00J\xdd\xa1\xb4\xaa\x15F\x80\xbbk\x92\x92\
\x04\xc5H\xb3ikg\x81\xe71\xd6\x92\x07\xb2sF\
\x94\x10\x94\x92*{3\x81U$m\xe6\xe7\xc4\x98*\
\x1a\x89\xa7\x0b@n28\xced\x89\x07\xaf/*\xd0\
\x95lq\xf1l\x95\x11\xbdW\xd2\xb1Bp\x96'\x9b\
\x16z\xd4\x98K\xad\x95&\x7f\x99&\x7fBh\x8b\xab\
\xfe\x1es$h)\xd6Cr\xcd@%i%4\xca\
\x82}\x99\x06\xac!\xef\x9b\x82i\x88\x12\xddy\x5c\x03\
\xce\x92\xe2m\x93\x0e$\xd2\x15d\xb6s\xee\x81\xe7\x5c\
\xb9NNW>\xed\x9c\x9cA<5\x80'\xc6\xacG\
\x10J\xfb\x92\x8c\xc9{\xb9\x1d\xe0J\xb9e\x90\x14g\
\x92+\x7f\x8f9\xcb?\xc2s\xfa\x8f)\xfd\xb0q\x0b\
\x8e\x0d\xfb<qjY\xb9\x01\x9c_\x1eo\x0e\xb3\x09\
PK\x8e\xdb\x16\xdb\xce\xa2cq\xdd\xca\xa3C\x22\xba\
|\xb9q\xab\xde\x99\xf3l\xaf\x99\xb6-6\xef\x10\xdb\
e\xf1\x8b\x9b\xd0\xcat\x9c\xc0\x13\x98\x81\xd0A\xdfy\
\x02\xbc\xee\x9d\x1d\xa6\x9f}\xd7\xb1\x97\x9dq \xa9G\
R\x13\xcc\x15*\x07@ \x0aE\xbeU;\xe5)\xac\
O\x87\xd6\xb2\x94\x86Hu@i\x03>b\x0f\xf5\xa3\
JY\xf8\x7f\x0dE\xe2\xefM\xc2\x92\xd5\x99}w\xb7\
N\x1d\x9bd*U\xeer\x84\x0f5R\x09\xe4:\x18\
k\x16\xc4\xf1\x06\x8bN\xbe\xa5;p\xc2\x80\x92H\x04\
 \x0d\x84\x08\x13D\x08\xd6\xed\x82p[\xbb\x97\x88\xcc\
\x10-\xd2\x93\xe6\x01_\xec=\xea\x89\xbe\x12l7i\
t\xb5\xa4-E\xb2\xb0\xb1\xa8\x05 \x98\xf2\x04\xe5\x13\
\xe9R\x0e\xe3\xef\x93qh\x95\xa5E\xd7\x13\x01S\x0a\
\x1c\xc6a\xcft\xc7\x97\xad0&\xf1\x05<Cb\x85\
\xb2YCM\x14\x904\xcd\x91*R\x8fY\x10\x91\xea\
i\xd1\xf6\x89\x17\x0c\xdd\x5c)\x0c/wZa\xb4\xc4\
\x05\x1e\xf19\xce\x9bs\xfaR\x1ff1\x07RWs\
r\xb3\x99\xe7Tm\xc0\x1c\xdb\x95L}\x22|\xe9\x00\
\xfc4\xd8\x03\x10}G#J\xce\x80O S\xe2P\
\x1dB\x06\x9c\xa5B\x99}\xa40\x17\x9bk\x00\xb6y\
V\xe1akJ\x10\xde\x85(\x01$\xa5\x00F\xa4\x18\
$\xed\xa5#\x05\x8a>\xbcV\xe1\x0c.]q\xc7\x95\
\x99\xf4IT\xa4\xe5\xe6z\xe8)\x81\x17O\xb7u\x88\
\x98Q\xc8\xbb\x94\xb6\x84\xa7\xc3\x09\x1e\x15OB#\xf3\
\xa0\xd5\xc5\xdd\x85.\xf9\xdc\xc0\xaf\xe2\x8c84\x019\
\x89BG\x90\x13@{\xa3\xec!uqs\xdb\xcfg\
\x17&\xf9o)<=\x8bX\xf7\x0ee\x08CJS\
Km)3$\x92\xdeb\x904\x06f\xab\xea\x0f\xcb\
\xea\x13_\xe0\xa0\xa4A\xca<'\xd2\x9d\xee\xed\x91\xbb\
\xa6\xcb\xd6\xeb\x08 * O\xefG\xf4\x10Hn\xdd\
\xd7\xfe^\xe6\xe9'T\x1d\x14\x93\xe4y\x8a\xe2\xcb\x0c\
\xa5k,\xfa\x1b\x85\xba\x1f\x09y\xa5\x07Z3\x0b\x03\
):\xc7\xd2\xb7\xc3\xc7g\xf2M\xcb\xf0\x95\x0b\x9eG\
\xe9[h\x98\x9dN\xd4\xa80\xf2eg\xd6\xb5\xc5\x17\
\xb3\x0bn\xb4\x94\x88\xee\xb4\xa6D\x96\xe8\x04\x16\xe7\xd7\
\xca\x836\xa4@\xa0\x10\xa0\x12\x99\xa1P\xe5\xb3\xd0\x07\
*\x15\x06\xa1\xdf\x0c\xefY\xd8\xa1\x0d8\x93\x1f\xadE\
\x86\xe4\xbcd\xef\xc4\xe0\xf6\xae\xab\xe7v\xed\xf7\x94$\
\x1d\xcc\x0f\xc8V_:k\x09\x1d\x9f\x12\xfe\xea\xa8[\
\x8f\x18\xfe\xe2\xbew'\xb7\x8aj\xd1ZmY-3\
j>Pu?\x98\xa5\xa2J\xdb\x82\x95\x13\xbe\x95P\
\xaaE\x85\xf4\xab\x89\xa9\x06\xaa\xe6\x99\x8d`\xe9\x1d+\
lXf1\xb5\x0a\xda9\xec\x14\x83\xb5i\x18S\xa9\
5\xa3:Zt\xab\xc6\xf2\x9arv\xadY\x10\x93V\
\x93\x17nL67V\xa7\xd2\xaf\x09\xff\x00Q\xb4\xd2\
\x02E;vG\xd3\xa5fe\xd4\xd1\x1b\x06)\x19T\
\x1b(\x0c\xa02\x80\xca\x03(&Pm\x01\x02\x82\xd1\
\xab\xbb\x84\xdaZ\xbc\xf2\xa3+h+2ca4N\
M\xc7\xda\xc4\xfb\xd3\xdf\x01\xe2\x92\xa8\x9d\xe7q]\x9f\
\xd3\x9f\xbeR\xac\xdf%@\x10D\x1di\x18\x94]\x83\
\x14\x81\xf4\xdc\x03L\x8f!\xf0h3\xa1\xed7\xa4\x0a\
\xf8\x90\x9d\xa9\x03N\xde\x084\xf4;\xa4&\xd9$\x8d\
 \xd6\xad6\xdb\xd6a\xc3*9\x5c?\x8cl}\x7f\
\xad.\x86\xc1;l\xe3+\x85\x02\x0d%\x16\xcb\xebl\
\xf9\x8a]\x15K\xd8\xe2Y\x94\x90\xb1\x1et'I\xb4\
,- \x83\xbdA\x12\xe1 UB7\xdfi\xbd=\
$\x15\xca\xbb\xb5\x15L6\xaf\x9f\xc8\xf2?\xd6\xaaM\
\x8a\xadq\x1d\xb9[J \xcdT\x81\xce\xdc\xbaw\x0b\
\xc4\xdb\xb9d\xc3\x8d+:G_/}E\x1c6\xed\
\xd5\xb0\x9cE\xb7P\xd3\xcd\x1c\xcc\xba\x90\xb4\x1f#N\
\xf3\x19Y\xa5\x85\xb2\x14$\x19\xf4\xac\xa9\x16S\x22\x8d\
\x80\xaf7\xe1\xf2\xab\x95(|A\xb2\x011\xf4\xab\x83\
ht\xaf+\xdb\xf3\xa5W\x13m/D\x9d)\x1dX\
\xf0\xe5\x855\x5c\xf9\xc1\x15\x5cq\xe4\xdc\xf1\xc3\xe4\xca\
\x8e\x17\x84)\xc4Bd%\xc7\x96P'N\x8d\x9f\xa9\
\xad|r\xfa\xc9\xf9\xbf\xfa'+\xcdx\x0f\xfe\x22\xf8\
\xba\x97\x8ep\x07\x0d\x22\xed\xbf\x85a\x97q7m\xc0\
\xccR\xae\xe9\x09R\x8f \x90\x00\x11\xcc\xd5\xf9n\xfe\
\x86\x15\xe0\xfc\x15\x95\xbb\x8c\xb1s\x94\x17-\xd0n\x01\
\x1f\x80\xeb\x94\x1f1\xbcz\x0a\xe3\xadR\xc8\x1f\x10\xab\
\xe7J\x96B\x5cJ\x10\xb1\xa1\x95A?\xbf\xd4\xd0\x15\
\x0e\x22x\x1cv\xd5\x09\x1a%,\xa1 s\x10?z\
\x0dv\xb7\xb1q\x8bH\xca\x1dr\xe9\xf4\x84\xdb\xa8\x1c\
\xabJ\x08Q'\xc8\xa8\x81\xeci\x01|It\xa2\xd0\
\xb4S\xbd\xe2s\x10\xea\xd7\xa1R\xd6s(\xf9\xc4G\
\xfbQ\xb2\x07\x8d]\x16\xf0\x87\x19\x04 \xb9p\xdbI\
\x08\x1b/ R\xa3\xcaU\xf9Pc\xb0k#m\x85\
\xe5@\x10\xeb\xbd\xd8\xd4\x8dQ\xa9\x1eaJ\x83\xff\x00\
o\x95(\x0c\xaf>3\xc46\x8c8\xb7;\xe0\x10\x10\
\xa5\x01\x9b2\xa2U<\xc0\x02z\xe9L\x0a\xb8\x97x\
\x8d\xfe\xe8\x97\x98n\xd5M\xa1\xc8\xf1\xa4\x95\x80J\x87\
-\x12O\x9c\xcdW%\xc2\xb1\xc36\xc8\xb9\xc4p\xf7\
\x0a\x95\x0e_\xbc\x9f\x16\xd9BI\x99\xfejF]\xf6\
U*\xd5\x092\xcb\x16\xae\x5c/\xf1D\x0f\x0e\xfe`\
}h\xd1\x15jWib\xd5\x9a\xdd\x01\xd6\xad\xfe\xf9\
\x5c\xc2\x8a6\x1dN\xbe\xe7\xd2\x94\x05Z\xb8\xab|\x17\
\x0e\x0c\xb7\x19r\xf7ec\xe4B\x80\x1a\x7f\x98\xc1\xd7\
\xa14C#\x09'\xf8\xad\x93.!j\x96\xd3p\xe1\
H\x00\xa7U*<\xc6\xdfZ:\x0d\xbe\xe2\x15k\x87\
\xbf\x19]\xca\xb7\x92\xa3\xcc\x1c\xc7\xf21OaZ\xbe\
@M\xab\xeb\x92>%H\xb8\xca6\x1e\x11#\xeb\x9a\
\x8e\xc3\xd5\x1fbLi\xcc3\xed-\xd9\x8d\xc7\xc3\xb6\
\xed\x8d\xd6!u\x85\xf7\xaa\x1e48\xab5\xad\x00\x11\
\xb4\x00L\x1e\xa6\x9e\xbfi\xbe\xc5\xb6\x02\x9aA\xe4\xa0\
\x08=4\xa7{d^S\xaf_\xd6\x91\x98\xba\xb4i\
\xd4\x82\xb4\x80\xbd\x92\xae`\xc1\xaa\xc7+\xb2\xd1\x16\x96\
\x88\xb2\xb7i\x94'*P\x80\x98\xaa\xb7wi\x93P\
@\x15\x16\xad\xb4\x8diPaBI\xadb\x09R&\
\x9c\xa0\x9c\x9aS\xd9tAE3'$r\xa7\xb0i\
\xc05\xa6\x02>\xa0\x10\xafJ\xa8\x0d\xa0\x92\x04\x1d<\
\xe9\xe9B[t\xa4\x09\xa4\xa0\xb8\xbe8\x9c>\xc1\xf7\
\xf96\xd9W\xe5O\x1cM\xce1{\xc3u\x80X\xb5\
\x94el$\x8d59\x93'\xf5\xae/\x9d\xce\x12\xba\
\xfe/\xf2\xaa\xf3i!pk\xe72{\x98\xa5\xadH\
\x09\x03\x9f:\xce\xad3i\xa9\xd0\xcd#L1\xcbJ\
\xb4$\x18\x13\x14\x15\x1a\x824\xd7\xe9V\x81\xad\x1d\xa2\
\xb6\x8cr\x18\xda\xabY\x5c\xf4Sj\xd2\xb5\x8e{\x0f\
\xa0\xcdk\x19\xd2\xc1\xaa\x898+x\xc6\xf0I!)\
$\xec\x04\xd3\xef\xa4\x82o\xef\x16\xa5\x93$\x9a\xde\xf1\
4\x04\xa0Vt\xce'\x95H*\xa1]2(/\xa2\
\xe86\xa674\x17$\x95E3$\xb8i\xe86\x17\
K@\xa9\x9a@\xaa\x0a2\x83S;Y\xc7\x06\x0b\xc1\
\xcf\x80\xa4\x07n\xd6\x9btg\xf3\xd4\xfe@\xd5\xe19\
N]8\xfd\x96\x22\xb4\xb6\x95\xc8R\x0f\xe2J\xa4W\
K\x1d%,qH%\xb9\xd1:\xa4O#\xfe\xf3@\
K1\x88\xc8\x12w\xa3@kW\xe3\xad )\xbb\xe0\
9\x83A\xe8\xe7\xf1\x01\x1b\xd08!x\x88\xd7Q\xa5\
\x00\x1b\xd8\xa0\x00\xeb@Z\x94\xd2\x92|\xabE\x14\x94\
\x99\xd4i\xd6\xa4\x1eK!\xc6\xf2(fGNi\xf4\
4\x8fa_\xc32\x09\x072O\xca\xaa;=\x9aE\
\x92\xd0\xb0B\x8cyS\x16\xa7\xec\x8c4\x02\x8e\xbd*\
l@\x95 (R\x80#\xcdEi*A=*\x0a\
\x04H\xda\xa8!\xf16\x89`\xa66\x10*\xa1m\xcd\
q\xb6\xbb\xb7\xd4b$\xd4\xb6\x9d,<\x13\x8a\xa9v\
\xae\xda)D\xa9\x93\x9d\x13\xfc\xa7q\xec\x7fZ\xaf\xe8\
U\xf3\x0a\xc4\x92\xa3\x91{\x8a\x9b\x19\xa7\x12B\x84\x8a\
\xc6\x93\x1cnSD\xa1\x17|\xc6i\xfd\xabixB\
\xadt\x8e\xe5\xfd4\xd6\x9dV)kefi;\x1a\
K\xd2w\x0az\x11\xaf_\xa5g\x94\xe0\xa0%\xe5a\
\xdcv\xe9\xd4\x8c\xaba\x0f\x13\xd5)B\xa0\x1f\xa4\xfb\
\xd5k^\x9a/\xce\xdf/>\xde\xb7\xcb_k\xf7\xcf\
\xa9(Rp\xae\x15\xc3Y\xcc\x92a\xd7.\xdc\x92\xad\
9\xa5(^\xfalj\xbc\xb7\xda\xef\xfd\xff\x00\xeax\
\xcd<\x9fj\xdbXz\xdd\x94\x90\xd5\xc0d\xe6\xd6W\
$\xa9_\xa5r^\xdaJ6\xf5\xd51\x86\x02\x12\x10\
\x03\x97\x173\x9a\x0cNP#\xd4\x814wK\xa5p\
\xb2\x9b\xbe5\xb7\x0b\x0aQJJ\x94[T\x04\x84\xa3\
Mz\xc8\x14\xa9\xaf|9\xdfb\x1cB\x86R\xa56\
\xd5\xad\x9b-7q\xb7\xde\xaf\xc4\xb3\xfa\xc7\xd6\x9f\x01\
\x1fk\x87\x0cs\x88^y\xd5\xa7\xbb\x17=\xda\x10\x04\
$\x81\xa1\xd7\xa0BV\xaf\xa5\x16\x0d\xa3\xb1W\xd7v\
\xe6\x0cR\xdaT\xeb\xeaU\xeeX\x95J\xc9)\x07\xd0\
e\x1e\x82\xa4\xd6\xcb{\x15^\x5c&\xd9*%\xb4>\
>\x19\xb4\xeaKi\x07\xc4O,\xca\x9d:S\x84\x0f\
\x01PW\x12\xbf|\xd8\x007oqw\x99Z\xa5!\
I\xca\x84\xfa\x01\xb0\xeaE\x00\x11\xbb8jx\x81\xf0\
\x95fG\xdd\xa5FA\x90\x12\x0c\xff\x00\xe6\x99\xf2\xa7\
\xd9#88\xad\x0d\xd8'\x22\x0a\xd0\xe3\x97IL\x12\
\x08)2O\xb7\xe9A\xf2}h\xb7W\xc7\xb8\xe0o\
\xbbK,\xa5)V\xd9\xd4\xa5\x13\xa79\xd3\xca(\xd9\
\xa1n_{\x11\xfe&R\xbc\xcfjN]\x0a\xa0k\
\xfa\x8d=\x85-\x12S\x10mL\xe1XS\x01\xb2\xeb\
\xad\xa9\xb1\x96@\x82\x00\x84\x9e\xb3\x94\xfdiv\x0f\xe4\
M\x8e%v\xb0\xac\xa5(\x0d$$\xceV\xa13\x07\
\x9f\x88\x9f\xa50E\xe5\xbbV\x8cZ\x02\x9c\xca\x854\
 \xf8H\x04\xe9\xf4 \xcfZ\x0e*\xf7\x04<\xc0d\
\x92\xb5\x9b6\xd6\x09\x1c\xe2\x0f\xec}\xa9\x93\xae\xf6\x13\
\x8f\xff\x00\xe1\x9e\xd1\xb8+\x19\x0fw+\xc18\x9e\xc2\
\xe8\x88\xff\x00\x15\x0a\x19\x1c\x83\xe4\x82I\x9eF\x9e\xb7\
4o\xba\xa8\x09\x0d\x80\x88(\xe5\x97h\xdcG\xb5N\
\xf7\xca?\xa2\xe2\x06\x9c\xa8\x04-\x09X\x82\x01\x1et\
\xe7\x05y$\xa66\xd2\xaba\x80\x1a\x0c\xa1 \x1a\x90\
k.\xb5iiCJ\x05$\xa4\x1a{\x22Jj\x81\
\x0a\xda\xa8\x05x\xd5@\x8f\xb8\x0a \xc5X4\xda\x8a\
R5\xf6\xa0\xe3W7\xbd\xcb~t.*\xdcWr\
\xa7pk\x90\x0e\xabI\x15F\x89\xbe\xb3q\xac\x0a\xd5\
\xc2\xda\x92\xd9\xca\x90\xb2\x98\x0a!;O:\xf3\xfee\
\xde\x1av|o\xe6\x80:;\x11\xeb_?\x93\xdb\xc5\
'i\x04y\x0a\xc5i\xdb\x12`\x08\x8a;*\x96a\
`\xc1\x88\xaa!\xad\xc4\xc0\xd6\x9cH\xb6\xceS\xb5^\
\x90:\xddY\xb7\x02\xaf\x1e\xd9\xe5\x057\xa1\x81\xb5k\
\x18Qm*@\x9a\xdb\x16\x19A(\xd2\xb5\x8c)\xc0\
$U%\x1b\x88\xf1F\x1d\x84cx6\x11t\xf1n\
\xff\x00\x17S\xa8\xb3l!D8[l\xb8\xb9 @\
\x84\x82u\x8e\x95\xd1\x8e6\xe3l\xfae\x95\x9b\xd0\xbb\
\xd7$\x86\x87=U[x\xe7\xfdIi\xb4\x80)\xda\
G\x80\xd2\xa0\x1c\x15\x06\xd9\xa3F\xd8UI\xb7&\x82\
\xe1\x9b\xd0l\xcb\x22\x80An\xaaPl\xcaM_i\
8\x85ME\x87\x0e'j\x91\xf6\xdd\x06\xf3\xaf\xdaw\
\x8c\xbe\x1b\x1e\xc1pD8\x9c\xad4\xab\xb7@:\xe6\
Q\xca\x99\xe9\xa0W\xd6\xb6\xf1\xf16\xcf=\xb9\xae\x1f\
\xc4\x00\xa4\x10\xadH\x00\xf9\xd6\xbd\xb3O[\xe3\xc1=\
\xdb\x99\x87\x84\xf8\x87\xf9N\x9f\xd2\x91\xa6\xed\xf1\xa8\x81\
\x9a\x98\xed$\xce2#S\xa7ZF)\x18\xd2\x7f\x9a\
\x22\x92[8\xe0\x8f\x9a}\xe9\x98w\xb1\xd0\x04\xe6\xfc\
\xe9\x1cE^q\x22P\x09+\x1fZ6N\xfe\xbbM\
g-^\xcc\xd1\xb6\x02\x8d\x8d\xb4\x86Kj\xd2\x83>\
\x12\x003\x19N\xe0\xeci\x03+[M\x88\x10g\xad\
8E2\xe4\x8f\x08\xd3\xac\xd3\xd0>\x85\x1244\xa9\
1@\x90gZpP\xae\xb6\x22\xabd\x8c\xbdnP\
@:\x1eF\xae\x13\x9e\xf1E\xa4/4{\x8aU\xa6\
(n\x1e\xc4\x13a\x8a\xb6\xb5\x12\x94\x19B\xcf\x91\xff\
\x00x\xa4\xbf\xa5\xe9\xab\xd2\x874 (m\xe7Zk\
l\xd6l#\x1aK\x90\xdb\x86\x0cs\xac\xb2\x84\x9f\x0a\
\x0bH\x22\xb0\xe8\x03\xbc\xd0\x1d+lygU<e\
\xc4\x95\x81\xce\xb4\xd0\x820\xf5\xcbC\xadLk\xdag\
\x0fv\x12S\xb4\x98\xa5J\xb5\x89'8\xc5\x1bR\xb2\
\xa1\xdbd#2U\x04$\x82\x95\x11\xe94a\xff\x00\
N\xff\x004\xab\xe4\x87\xdb_\x10\xb9\xe2N\xd98\xe7\
\x12nE\xb5\xb2\xac0U8\x85\x1c\x87\xbag2Q\
\x03Bd\x92z\x19\xebK\xc9=n\x8f\x1e\x5c+\x1c\
m\xabgp\xf6RV\xd3\xec\xe1\xe8[\xa8T\x82\x1c\
\x22\x14\xa3<\xc8\x8fc\x5c\xd5\xa0K\xf4\x87N\x16\xcb\
\x84%\xd4\xda$)q$\xe6q$\x88\xe5\xd6\x90F\
\xe1\xac7\xff\x00\x8a]!A=\xea\x1dQ\xe7\xf7A\
&`u$\xc0\xf4\xa5B\xe1n\xca\xecpG\x83\x8d\
\xf7o2\xda\x9cqY\xbew\x14~_,\x88\x05:\
\xcf:\xa3\x05\x84\x07-\xb0\x8b\xb8Amb\xd4\xfc\xe2\
\x14\x1dY\xc8U\xe6\x08*\x8e\x91H\x8dY4\x9b\x8e\
'\x80\xd1\xc8\xd7wf\x84\x99\x19Q\x12\xb5i\xfeT\
\xc7\x96jW\xb3\xed5\x80^\xa6\xdf\xe3\xae\x94\x80\xc2\
\x96\x12\x08$\x98H\x0a\x0a>\x83_CD\x00\xf8e\
_\x16\xfa\x11\x94\xb6\x81h\x90\xb4\xa7e\xcb\x99\x8e\x9c\
\xf4@\xfaS \x98\xa8-\xf0Q{\xc4\x87\xaf\xee\x9b\
$O%\xac\xadI>\xda\xf9\xe9@g\x06\xa9,-\
KV\x8c\xb7h\xe6\xa0\xea3#(\x8fSD\xd0C\
\xdd^(\xdbal,$\xbc\xa6\x12\xa7\xddX\x9c\xa5\
 \xe8<\x80\xfdh\x0dX[8\xe5\x93\xb9BV\xf2\
\xae@Q'C\x0a\x93?\xf9h\xd0\xde\xf9K\xe2\xab\
\xb4G\x111n\x93-\xa1\xc6\x5c\x04+\xc4\xa0\x86\xc2\
\x8a\x7f\xee%^\xe6\x80\x12\xf5a\x96/\x14S\x09Z\
\x0a[\x9d!jPZ\xcf\xb1V\x9e\x91F\xb9\x09\x1c\
y\x80\xab,-))S\x8c!\xe4\x17\x07\x91\x07_\
jaV\xb8\xb7(\xc6n\x92\x93\x95(c,\x8d\x87\
\x84\x10\x07A\xa1\xfa\xd1\x0dk\xe0,L\xdaqU\x87\
\xc4\xa09do-\xaf\x1c`*;\xc0\xd8\xcd\x97O\
)\xd2\x9c\xecG\xde\xde\x1e\xc5X\xc7\xb0,3\x13\xb5\
q.\xdb^\xda\xb5r\xd2\xd1\xa2T\x95 \x10G\xb1\
\x15\x09\xbd\xa4(-\x13\x1a\x0a\x7fa\xa2)\x86\x80\xa0\
\x15\x1e\x13G\xd86E9A$U\x13Q\xa5\x06I\
\x14\xe2M9W\x08+\xc2j\xe1PO#x\xd2\xab\
`3\xa7(\xa0\xd0\xf8\x8b\xda\xa4k\xe9W\x1aE[\
\x89o\xbb\x80\xc2\x17\x05\x958\x90\xa0v\xcb\x22f\xa6\
\xf6o7}\x9d\xfb:\xedR\xd3\xb4.,\xed\x13\xb4\
\x5cM\xc3e\x8d\xd9\xaa\xc3\x0e\xc1\xef.\xd4\xed\xcd\xb2\
Su\x9d+Sc\xee\xdaOv\x90\x00I\xccA\x04\
\x81\xadp|\xcc5\x8f\xb7\xf6\xea\xf8\xd7\xf7\xe9\xdd\x94\
\x90\x08\x8a\xf02{x\xd1\xd6k\x81'\xe9X\xb6M\
X\xaaw\x9fZ\x13S\x16\xc0\xe9\xccy\xd5\x10\xf6\xca\
J\x84\x9dzt\xa0\xa8\xc4r\xda\xb4\x8c\xc4\xb4\xb85\
Q\x14cK<\xebIX\xd8-\x95V\xd1\x86PZ\
\x0e\xd5\xb4s\xd3\x82\xae \x06-\x86\xda\xbe\xfd\x8e\x22\
\xf3!\xcb\x9c5kv\xdd\x5c\xd2\xa5!M\xab\xda\x14\
k\xa3\xc5\xbb}?,\xf2\xfc\x98\xb6qn\xa8\xa9^\
%\x1dN\x95\xdf\x94\x98\xf1\x19\xa4[B\xa2b\xb9\xad\
\x80\xfaDVt\xcb\x11H\x15\x02\xa7\xa3\xdb2\x8a\x0d\
\x91@f\xd4\x06\xe8\x0do@!\xc4\xc8\xaa\x94\xa9\xa4\
\xe8j\xc8\xfak#\xfal\x98\xd3\x9d\x06\xf1W\xdb$\
\x1c\x07\xb5|.\xed\x04\xc6#\x86\xa5GC\xf36\xb2\
\x93\xaf\xa1O\xf6k\x7f\x1d\xe3Ls\xed\xcb\xb0\xbe&\
\xf0\xa6\x5c\xd6\xb5\xe2\x22,\xb6\x5cG\xde %K\x05\
$F\xb5\x1b=\xa6l\xf8\x94\xe4L\xaeO\xcb>b\
\x8d\xfd\x0d\xa5\x99\xe23\xa7\x8fZ\x0cRx\x88\xc6\xab\
\xa4\x1as\x89?\xcf\xaf:6h\xeb\xae' @]\
\x05U\xbcW\x8b\x8aB\xbe\xf2OZ'\xf6\x1e\xe7\xef\
T\x93\xf3\x18\xad5\x03\x15pA\xdf\xd8\xa6\x97\xa9\xed\
\x81\xf4\xa8IJI\xfaQ\xa1\xb3kR\x1c\xd1M(\
O1\xad=\x10wp\xd6V\xac\xc1\xe5$\xc6\xc6\x9c\
\xb7\xf0}\x1df\xd5M\x8d\x16\x14<\xcd\x1b!\x89j\
F\xd5\x16\x8d6[\xd2\x8d\x98w\x99\x9a\xa9R\x8d\xbb\
d\x84\x1a\xd6%P\xc7\xed{\xc6\xd5\xa5^\xb6\xb8\xe7\
w\xcd\x16_ \x8d\x0dF\xb9i\x12\x18o\x10(6\
\x1ayZ\xa3\xc3#\x7fZ\xdbV\x12\xc7\x87b\xe5\xc8\
\x0aW\x8b\xf0\xac\x1a\x9b6K\xd7\x0ec\xbd\xf9\x0c:\
|_\x84\xf5\xac3\xc5:K_\xa7\xc0O*0E\
SqD}\xe4\xf9\xd6\xf50\xed\x83\x90\x8a\xcd\xac\xa9\
[7\xbf\xe6BO$\x93\xe5&\x91\xd1\x8f\xba\xd7\xc5\
]\xa9\xd2\x952\x86[\xce\x824\x00\x82w\xf3\x81K\
\x1e\xa6\xbf5\x19>Cv\xda\xd8\xc4\xf8G\x8d1'\
\x16]v\xef\x8f.\x93\xde\x94\xa5(\xc8\x86J\xb7\x1a\
\x8f\x98H\xd3\xe5\x15>N}\xad^=G\x0f\xe3\x85\
\x85q=\xf0K\xa2\xe0\xa3\x0dd\x07\x95\xa1+\x0d$\
\xa4\xfdI1Xe9Xwe\xdcB\x03\xb9\x8bI\
\x85d\x10\x12\xa0\x00#\xf5\xfa\xd4\xff\x00a\x13\x84[\
\xb8x\xb6\xe1c\xc5\xf0\xf6\xc1\xa4\xa5cP\xb5\x89$\
y\x80\x0cz\x8a/at\xc6]\xf8<\x1e\xda\xd9H\
\x0e\x16\xd2\x16\xa4\xeaI\x924'\xcc\x92\x00\xf5\xa0\x1b\
d\xba\xeaRC\xa0\xb4\xe5\xcam\xd2\xa25R[F\
u\xcf\xfd\xca\xa0\x11\xc3\xae\x87q\xb7.\x94\xb0\xd2;\
\xd5\x85g\x10\x0a\x12\x98'\xd71\xf7\xda\x97\xd8\x89\x0b\
l\x9f\xf8\x1a\xf9%$\xb9v\xb0\x9bm<y\x12u\
#\xac\xeb>\xf4\xe1\x83\xe1\xe2\x84\xa6\xf9I\xcc\xda\xdb\
iM6\xa6\xce\xa9R\x90c_U\x01\xefA\x19\xe3\
K\x94\xaa\xd3\x0afCaw+\xefm\x92 \xb6[\
NI\xf7\xe5\xe5TTO\x052\x87\xad1\x9e\xf2\x02\
\x05\x82Y\x09\x02s)J\x0a\x83\xe4\x06\xb3\xe7S\x14\
\xaf^Y\x07.\x1c\x09R\x94\x86\x82\xdaAP\x8f\x08\
\x01'\xda\x09\xa6B\xb8y\xe0\xdd\x95\xb2\x96\xd9%\xe7\
\xd4\xbc\xe10L*\x12O]\x06\x83\x994\x7fe\xd9\
\x08Swx\x9d\xde \xdb}\xda\x1bU\xc3\x8c\xa6r\
\x9c\xd0\x12\x82cm\x09\xf2\xa0A\x18\xb0J\xed\xcar\
\xf8\xb2\xb4\xe6\x5c\xba \x99P\x09\xfa\x0d<\xe9\x1d7\
\xc47&\xd6\xfd(2\x01\xbc\xb9h\xa4j3\xf7M\
\x90\x98;I$\x9fZbr\x81\xc4U\xf0\xf8\xa3\xea\
Y \x86ZI\x13\x10\xac\xd9H>\x9bS\x0b7\x0b\
\xdb4\xbe#R\xcb\xae6\x8bKR\xec6\x9c\xca9\
\x12\x09\x00y\x89\x126\x99\xa2vo\xb6?e\xeb\x93\
u\xd8\x0f\x03)O\xbdp\xa6\xf0\xf4\xb2Wr\xb0\xb7\
\x06RR\x01P\xd0\xc0\x00O@)Y\xaaU\xd4\xea\
K\xfa$\xedD&\xa2\xa85\xce\x80\xdf\xe1\xa5\xf6\x08\
\xa6\x1a\x22\x9c\xa4MP![\x9aeM*\xae\x11\x87\
\x05ZB:\x085A\x1fv\xac\xa0\xd1\x0e \xef\x8c\
\xb8\x0e\xc2*\xb7\xa6\x8a\xbe:\x80\xf3\x8d\x02&\x15Q\
\xddV\xc6bV\xe1\x18J\x08\xd0\x85\x0d\xb9H\xac>\
d\xdf\x8d\xd1\xf1\xaf\xefW\x95\xa1>\xb5\xf3\x99\xc7\xb9\
\x8fC-\x88O8\x22\xb0\xadS\x96q\x13\xbfJ\x05\
L2\xa3\x00\x8e\x94\x10\xc6\x84\xc4\x895ZM\xa2P\
\xa0\x93\xaf>uH\x14\xca\xa7^cz\xb8\x9a5\x95\
i5\xa4eF4ki\x5c\xf9\x0aB\xa4V\xb1\x85\
\x87\x81\xabfR\x90\x1cAI\x1a\x11\x06\xb4\xc6\xea\xed\
\x14\x1b)\xee\xf4J`\x8e\x95\xdd\x95\xdfl>\xc5'\
1;\xe9Y]\x19a5&P\x14\x81A4\xb6\x1b\
\x02)\x1bt\x1b(\x0c\xa02\x80\xd6\xf4\x03.'\xc5\
W\x13N64\xa9\xa2\x147\xa4\xa7\x8a\x7f\xe2)v\
\xce\x1f\x88\xf0\x13\xc1_\xf3.\x22\xf1\x059N\x88\x05\
\xa33\xeav\xf7\xadpg\x9b\xcaV\x1cP\xa4\x04\xf8\
\xbc\xcdj\xc9`\xb2\xe3\x0c\xa0\x1e\xf0@\xdbZ\x097\
i\xc6#Q\xdeD\x89\xa0\xe2M\x8e5\x05\x22\x5c\x9f\
\xde\x97F+\xff\x00\x1b\xa1\x22\x03\x93\xe7H\x07\xb9\xe3\
\xc4$Hs\xd3^T\x1a\x0f\x10\xed\x05\x10ArG\
84\xb6JV7\xda)\xf1%.\x9c\xdeF\x96\xcd\
\xf5\xb8\x8dku\x19^\x86i\xa1\xa1\x14\x81G\xca\x80\
\x5c\x90 \xea<\xe8\x04\x96\xc1\xfc0u\xd4\x18\xa7\xb2\
8\xd9ZLgTt:\xd4\xddS>\x16N\xff\x00\
\x95g\xa3\xd9\x0e\x01\x15P\x80]Em\x09[\xc5\xd0\
\x95 \x83ZA\x5c\xfb\x1b\xb5OxH\x13\xae\xb4\xda\
J\xe6\xbc[\x8e\x1c\x0b\x88m\x9a\xcd\x91\x17,\x15\xc7\
\x98TO\xe6+Y\xd0X8w\x89J\xd6\x9c\xca\xce\
\x09\x98\x9d\xeal\x0e\xa1\x83\xbc\x5c\xee\xd6\xda\x8fPj\
;\x81|n\xf0\x5c\xda\xa5J>(\x82<\xeb)\x8f\
,\xb2Wq\xc6\xe3\xc4\x9dkd\xfd\x99\xb1\x9e\xecu\
\xac\xbe\xdbD\x95\xb2\xa1\xd9\x9eb\x8a)w\xe0\xbe\xfd\
\xdbd\x86\xdbr\xd1\xa4\x95\xf3$87\x1e@\xd2\x9c\
Y\x7f\xb4W\xca\x8e\xd8\xac\x91m\xf6x`wiG\
\x7f\xda'\x11\xa5yu*\xc8\xbc\xa1G\xfc\xc0L\x0a\
\x8f'\x1b\xda\xf1\xfay\x9b\x15\xbd\x17x\xad\xc5\xe3\xd0\
\x92\xea\xdbB\xe3T\xe8\x02\x00\xfa\x01\xf9\xd75\xad\x0f\
\xe1\xf7\x0a}\x97\x5c)\x97\x13r\xe1P'S\x06\x90\
HX\xe1\xe9\xb2\xc7\xc5\xb2P_@_\xc5\xdc:\x9f\
\x95(\x1f#c\xac\xaaO\xb5\x17`\xbcn\xf5\xd7\xef\
\xb2l\xe2\x12A(T\x82A\x90~\xa4\xfb\xd0\x12\xa9\
P\xb5g\x0fNC\x92\xd5\x95\xa4\xa4\x1d\x16\xf2\xc8Q\
#\xda\x7f*d\x8e\xc0\xe1\xb6\xc2\x90\xad\x05\xb3\x8f;\
#`\xb9\x13\xea5\xfa\x0aT\xd2\xb7\xfd\xd5\x9e\x15\x83\
)*\x86\x94\x05\xb8\xd6\x16\x91\x91D\xef\xe6`\xd0\x0d\
\xf0\xb9J\x9aa\xb0\x9c\xdd\xf3\xeb \x13\x06;\xc1\x1e\
\xfe\x13\xa7:ezAq}\xcann\xf0\xa7\x11\x09\
[\xb8{\xf7\xab\x09L\x04\xac\xadI\xf7\xd8S/\xe9\
?\xc1@$\xdfw\xaa\xf0\x16\x16\xb7\x02\x13\xb8\x02\x06\
\x9dDQ\x0e\xab\xf7\x8a\x8b\xeb\xb6\xd5*\x08K\xae-\
I2$\xee\x91\xd4\x0d\x07\xaf\xa5\x03\xb2\xf8~\xe1\xc6\
\xf0\xabP\xa5\xa8\xbc\xc2J\xd0\x00\xd0\xe5I\xd6\x7f\xd4\
\xb1\xf4\xa0\x09\xc3\xacC\x8daVa\xa5w.\x5c\x82\
\xea\xd2?\xc7i\xa0U\x94u\xf1\xa8\x12v\xd8r\xa3\
\xb2\xe8\xbbwF%\x88X>\xb4\xf7\x8b\xbd\xc4\x5cy\
iP\xca\x90\x86\xc8@\x8f)\xfd\x05#\x86/\x83W\
\x16\x0b\xb9\xc9\xde\xb8\x9cIO\x85D\xfc\xcd\xaaI\xff\
\x00\xca(\xb0 \xdeo\xbf~\xf7\xe5\xef\xbb\xf2\x84\x03\
\xac\x85\xb8\x95\x0f\xc8\xd0\x16\x1e\x19\xbf\x16\x18\xe2\xca@\
@v\xd4\x84\xf7\x9a\x05%h-\xa8H\xdaI\xa7.\
\xa8}{\xfb\x0b\xde\xb8{\x08\xc2\xac\xae\xae\xc5\xc5\xd2\
J\xdc\x08W\xf8\x8d\x80BJLh`\x88\xd3\xde\xb4\
\xcf\x1dI\x91v\xf4V\xfa\xf5\xacCF\x82h\x8a{\
\x0dS\xd8b\x84$R\x04S\x0c:yS\x80\x82b\
\xa8\xbe\xc84\xe1Sj\x15Di\xc4\xe9VA^E\
RQw\xa9\xde\xaa*+\xb8\x82\x88'\x90\x02\x8b\xda\
\xe2\xbfu.>\x8ez\xd1;\x16\xa5q\xc4\xe4\xc2R\
\x91\xfc\xc9\xac>W\xfc\xba\xe8\xf8\xdf\xcdT?6\xd3\
_7\x9b\xdf\xc0U\xb2\xa3\xd2\xb9\xebm'\xac\x95\x9c\
jF\xbc\xfaP\x9a\x99`@\x11\xa8\xfdi\x90\xd6\xc1\
\x10N\x91W\x19\xd3\xf9d\x88:\xfaS\xa5\x0f4`\
\x91:\xd3\x14[j\x12?z\xd2TX5\x93\xb1\x15\
\xacs\xe4-\x06\xb5\x8e|\xa0\x84\x19\x15\xa4eN$\
\xd5\xc4SkL.G:\xe9\xc6\xee2\xb0\xb4\x8d|\
\xe8\xb4\x8e\x0aB6)Q\xd1T\x84e\x0ae\x01\x94\
\x06P\x19@e\x00\x85\xa30\xf3\xa7.\x8a\x94\x9d\x85\
!\x1b\xa0\xdf5\xbf\xe2\x1f\xc7\x8d\xe3\xbd\xb7a\xf8\x0d\
\xba\x89F\x01\x86\xa5\x0fj\x0aK\xcf\xab9\x02:!\
-\xcc\xf5\xad\xb0\xe9\x9eW\xe9\xe6db\x05\x00\x09\xd3\
\xf5\xabdtc\x0a\x063\xfbu\xa3c\x5c\x96\xdf\x12\
\xbc\xca\xd2\xa4\xac\xcaO])mE\xdc\xf1c\xcc9\
\x09qY\x0c) \x99\xd2\xa7e\xa3\x0b\xe3G\x82O\
\xde\x91\xefA\x82\xb8\xe3GL\xcb\x84\xfb\xd4\xec\xd0\xf7\
\x9cZ\xeb\xa4\xfd\xe1\xfa\xd2\xaa\x88+\xcci\xd7\xf3f\
Y\xdeil\xdfz\xe7J\xe9g\xfe\xcd,U\x02R\
\x9dh\x05\x84\xf9\xd0\x0e\x00*v\x19\xa4\xd0E\xa5 \
\xd2\xb4\x17\x94\x1a\x93\xd1\x0b\x04\x88:\xfa\xd3\x84\x15\xd6\
A\x04\x91\xf4\xad\xb1\xa8BbV(ZTG!\xf4\
\xad\xe4\x1bP\xf1\xeb\x12\xda\x94w\xa7\xa5\xca\xf3G\xda\
Z\xf9\xdc\x16\xef\x84/P\xac\x81\xc7\xdf\xb5<\x819\
R\xa0'\xd8\xe9Zc\xd3D\x9f\x01\xe2n]1n\
\xe6\xb2\xa814\xb2\x1f\xdb\xd2|\x14\x90\xac;\xbfs\
T\xb5\xc8\xf3<\xab\x9f\xfa*\x9cj\xe9\xc4%Z\x99\
:\xd6\x921\xbc\xa3\xaf.\x1duA\x12H=h\xbc\
\x09\x12V\x8del\x0eU\x8bX%\x12\x14)\x99\xac\
b\xf96\xad\xa9\xf2\x14\x03J\x0d\x85\xf2\x05m\xce\xbe\
R\x91D\xbc\xe9\x9d\x8f\x93\x9d\xa6\xb8\xf1\xec\x07\x81\x1b\
yO\xba\xd6#\xc4\xf8\xd6'.\x90\x14\xa5\xf8AW\
\xa0T\xa6N\xfe\xb5\x96{\xe7\xfd\xaeq\xc3\xcd\xf8\x8d\
\xe2\xae\xaf-\xdc}\x19\x10\xf3\x89t\xb6\x9d\x00\x82\x0f\
/o\xa5s\xac^\x13v\xe5\xc3\x0e\xad\xcc\xf9\xdd\xbb\
Z\x8cm\x05fG\xd0\x98\xa5\xa0\xb5\xe0\xee\xb6\xacf\
\xe9\xe5\x956\xdbH\x17A\xcd\xb2\x04#*BS\xe4\
y\x1d\xf55F\x87\xb4_z\xc9t\xa8!\xd7\xc2\x8e\
c\xa1*?\x8a|\xb54\x89*\xb7\xdcM\x97w\x98\
:\xa54\x0aU\xd2I\x03^j\xd8\xd1\xd8\xa5Zw\
hM\xd3hq,\xa1\xdb\xa6\xad{\xd8\xff\x00\x08!\
\xb0`\xf9jI\xf3\x22\x91\x8c\xe2\xa5\x9bg\xed\x02Z\
*)\xb2R\xd7\x9f\x5c\xbe\x04\xa5$t\x82\xad\xe9\x84\
m\xb3\xeb\xb6\xc3Y\xce\x85\xa2\xe9K\x86V\x85\xe9\xe1\
\x1a\xf2\xf3&\x88Z\x01\xc6\xcbI\xbdn\xe4*E\xb5\
\xa3V\xa4\xe5\x80s\xa90\x909l\xaf\xce\x9c\xa11\
\xc2\xcd\xba\x9b,J\xe1\x09\x1a\xb2\xe3rN\xa4\x84\xab\
4\x0f\x7f\xce\x9f\xd8V\xf1\xd9c\xe3\xdd\x04\xe7JT\
\x82:*t\xfc\xa6\x8a\x5c\x8fS\x0eZ\xe1!\xb1)\
\x05\x84!$\x18)S\x8ex\xbd\x88\x00R4\xad\x9d\
\xff\x00v\xdd\x82\xc9ZE\xae\x1e\xa4\xa1\xb1\xa0%n\
-j\x8f,\xad\xa0H\xa5@\x0b\xd6Q\x81_\xe1-\
)_\x10\x9b;$\xaf.\xe0\xa8\xa9D\xc4\xf5R\x89\
\xf6\xa6\x9f\xbd\x9d\xb2l)\x9cI\xa2\xea\x81\xb6e\x85\
\xc9\xfcHZ\xd4\xda\xbd\xf5M\x0a@\x16\xcb\xae\x5c\x86\
\x89L\xab\xbc\x9e\x80\x0f\xeaE-\x84\x9e\x11|\x80\x96\
\xefB!V\xf7\xa8\x904JRaS\xe9\x99'\xeb\
LW\xd6\xff\x00\xb1c\xcd\xd8p\xee/\x84\xb6\xcbl\
\xb3e~\xe2\x98q\xb4\xe4\x17\x08p\x07\x16\xbc\xa7c\
\xa8\xdbB\x085\xd7\xe4\xdd\xc5\x9fU\xe9\xf4\xfc\xa2\xb8\
\x96\xc3A\x134\xf4\x1b\x1b\xd1CK\xda\x88\x09\x8fz\
a\xa3\xad8\x08\xaa/\xb6\x94(\x04\x14\xd5l\x8d\xad\
5Q!^M\x5c$U\xf6\x80\xc5V\xc4V1\x1f\
\x12\x95\xe9N\xae\x22m\x18\xf8\x8b\xf6G\x9e\xb4\xe7\x05\
n\xc5q\x13\xb9\x9a-\x0d@\x8d+\x0f\x93\xcf\x8a\xba\
\xbe?\x19\xc5]i9\xe66<\xeb\xe6\xb3\xe5\xefc\
\xc0\xcbPLt\xe9X5\xfaLY\x99Ts\xa9R\
j\xd6dk\x14\xd2\x91O(3\xeb\xce\xad\x9d8\x15\
 \x0d\xbc\xaa\xc8\xea\x09\x1b\x9fj[\x1a\xd8\xb6\xcc\x80\
f\xad\x03\x982\x05k\x18d-\x07\xcf\xde\xb5\x8ez\
!\x1a\x8a\xda1\xa7ETCdf\x1f\x9dk\x85\xd5\
g[N\x95\xa24U#lR\x1f\xec\xaa\x04e\x06\
\xca\x03(\x0c\xa02\x80\xca\x03(\x04\x13\xe3\x00P\x14\
n\xdd;GGd\x9d\x90\xf1_\x16\xa9H\x0fa\x96\
\x0e9l\x95\x89\x0b\xb8#+)\x8er\xe2\x90#\xce\
\x89\xc8|c\xc6q{\xcc[\x16\xba\xc4\xf1\x0b\xb7q\
\x0b\xfcAf\xf2\xe6\xf1\xf5f[\xce\xafU\xa9G\xae\
i\x1e@\x01\xca\xb7\x8co`\xd5y\x96\x152<\xa9\
\xa0\xcb\x97\xc4\x1d\x15\xafY\xa9\xb4\xc3;~w\x9fI\
\xa9Q&\xf8\xbfl\xb82\xe3> :\xa4\x9d~\x87\
_zTI\xb8\x8dv\xfdZB\xb4\xf3\xa0\xc2\xb9z\
y\x9f:_\xe8\xe4\x0a\xed\xee\xe3\xad-\x9e\xc29v\
G=7\xd2\x90~\x84\xca$\xd7V\xd0mh#j\
\xad\x91\xb0\x9fzd\xdady\xd0\x0e\x83J\x86G>\
t\x81\xc6\xf7\xa9\xa0\xb1IM*\x82\xa6\x1c\x15\xa4M\
F\xe2\x08\x96\xcf^U\xd1\x83:\xa2c\xc2\x02\xb5\x9f\
:\xe8\xbd\x1cq~\xd60k\x5cw\x86\xaf-\xae\xdb\
K\xad\xa4\x17S\x22JT\x90HP\xe8|\xeae\xd3\
iv\xa8vgh\x5cj\xd8\x0de\x00\xc5E\xa6\xf5\
M\x85\x88\xc20KkR<e=\xe3\x9f\xea\x22\x7f\
-\xaa')\xb5\x81[\x8a\xb6d\xdb\xb1\xdf;1Y\
\xe5~\x8eD\xca\x1a\xca\x90\x22\xa1\xa9%$*i\x05\
_\x8bq$[`\xfcT\xb7\xf3\x22\xde\xce\xc9\xcb\xa7\
\x14\x93\x07*m\xc8\x9f]N\x9eT\xe7{M|\xca\
\xed\xba\xc9W\xbff\xfe\xcd.\xed\x18M\xbd\xb0m\xc5\
\x88Q\x9e\xf9K\x01q?,\x9f\x11\x03|\xd5\x95\xe7\
\x1bU\xf6\xf3N=j\xe2\xae\xecs\xb4P\xb4\x14\xb6\
S\xcasx\xbe\x91\x5c\xeb\x1b\x80\xda\xff\x00\xef\x1b\x16\
~F\x5c\xbaJ\x12\xad\xbcB\x7fRM03\x1b\xbf\
r\xdf\x15\xc4\xd8K!\xb5\xdc$\xa5\xc0\xdar\x84\x9d\
@H\x07\xd7o?:-\xe4\x84Y\xdb\xb5n\x97\x90\
\xe9R\x91h\xc2\x80\x8ejR\x92\xd2G\xff\x00UD\
\xe4$\x1d\xb4^\x1b\x87<\x85-\x0av\xde\xe0\xb2\xd1\
\x1a\x95,\x04\xcf\xa8\x13\x13\xe5A\xa3\xf0[7o\xac\
P\xf1X\x02\xe33\x8d\x94\x8f\x9c\x98\xcc}\x93?\x95\
(C\xf8\x82\xed/b7\xca9\xd5\xdd\xdb\x84\x86\xce\
\x8a$\x90u\xe86\xd3\x9cS64\xa4\xbe\x9b&\x1d\
\xd0fRI\xe4\x9d@\x11\xec\x0d\x1d\x04'\x10\xb2\xb7\
0\xb2\xf7y\xde\x05\xbe\xce\x9dIZ\xb2\xc8\xea\x12'\
\xd0\xcd\x01f\xe0K\x84\xa7\x0f[\x04\xcf~nB\xa0\
r\x00xI\xff\x00\xb8kN]\x12\xbb\x8c6\x5cz\
\xf1\xb7\x94\x02\xdd\xbd\x08(\xe4<D\xa8\xeb\xb0\xd3\x9f\
\x95\x17\x80\xde;t\xbe\xe1i\x9f\xbd\x0f[\xa5\x19\x8e\
\xa0\x80LGA\xbdI\xa7\x9du\xa5\xe28+j\x09\
BF\x1a\x85-05J\x96\x12\x02\x87\x90I1\xe7\
L\xb4\x88\xb9\xbdM\xfe+\xde\xab0Vw\x12\x94\xee\
\xa4\xa7\xe6L\x01\xfe\xb9\xa7\xb0&\xd1\x19]\xcc3\x97\
W`P\x84\x83\x1a\xa5\xf4\xa8\x13\xfc\xdaO\xd2\x90W\
_`\x7f\x1ca\xa6\xd4\x14\xdb\xa1I\x0a\xdaA\x0aP\
\xfc\xc5\x00M\x92T\xda<9\xa2\xea\xd5j\x09@\xdd\
h\x8d<\xa6\x0d0\xfb\x19\xf6h\xc5C\xb7\xb8c#\
\xba[7\xb8\x05\x95\xcbkgV\xca\x92\xc8mE'\
\x9el\xa4\xfa\xa4\xd7g\x92o\xc5+\x1c{\xd3\xd1\x16\
\xe3#y9\x0d\xbc\x85q\xe5\xcd\xdbO\xe8\xe1\x13R\
\x09\xaa\xd8`O\x9d-\x86/x\xa2\x02H\xd2\x98h\
\xd0\x1a\x89\xa7\xb0\xd1\x11L\x89\x22\x99\x1aP\xab\x94\x8c\
<\x9d*\xa2j*\xf9\x1e\x13Z@\xaab\x09\xcc\xe2\
\xea\xf4\xad\x87\xc3\x93\xdd-\xd7Tb! \x8f=\xe8\
\xbd\x14\xe6\x84\xbaB\xae\x19\xb9v<)\x13\xf9\xd7?\
\x9f\xfeUt\xf8o\xfcH\x82xB\xb4\xaf\x9b\xc9\xef\
\xe0\x22\xd4\xc4\x1e}+\x9e\xb5\x89\xabT\x80gc\xd6\
\x96\x8fikq\x10i\xa6\xd4\x8b \x18\xa7\x0a\x9d\x07\
Y\xaa(RU\xd7C\xe5H\xc44\xa2\x14:t\xad\
'\x08\xa9\x06T \x19\xad%a\x94\x1a\xd2\xa65\xad\
c\x9f(!\x1a\xc4V\xd1\x85<\x9f:\xb6t\xb0j\
\xe5K`k[3\xa5\x00b\x80\xdcy\xd2\x0c\x14\x0e\
[\xa0\xd9@e\x01\x94\x06P\x19@e\x00\x98\xf1O\
:\x03\xce\x9fl\x9e\xc18\xdf\xed\x09\x82`8\x1f\x0c\
c8~\x15\x85X\xb8\xf5\xf5\xeb\x18\x88YE\xeb\xc1\
 0\xdf\x83Q\x04\xac\xe6 \x80`\xc1 C\x9c\x07\
\xca\x1cA\x8b\x8c?\xe3ln\x99r\xde\xeb\x0f\xb8q\
\xa7\x1as\xe6iiYC\xad\x9f4\xad;\xf3\xdcV\
\x92\xb2\xb1\x10n\x8f#\x1e\xf4\xf6\x93K\xb933\x1e\
\xf4\x95\xa0\xef]L\xf8\xbf\xda\x91\xebfQ\x88\x96\x1e\
C\x83\x5c\xa6H;\x11\xccT\xd1&\x82\xdf\xba\x19}\
\xc4\xa5D\xa3t\x1e\xa9;Q\xb3\x02\xe5\xd1\x00\x09\xd2\
\x90\x0e\xbb\x93\xa9'Z>\xc1\x92\xea\xa7\xac\xf9\xd2\x0f\
\xd1`l\x8d\x0c\x8fZ\xe8\xdaI[j\x9d \x8f:\
r\x91\xa2\x95sL\xfaUl\x9b\x00\x03\xa8\xa7\xb3\xd1\
\xc0\x99\x1c\xaa6M\x14\x91Oa\xb4\xebH\x1c\x88\x15\
#\xfb%{S#+\x15\xa4*\x8a\xc4\xcc6\xaa\xe9\
\xc1\x15D\xc7\xdc\xd1Z\xc7\xef[\xd2\xc5\xc1\xfbi\xe2\
\x0f\xe0\xdc1rZ3qt\xa1j\xc8\xdf\xc6\xb3\x13\
\x1eBh\xc6m\xa4\xa9\x9e\xc1\xb8p=}b\x97\x13\
\xf7L :\xb9\xe8\x91\xb7\xe9X\xe7\xda\xa7=\xbb\xb5\
\xed\xd7\xc4>L\xe94\xa2m4\x86\xd4\xe1\x00\x0dh\
\xb4\x92\xf66\x99\x13$kX\xda\xa1\xe1\xaa\x90i\xe6\
\x80\x1bQ\xb5(\x1c\x5cYw\x87{Cr\xe1\xac\xf6\
\xc3\x08\xb9iH?\xf5\x07\xc3+o\xacQ\xf7\xc0\xbd\
>\x7fv\xfdb\xbc;\xec\x9f\xd93\xec\xbcn\xdb}\
\xe4\xb5\xf1!\x9e\xef0BG\x8a9j>n`T\
\x7f\xd1t}\xd7\x92qg\xbe>\xf1w\x0b\x5cwO\
<\xe4\x83\xa6e\x19\x03\xcf\x96\x9eU\x85\xd2\x96.\xcf\
\xf05\xe2\xd8\xce\x08\xdb`\x15|S%\x990\xa5\xc9\
\x84\xc7\xfd\xd0i\xc9\xc9\xa3x\xb5hOi\xf8\xa2\xee\
\x09u\x963-f5\x94\x1c\xcb*\x1f\xeaLE;\
\xad\xa7\x1e\x92\x5c=n\xed\xcd\x86\x14\xdd\xca\xff\x00\xe6\
\xee\xee\x15r\xb2\xaf\xc0\x86\xce`\x08\xe9+?Z\x95\
7\xc4\x97\xc9k\x81\x19\xbaH\xc9qt\xed\xf5\xe7\x84\
j\xa0\xa2@\x8f\xad=pG\xb0\xa6\x0ap\xfc\x1e\xcd\
H)-\xd9!nF\x84\x13\x00\x09\xe9\xcf\xce\x88)\
<P\xa7_\xc7\xae\x8bw\x09\xb8K\xd7kiKH\
\x13\x95\x07\xc2t\xd8x@\xf64\x01\x96\xc9e\xa3`\
])H\xf8\x92T\xe0:\x84%\xb5\x1fa\xccy\xd3\
\x0a\xc7\x12<\xb3\x87\x84\x85\x9c\xee\xe3\x88-\xb8\xad \
&\xdf(\x11\xcbRh\x1fk7\x06\xa1W\x12\xcb\x0d\
\x02\xe2\x19\xbaJ\xd4L\x1c\xa4\x10g\xa1\xf0\x92\x0dL\
\x17\xa5k\x88\x9d\x0a|.{\xd5\xbe\xe6\xdf\xe5YH\
\x06}\x01\xfa\xd5\x14;\xc5+Y\xc3\xd9\xbbY\x85\x22\
\xfd\x0d&\x04gJ\x11\xa9\x06\x97\xfa4\xb5\xe4\xdc\xf1\
N\x22\x86\x08BZm\xa0\xd8B|2\x86\x86X\xe6\
5$\xfa\xd3\xa5?\x00\x12\xda\x8d\xaa\x18)\x0ao\xe2\
\x92\xd2\x5c:\x04\xe85\x9e\xb0'\xda\x91\xd4\xa6\x10\xea\
S\x8e\xe0-6\x95/\xfei\xdb2\x85\x19\xcc\x95;\
 k\xe4\x05\x02*aEB\xc2\xe0\xb6\xa2Z\xb9Z\
\x1c'\xc2\xac\xc5K\x11\xe5\x14\xff\x00\xb0\x93Soa\
\xb8\xbe\x16\xebk\x0e%\x17\x9e\x12\x9f\x972\xd0?\x22\
\x7f9\xa3\xe8^\xdfR~\xc6\x98\xca-;\x1d\xec\xd2\
\xfe\xe9\xd4\x04\xb5uq\x81\x06 \xa5Iq\xc7{\xc4\
k\xce%`\x8f\xf3\x08\xae\x9c7|YFy\x7f(\
\xf6\x18\xf0\x90|\xb5\xae^\xd4U \xc2(\x0d\x01\x06\
\x80\xd2\xf7\xaa\x80\x9d\xc5\x01\xa8\xa07\x1aP\x1a\xa6\x09\
5DmB\x9cI\x87\x04\xd5\xc2F_#CZ\xc2\
U\xae\x9b\xf1\xb8z\x9a\xa2\xb4-\xdb\x7f\x0f\x86\xb2F\
\xee9\x9b\xfaQO\x19\xc1\x9b\xb8\xb7\xc1\xd4\xd9\xd1n\
\x0a\xc3\xcf\xcf\x8e\xc7O\x87\xf9\xca\xac>\x09W\x94W\
\xced\xf7\xb1?h\x9d\x871X^[\xf4\x9a\xb4>\
\x0dv<\xaaM3l`\x09\xe9Bv9\xb3\xa0\xda\
\x9a\x0f\x03\x22\x07\xbd\x5c\x05\x02\x22(\xff\x00`\xf3k\
\x12\x09\xfa\xd1\xb2\xd0\xc6\xd5\x07\xcb\xca\xaeTX9\xa5\
LV\xf1\xcd\x94\x16\xd9\x91Z\xc7>P\xf2L\xd6\xac\
\xa9\xc0j\x93CbO\xdd\xb1n\x17h\xdb./4\
+\xbeQ\x00\x0e\xba\x0dh\xcb+\x8e;\x8b\xf1\xe1\x86\
yk:\x8eM\xce2\xe8\xd5\xdb6\xbf\xd0\xda\x95\xfa\
\x9a\xc3\xf5|\x97\xf0\xe9\xfd?\x0c\xfc\x94\x13\x8b\x10'\
\x10k\xda\xdf\xff\x00\xee\xa3\xdf\xc9\xf9M\xc7\xc5\xff\x00\
\xfa\xdf\xfb\x9cI\xc5Q$\x5c\xdb\xbb\xe4\xb6H\xfd\x15\
W3\xcd7\x1f\x17\xe2\x96/16\x84\xae\xda\xdd\xf1\
\xd1\xa7\x0aO\xe6*\xbfS)\xdcO\xe9\xf8\xefWE\
\x0cw\xba\x1f\xf3VW6\xe3\x9a\x82;\xc4\x8ft\xcf\
\xe9Nyg\xdc\xd1_\x05\xff\x00\xa7)EY\xe2\x96\
\x97\xe0\x1b{\x86\xdd\xff\x00(V\xa3\xdbz\xd2e2\
\xea\xb2\xcf\xc7\x9e\x1f\xcah][6P\x19@e\x01\
\xa2\xa0 N\xa6\x80K\x8e%\xa4)kPB\x12%\
JQ\x80\x072M\x01\xf0o\x8ex\xdd\x9e%\xedc\
\x8c8\x81\xb0\x15\x87b\xd8\xdd\xed\xc6C\xf2\xb8\xcb\x8f\
\xaf)\xf2\xf0\x90A\xabg\xbet\xac]\xb4\xabe\xb8\
\x10\xa2\xe3HQNo\xc4\x98\xfea\xcb\xd7j\x7f\xd9\
\xe8\x02\xee\xa2u\x99;\xd4\xec\x82\xb9p5\xd7\x9d\x16\
\x98Wn5\x22ilklv\xe7\xe2,Rd\x95\
\xb0r\x9f4\x1d\xbe\x86G\xbd#\x02\xb7fu\xdf\xa5\
\x00\x9dU\x11@:\x86\x8a\x8f\xbd\x01\xf4\xcb\x0e\xedC\
\x8ep\x04\x83c\xc5\x98\x9bh@\x80\xdb\xefw\xa8\xf7\
\x0b\x06\xbe{\x1f\x91\xe4\xc7\xac\x9fg\x97\xc5\xf0\xe7\xde\
\x11w\xe1\xaf\xb5_\x1eZ\xdc\xb2\xd5\xf8\xc31f\xd5\
\xe0\x97m\xcbJ\x9eD\x94\x1e\xb1\xca\xb7\xc3\xe7y%\
\x92\xb8\xfc\x9f\xe3<>\xbb\xc7qn\xc2>\xdam\x05\
\x06\xb1\x8e\x0f\xb8e\xc0r\xadV7IX\x1dtX\
O\xeb]3\xe7\xcf\xbc\x5c\x99\x7f\x8a\xcb\xbcr_\xf0\
_\xb57gx\xbc\x07\xb1K\x8c%d\xc6\x5cF\xd5\
m\x8f\xfc\xc2Dy\xcdt\xe3\xf3<W\xed\xc3\x9f\xf8\
\xff\x00\x91\x87\xd6\xd7\xbc+\x8f\xb8_\x1cm\x0a\xb0\xe2\
,.\xec+\xe5\x0d\xdd\xb7$\xfaL\xd7T\xf2\xe1z\
\xae<\xbc>L{\xc6\xac\x01\xac\xc9\x04j\x0e\xa0\x8a\
\xbffZ'\xbbROZ{\x84T\xf5\xa0\x12\xa4\x83\
D\xa5\xa3.\x8d+H\x9a\x84\xc5\x9c\x84\x11]\x98N\
\x19\xd7:\xe2\x97\x83HQ\x9a\xd6\x87\x9c{@\xff\x00\
\xee\xa3\x8e\xb0\x9c1\x00)\xac=*\xbcp\xf2\x0bW\
\x85#\xe8\x14i\xef\xd6m_\xd3\xd0=\x8d`\x99\x18\
\xc4\x00\x19J\xd9BA\x1f\xea\x93\xfaV\x19\xdd*t\
\xbd\x9c\x11\xd4/Q5>\xd0p>\xd7\x0c\xee\x84\xa8\
T\x5c\xb6 \xb4\x881P\xa8Q!4\x87f\x9d\x1d\
\xea`s\xd2\x8d\x9b\x99v\xc7|\x8c;\xb3\x8e;w\
:Z\xc9\x83?+_\xcb\xaby$\xf9\x00\xaeU\xa6\
6K62\x9c<g\xf6\xbe\xc0\x95k\xd8\x0ffX\
\x18aY-.nX\x09hD\x04\xa4\x84,'O\
\x09J\x92u\xdb\xda\xb1\xbcb\xb9\xcdxs\x8b\x92\x9b\
#j\xe2\x5c%\x0b\xb6i\xfc\xc3t(\xa0\xa4\x88\xf2\
\xcb\xce\xb9\xef\x06\xb7\xf6i\x7f\x9b\x17\xc1\x9ei!K\
\xef\xda\xfb\xb2\x9c\xc1\x00\xa9!\xb0GI#\xebN^\
ah\xefm8\x12p>\xd58\xcd\xa5)\xb7~\x1c\
%\x01I:\xf7\x8b\x01\xc7=I\x83Zg\xd8\xc7\xa4\
s,\x96\x99\xc2X\x0b[\xae[X}\xfa\x81\x92\x14\
\xb3\x98\xeb\xf4\x9fJ\xcc\xd1\xbciv\xb78?\x09\xb2\
eE\x08u\x90\xdaR\x98\x12\x95\xac\xf8}\xc4S-\
\xad\xbe\x1b~+\xbcm>&;\x96\x98*O\xe0B\
P\x90\x7f9\xa7\xd0Uq7\xda~\xeem\xc2\xd0\xd3\
O\xa9kY\x11$\xa0e>\x834\xcf:F\xb1)\
H\xb8/\xdc\xdc%9\x99aiJb\x04\x04!\xb4\
\x92=\xe7\xd6\x99mK\xe2\xe6Ug\x86\xdb\xa1KK\
\x87\xf8\xa3\x97\x08-\xff\x00) ~\x84iJ\x92\xfb\
\xc2\xa8M\x96!\x8b\xa5\xc5x\x16\xdaFP<D\x94\
+\x97?\x9a\x85})X\xb1S\xff\x00\xc3\xd6\xbc\xa0\
;r\xc2\x0c\x0c\xa0\x22H\x85{\xd3\xd2bk\x8b[\
\xb6F\x1f\x80\xd84\xae\xf1\xbb{\xe7\x96V\x927\xce\
%1\xfe\x98\x14\xefE[\x0bP\xbd\xbcwV\xc2\xd8\
\x9f\x08\xd6\x00$\x88\xf6\xa4w\xf2\xd0@\xb5\x18U\xb3\
\xf0Q\x7ft\x92\xa4\x83\xa6R\xe2A\xf7!'\xd8\x1a\
>\x8e4\xa5-8\xb5\x83\xedB\x09\xc7\x97\xdd\x02t\
\x84\xbb\xb9\xfa\xd2\xa2#\xae-\xc9\xc3\xee[\xcb\xaa1\
\x0b\x85d\xd8\xa4\x87'O\xce\x80#\x89\x82-m\xd8\
p\x13\xdd&\x164\xddM\xbd\xf3\x0fe\x0a\xadp\x1e\
\xf4\xfb\x0c\xf1_\xf1\xbe\xcex\x97\x87\x92\xb6]\xbe\xb2\
\xc4l\xb1{F\xdd2\x96\xe1\xf0\x97']3% \
\x83\xcc\xd7O\x83}}r\x9c\xfa\xdb\xe8\xb2\xa1S\xcc\
\x1a\xe3\x87H\x0a1\x07q\xa1\xa7\xa4\xb7\x9c\xd1\xa3)\
&iQ\x09V\xb4\xe0&)\x86\x11@e\x01\xaa\x01\
'J\xa8D\xaa\x99S\x0eV\x915\x1dz\x9d\x0e\x95\
\xac\xa4\xac\xdc\xb7\x99JLjMh\xce\xd3x\xcbi\
\x08aDJ\x1bY\x06:\x81Y\xb5\x9d+x\xa5\xe9\
}\xe0\x09\x80L\x01X\xf9\xaf\xfc:\xea\xf0\xff\x008\
\x8c}$\xa8\x8f:\xf9\xcc\xbb{\xb8\x1c\xb50\xa1;\
\xf2\xac\x1b}&m\x95\xb6\xba\xd2\xa1-nd\xfe\xdd\
h$\x93\x22&\x9ao'3J\xb6\xab\xd9t\xdf\x9c\
\xfd)\x02\xdb\x5c\xf5\xf5\xa5\x0e\x8fiZ\xf9\xd6\x92\xa3\
!\x8d\xa8u\xadc\x9e\xc1m/Q\xa5m+\x0c\xa0\
\x94\x9d+V\x07\x05\x5cAE!i \xecDS\xef\
\x84\xf5v\x8f\xd5\xb5\x14\x1d\xc6\x95\xcb\xad];?\x94\
\xd9\xd4\xd5\x22\x9c\x11W\x10P\xa7\x12]RB^\xe1\
V\x98\x80\x8b\x86\x10\xe1\xfeb!C\xd0\x8dG\xb5+\
%i\x8f\x93,z\xa0\xd5e\x89\xe1\xd2\xab\x0b\xb1r\
\xd0\xff\x00\xefk\xd2O\xb2\x5c\xdc{\xcd/\xdf\x8fW\
\x7f\xed\xa7\xb7\x8b\xc9\xfc\xe6\xaf\xe6\x7f\xf0U\x97\x16Z\
\xbbq\xf0\xb7\xa8^\x17{\xb0f\xea\x00_\xfa\x17\xb2\
\xbd\xb5\xf2\xab\xc7\xcd\x8eWW\x8a\x9c\xfe6r{a\
\xfb\xa7\xf5\xff\x00\xbav\xb7r2\x80m\xc8\x0aA1\
\xbcM>\xc3\xcb_\xf1\x0f\xed\xf9\xee\xc6\xfb\x1bF\x07\
\x86w\xcdc\xdcb^\xc2\xed\xefR\x9f\x05\xa3\x01\x03\
\xe2\x1d'\xf9\xf2(%#\xaa\xa7d\x9aR\x15\xba|\
\x811l\x90\xc8HJP2\x04\xf2\x00l*\xd9\xc9\
\xf9=q\x88/3W\x08qA\xc5\xb6\x12\xa5s$\
h\x7fjJ\x0a\xe5\xd3\x17'\xc6~\x1d\xcf\xe7H\x94\
\x1fQ\xb8\xf6\xa5m0w)[\x00\x12R\xa4\x1d\x96\
\x85\x05$\xfb\xd1\xbd\x8d\x02S\x92\x0d r\xd5\xde\xed\
\xe0U9\x08\xca\xbf\xf4\x9d\xff\x00\xad\x00\xa7m\x8b.\
\xad\x04\xc9A\x89\xeb\xd0\xd0B\x1bd\xe6\xdbJ`[\
Lt\x8dj\x85}\x12z\xd4\xad\x1a&g\x97*\xf9\
\x0a\xfb\xe8\x17\xe0@R\x0a|*I\x0a\x07\x983\xa5\
N\xd4M\xf3(\xba\xbb}\xe4\xa4%+YTQn\
\xe9\xc9\xa9\xa0n\xd9\x02\xa2A\x9d#Z{\x90\xbb\x03\
s\x83\xdb\xba\xe1Qe\xb5+l\xd9u\xfa\xd6\xaco\
\xe1)\x84q\x7f\x12\xf0\xc8H\xc2\xf1\xfcN\xc0 \xf8\
C7K\x00yA$G\xb5ta\xe6\xcb\x1e%s\
\xf9<\x18g\xceSk\xde\x03\xf6\xb2\xed\x1b\x01Sb\
\xe2\xe6\xc7\x1d\xb7m9{\xbb\xebl\xab_\xfd\xe8 \
\xcf\xb1\xae\xa9\xf2\xbc\x8e\x0c\xfe\x0f\x8a\xf4\xeb\x5c%\xf6\
\xda\xe1\xccE\xc43\xc4\xb8-\xee\x00\xb3\xa1\xb8`\x8b\
\xa6\x01\xea`\x05\x8f\xfc\xa6\xbb1\xf9X^\xf8y\xf9\
\xfc\x0c\xe7\xf1\xbbv\xde\x16\xe3\xbe\x1b\xe3\xabr\xef\x0f\
c\x968\xba@\x0aRm^\x0aZ\x07\xf9\x93\xb8\xf7\
\x15\xdb\x8ex\xe5\xcc\xaf;?\x16~;\xac\xa2Z\xe2\
R\x93;V\xf8\xf2\xc2\xabx\xca\xe1\x04\xd7v=2\
\xaeC\xda\x06.\xdd\xa5\xb3\x8bq\xc0\xda\x10\x0a\x96\xb2\
v\x00j})\xdej\xa3\x8evR\xc2\xf8\x8e\xee\xf3\
\x1cq\xb8\xfe \xfa\x9dnG\xfd!\xa3`\x7f\xda\x01\
\xf7\xab\xcb\xf0\x1e\x9a\xe0\x06\xc6\x1c\xf2\xd24\xce\x81\xef\
\xadr\xe7\xca\xe7N\x81\x9d*\x13\xd6\xb1\x06]P\x88\
\x1a\xd1\x00r\xa0\x9d\xe9\x99\xb7\x1d\x1dh\x06\x95r\x1b\
\xd6h\xd1\xb8\xdfo\x04\xdd\xf6w\xc5\x8c\x02@\xb9\xb5\
\xf8H\x1c\xca\xdc@\xff\x00\xec\x85P\xdb\x8b}\xa8\xb0\
\xb4b\x18/\x09\xd8\xdd5\xde[\xf7\xa8\x0b\xccH\x00\
*\xdd\xc6\xd4TA\x9c\xb2\x84\xc8\xf4\xa8\xb3\xf6\xaev\
\xf9\xb7\xc4V+^\x17\x83\xbc\xe0Z\xd6\xa4*\xd6\xe1\
j2\x01\x04\xc0\x9f f+\x9e\xc5.\x1d\x88^\xb4\
\x9e,\xc2.\x1dp!\x0e:\xd2'\x91JH\x09\x91\
\xd2\x04\xd1;M\xe8\x7fn$+\x8c\xf1+\x95\x99}\
\xdb\xbe\xf1\xfc\xe3U\x10\xd9\x95\x1fh\x1e\xe2\xb4\xcc\xb1\
\xe9_\xb7g\xba\xc0]q\xff\x00\x1b\xaf\xa44\x80\x93\
\xac%2L\xff\x00\xdc'\xd2\xb3\x8a\x0d\x8b\xdb\xb4\xae\
%\xe1\xcbD\x84:\xd2{\xb2T5\x05-\xa4\x90=\
4\xa0\xb7\xcaw\xf8\xa2\xee1\xcb\xe7P\x84dm\xd5\
\x0f\xbc\xf9L\x883\xfc\xd0H\x1e\xd4\xc5\xe5K\xc4\xae\
\x0an\x9eIqJ!\xf4[\xa8\xeeU\x95IG\xe8\
\x93\xf4\x14\xa8\x8b\x9e*\xb4\xaa\xe3\x10\xee\xdaR\x18l\
!\x95$j\x1b\xf1$\xaa\x0f\x9eS\xf4\xab%7\x8c\
\x8aP\xf6\x1c\xca\x8f{\xf7\xeaJ\xcf]\x10@\xf5\xac\
\xe8\x8b\xaf\x0cb\x0e\xadx\xad\xd1@l\xb8\xe2\x0a\xd0\
uRS\x95I\x02}DU\xc1T\x9cU\xd3\xdda\
\xc9B\x89-\xdc%+\xe8V\x97\x01\xfd\xe8\xfa\x1b\xd2\
\xcd\x8e:1\x0e#\xc3V\x02R\xc0K\x8e\xac6$\
\xa8\x96\xca\xa7\xd2b\x81y\x02\xed\xe1e\x18\x97x\xd9\
i\xc5\xa0\xb0\x07$xL\xc7\xd4}i\x0d$\x93b\
\x9b\xcc[\x09m\xb0\x14\xe2Z\xb1u\x0a\xe5'6\x87\
\xd4U}\x17(\x8bW\x92\xe60\xcb\xa9v\x03x\x90\
\x0d\x95\x1f\x0c\xe7\x00\x9fr~\x95\x14\xe0\x8cA\x90_\
\xbe@FW\x5c\xbe\xf8\x84\xc9\xcb\x94*R\xa8\xf5\xde\
\x9a\x84\xddZ\xaf\x1a\xb0\x16\xa5\x1f~2)9\x07\x89\
]\xe3yR@\xe8T\x81>\xb5P\x9e\x8b\xfb\x0d\xf1\
+\x8dc\x5cG\x80\xb9p\x8c=\xbb\xbb\x06\xee\x8a\xbb\
\x9c\xca\x01\x85'\xbcD\x0dL$(\x80\x0c\x02$\xd6\
\xde\x0c\xb5\x96\x8b)\xb8\xfa\xaf\xc3X\xe7\xf1n\x18\xc3\
n\xd3/\xba\xed\xabn+'X\x13\xbf\xe9\x5c\xd9\xeb\
\x1c\xac\x1a\xb5'ov\xdd\xc8\xef\x12\x95$\x81\x05'\
\xa7\xfbTc\x97\xb7\x10\xec\xd0\x9c\xb4\xe5-0\x0ac\
DS&\xa9\x86E\x01\xa8\xe74\x06P\x09&)\x91\
\x06\xa8Sj\x15Q n\xd3\xe1>\x95\xb4M@\xf7\
_\xf3-\xe9\xba\xa7\xf7\xad/L\xfe\xd4\x5cm\xeb\xff\
\x00\xe2\xefw7%-\x1dCk\xf1 \x1ezR\xe2\
\xce[M\xc4;\x98\x82\xd3x\xd3W\x16\xebd\xe6$\
\xad'3f\x06\xf3\xc8z\xd7/\x9b\xf8WW\x87\xf9\
\xc1\x8e\xa78\x04\x1d7\x9a\xf9\xfc\xde\xe6\x053\x01z\
\xeb\xe5X\xb5JY\xac\x10<\xba\xd4h\xe2]\x85\xcc\
k\xa8\xa0$[\xe5\x1bs\xa0\x8f\x05\x09\xde\xa8h\x92\
=\xe9\x02\xd0H\xe6\x0d\x02\x8cep\x07/*\xb8\x81\
\xed\xaec\x9di\x18\xd81\xb3\x06\xb7\x8el\x85![\
V\xb2\xb0\xb0\xf2Mh\xce\x96\x93V\x9ab\xed\xbd\x9c\
\xf65\x8f\x92}\xb5\xf1\xdf\xfaM \xc5g\x1aR\xc5\
R\x0b\x15q%\xa7]\xea\x91[\xfc\xa8\x0d\xc5\x1d\x80\
X\xb6\x11i\x8dY.\xd6\xf1\x94\x5c0\xb1\x05\x0b\x12\
=js\xc6e5Z\xf8\xbc\xb9x\xb2\xf6\xc2\xb9\xbe\
/\x89q\x0fe\xae\xf7\x96\xc5x\xd6\x05\xca\xde\xe1D\
\xa9\xa1\xd1+\xdc{\xc8\xaels\xcf\xc3uy\x8f_\
\x1f\x1f\x83\xe6\xce\x7fn_\xd2\xf1\xc1=\xa0`\xbc\x7f\
\x86.\xf3\x09\xbbK\x8aeA\xbb\x9be\x18v\xd9q\
9\x1cO#\xd0\xecw\x04\xd7\xa1\x86s9\xfb^7\
\x9f\xe3\xf9>>^\xb9\xcf\xfe\xd68\x9a\xb7;\xc6\x9f\
\xf1S\xe0\xfb\xae \xfb;a\xd8\xbd\x9d\x93\xb7k\xc0\
\xf1\xb6._q\xa3\xfe\x05\xba\xd0\xe3KZ\x86\xd9e\
h\x92v\x99\xa7\x0a\xbeM8\xf1~\xd8,\x19Sc\
*\xa3\x98\xe4\x7fj>\xd2`\xbf\x9a\xddI\x9dR\xa0\
\xa1\xfb\xfe\xd4\x80U*\x0fJ\x0c\xde\xe4\xf2\xeaE \
\xdaQ;\xc51\xb3\xed\xb51NM\x8bR\xaac\xbf\
\xb2m\xf4\x80T\xd44\xect\xfc\x07\xf5\x13\xe5OP\
\x9bi\xadF\x94\x16\xfe\x85\xb4\xd4\x1d\x852}\x19,\
\x93\x03\xdb\xca\xbe:\xd7\xe83\x90\xee[\x90s\xc7\x91\
\x9a\x0c8\xb5\xcb$s\xd6)(:\xed \x10:\xe9\
\x14\x17a\x97n\xa0\x98P*\xe4*\xb6\x9b\xa0O[\
\x98;x\xb4\x02\xa9\x00\x5c\xb7\xcc\xb8\xcb\x00\xe9\xfe\xf5\
\xac\xb5\x9d\x80]\xb7\x85\x13\x97j\xd2\xd4H\x11M\xb9\
d\xf0\xbd\xb2}\xeb\x1b\xc6\xf5n\xe2\xd9\xc56\xe2O\
\x92\x92A\xaa\xc7+\x8a2\xc6^,u~\xce>\xd8\
<c\xc0\xd7M\xdbqJ\x9d\xe2\xfc\x00\xf8T\xa5\x04\
\x8b\xe6G\xf3%\xcd\x03\x91\xfc\xaa\x12\x7f\x9a\xbd\x0f\x17\
\xca\xcb\x1b\xfb\x9eg\xc8\xf88g7\xe3\xe2\xbdQ\x85\
q\xf6\x03\xda\x17\x0d\xa7\x1b\xe1\xdcI\xacJ\xc1\xc1\x0a\
Sz-\xa5D\x948\x83\xaa\x14:\x1a\xfa\x0f\x0f\x9b\
\x1f$\xdc|\xef\x93\xc5\x97\x8e\xeb(\xf3\x1f\xdaO\x88\
\x9e^\x100\x8bE\x91u\x8c>\x9b$dT( \
\xea\xe1\x1f\xf6\x83\xf5\xad\xf6S\x15\xe7\xb2\xac\x098f\
\x13h\xc8L%\x08J@\x03@\x22\x95\xa5\xa7`\xc3\
\x08eiP\xd29\x8a\xc6\xd5\xc8\xb5\xda\xdd\xf7\xc9\x10\
j\x13D(\xc8\xa0\x82<\xf0\x07x\xa0\xc1\xad\xf1;\
\xebA\x87u\xec\xd4\xc3\x97\xf6\xde\xda\xdf\xe0\x1cn\xdd\
\xa4\xa9J}\xeb4( \x81\xe1S\xed\x83\xa9\xd0\x09\
\x03Z7\xaeGnM\xf6\x8d\xc2\xae1l\x03\x85/\
\x10\xf2Ssi\x8dwew\x07+KJ\x90\xa4\x15\
\xb9\xd4@$y\xc5D\xbf\xb5\xa6\xb9x?\xb5^\x0e\
\xf8\x1e\x12\xb6\xf8e:\x97\xce\x22\xf9l<\xe0\x05j\
R\xc8\xf0\xa7c\x08\xcaz\x81Y\xe55\xc1\xab|\x1e\
\xd7\xf0\xae$\xb0XY,\xaa\xe1\xa73d\xd4\x0f\x0e\
i\x07a\xf3V\x7fe\xa5\xff\x00\xb5\xec%x\xee=\
\x88^\xa9\xa0~0\x8e\xed\xc5\xaa\x07\x86\x0a\xc7\xae\xd3\
\xf4\xad\xaac\x9e]\xad\xc6\xc6\x11h\xe0\xcc\xd2\xc1\x5c\
F\xa48\xa2\x01\x1eA(\x9fz\xc9F\xd0\xd8W\x1b\
>\xe1\xf1\x96\x99\xd8x\xa70\x00\x11\xd3A4t \
\xbbwQv\xf6(\xf3MB]y}\xdaP\x7f\xcd\
\xaf\xb6\x83O:t\xa2\xb7\x8a\xb6\x93\x8b[\x84\xa5K\
7\x17\xeaZ\xd3\xbe\xce)DQD\x9a\x5c\xf1&\x05\
\xc2\x9eiN\x0f\x87\xbb\xba\xce\xb3$hR\xb3\x1e\xdb\
{PUN\xe2q\xf1\x17x[\xff\x00#J\xbfB\
H#e\x96R}\xf4\xa9\xa2/\x98\x12\xec\xadp\xfc\
U.=\xf7\xaaJ\x16JA*\x99V\xfduP\xf4\
\xab\x86\xa3\xdf\xa7-\x8d\xa2B\x10T\x9cA\x04\x94\xf3\
\x95A\xfc\xc0\xfaQ\xb0?\x10\x0b\xb7\xb1l\x87\x12\x97\
K\x01\x08\xccd\xca\xd4\x98#\xd0R\x0c\xc7\x1bmX\
%\xeb\xa8QAv\xe9m\xb4\x14u\xccR\x09I\xf7\
\xa5\xa0\xb1a\xc8,\xf1{\x8c\x94\xa9\xf4\xdb|;E\
(?\x85(\xd1#\xceu'\xa0\xa6*\x9f\x84\xd8\xa9\
7]\xd2\xd5\xde\x16\xef\xe0\xe5\x81\x0a\x0e\x08\x81\xeb\xf4\
\xa2\xf0\x13x\xa1ZF$\xe2\xe5N\xb7x\xe2\x10U\
\xaf\xe3\xcc\x93\xf9\x9d:\x0a\x02S\x0a\xb7\x7f\x10\xc3\x1f\
q\x948/Sc\x9d*\x07\xc4\x03j\x99\x03\x98J\
\x80'\x9cM\x10:o`<Kk\xc1}\xaf\xe2\x0a\
\xb7m\x9c\x97\xf6O\xa9\xa2\xa5L\x80\xda\x9e\x19\x0fU\
\x1c\xc9\xcaH\x10\xa8\xa2\xe5\xeb\xcc9\xcf\x0f\x7f\xfd\x90\
\xf8\xa8\x5cvac\x86\xb3|\xed\xf2,\x5cr\xd4\xbc\
\xfa\xb38\xa89\x92Vy\x92\x85\xa3Z\xf3\xf2\xca\xfb\
Z\xd7\x8dp\xf4>\x14\xa8\xb8\x11\xb1\xd2\xb4\xf1\xf6\x8a\
\x97nG\x87\xe9]U\x9c.w\xa0\xcd\x91NT\xb3\
ja\xaa\x039\xd0\x1a\xa0\x10N\xb4\xe4\x04\x9d\xea\x92\
A\xaa wH\x94\x9a\xd7\x14\xd4Ig\xef\xc2\xbf\x95\
\x0a5\xa5\xbc3\x93\x97>\xc6\x04^\x15\xf3\x0a\x22k\
8\xe8\xa8\xbb\xc6\x82\xee\x99$\x08:\x19\xe7\xa6\xd5\xcf\
\xe6\xbf\xb6\xba<3yC\xaa;\x0e\x9c\xab\xc2\xc9\xed\
\xe2Z\x08P\x1as\x815\x85\xe1\xac\x19l\x0ez\x8a\
\xb8\x9a\xb63\x13\xbd\x01$\xd6\x90\x00\x8f:\x08\xec\x89\
\xa6\x1b$\x0f:\x01!^1\xaf\x95\x03\xe8Sz\x11\
\x1f\x9dTJB\xd9\xcdu\x1a\xd5\xca\xcb9\xb1\xcd\x99\
1[J\xe6\xca\x0ai_\x95m\x18e\x0f\xa4\xc5i\
\x19\x1cI\xaa\x95\x14\xb5\x00\xb4\x90v5]\xf0\x99u\
\xc8(-\xa8\xa4\xee+\x9f\xab\xa7V\xe5\x9b\x85\x09\xa2\
&\x9c\x07J\xb4\x16\x9a\xa8\x9a\xdd2o\xf2\xa7\xf6\x18\
i\x10LB\xcd\xbb\xd6\x16\xd3\xa8\x0bmB\x0aH\xd0\
\x8a\xcf)\xb6\xde<\xee7q\xe5\x8e\xd0x\x16\xf7\xb3\
N\xd2-\xf1\xec\x09\xe7-\x11p\x82\x95\x84(\x848\
?\x91`h\xa1\xd2v\xdcV\x1e9p\xcfq\xf4\xb8\
\xf9q\xf9>\x0f\xd3\xcem\xe8\xae\xcdx\xcd\x8e1\xc0\
\x1ay\x0aW|\x81\x95\xc4,B\x92F\xe3\xd8\xf3\xaf\
V\xfe\xe9\xec\xf9\x7f7\x8a\xf8\xb3\xb8\xb8\xff\x00\xfcC\
\xf0\x95b\xff\x00c\xfe?\x09\xf8\xb5\x9bvm\xee{\
\xabG\x02;\xcc\x97\x0d\x98\x5c\xfc\xc8\xfcJO0\x9d\
5\xa5\x1c\xf5\xf1-\x9b\xbe\xed\xdc\xd3\x991\x04\x7f0\
;\xd0M\xe7HqiJ\xf36A\x01Dn(\xd0\
4\x01\xda\x22\x91\x16\x1b*4\xc1\xe45\xac\xd5h\x0b\
B\x0fJ\x09+\x83\xad\x0d\xdc\x16\xdc\xff\x00\xe1\xee\x10\
Yp\xff\x00(;+\xd8\xc1\xa0B\xbe\x1c\xb4J\x14\
!i%*\xf5\x1aPZ\x10\xda \xebL\x9fG\xd5\
jTL\x8d\xb9W\xc8X\xfb\xe9Z\xf8bA9H\
\x8a\x9d+f\x97i\xac\x10\x12N\xf4\xc6\xcd\xa6\xc8\x19\
\xe7\xca:Q\xa4\xdaa\xdc8\x92\x09$\x01\xac\x0f\xde\
\x82\xd8W\xb0\xc9Q0H\xde*\xe7\x1c\xa3`\x9e\xc2\
gL\xb9gj\xa8U\x1ds\x85\x84\xcaR$\x8d`\
\xd5\xe9\x1e\xc8\xeb\xdc1M\xa4\xf8t\x1a\xc8\xe5U\x0a\
\xd5V\xf6\xdb.`\xad\x08\xdav5d\xae\xd8v\xa1\
\x8c\xf6%\xc4\x0a\xe2\x5c\x19\xc5($E\xf5\x81Y\x0d\
\xdf1\xba\x9bP\xfeniV\xe9 r\x91]^\x1c\
\xee9K\x1c\xbf#\xc7\x86x_gY\xc0x\xdb\x0a\
\xed\xdf\xb4\x1c;\x88p+\x85\xdep\xf5\x95\x97\xdd)\
h)\x22\xe1\xc2\x0a\xc1\x9eiH\x091\xcc\x1a\xf7p\
\xf2\xef\xb7\xcf\x5c4\xf4\xff\x00\x0b[\x86\x1bl\x0d\xb6\
\xad\xa5e\xa5\xca\xd8\x94\xa0\xfa\xe9A%\xac.\xfb\xa3\
\xae\xa2\xa4\xacH=\x89\xa4\xa2\x13\xf5\xa6\x9b\x11\xee\x5c\
\x15\x0f\x09\xde\x987\x98\xc6\xf4vd\xadzkAW\
:\xed\x8e\xd9w|\x07\x8c8\xd3]\xea\xd2\xf5\xa3\xa9\
G2\x1by+&=\x12`S\x12\xe9\xcc>\xd0\xf8\
)\xc483\x04\xc3P\xe0q*\xbf\xb0\xca\xb5\x12\x12\
\xa7\x0a\x96\xa0TF\xb1\xa8>\xd5\x9e\xb5\x1aN\xdev\
\xed\x1f\x80_\xbd\xec\x99\xccH\xd8\x1cM\xd6\xed\xadn\
\x12 w\x88\xb9K\x8e!\xcc\x8a\x12J\xcaV$\x0f\
\xe5\xe9F\xb7\xbd\x0e\x9c!\x8c\x01\xeb,z\xd9\xcb\xe2\
\x87\x1bE\xda\x14\xe0\x0a\x12\xe0t\x02\x0c\xa6D\x09L\
\xc6\xdboX\xe8\xdd;\x8b\xad\xfb\x9e\x16}\xd7\xf2\xa5\
\xf5\xf7\x88+\x09\xcc\xa0\x9d\xc9\x1ai\xb0>qZ}\
%\xc61\x0bU\xbf\xc5\x16\xec\xba\x9c\xab\xb5\xb2c}\
\x95\xe1\xd0\x8f\xfc\xd5\x9fa\x19\x85^\xfc6<\xf1g\
1Q\x08d\xadP$\xcec\xed\x94\x11A\xb3\x87\x9b\
p\xd8:\xf2\xf3f}+X\x81\xf2\xa4\x9c\xc7\xf3\xe7\
F\x89\x13`\xb4\xba-R\xb5\x19\x0dfJ\xa7R\x15\
\xb8=65=\x05\xad\xe6R\xe6\x1c\xcfx\x12\x92\xb7\
\x1c\xcc\x0e\xa0@\x84\xfb\x09\xfc\xea\x8a\xdd*x\xc3\xfd\
\xf2-\x86\xb9\xdb\xc6Zt\x03\xb9\x05\x9c\xa3\xf4\x02\x91\
\xfd\xae\xbc=\x95\xc1\x8c\xb5\x94%)AY\x91\xaf\x81\
FA\xf7&}*\xa5\x1d(\x0f\xde\xa9\x94\xber\xff\
\x00\x84\xfanROB\xb2\x98\xfa\x91H,\xf8\xb2\xdb\
r\xe7\x07\x86\x97%\x01\x01\x12\x02\x96\xa4\x01\xb7\xbd\x10\
\xaf!1T:\xff\x00\x0a\xe1\xf6\xe9J\xfb\xf7\xb1~\
\xf4\x84\x18IL\x84\xc4\xd24\xfd\xa5\xe2\xac\xf8\xcf\x18\
(\xf08XvR\x98\xd0FQ\x1c\xb4\xeb\xe7L\xb4\
\xaba\xce\xae\xd7\x11n\xf1n\x8e\xedW)qb4\
\xd5\xc4\x95{\xef4SXn_@\xc4\x5c@\x09\x09\
7eY\x1d\xd9@\xa5YL})\x1a\xcd\xd9kL\
_\xde\xd8\xd9\xdd-_\x09\x7fq\xfc9\xe7Ra\xc6\
\x9bR\xb5Zg@<FO\x97\x9d^\x1d\x95\x15\xc0\
\x8e=\xc0\xfd\xaa\xe0K\xc7\x18K\xea\xe1\xecY\xbbK\
\xe6P@\x0ai\x0e\x84\x95(\x8d\xd2A\xdf\xccMG\
\x93\x1do\x11\x8d\xea\xbe\x97\xfd\x9e8c\x87\xf8S\x8b\
\xbbE\xc0\xf0\x0b\xa2l\xad1\x16q\x0bk'H\xcf\
n\xcd\xcb@\x80\x0f4\x05\xa1i\x1d6\x9d\xab\xce\xf2\
c\x95\xb3\x86\xb2\xf0\xf4\x0e\x1628O\xe2\x1aEv\
x\xbcVOj\xcb,\xa2Y'0\xfd<\xabn\x92\
XT\x83;\xd4\x9e\xd8H\x9a\x09\xa3N\x06\xa9\x82h\
\x0dP\x095P\x89U2#\x9f\xedTA\xdf\x135\
\xa4M\x02\xfar!\xd5tLS\xb4\xa7n_\x8b\xae\
s\xac\x1d\xd4w\xa9\x8d\x91\xc5\xcc\xee[\xf3\xdf\xf4\xae\
\x7f\x91\xfc+\xa7\xe3\x7f\xcc\x8d\xbb^&Ok\x12\xdb\
Q\x91\x1e\x22+\x06\xa9Ks\xaat\x1a\xd4\xd0\x93\xb7\
:\x8e\xb4\xbb4\x83$\x933\xed@\xd8\x8c\x9b\x11T\
[)Z\x0f?*\x01\x00\x91\x07C\xe4h=\x88m\
e@iO{H\xebw*\xa5NPsN\x02\xad\
\xebY\x5c\xf9Am\xab]\xebYXe\x04\xa1U\xac\
\xac,:\x9a\xb8\x8aq&\xaeTSwM\xcas\x81\
\xa8\xdf\xd2\xa39\xb9\xb8\xbc.\xb82\x95Md\xd2\xc3\
\x89\xab\x88\xa5\xa6\xad5\xb1\xa9\xa0\x99Ga\xbfj\x08\
\x85\x09\xa4\xb8\xe7\x9d\xb1`\xc3\x10\xe1\xa5<\x13+a\
A@\x8d\xe2\xb2\xbcd\xf4\xbe.z\xba\x0f\xd9\x05\x99\
\xc1;2\xf8\xe2\x9f\xbc[\xef]7\xcaFl\xa0z\
\x1c\xbf\x9dz^)\xbdc\xf9q\xfc\xab\xed\xe6\xd2\xb7\
\xf6\xcf\x0cq\x07\xd9\x07\xb4\xf2\xa2\xca\x1b8#\xaeM\
\xca\x96\x94%H!BJ5\xd0\xa4G)\x89\xd2i\
\x5cn7U\xc7\x94\xd7\x0f\x85\x88\x19\xa0\xef#c\xbd\
&g\x91\xa2\xc1\x8d)h\x1e\xee\xfcB4\xa0\xce\xa1\
\x12'_j%#\xed\xa2OH\x1bU\x01M\xa3N\
\x93\xb9\xa4\x04% \x927\x1b\x1a4I;\xb2\x1cm\
\x8b\x90\x07\xde'*\xc0\xe4\xb4\xe8~\xa2\x0d8/\x06\
\xc2\xc4~\xf4lp\xfad-\xe0\x92F\x86\xbeOO\
\xb9\xd9B\xda\x09\xe4\x0d\x07\xb3o\xda\x12Rc\x9f\xe5\
F\x84\xa5\xa2\xcfPc\xce\x8d&\xd2\x1f\xb3\x07B5\
\x14h\x83\x0b,\xfb\xc9\x1eb\xab[/\xec\x97,f\
A\x15Q\x9d\xa8\xdb\xbc$\xa7P']\x0d^\x93\xb4\
U\xee\x19\xf7e*L\xfe\xf5R~Sj\x99\x8d\xda\
%%b6\xe7D_q\xc2{ep\xdb\xf0\xd6 \
\xa0JGt\xa0=\xc5t\xf8\x7f\x93\x97\xcf\xc6\x15\xdb\
>\xc5\xf8\x0f\xf0\xce\xcf\xad\x12S\x0aQ\x19\x87\x9c\x0a\
\xf5|}\xbc\x8c\xbf\x8c{\x1f\x04I\x16\xe9#p+\
\xae^\x1c\xb7\xb5\xa5\x82\x16\xcaU\xcc\xd5\xed\x07R\xe9\
G\x91\x14tM\x87s*u\x1eT\xe2O![P\
GA\x98\xa0\x19\xb8%^\x01\xcf\xe6=\x05\x04\xacq\
\xbbi\x7f\x0b6\x85}\xd2n.-\x9b\x0a\x09\xcd\xa0\
p\x13\xa7HI\x13U\xb1\xfd\xb9Wn\xb6\xeb\xbb\xec\
\xa1o\xb6\xf2X\xba\xb7\xc5\xf0\xf0\xe3\xee+*Q\x91\
\xe0\x95k\xb0\xd0\xef\xe6h\xfc\x9e\xc2a\xdc<\xa7x\
6\xee\xd1\x85%\xb7\x99v\xed\xe6\xa1\x12\x1b\x0e:H\
 s\xcag\xea*$\xd4U\xed\xc18\xcf\xb1!\x87\
\xb5\x8c\xd8Z\xcbKz\xd8\xd8\xb6\x97\xcc \x92\x02\x81\
\xdbL\xabL\x03;\xacMM\x86\x8c\xe2C\xddvS\
\x84\xb6\xf3n\xad.2\xa6]\xce\x9f\x1a\xdcBT\x0e\
\x9b\xe8`O\x9e\xa7J]p\x1ey\xc4-\xb2qF\
#ur\xea\x8eFP\x95![\xf8T4\xf3\xd0i\
\xe9Y\x85{\x86\x9a\xb7U\xae-t\xf2\x0eT\xdc;\
p\x82\xe6\xe4%\x90\x90#\xac\x9aEDaI^\x13\
\x81\xd8\xba\x5c9_\xb5S\xa5\xb3\xf8A\x10\x93\x1e\xe7\
J\xaf\xec\x95f.R\x8b\x0b;\x86\xfc+f\xd9\xd2\
\xa9\x1c\xf6H'\xfe\xe3\xf4\xa95\xddjqj\xb5I\
)K&\xe1\xb4\xc0\xd7P\x82\xa9\xf4\xd7ZP\xd5K\
\xd7\x0a\xd0\xdaV\x8c\xaa\xf8\xf6\x1cR\xc6\xc0\x04\x91\xfb\
S\x0bn\x0c\xdb\xac\xe1\xd8\xda\x1c%\x0e\x87\x89\xcc\x83\
$\x05$\xaa\x09\x1b\xe9\x07\xde\x8dh9\xb5\xf2\xcbN\
,$\x95\xe7h\x90\xa2A\xccR\xe2H\xa0\x96\xccp\
\x91\xc4\xd8Z\x17\x0d\xa56m\xaeI\x92\x8dd\x91\xeb\
\x14\x04\x83\xabm/`\xac\xba\xd1JSt\x89J\x15\
\xc9I* y\xe8\x09\xa0\xcf\xe0a\xc5\xe38\x9d\xe0\
)+-8\xc2\xca\x8f\x84\xcebS\x1ecQ\xe6(\
\x89\xdf*\xde\x1e\xa1}f\xa8\x13\x0b_\x88\x88$\x90\
\x0f\xe8\x0d\x14\xd3X\xaa\x8b\xd8\xc5\xb2\x94a\x0aa.\
 \x0du\xcc\x06\xbe\xd0(5\x83\xb3\xe6\x8f\xc4\xb3\x9d\
k\x0c\xb8\xfa\xad\xdbl(\x00] \xf8~\xa9\x1a\xfa\
S\xc6\xf2*o\x88\xedW\xff\x00\xb4\xfe's\x17Q\
CW\xc9q\xd5<\x88\xca\xa7\x97m\x9d&\x06\xc1J\
@\x91\xb0*5\xb6sYr\x99\xcc};\xecj\xdf\
\x0a\xe2n(\xc0\xb8\xd7\x07\xb5E\xc6\x13\xc4\x1c\x1d`\
\x97\xafB\xb2=\x99\x95\x90\x02\xd3\xb1\xca\xa2\x9f\xce\xb7\
\x93\xf6L\xa7r\xff\x00\xf6\xcb.-\x95\xde\xed\xc2P\
T\x06\xf3\xadg\x97%\x064dV\x15p\xea\x84'\
M\xeaa\x9b\x0ek\x07z\xad\x0d\x95\x9e\x96\x83aT\
\x1b9\xd2\x0c\x894\x13\x08\xa6f\xd4\x9aq4\x9ab\
\x1apL\xd5\xc4\xd4V4\xe8\xb6\xc3\x9fY\xd2\x12k\
A'.Y\x8a\xa4\x8bD\xaa\x00V\xe6\xa3\xa6\x95\x15\
n\xe1U\xc3\x00m\x0a\x91\x5c\xdf#\xf8:~?\xf3\
\x14\xf6\xfe\x87j\xf1r{x\x92\xc2\xa2G9\xda\xb0\
\xad\x12V\xeegR`\xed\xd6\xa1Z\xe1.\xc1\xd0k\
\xa52\x1c\xd2\xe0\x83\xb5\x06,8O\x95Qh\xb9\x9d\
\xa8-\x11\x9cL\x1a(:\x93\x97Q@\x18\xca\xbc`\
\x8euR\x95\x1e\xc9\x8fz\xb8\xc7!M\x9e|\xebX\
\xc3!M\xaeyEk+\x0c\xa0\x84\x1a\xd21\xa7\x01\
\xab\xda)i\xd4u\xaa\xff\x00i\x08\xb4wK)\xe5\
\xc8\xd6\x16z\xdd:%\xf6\x9b-&\x9cM.j\xd3\
\xa2\xbfZiliA5\xefN\x9bJ\xa4q\x5c\xe3\
\xb6\xbb\xde\x16\xc4\x80\x12C\x0aP\xf5\x02k\x1c\xa3\xaf\
\xe3\xddg\x02\xa6\xcc`\xbd\x9f\xe1\xd8x\x19Jm\xda\
n<\xf2\xe6U{>\x0cw\x97\xfare\x97\xb7\x92\
\xe4\xacv\xebco\xc4\x1fe\xce\xd0-\x82\x18-9\
\xc37\xf9\x85\xca\x0a\x91)\xb7Y9\x80\xd4\xea'J\
\xc79q\xce\xed\x9eS\x9b\xb7\xc0\xeb7;\xdbv\x97\
\x0a\x19\x90\x15\x0a\xd4\xea?Z\x8e\xd9\x8bm;~\xd4\
$IF\xbdy\xd0gZLt\xd3h\xa5x\x07\x92\
\x90\x93$\xeb5D iB\x8b\x0e\x01<\xc0\xa3I\
Ha\xee\xfc[w\x16{\xad\xc4\xf7\xac\x03\xff\x00\xcc\
N\xb1\xee\x9c\xc3\xe9D\xa1\x1cn\x80\x12\x0e\x9b\xd2\xba\
)\x1fU\x11o\x04\x93'\xf4\xaf\x96}\xc4:-\x83\
pcSKA\xa7m\x8a\x8cr\xa0\x1d\x16\xf1\xa8\xd4\
\xd3.\x98mB\x93\xe9\xcf\xa54\x9a\xf8@\xa3\x1b\x8e\
\xbc\xe9\xf4V\xd2Ue xf)\xc4P\xd7\x16c\
!\xd0k\xb8\xad\x19\xa0q\x1bb\xdau\x13\xaf!V\
\x95\x1b\x88\xed\xe0+I>U\x9dk\x8dy\xc7\xb7T\
\xe6\xc1\xfb\x84\xee\xf3\xed\xb4\x07\x5c\xcb\x13]^\x0f\xe4\
\xe5\xf9\x17\xf6\xd7\xa9~\xcd\xb8`\xb0\xe1[fR\x9c\
\xb9S\x10DW\xab\xe3\xed\xe5\xf9:\x8fI\xe0\x0a\x09\
\x19N\xf1\xcf\x9dt\xc7-Y\x19\x844\x904\x00r\
\xad>\x99\x92\xa25\xda\x91r\xdbD\xfdj\xa1\x09o\
m\x0d2;\x98\x8e_J\x08\xd3\x8b\xd3\xfa\x0aa\x0b\
\x88\xdb\xa6\xea\xf9\xbe\xf0\x0c\xa8iK\x88\x9df'\xdb\
Z\xa2R{I\xc1~7\x808\x96\xc8\xb6\x08\xba(\
\x7f)L\xe6* \xabOP\x05I\xce\xc3\xf0\x13#\
\x17\xe1{\x5cNT\xc2.\x83\xeaq\x06<)Z\xe0\
\xcfHP\x10)N!\xd5{\x88\xac\x1c[Wwm\
2\x1f7\x09PK\xae(\xc7\x84\x90\x90N\xe0(\xa6\
t\xd4\xc5E\x83n[\x8f\xf0\x1bhy\xf7\xdde7\
\x92\xda\xca\xce\xcaZ\xd4TR\x04\xe8\x94H\x81\x1c\x93\
&f\x94S\xc9X\xf5\xb3X~(\xea\xefd=v\
V\xe2\xc8O\xe0G\x85:y\x99\x8fCSB\x90\xc1\
F\x1f\x86\xbc\xd2\xd2\xa2\xd9B\xd2\xa5\x99\x92L\xa8\xe9\
\xe8\x05I\x0er\xe5\x9f\xe1\xf6\xf6\xa4\xa590\xb2\xda\
|:f\xee\xd2w\xeb3\xad.\xc2\x8bl\xda\x97c\
l\x15(H\xb5\x0b\x5c\xf3R\x88:\xfb~\xb4\xfb5\
\xea\xf9\x0eY\x7f\x04\xb9IOt[.-\xa5\xfe\x15\
d\xd2=GZAX\xb8\xcc\xf5\xab\x88A\x01\xe6.\
Z+ \xe8>`?Z\x09s\xc0\x95\xe2\xe26\x14\
\xa0\xdbn\x15\x90\xa3\xf8\x81dx}v\xd7\xca\xacr\
\xe68\xa3hN)d\x84\x82\x1b*-\xa8\x9f2`\
\xd6tE\xb7\x1ee\xa5\xe3\x96\x01\x9c\xeap\xb5\x99\xc7\
\x16~l\xa0xS\xe4'\xde\x9f@\xcd\xf5\xdb\xa9\xc4\
\x18s\xbbK\x82\xd9\xd6\xce\xbb)%\x0a?\xb9\xa0T\
\xf7\x0d\xa8\x11\x8b4\xa4\x82\x80\xd7|\xa5$\xcc\x9c\x8b\
\x8fz\x06\x95~\x17y\xb3}d\x94$8\x97\xd4\xea\
\x94\xda\xf4\x1a\xa0s\xf5\xd6\x8e\xc4\x1d\x9ca6\xbd\xf0\
\x9e\xf73\xad)'p\x12\xa4\xc7\xb1\x9a\x02b\xcb\x13\
V\x13\x88]-\x86\xfb\xc0\xdd\xc1\xb9m\xbd\x8erA\
\x9f(\x09\xd2\x9f\x5c\x9f\xd2\xf9\xdb&\x12\x82\xc7\x04\xe3\
\x0c\x97>\x1f\x1c\xc3\x9ed\xbe\xa0A\x94,\x84\x89\xe4\
aQ\xef]~Y\xbcq\xc9\x9e<[\x1fA~\xc5\
||\xdf\x14vg\xc16\xa8Se\xfb\x07/p[\
\xec\xc8\xee\xd4\x95\xa5\x09~\xdd \x00\x01\x94$\xea7\
\xcb\xae\xb4\xb1\xcb^;\xff\x00\x97\xff\x00i\xcer\xf5\
\x83l\xa4\xa4(\x0d\xc5ar\xbd\x0dN\xce\xa5\xb8\xda\
\xa6\xd5HqB\x00\xa93\x0e\xa0\x1fm\x8fJ\xb9S\
M\xa9QW\x22v\xc0\xed\x1e\xa3e\x07u\xa5\xa5l\
\xb4\xafj\x9b\x0fe\x05M#i[Q\x08\xddRZ\
X\x91N\x0b\x15~0\x7f5\xba-\x92|N\xaa\x0c\
t\xe7Z\xce\x84P\xb1\xf4\xe5\xb6P\xda\xa2\xa9[\xb1\
w\xfem\xa9\xe4\x09\xd2\xb9~G\xf0\xd3\xb3\xe3\x7f1\
\xee\xaa\x15\x02\xbc|\x9e\xc4%\x1c\x8daZ\xa4\x190\
A\x11\x9a*\x16\x94\xb6s*S\x9b\xac\xcd\x10T\x9b\
\x0e\x03\x13\xb7ZcB\x80\xe5\xa5\x04\xd8$\xab\x94S\
\x82\xb7\x98f\x04\x0fzi)+ \xccR\xa7\x05[\
\xaa\x08\x22\x9c\xe0\xa8\xf6Vw\xab\xdb;\x06!\xc9\x8d\
kYXX-\xb5y\xed\xbdk\x18X!\x0a\xf3\xad\
\x18\xd8t\x19\xab\x888\x93\xf5\xab\x8c\xc9\xb8Fv\xf3\
\x0d\xd3\xfaT\xe77\x15\x85\xd5\xd50\x82\x08\xac\xa5\xfb\
kN\xa7\xad[6\xff\x00:\xa0U4\xb2\x80\xd1\xdb\
J\x0e#q\xb6>'\x0fu\xa3\xa8\x5c'\xeaEN\
3yH\xd7\x1c\xbdyG\xf1:\xa5\x9bf\xc7\xf3)\
_\x94W\xb9\xe0\x9c\xda\xe5\xc7\xb4\x05\xd6\x18\x8e#\xec\
\xcb\x8c8z\xe1\xc5\xb2\xcd\xdd\x85\xdd\xb9q\xa6\xcb\x8b\
J\x1diI%)\x1a\xa8\x890\x06\xfbV?'\x1f\
\xdd2^|\xf2\xf8\x09a\x87\x1f\x87Cl:\x9b\x90\
\xd2{\xb9#\x22\xd5\x97I\xc8v\xdacq\x5clD\
%\xb5 \xe5ZT\x85N\xc4A\x14\xd2x@#\x9e\
\x94\x8c\xe0\x22gx\xa6\x0a\x0e$s\x8f:p\x9b/\
F\xa0\x8aF\xd2\xaet\xd0\xd2\xd8!\xbcAv\xaf6\
\xf3g\xef\x1aPZc\xa83F\xc31u\x0b[\xe7\
B\x08\xee\x9c\x01\xd6\x88\xd8\xa5c0\xfdH\xf6\xa0\xdf\
\x5c\xd2\xc0\xcb\x12\x06\xb5\xf3/\xb39\xddh\x08\xe45\
\xa4\x18\xdb\x12A\x06b\x9e\x81\xd43&u\xa2\x15\xa5\
\xfc)\x11\xaf\xd6\xa9,\x16\xc37JEi%\x89\x9d\
\x08\x8eT\xca\xa0x\x9e\xe6\xe3\x09\xc1/\xefmm\x17\
\x88\xdc\xb0\xca\x96\xdd\xa3g\xc4\xf1\x1b$U[d\xb6\
'\x09.RZ\x89Z\xd7u`\xcb\x8e\xb2X[\x8d\
%\xc5\xb2\xadKd\x89)>\x9bV\x98\xdd\xc4g5\
l\x8a/\x11\x8c\x88Q\x89\x06`\x9a(\xc6\xe9\xe6N\
\xd9]\xcf\x8bp\xf5\xb4\x8f\xbd\xc4\xda\xdfm$\xfe\xd5\
\xd1\xe0\x9c\xed\xcd\xe7\xba\x92=\x9b\xd8\xd5\xa0\xb6\xc3m\
\xd2\x9dGv\x22\xbdO\x1b\xcd\xce\xbbN\x1e\x14\xd1\x07\
\x97:\xe9\x8ej\xb1\xa1p\x90\x0fJ\xb465\x8a\x12\
u\x02)\x90\x84m1T\x92\xf7\xa0\x1aZu\xd2\xab\
\xb2\x02\xebIv\xf1\x22$\x1f\x0a\x8f\x94L}h\x08\
\x9e0\x0aN\x0d\x8c\xb8\x92Aj\xd5N\x08\x1a\x88l\
\x99\xfa\x81@\x8a\xe7g\x96\xb6\xe8\xc0\x1bm-\x042\
\x85\xa8\x86\x87\xca\x9c\xc9\x0eBS\xe7\x9ag\xceiE\
RX\xc3?\x88`\x0c2\xf1\x19U\x09*\xdf0\x1a\
\x95y\xc8\x8f\xac\x0aZ%K\x8c,\x8f\xc1b\xce\x94\
\xf7+ 6\xd8N\xe8\x8c\xa2=\xf5\xf6\xa9\xd1\xbck\
\xda\xe7\x0d\x9b>3\xb1\xcc\x11\xdf\xb3\x87\xba\xe2\xdbH\
\x94\x97\x12U\x09'`t&<\xeb<\x95\xdb\x8b\xe3\
\xd2\xc5\xabL\xad\xc5w\x97\x0f\x15\xabb@Zv?\
\xf6\xcdE\x06[\x0d\xb5e\x87>TT\x97\xd4\xf3\x00\
#R\x90\x13\x1a\xfd\x09\xf6\xa7!*W\x19\xdb\xb2u\
)\xd5-\xb6\x10\x91\xd7DA\xf5\xa4\x1d\x1a\xf9H\x1f\
\x0a\x17\x01\xb4Y8\xc89d\x15\xe4H\x13\xef\xfa\xd3\
\x87yS\xf0\xa4\xa9\x1f\x16\xf3\xd1\x91\xbf\xbeu;\x8c\
\xc8\x5coK\xec%\xf0{\xc6\x95\x87\xb8\xe9\xcf\xdf\xa5\
\xe5%\xc1\x97O\xf0\xc0\x11\xe7\xbd\x04\xa4c\xce\x86q\
\xf6\x95\xa9\x0bX-\x88\x8f\xc3\xf3~g\xde\x95\xe8-\
\x98\xbb]\xce)f\xae\xedky\xb9H3\xb6h#\
OD\x9di\x84e\xd9B1|\xc1\xc2\xe6g\xad\x9b\
\x09;Io\xc4} \x88\xa2\x84\xd7\x0b\xb8-m\xb1\
\x15\xb83\xdc\xa1\xa4\x80\xdc\x8dS\x99D\xcf]\xbd\xa8\
\x0a\xe6\x1d\x9e\xcd\xcc5\xc1\x00\x82\xe0);\xcaH\xfe\
\xa2\x8f\xa0\x91\xe2vM\xb6)yb\xe6`\xd9S\xa4\
@\xd4j$\x1f\xfb\x87\xd2(\x866\xca\xef\xbe\xc4\x98\
\x85).>\x80\xd9X#6l\xb1\xef\xb1\xfa\xd0\x7f\
n\xe8\xf5\xa2x\xcf\xec\xa6\x1dc=\xcd\xff\x00\x0db\
\x0f\x856\x81\x99\xd6\xd6\xb4fB\x92N\xc8\x96\x8ea\
\xcfNb\xbb\xf0\xfd\xfe\x1c\xa7\xdce\x7fn[w\xcf\
\xb0G\x16\x1b\xb7nm\xdbC\x22\xd5\xacJ\xca\xe2\xd5\
\x86\xd6\x15\xdd\x15\xb2\xb2\xea\xc2N\xb2\xbc\xc4L\xc6\xe3\
\x90\xac\xbc_\xbf\x1b\x0f.\x1fB-.\x94\x0a\xdb^\
\x84(\x80O>\x9f\x95,\xf0\xfb\x8c\xa5\xfa\x1a\x87&\
\x05cb\xe5=\xc8T(\x95\x0d*\x81\x95\xa2\xaaT\
\xd8eI\x22\xb4\xde\xd0ITS\x05%t\xb46Z\
\x5c\xa9\xd2\x8b\xcf\xa5I\xec\xd9TUh\x89q\xdd)\
\xc8Jv.\xb3w\x89-S\xe1he\x1e\xb5\xb5\x9a\
\x81M\xe2\x15B\x1c\x19\xbc\xab\x0b\xda\xe7J\xa5\x82\xe3\
\x11\x00\xe9\x0d\x9f\xd4W'\xc9\xbf\xb5\xdb\xf1\x7f\x95I\
8\xe0\x0b\x9f\xca\xbc\x8c\x9e\xc6,C\xa7N~B\xb1\
\xadG[\xabA57\x80\x94\xb59\x80\xfd\xe9t\xaa\
\x90i\xc8\xff\x00I\xa0\xc7\xa1R\x80&\x00\xa6M\x85\
D\xe9@\xa5\x12O\xa5R\x1bJ\xe0\x81\xe5A\x09\xb6\
R\x82\x8c\xed\x14\xc5H2\xb1\xa54\xd1-\xaa\x22\xaa\
\x22\xc1\x88s\xde\xb6\x95\xcf`\x96\xce\x95\xa4a\x90\x84\
\xaa\xb5\xdb+\x0e$\xcd^\xd1a`\xcdR\x02)\x1d\
\xd3\xa4r\xdczW=\x9e\xb5\xd1/\xb4:\x83U*\
iqZ!\xb04\xa0\x99@ji\x00\xb7\xa2P\x91\
\xfeaZ\xf8f\xfc\x91V\xeb\x1a\xafc\xcef\xc4[\
o\xf9\x1a\x1f\x99\x9a\xf7<3X\xda\xc2pa\x97\xed\
p\xdc3\x13\xba\xbcQn\xcd\xbbG\x9c}`\x91\x95\
\x01\x04\xa8\xc8\x924\x07a5\x8f\xc8\xfe+\xb7q\xf9\
\xf0\xb6q\xa7\x13\x9d\x92K\x0bQSEG\xc4PI\
)'\xce\x22k\xcd\xed\x88\xe1p\xe3\x88Hqei\
O\xca\x14f*\xb8\x05\x17@\x8e\x91R\x09/G\x9f\
=z\xd3\xd8%w\x1a\xe9\xb6\xfaR\xe8\x887\x19\x93\
\xd0\xd0fWs\xd0\xd23J|\x92u\x81L\x09\xb9\
\x7f\xe2\xf0kw\xb3K\x96\xab6\xea\x13\xa9A\xf1 \
\xfa\x03\x98S\x0f\xb1\x81\x9c\xda\x9eU\xf3/\xb2<\x96\
\xf6\x1aE\x05\xb3\xa8\xb7\x04\xc8\xdf\xa5\x03e\x16!`\
\x09\x14'g\x03z\xc7\xbe\x94\xf4V\x9b[z\x88\x12\
)\xe9$)\x22\x08\x8d\xf9\x8aq6\x82u\xb2\xa0d\
\x93\xd2*\x93j\xb7\x8a\xa7(%?C\xce\xa8\xbbs\
\xae*D[,\xe6\xdb]\x07ZT\xe5\xdb\xca\xfd\xad\
8\xab\x8e5\xe1\x96\x89\xf9.\x8b\x9fD\xff\x00\xbdu\
\xf8'nO\x91z\x8fqvH\xac\xf8]\x9a\xa7N\
\xec~\x95\xe8\xf8\xdc\x19;5\x88\x05\x22y\x89\xae\x98\
\xe6\xa9\xb4\x00R\x08\xe9W\xb4\x1cH\xdf\x9d\x05O#\
\xc8ET\xe1'\x93\xa1\xaaMmP\x06\xa4\x0fz\x08\
\xda\x96\x84\x91\xe2\x93\xd1\x22i\x80\xf9\x96\xe3!\xc4\xa0\
!%\xcc\xc5Ni\x02cjp\xcc\xb9n\xdd\xd3\xf7\
\x16\xe7\xef\x90\xfb\x05\xb5)_ \x99\x07\xd7zp\x9c\
\xd7\xb3\xd7]_\x0d^[>\xa5|E\xaa\x1bn\xf1\
Yr\xae\x02\x0bP\x00\xd0H@\x1aT\xf5O\xe9o\
z\xdd,8\xdb\x84di-%\xa4\xa7\x92\x08\x81?\
A\x1fJ\x02\x99\xc5m\x00\xca$\x90]*R\xe0j\
R\x90U\xa7\x9e\x83\xeb\x14\x1b\xce}\xa2\xf0W\xf1\xec\
z\xee\xe2\xdd\x08\xefnl\x83\xe4.r\xb4T\xb2\x84\
\xe6\xe4aZ\xc6\xf15\x9d\x9fpJ\xf2_\x1a\xe1\xee\
Z?\xf0\xee\x02\xa7\x9b\xbe\xcc\xe3\xee\x19A-,\xa4\
\xc1\xf6\xf4\xac\xea\x91A\x05\x9c.\xc0\xa8wjK\x81\
F\x0e\x9e4\x13JpUT\xc3\x92\xdb\xf66\xd7\x0f\
/0o\xfeiC\xf0\xe9\x10\x15\xe4H\x14\x82\xdd\x8d\
?qy\x81\xdc\xa5\x87\x02V\x86\xd7\xaat\xcaT\xd2\
\x17'\xd6\x0f\xb9\xa7\xbe\x00,\x006\xe2o\xf3\xa5-\
w\xcd\xb9(W\xac\x98\xf3\xd6\x91\x9a\xb1~-\xb1\x92\
\x85g\x0c\xbb\x9d\x00s\x94r\xf3\xa0*|^\xbf\x89\
\xc4\xd9u\x01!9\xd2\x98F\xc99F\x83\xca\x97\xd0\
t[\xeb\x94\xbd\x884\xfa\xfb\xb6\xc1iB\x01\x99\xfb\
\xa2s{\x93\xa58J\xd6&\xd1^)`\x9c\xc9I\
.5\x97'L\xa0\x0f\xc8P\x12\x18E\xd2\x17k\xc4\
\xcd6\xa1\x08\xb7q,\x84\x22VBfS\xe5\xb83\
D4M\xbbJr\xedM$\x85\x16n\x96\xa8\xf2R\
\x13\xae\xbet\x12_\x8ac\xf8\xbd\xe9P\x92V\xe4\x11\
\xb933\xf5\x91O`&\x1c\xe8y\xac1\xd2\xb0\x97\
\x91p\x1bJv\x01D\x15j}\xb4\xa5\x0d\xdc\xbb\x07\
M\xdf\x11\xe0\xfc{\xc1,8\x12qKv/\xadW\
\x9c\xa4\xa5\xe6\xd4\xac\xc30\x1b-.e#\x99\x8eu\
\xd9\xe0\xdd\xf6\x93\xf0\x8c\xa2\xdd\xf6,\xc6]\xb6\xe2\xd5\
5gh\xea\xb1\x0b|\x1b\xb9a\xb7\x08KhS/\
\x89u@\xe9)\x0e\x0c\xa7\x5c\xb9W:R\xf1q\x97\
\xa9e\xbb6\xfa\xb7h\xa1x\xcb7\x08\x05\x01\xe4\x02\
\xa6\xd4A-\xacn'\xc8\x82*\xb7f\xe5\xfac\xae\
R-8@\x19\xb5I\xe7\xccz\xd66~\x15\x05\xa9\
YN\xf2:\xd624\xdb`\xcd3h\xebH\x1bR\
4\xaa\x95\x16\x19[zV\x92\x96\x8d\xc6Z\xa4\xb1*\
\xa0\xcb\x99\xa96\x89\xe7N\x00\xd7N\x042\xa2y\x0a\
\xd3\x18J\xb3\x89\x96\xd6\xbd\xca\x895yr\x14\xce!\
9\xbb\xc1\x1e\xf5\xcd{k:S\xac\x5c\xff\x00\xdfe\
\x1b\xc3$\xc0\xf5\x15\xc7\xf2?\x8cv\xfco\xe5S\x0e\
\xa8\x03;\xd7\x93\x93\xd7\xc4\x80\xa2>SY5\x1dj\
\xb9\x88\xda\xa6\x84\xb5\xbb\xbaA\xf4\x9a\x9a\x07\xb6\xaf\x0d\
5A\x8c\xac\xa4\x03@\xec\xfaH3\x07C@a0\
\x0c\x184\xc9\xb1\xeb\xad=\x96\x844\xa8\x09:\x99\xa0\
Q\xac,\x18\xebNT\xd9F6\xad\xaa\xd1F\xb1*\
$\x024\x13\xadi\x8c\xdb\x0c\xb8\x12\x85{\x1a\xd9\x8d\
\x87\xd2j\xa5cO$\xcdh\xcc\xeaA\x00y\xd5\xfd\
3\xbd\x9b\xbbo;a`j\x9f\xd2\xa3\xc976\xbf\
\x1d\xd5\xd7\xe4\xdb$\xa8\xc73Q\x8f+\xcb\x83\xf9\x0a\
D\xd6\xba\xb1\x96\xf6\xd8\xa0\x99\x13@#\x94P\xa3N\
2\xa7J`h9\xd6\xde\x1b%\xb6\x96W\x8d*\x98\
\x8a\x1d7\xee\xad\xd4\xe4*2\x913\x09\xd8~\x95\xee\
x\xb5\xe9$e\x1a\xc5\xecn]\xe0\xccx[[\xae\
\xe1\xf70\xdb\x94\xb2\xd2L\x17\x16[P\x09\x04\x11\xa9\
:n+\x97\xe4e:\x0f\xcf\xe61\xc2\xb8\xe7\x03b\
\x07\x04\xe2<.\xe7\x06\xc6m\x90\x80\xfd\x9d\xe2\x0a\x5c\
A)\x04L\xf2 \x82\x0e\xb2\x0c\xc9\xaf=!C\xa0\
\xf3\xfaS\x0cu\xfdc\x9f\xadIkf\x8d\xd7\xfe\xb4\
\x1e\x9ad\xb9v\xfbV\xf6\xed\xad\xe7\xdcPB\x1bm\
%JZ\x89\x80\x00\x1a\x92I\xda\x98Lb\xfc\x0d\xc5\
8\x0d\x83\xb7\xd8\x9f\x0d\xe2\xf8u\x9bp\x17qw`\
\xebM\xa6L\x09R\x92\x00\x93\x02\x80\xae\xf7\xc3y\xd6\
\x824]\xd7}zPb\xf0\xf7\x0b\xaa~\xd8j.\
\x1a)\x00\x7f8\xf1'\xf44\x07\xda4\x22#z\xf9\
\xa7\xd8\xefg\xd2\xd8ZF\xb1\xad>\xd3\xd1\xf4\xb3\x1a\
\x8fZ@\xe0jH\x92G:\x12\xd9FY\x8d\xfc\xaa\
\x88\x82\x88=E\x1fe\xf4a\xc6\xa6@\xd0~\x94\xd3\
A\xdc\xa7\xc2w\xe9\xadRU\x9cU9s\x05\x0d*\
\xc4sN3%\xb6\x1c\x03^F\xb3\xbcU\xe3\xd3\xc9\
\xbd\xa1\xbe\x97{R\xc1\x9a:\xf7hq\xdd\xbc\xc0\xae\
\xef\x8f\xd5p|\x9b\xfb\xa3\xdc}\x8e\xb98-\x9f5\
\x16\xc1\xfc\xab\xbf\x0e\xdc9;E\x9a\x88lt\x8a\xeb\
\xed\x8dM\xa1\xc3\xa4N\xd5zb!\x0b\x9aP\x1fJ\
\xa7\xfa\xd5B8\x0ea\xa8\xd3\xa1\xaaAA\x08O\xe1\
L\xfao@c\xaf\x86\x1bZ\x87 t\x1c\xcd2\x0e\
\xe39\xac\xc0pgP@9F\xc0\x8f.u[3\
O\xbc\x1c\xb9FRP\x82\x92\x92\xa1\xd7\xf9E\x1fD\
\xe7\xd6)6\x5cC\xc4\x16)HmKZ\xeeZ\x06\
\x00RJC\xa1:t\xd4O\xbdM\xbc\x89\xd2\xdc\xe8\
E\xc5\xaae2\x95\xa3T\x9d\xc4\x8dEQ)\xb8\xdb\
 :C\xc7V\xd0\xa4!G\xf1'(\x13\xeb\xfe\xd5\
*Q1\x9b\x14\xe1\xc17n\xa1!\xac>\xdf\xe2\x1f\
ljU\x91RG\xbc\x8f\xfc\xb4k\xf0\x1e\x13\xedf\
\xce\x5c\xc5Xm\x93n\xff\x00x\x9cF\xe1*\x92\x96\
\xd0\xeb\x81iI>eJ'\xd4V\x19Mv\xaf\xa5\
;\x14Vl/\x12a\x88\xcfo\x87\xa1\xe5+.\x9d\
\xe2\x10\xa2G\xa1\x0a\xd0\xf9\x1a\x90\xabZY\x96\xf8w\
2D\x97m\x88\x08;fKi\x5cy\xf8u\xf7\xa4\
\x13V\xee\xad6x\xd5\xab\xaa\xcc\xa7p\xc4\xb8\xd4\x8f\
\x9c\xc9\x04{$Q\xb1[\xc0\x16\x84\xe3\xec6\xe8\x05\
\x0f\xa46\xa2v9\x86\xff\x00Q\xf9Q;0X:\
\x0f\xc3^x\xb5HRc\xf9\xa0\x18>\xb4\x05c\x18\
Oy{cp\xd8\xef\x1a[\xa5\x0b\x1c\xa2\x05\x04\xbf\
\xb4\xe0\xb9a+J\x0b\xe8\xf8\x7f\xbdP\x03M\x93\x00\
\xfa\x0etNB\xba\xcb\xca<G\x87\x84\x89B\xaeA\
nD\x8c\xb2\xaf\xa8\xa3\xa0#\x85\x0a\xec\xb0\x8cy\xd4\
\xafP\xd3\x89Q\xfcDL\x89<\x86\xb4\x1a;\x0b\xbc\
n\xed\xe6\xee\x14Ki\x84\xa9Z\xc0Q\x94\x84\x8fz\
\x02k\x8a\x9d_\xf1\x15>\xe22\x83t\xeb/\x02d\
\xa5]\xe1\x02\x07A@3af\xa7\xee\x1c`\x0c\x9f\
z\xc3\x93\xcb6b\x99\xfc\xe8\xec:\x8f\xd9\xfa\xf6\xe6\
\xcb\xb6>\x17z\xd5k\xb7i\xc2\xe3W\xc5J\x05\x0d\
\xb2\x92\x95)\xc8;\xa9 \x13\xf4\xad\xfc6\xcc\xf4W\
\xa5\xe7\xb1+\x83\x82\xfd\xa41,6\xe1\xc5\xd8\xa6\xf9\
\x9cN\xc1\x0ah\x94%Iy\x0a\xca\xea\x7f\x94\x9c\x81\
^\xe6\xb4\xd7\xaf\x9b\x9f\xcay\xb8>\xaf\xf0\xbee\xe1\
\xb6\xed\xad\xc0\xe8]\xb3/\xa1\xf4\xe8\x97\x02\x9b\x12\xa4\
\xf9H\xfc\xebL\xec\xe3)\xfe\x98}\xf2\xb0[6\xa5\
.d\x89\xd6\x0f^u\xcf\x95\x92.\x1ep\x90L}\
*!\xd6\x9bt\x11E\x82S\xb3S\xa5\xb2\x80J\x86\
\x94\xca\x9aR*\xe5A\x92\x22\xad$\xe7\x8et\xf4\x18\
V\x00\xde\x8d\x00X\x82\xff\x00\xe5\xd4\x06\xe7J\xd2\x04\
\x15\xd7\x85\x98\x1a\x0at\xaa\x95\x8d\xa4\x10\xe1\xd0W=\
\x9c\xb6\x8a\x06\x18\xfen.q\x13\xa7\xc3\x1f\xfe\xa8W\
\x0f\x9f\xa7\x7f\xc6\x9c\xa7\x9epN\x9c\xb7\xaf/'\xab\
\x89\xb6\xd7\x99P6\xebX\xd6\xa3XZ\x86\xfa\x0a\x93\
\xed(\xc3\xa0\x80D\xcf/:TA\xcc? \x0et\
\x97\x072\xe1\x00s\xa0\xc5\xa1Z~\xd4\x0d\x16\x95x\
u\xfc\xe9\x95(\x1ezPGZ\x5c\xa4\x11O`S\
*\xd4u\xe7\xe5H\x874\xb9:\xe9W+:<+\
\xbaJQ\xcc\xea\xaf.\x82\xb7\xde\xa6\x98k\xda\xec\xf3\
k\xe7U\xb6v\x0amZV\x92\xb9\xf2\x87\xdb\xf1(\
\x09\xad1\xe6\xe9\x96\x5cA*\xf9k\xa2\xf4\xc64\x08\
P\x83\xb1\xa8:\x0d\x80Z\xb9\x0d\x13\xb5a\x8c\xf5\xcf\
\xd5\xd1\x97\xee\xc3\xd8j\xcf\x86\xba\xb2\xe9\xcf\x08\x07\xda\
\xb36\xcd\x04A\xa5W\x08[\xb9|\x03r$\x9f*\
\xdf\xc58g\x97j\xe63\xff\x00\xe9\x11\xfe\x81\xfb\xd7\
\xb5\xe0\xfe\x0c\xeaB\xe9\xdf\x80\xe1K\xa7\x00\xd56\xeb\
11\xbc\xf3\xaf;\xcdw\x9d\x11\xe2?\xb5\xf7\xd9\x99\
\x9e\xdd\xb8E8\x8e\x10\xd3m\xf1\xae\x12\xc9\xf8'T\
B~-\xa1$\xdb-^fJ\x09\xd1*;\x80\xa5\
\x1a\xc0W\xca{\xd4?ar\xf5\xad\xcb.[\xdc\xb0\
\xb54\xeb/ \xa1m\xad&\x14\x92\x0e\xa0\x82\x08 \
\xf3\xa1&^\xb9\x0aY)\xdb\x914\x19\xa2\xf7\x9f\x9d\
\x01k\xec\x81\xe2\x9e\xd6x%@\x94\xa8c\x96D\x11\
\xa1\x1f~\x8a\x03\xe9\xcf\xdb\xd1\xc2\x9f\xb2\xd7\x17A \
\x17,\x81\x03\x9f\xfc\xdb4\x1b\xe4\xa9Q)\xfe\x94\x13\
\x01\x99\xa0\x14\xca\xd4\xd3\xa8ph\xa4\x90t\xa0>\xdd\
6\x90@:\x83\x15\xf3o\xb0\x12\x84e\xf1L\xcd\x12\
&\xd3\xe8D\xc1?\xfaS\x22\xa0\x95\x03\xbf*:*\
PFT\xeb\x1aS\xd2vmMD\x90)\x19\xbc\xb1\
;\xd5\x15G]\x88\x07Bt\xe7T\x8a\xadb\xc0\xe4\
\x5c$\x13\x1c\xea\x89\xca\xb8\xd8\xe5\xb6P=g^q\
QZG\x8f\xb8\xb2\xec\xb9\xdb\x1d\x9a9\xa2\xd4\x89\xf5\
_\xfbW\xa3\xe0\x9f\xb5\xe7y\xee\xf3{\xab\xb1\xd7s\
`\xf6\xa2vH\x1ar\xae\xac\x1c\x99\xf0\xee\x98j\xe5\
\xb0?Z\xea\x8c,L\xb4\xa1\x90\x0f*\xd7|i\x95\
<\x85A\xebF\xcbG\x90\xe4\x1e\x94\xc8\xe0s\xcf\xeb\
U\xd9S\x81\x7f\xd8\xa1-9\xf7\xa8)\x1a\x13\xd6\x9c\
#K{\xbd%\x082\x93\xa2\x88?\x94\xd3-\x98a\
 *\xd4\x18\x05\x12\x02S\xb2c\xa53Q8\xb5\xbf\
\xe1\x9cQg\x8a\x80\x03n4\xd5\xbb\x86~o\x11B\
\x87\xaeU\xa7\xe9Sg\x05\x16\xd7\x9aR|I0\xe2\
AJ\x92\xad\x8ci\xafCN\x17J\xe6/l\x8b\xcc\
\xa1aI!ZN\xe9>T)H\xe2\xcc9\xecf\
\xc2\xfa\xcc\xa7\xba\x0f4XU\xc2y\x83\xe5\xd4N\xdb\
S\x1by\xa7\xb7\xee\x0f\xc9c\xc4\xaf[\x9b^\xe5\x8b\
{T\xa2d(6\x95%*K\x9c\x89\xf9\x0e\xfc\x85\
g\x975Q\xe7K\xdc=6\xb8K\x8e\xa8\x22\xdd\xab\
\xa4-\x0d8\xb5eJ\x93\x94\x01'\xa9'o:\xc7\
\xfbR\x8b\x0bO\x0b\xd8f:\xa1]\xe2\xc1\x10Gx\
\xac\xbf\x90\x00T\x84\xcb#\xe2/\xdf\xc9\xa3\xc2\xc4%\
\x03\x7f\x97]}v\x8f:D{\x05\xb6N%\xc68\
[d\x95\xb6\xabV\xe0\x01\xaaHIQ\x1e\xc7Oj\
\x7ff\x84\xb2\xbb[6\x18\xa3\xc59\x8bD\xc4r\x9f\
\xee=\xe9\xf5I\x01\x8b\x140\xfaR\xc7\xff\x00\x0e.\
\x02\x82N\x85!@\xe9\xfaT\xd3t<\x0e\xe5h\xe1\
\xbb\xe6R\x99\xef\xd0\x80\xdav2W*'\xca&j\
\xf1*\x86\xc0\xd4\xdb<G\x85]=\xe2m\x87\xc2a\
I\x90d\x9e\x5c\xf4\xe5SC8{\xbbG\x08\xe3j\
t,\xbbp\xe1e\x03\x91 \x85D\xf9o\xf9S\x81\
\x15\xc3\xf6m\x8bt\x15\x9c\xee%\xd4\xa5()\x90\xa8\
r\x7fCE\xe0,\xd8\xcb\xbf\x16\xef\x13\xa7*\x12\xd9\
x:\x97`\x15'1\x8d\x0f)\x07\x95\x07C`\x0f\
%7\xc9q\xf5\x9c\xcd\xa5\xb5:f3\x00@ \x1f\
I4@\x9f\xe1\xde\xf7\x03\xe3!p\xca\x94\xdf\xf0\xbb\
\xcf\x8bq%P\xa5[\xe7\xca\xe2|\xceE\x13\xedZ\
c\xc6[\x83\xe9\xd9;[\xb18\x17m|-\x8b3\
t\x8b\x9b\x82\xcd\xa1\xb7Z\x15\x0d\xb8\xcb*\xc8\x5c\xcc\
c7\xdd\x94+\xfc\xd9\x86\xf5\xd1\xe6\x9f\xbae\xf9D\
}P\xe0LQ8\x87\x07\xe07\xc1 8\x86Cg\
\x96\x92Q\xb7BS\xb7*\xbdos\xf2\xc6\xf1v\xb7\
\xdb,\x07\xc2g}S\xfd+\x9b9\xfbv\xaco'\
\x16\xa0d\xf250\xe9\x82\xaf\xcb\xa5i\xa4\x94\x87\x89\
\x1a\xd4\xdcF\xce\x87jn*\xd9]\xe0\xa3G\xb6\xb3\
\x82(\xd1\x1bX\x07j\xa8F\x1cO:\xd2$\xc91\
VAn\xced\x01\xe7U\x0d\x09\x89\xab*\x0f\xe9J\
\x92\x89\xc47A\xb48k\x9e\xf0\xd7\x17.\xc1/\x02\
\xf8\xf4\xa3XU\xbb\x9e\xf0A\xae\x0f?OG\xe3\xf1\
\x92\xe7p\xe6I\x07z\xf3rz\x98\xf2e.\xc1\x99\
\x91X\xde\xda\x8df\xe31\x11\xa8\xebQ\xb5hkw\
\x19\x15\xbf\xa5 \x91\xb7{0\x04iJ\xaa$Yv\
GA\x1b\x1a\x0ckK\x00\x1ef\x88\x0eg\x91\x1by\
\xd3& \xc1#q\xfaPT\xea\x15\x93s\xa0\xe5@\
\x12\xd3\xd9\xb4\x1a\x0ap$\xad`\x12\xea\xf5B#N\
\xa7\x90\xad1\xfc\xd6y[\xfcgtr\xdb[!\xb5\
.Ox3M^X\xd9\xab~\xd8\xcc\xa6[\x93\xe8\
\xb4\xaa#\xa7Z\x0a\xc1m\xaa\xb4\x95\xcf`\xfbT\xf8\
s\x9e{W_\x8e}\xb9<\x97\xe8N\xe2\xb6dm\
&+(\xbb\x0d<\x8f\xf9\x96\x5c\x1c\xe5'\xe9S\x94\
\xfd\xf8\xe4\xaco\xec\xcb\x13\xce\x1f\x05i\x97L\xe7d\
\xa7Z\x88\xaaQ<\xa9\xa4\x85\x0a\x9a\xb8\x01\xb7\xbb\xdb\
\xdb\xa4\xf2mIG\xff\x00B\x0f\xef]\xbe9\xac'\
\xf6\xcb$^.\x99\xc4A\xff\x00 \xfd\xeb\xd5\xf0\x7f\
\x06u\x9capX\xe0\xf7\x80\xff\x00\xaaP\xdf\xb1W\
\xfbW\x99\xe4\xfeUO6vy\xdbf\x13\xc7|u\
\xc6|\x1d\x09\xb2\xe2\x1e\x1a\xbc-9h]\xcc_\xb7\
!%\x17\x08\xd0i*\xca\xa1\xaeS\x12|Br\x0f\
2}\xbd\xfe\xca\xe7\x1b\xb4\xba\xed7\x84\xec\xff\x00\xf7\
\x85\xbbex\xe5\x8b)\xff\x00\x1d\xb4\x8f\xfe% ~\
$\x81\xe3\xea\x91\x9bt\x9c\xc1>z\x13'z{*\
\xd1&\x0f:?\xd0[\xbb!\xff\x00\xf5\xb3\xc1Ru\
\xfe7e\xff\x00\xe7\xd1HG\xd3\xcf\xb7\xa0\x9f\xb2\xdf\
\x16\x0f\xfe\x9be\xff\x00\xd7l\xd0u\xf2c\xbb\x934\
\x13a\xba --\x9f\xeb@}\xban\x14`\xe9\xfb\
W\xcd\xbe\xc0ci\xcd\x22\x0d!\xa3\x8d\x83\xa1\xd8\x1d\
\xe6\x9e\xd3O%\x00\xafJ\xa4^[)\x91\x14\x11\x05\
\x02@\x1e\xe6\x82\xd9\x97\x12\x11 \xf4\x8d\xe8\x84\x8a\xbd\
;\xf4\x1c\xea\xfe\x89Z\xc5'*\xe6DQ\xdfa\xc9\
8\xfb\xc0\xc3\xb1\xec:\xd2\xad'1\xe3<a\xdf\x8a\
\xed\xae\xe0\xe6\x9e\xea\xdd\xb4\xcc\xf5\x93^\x97\x87\xfe\x5c\
y>~|\xafqv+w8c\x08\x9d\x80\x10+\
\xa7\x169t\xf4\x16\x18\xb0Z\x03h\xae\xa8\xe7\xa9\xa6\
W\x09\x1d}kX\xce\x9fK\x93\xfdh#\xc8Y\x22\
w\x14\xca\x97\x9c\xc6\x90O\x9d8\x96\xfb\xd5$I)\
H\xe6u\xa6T\x98[\xe4\x85\xadik\xf9G\x875\
2<\x95\x84\xa0%#*F\x81 UH\x9bC\x97\
\x83N\xa8\x91\xb7\x8d1\xcc\x9d\x08\xa66\xaa\xf6\x81\x85\
+\x12\xe1WXC\xaai\xfe\xf7(u\x00\x12\x14V\
\x08\x89\xd3\x94z\x1ac\xed2\xd6 \xcd\xdd\x80\xb8j\
\x0a\x16\x90\xa4\xe5255\x22\xa3o\x8c\x89O\xcd:\
\x11\xcb\xce\x8a\x15\xfb\xd6\x92\x10A\x04\x81\xa9\xfdf\x80\
\xe0=\xb9\xe0wx\x87\x08qGp\x94\x95\x04\xfcJ\
\xd2\xb5eJ\x90\x14\x08\x9e\xa3C\xa7Q\x15:Ty\
|`\xb7\x18\xd7\x0e;\x810\x82\xa7.\x1dKHa\
\xc8\xca\x858@\x0b:H\x1a\x83\xe4\x05a\xda\xdc\xa1\
\xebg\x1b\xb1\xc4l\x9cg3\xb2\xea\x13\x97X\xc8\xb1\
\xb1\xe5\xa2f\xb3\xe4\x86\xa1\xe3e\x88\xb6\xebj\xef\x10\
\xe3@\x87#]\x16\x02\x81\xf7\x9f\xd6\x8f\xa3?\xc0\xce\
\x16{E\xc2\x12$\x046\xb4L\xcc\xc2U3\xedG\
\xd8E\xbfn\xa6\xdd\xe3\x1b4\x0c\xa1\x17!\x82\xa2?\
\x0e\xaa\x22y\x1d\x05U%M\xe7\xbe)vII\xff\
\x00\x19\xb4\x10:\xa8\x00A\xfa\x83Rk\xb6\x15zW\
b\xfeP\xa4\xa1l\x00\x14w\xcd\xfb\x03\xad\x10Sl\
+\xba\xbd\xb2+VP\x9b\xa2`\xef\x01\xbf\xebU\xf4\
Cxm\x9e\xf7\x83.Ps\x15\xad\xd2\xb5t$\xab\
M9mO\x13\xa8\x9c-\xb7\x13{`\xdf\xfd_\x8a\
^d\xc6\xc4\x013\xf44S\x89\x85\xa5\x1f\xc5\xef\xad\
3wh\xbbI\x1bH\x1bk\x1e\x84\xfd*J\x86\xc3\
\xd8\xeeT\xbb\xa5j\xe5\xb9W\xc45\xb8R\x00\x85\xe8\
w3&<\xea\xb8\x0e\xbb\x87`o\xa7\x1b\x18\x8b\x8d\
\xf7\xb6\x85?\x04\xeb\x8c\xa2WpR\xdf\x86RG\x84\
\xad\x0a\xff\x00\xe8c\xce\xbb1\xc7\xed5\x7f\xfb@\xf0\
\x91\xc2;=\xec\xfb\x16\x87,op{\x0707\xee\
m\xf6\xee\x82\xb33\x12d\x05$\x84\x82|\xfaV\x9e\
l\x7f\xe1\xff\x00\xaa\x89y{\x97\xec\xb3\xc6\x8d\xf6\x83\
\xd9Wx\xdb\xd9\x94\x97\x8bK\x22Ov\xb2\xda\x15\x97\
]\xf7$\xc6\x934x\xf2\x96J\x8f$v\x9c\x11\xe7\
\xee\x0bipB\x91\xa9\x8eq\xbc{\xfe\xb4\xfc\xb2c\
+<v\x95\xefr\xab):+T\x9e\xbdG\xads\
\xfa\xfd\xafd\xad\xcdi\xc8\x08\xef*\xb4\x96\xd2\xf9\xeb\
\xb5/S\xd9_\x11K\xd4\xf6\xce\xfe\x8fQ\xb6\x8d\xc4\
s\xa3\xd4l\x82\xf8P\xaa\xf5\xd1l\xd2\xd7W!\x07\
t\xe6\x8a*\xb6\x81\xc6W\x96D\xd2\xb0\xa3\x9b\xf13\
\xe5!\xc1\xbe\x87J\xe6\xca6\xc5\xc9\xf0+\xcc\xbd\xa5\
Y\x83\x10\xb6_I\x07\x7f\x96\x7fj\xe0\xf3\x7f\x17\xa1\
\xe1\xfeN\x8dp\xbc\xca\x06\xbc\xcc\x9e\xa6<\x07\xcd\x96\
D\xd6Vm\xac\xbc\x0a\xb7sM\xe3\xac\xd4\xd5lb\
\x5c\xf1\x02O\x86\xa5I+W\xd2H\xe89\xf5\xa5B\
]\x87\x01 oKf5\x1aH\x9d:P\x7fG\xb3\
\x82$r\xa6\x96\x92\xe1I\x1a\xe8j\x88\xfaL\xe9\xb1\
\xfdh!,\xa4\x92\x80\x91&`\x01NB\xb5.\x92\
\x82\xf36\xe5_v\x14\x02\xcfS\xcf\xfaV\xbcnc\
\xf4\xc7\x9d\x5c\xbe\xd3\xf8\x8b\x1d\xed\xac\x81\xe2F\xa3\xd3\
\x9dv\xf9\xb1\xde<}<\xff\x00\x0e^\xb9\xff\x00\xb4\
Sk\xcb\xb5pJ\xf4l\xd8\xb6e\xc2\x00\xdc\xd6\xd8\
\xf3\xc3\x9f.9M%!\xb4\x01\xc8\x0a\xf4'\x13O\
6\xf3v\xdaT\x08\x04\x1d\x0dT\xbb\xe6&\xcd\x10N\
U\x9a\xc6\xf1W\xdc(\x0c\xc27\x8dE\x5c\xe5=7\
\x01[\xedO[\x1d\x14\x12:S\xd4-\xb7\x94Q\xa8\
M\x14\x02v\xa3P\xf6\x8eK-\xb6\xeb\xcbB`\xb8\
\xbc\xca\xf3;~\xd5\xd5:\x93\xf0\x9d\xed\x11\x8ak\x89\
%;\x9c\x82\xbd\x0f\x0f\xfc\xb4P\xbc|2p\xb5\xb2\
J\xa0\xf7\xe9\x81\x1f6\x86\xbc\xdf%\xdeT\xe3\xe2\x7f\
o\x1d\xa2c}\x96}\xb28\xb7\x89\xb8~\xeb\xe1q\
;\x1cS:d\x12\x87\x13\xdd\xa4)\xb5\xa7\xf1!B\
A\x1d\x0e\x90`\xd6a\xf4\xab\xb0\xee\xd9\xf0N\xdd\xfb\
>\xb2\xe2\x5c\x1dA\xb5,wW\xb6+PS\x96\x8f\
\x803\xb6\xae\xbb\xc8:JH0&\x00o\x00}\xb7\
\xfe\xca\xdf\xfb\x22\xc7\x8f\x18p\xc5\x9cpn&\xf4=\
n\xca|8m\xc2\x8f\xc9\x03f\x94~^@\xcat\
\xf0\xcaMyQ;\xf9\x8e\xb4\xcdp\xec\x80Ok\x1c\
\x14\x7f\xfcwe\xff\x00\xe7\xd1A>\x9e}\xbc\x93?\
e\xee,\xff\x00\xf2\xb6_\xfdv\xd5\x06\xf9<\x96\xc4\
\xf9\xd0T\xe0o}>\x94\x81Ih\x8d44\x07\xdb\
&@\x98\x03}\xeb\xe7\x1f^1\xaf\x1c\xf2\x8a4)\
\xf0\x8f\xafJi.\x080\x0e\x9di\xa7me\x1a\xeb\
@\xec\x93\x09\xd0\x0f*\x13C\xbc\x89\x93\xb1\xe5N\x12\
*\xf0f\x04\x9d\x00\xde\xa9*\xd61\xaaT\x12u\x02\
\x9c\x0e9\xc7\xef\x1f\x85x\xf4\x1b\x9f*\x9f\xb6\xbb\xe1\
\xe32B\xfbR\xc5\xdf\x22r\xb8\x96\xe7\xd0\x0a\xf5\xbc\
3XM\xbco/\xfc\xca\xf6\x87a\x97E\xcbTA\
\x8d\x13\xa7*\xd6v\x8a\xf4\xae\x10\xa2\xa6\x86\x9e\xb5\xd5\
\x18\xd4\xdb\x04\xa5\x04y\xd6\xb1\x95<\x15<\xe8\x91'\
\x82\xa7\x9e\xb4\xe7\x05N\x85\xc2v\xa7\x09\x80J\x82\x8e\
\xa4l\x0e\xc2\xa94\xb0\xbd)\x93EyO\xf4\xaa\xd2\
i%}7\xa6H\xbc}$\xe0W\xc1\xb4\x87\x17\x94\
-)P\x91!I?\xb5\x02\xdf\xc0+\x02\x9bt-\
\x94\xb7\xdd\x06\xd6IH\xe6\x85\x12B\xbd\x8c\x83I]\
7r\x01\x9e\x93B\x10x\x824 i\x9bJ>\x8d\
\xcf{M\xc3\x13\x88a\xa9\xb4S(\xb8b\xe6\x11r\
\xda\xbf\x13M\x9e\xf0\x8f2H\x02\xa6\xf4q\xc4/\xb8\
9\xae\x1dz\xc2\xf9\x95%w6\xf6i\xc4J\x9cN\
\x81\xc02\xef\xb9\x12\x92c\x96j\x9b\x8c\xab\x95\xe6\xbe\
\xd0\xf8]\xee\x0e\xe3TZ\xad\x0d\x90\x97[\xb9J\x1b\
\x10\x956\xe03\xeb\xf3\x80O\xf9k,\xa7'\x14\xd5\
#\xb9\xc2\x9bX!.\xa6\xf1\xd6\x14\x08\xf9\x92L\x03\
\x1e\xb5\x90=\xc37$\xf1\xd2n\x90\xb5$\xb4\x95e\
\x9d\xe4\xa7,i\xe4)\x99=\xe0N'\xc6A\xc0C\
\x8b\xbb\xef\x03\x9c\xcaKG\x97\x99#_\xebUJ(\
\xd6\xe0*\xeb\x0c\x07\xfe\x9a\xcbj\xf6\xf1\x0f\xd4\xd4\x9a\
\xebg\x08-#)[%)\x06\x0ck\x13D\xec\xa9\
n[%X\xa5\xa9#(\x19\xbcS&d\x7f\xff\x00\
T\xe9\xac\xbc\x0d\x87\x87p+\xa2\xa5x\x1b~;\xb2\
|IV\xb1\xeb\xa8\xab\x9d\x92\xb9q\x0d\xf1b\x16\xea\
\x92\xc3h\xc4\x02VR4Nd\x99 t\xd6\xa7)\
\xc8;\x8a\x80\x8e#\xb5t=\x95.\xb2\x18s\x91J\
\x80\x82\xa3<\x88?\x95-l\xd6\xbe\x0b\xc2\xd1\x8cq\
\xa9\xb5\xb8m\x00^\xa4$\x8d\x02\x5cJ\x93\x91[\xe8\
!I\x99\xf7\xad&\xad*\xf4\xba{7\xc4\xde\xc1-\
\xafm\x1e[.\xda\xb2\x95\x94\xb6\xc0Z\xd3p\xc2t\
H\x13\xe3\x10\x80R\xaf\xf5&\xbdY\x84\xb3L\xbd\x9d\
O\x8bx\x17\xff\x00i\x1fgfpv\x9aB.n\
\x07\xc4\xd9\xb8U\x9aBN`\x14\xa24\x19\xe7]\xa1\
@U\xe7\x8f\xbe63\xea\x87\xff\x00\x87\x07\x17\xb60\
L{\x87\x1fR\xd1z\x02/\xc3Fr\xa5 \x94B\
O-\x0e\xa3\xca\xb8<?x\xb4\xf2N6\xf7&\x18\
Q\xdf:\xb4\x0d`\x9c\xbeq\xfb\xd5\xf9w\xa9+,\
K}\xc4\xa8\xe9\xb2\xb5O\xad,f\x86\xc8\x0e\x92\x99\
\x06G\x9e\xe2\xabDAw}b\xabC\xb2K\xd1F\
\x8a\x93\xf1\x10:S\xd0\xdbF\xe3Q\xcf\xd2\x8d\x06\xbb\
\xf2|\xa8\xd1\x93\x9c\xebOD\xda\x9c M\x1a\x1b'\
\xbd\xf1yVuH\x5cvJJ\x86\xd1R\xa7-\xe2\
\x95\xe5\x0eA\x8a\xe6\xce\xfd5\xc5\xc7-\xae\xfe\x1f\xb4\
|\x11D\x89]\xc1k\xd32\x14+\x8b\xcb\xce.\xff\
\x00\x0f\xf2u{\x95\x0fj\xf32zp2\xd4\x08\xeb\
\xade[AV\xcb\x10<S\x15\x16(^c\x9co\
QxP\xe6\x17\x11\x1b\xd4\xae&-\xd5\xe2II\x8e\
\xb3HNRm\xba\x14?sU\x08\xe1^\x9e~t\
\xf4[`^b\x02\xbd4\xa2\x0a%\xb3\xb4iN\xa5\
'hE\xb5\xb9\x7f\xf1\x19J?s\xed\xfb\xd5\xce'\
\xb3<\xbfu\xf5)\xb8:\xf2\xe8*\x1a-\xd8e\xd7\
\xc5\xd9\xb6\xb3\xa9\x8c\xaa\xf5\x15\xea\xf8\xf2\xf7\xc6Z\xf1\
\xfc\xb8zgb6\xe1\x9e\xe1\xf5\xa3\x902=9W\
\x06x\xfa\xe5c\xd0\xc3/|e\x1f\x857\x9dEg\
d\xe9\xef]\x1e\x19\xbb\xb7/\x9e\xeb\x81\x97\x8fwm\
\xe5\x1b\xabJ\xdf\xc9\x97\xac\xd3\x9b\xc7\x8e\xee\xdb\xb3^\
v\xa0\xee\x0d?\x15\xde%\xe5\x9a\xa5=\xe1P=h\
\xcf\x8a\x9cy\x85\xb4\xaf\x10\xa7\x8d\xe59N\x1ay\xce\
\xe64\x9db\x8c\xb2\xf5\xe4\xf1\xc7\xd9\xb4\xbd\x9b\x95\x13\
=\x8b\x8e\x8b\x0e\x1e\x95~\xc9\xd0{\xeb\xdf\x82\xb3}\
\xf2\x99\x0d\xa0\xaa\x09\x89\xd3Jx\xdb\x96R\x0d\x228\
\x7f\x13^-j\xa7\x5ch4\xa4\xab.Pg\x90\xaf\
C\xcb\x87\xe9\xddFm^1\x18\xa8p\x9f\xc0\x00\x1f\
Z\xdb\xc7\x7f\xe1\xe95\x07\xda&&\xdf\xf0\xfb<8\
x\x9e$>\x7f\xca\x9d@\xfa\xcf\xe5\x5c\x19\xff\x00*\
o\x86\x9fk\xed>\xd2\xdd\xa0\x0f\xff\x00\x18\xff\x00\xfd\
4T\x157\xf6h\xfbAb\xbfg\x9e\xd0\x1a\xc5\xd8\
\x0e]\xe0w\x99X\xc5\xb0\xd4\x9f\xf1\xda\x9d\x14\x99\xd3\
\xbcD\x92\x93\xa6\xe4H\x0a4\x08\xfa\xde\xda\xf8c\xb6\
>\x00\x0a\x1f\x0d\xc4\x1c-\x8e\xdas\xd5\xb7\xdaX\xfa\
\xa4\x8fe%C\x91\x1a\x06\xf99\xf6\x99\xfb:\xe2\x9f\
g\xce=V\x1e\xbe\xf6\xef\x87\xefJ\x9d\xc2q\x15\x8f\
\xf1[\x9dP\xb24\xef\x11 +\xac\x85@\x0a\x02\x95\
\x81Q\xec\x81\x00v\xaf\xc1\x7f\xff\x00\x1b\xb2\xff\x00\xf3\
\xe8\xa4\x1fN\xfe\xdd\xc9\x9f\xb3\x07\x15\x8f\xfe\x99e\xff\
\x00\xd7mS\xd0\xaf\x94in'A\xf5\xa4G\x12\x88\
\xe5\xbf*@\xf0F\xa2\x80\xfbT\xda3\x10v5\xe0\
>\xb4cI\x06@:\xd2\x02BFT\x9d\xfc\xc5\x04\
\xdcO94$\x95\x9d\x0e\x9a\xd0|\x1a \x12?\x09\
=yQ\x0a\x99vc\xda\xad\x08{\xe8 \xa7\x94\xea\
f\x98U\xb1\xa2\x02T9\x0a{\x0e/\xdaM\xc7w\
j\xf9\x03\xe8h\x9d\xaf\xe9\xe3F\x89\xff\x00\xc6w\xae\
\x0d\x0b\x8f\xa8\x89\xf5\x8a\xf5\xb0\x9f\xb1\xe2\xe7w\x9d\xaf\
gv\x02\xdef@\x06R\x12\x13'\xadV%x\x9a\
z\x87\x07\xf0\xb4\x89\xe85\xae\xbcXT\xc2\x5c\x00\x98\
\xd6\xb5gKJ\xb5\xa7\xd2N\xa5p:\x0aR\x82\xc2\
\xe2:\x8a\xad$\xb0\xe0\x88\xa6\x9a\xdfy\xf9\xd5\x13;\
\xc8\xebT\x08R\x84I\xa6\x9a\x1e\xe4\xe6\xb7s\x98\x8d\
f\x95 \x8d,\xa5n\xb4u(V\x865\x83N\x03\
/\x80t\x9a4H\xbb\xb4Nm\xf6\xd2\x83\x8a\xaf\x16\
\xd9\x22\xee\xcd\x94\x10\x9e\xf1N\xe5\x0a#P\x15\xe1P\
\xf7\x04\xd4\xd3s\xccG\x0d|aY\xad\x9b\x0a\xba\xb5\
\x17Vc0\x9f\x02\x1d\x04\x81:j\x95\x8d|\xa9\xfd\
\x1b\xcc\xff\x00i\xec\x1d\xdb^\xd10\xfb\xb44\x95\xdb\
\x9bO\x82\x09BHRR\x83('\xcc\xc93\xe7X\
y'UQ\xc0\xd6\xe3\x8e6\x5cX'\xbd\x0aZ\xb2\
\xec\x1c\x04\x1dO()\xfc\xeb\x05\x19\xe1\xeb\x95#\x8a\
m\xee\x0b\x81%n\xe5*\x8d4'_\xef\xa58\x12\
\x18\xfb\x09s\x1a\xc4\xd4\xc2S7\x01\x052t\xcc\x12\
A\x9fX\xaa\xd8Qpf\x9c\xc4q+v\xd2\xa0\x95\
\x11\xde\x03\x1d\x12\xa0\xa3\xff\x00\x94\x93\xedQ\xd0\x5c\xb0\
\xc5\xa1\xcb\x16\x83pR\x97\x10\xd2Ty\xb6\x06\xfe\xf3\
4\xe7 b\x1aP\xbem\xf7\xdb\x0am\x09 \xc7\xe0\
 $H\xf2\x81\xf5\xaa\xa4\xb7pF\x1e\xa5\x07\x9a-\
\xa9\xc4;p\xb7ZZ5O1\xbf\xa4\xc5<\x02\x1b\
\x8f\xb0$\xe1\xfcN\xeeG\x0a\xb3&\xde\xf0\xc8\xdc\x84\
\x03\x96y+C#\xa5VS\x91)\x9e\x22\xb1\x17\x8c\
[b*i\xc2\xc2_6\xabp\xe8!Y\xb2\x8f\xa5\
.\xa1\xfd\xad}\x9a\xdb\x8b\xfck\x0c\xbeU\xc4\xdd0\
\xcb\xce(\x04\x03\xdedI9co\x12B\xbd\xc7\x9d\
W\x8en\xc8Y>\x8epK\x0d]\xf0\xce\x05\x8b#\
\xbay\x12\xca\x9f\x08\xd5\x05KL(k\xfe\xa0G\xad\
{\x1e94\xe5\xc9k\xc3\xf8PXp\xc3\x98j[\
.1f\xb7\x14\xc8\x0a\xd5m\x99\xcc\xd9\xf2!Dz\
\x01\xd2\xb4\xd2'\xd6\xdeM\xfb\x1f\x97x\x0b\xb4+\xbc\
.\xe1\xe7\xd0\x81\x89\x5c\xe1\xeb\xb7'2Yq$\x16\
\x95;\x93\x96\x02\xb7\xd0\xce\xda\xd7\x0e8\xdc|\x95\xd1\
n\xf1}\x16\xe1\xeb\x84\xdc6\xf1\x8c\xab\x08\xd4r\x99\
\xdcR\xf3}1\xc7\xec\xf2\xd7\xa9B\xbc!_\x91\xe7\
\xfdi\xc9\xf7\x088p\xa5d\x1d\xc9\xd7\xcc\xf5\xf7\xad\
4[aY#`f\x8d\x02s\x12\x06\x82\x8d\x06F\
\x9boE\x0cKy\xa9l\x16\x13\x14\x8c\x95\x10\x0f:\
\x08\xcb\xceG8\xf5\xa6a\x05\xcc,\xeb\x1eF\xa6\xc3\
\x80\xb1;\x90\xb6U:\xc8\xac\xaa\xa3\x96qr\xff\x00\
\xc4\x8d\x88\xae\x5c\xfbtb\xe1\x5cCp,8\x93\x0e\
\xba*\xff\x00\x02\xf1\xa5\x12:f\x03\xf45\xc9\x9fN\
\xbf\x17q\xda\xdd\x94)H\x11\x00\xd7\x99\x93\xd4\xc7a\
\xc2\x81;k\xe5X\xd6\xd0\xbbu\x94\xae\x13\x10*\x16\
\x90e\xc0g\xf9\x87#Sy8)\x95\xab4\xee\x0d\
Ek\x12\xd6o\x83\x1c\x84s\xa0i&\xc3\xe3,\x13\
\x1c\xa8H\x94\xb8\x06\x80\xe9O\x92h/\xc5\xe7A\x8c\
\xb2h\xdc>\x84\x02\x04\xeeN\xc0s5X\xcfj\x9c\
\xaf\xac\xd8\xf7.\x05\xc3\xb0\x8d\x1aH\xca\x81\xe5\xfd\xeb\
\xefO+\xbe\x93\x8c\xd4\xe7\xb1(0\x00&4\xe5H\
\xd3<?s\xdd\xbe\xa6I\xf0\xacH\x1d\x08\xae\x9f\x06\
Z\xbe\xbf\x97/\xc9\xc3x\xcc\xbf\x09\x1c]\xa9m\x0e\
\x81\xa8\xf0\x9fJ\xdb\xcf\x8f\x13(\xe7\xf8\xf9sq\xa3\
\xad\x19\xee-\xd2\x9e{\x9fZ\xdf\x0c}q\xd3\x9b\xc9\
\x97\xbeV\x80\xb8\x7f\xbe|\x90e#A\x5c\x99\xe5\xed\
\x93\xab\x0c}q\xd0\x8b\x07>\xf5I\xe4Ek\xe2\xcb\
\x9d2\xf2\xe3\xc6\xc5\x5c\x0f\xbb\x9e\x86\xb7\xf2\x7f\x1d\xb9\
\xf0\xefM0\xa9X\xa9\xc2\xf2yMF\xaf\x95\x97'\
\x9a\x87\xe9K\xcd\xc6\x8f\xc5\xce\xdah\xe8*q\xa3#\
\xd5\xab4\x07\x1b\xdc\x9b|\x01\xd4\x8f\x99\xe5%\xb1\x1d\
\x09\x93\xfaWO\xc6\xc7\xdb\xcb?\xa2\xbd\x11\xc1\xad\x14\
a\xab*\x99S\x93\xaf\xa0\xae\xff\x00\x93\xfc\xa37\x06\
\xfbf}\xb2xg\xec\xb1\x837n[N9\xc7\xd8\
\x95\xaa\x9c\xc20\x119\x12$\xa4\x5c\xdd(\x10P\xc0\
V\x90\x0ee\x94\x94\xa7e)<\xff\x00\xa9\xeb\x8f\xac\
$?`|u\x8d\xf6\x9d\xd8\xff\x00\x0cqW\x12]\
\x8b\xecs\x16\xb67WO%\x01\xb4\x95\x15\xabD\xa4\
|\xa9\x02\x00\x1d\x00\xaes|\xb2\xfb]\xa0\x1f\xb4\xb7\
\x1f\xe9\xff\x00\xef\x0f\xff\x00\xa6\x8a\x09\xc8\x82h'\xab\
>\xc4?j_\xfd\x91q\x00\xe1\x0e&\xbb)\xe0\xdc\
Q\xef\xbb}\xd5xp\xeb\x83\xa6y\xe4\xda\xb4\x0a\x1b\
\x03\x0a\xd3\xc5(G\xd0~\xd9{\x22\xc0\xfbo\xe0+\
\xde\x19\xc6\x91\x0d\xbd\x0e\xdb^!!NZ\xbe\x01\xc8\
\xea<\xc4\x90G0H\xe7L\xdf+0\xee\xcd\xb1\xbe\
\xc9>\xd1\xbc;\xc2\xf8\xfd\xb9f\xfe\xcb\x1e\xb2\x01\xc4\
\xff\x00\x86\xfbe\xf4du\x07\x9aT5\x1fC\x04\x10\
\x147\xd0\xff\x00\xb7`\x9f\xb3\x0f\x15\xff\x00\xf9K/\
\xfe\xbbj\x8a\x1f)\xd3\xf3F\xdc\xe9\x17g\x12\x04\xf5\
\x06\x91S\x89\xa0>\xd54\x93<\xe3x5\xe0>\xb4\
S^\x03\xa9\xd3\xa8\xa5\xd0\xa7\xc1\x8d\xb6\xfd\xe9\x97\xfb\
9:\x13\xcf\xce\x92IY%'0\xf3\x9a\x0c\xc1V\
j\x0a\xd0\xcf(\x89 U\xc4T=\xea\xf7\x9a\xae\x0d\
U\xc6\x1c\xca\x97\x08\xe5\xd6\x94\x15\xc3{O\xb9\xc9g\
pI\x80\x010h\xc7\x93\xca\xe9\xe5[\x1c8\x1c|\
\x11\xe2QVh\x1bjf\xbd\x89\xd4\x8f\x12\xdf\xdd^\
\xd4\xec.\xc5\x16\xb8[\x08\x8f\x1cI\x9a\xacF_\xdb\
\xd0xc\x9e\x109\xc6\x95\xd5\x18\xd4\xbbBy\xefZ\
\xe2\xce\x9d\x07)4\xea[\x0e\x12E\x1a\x05\xa5S\xca\
\x99R\xf3{~\xd4\xd2\xc0\xaf*\xa8M\xe6\xf3\xd6\xaa\
'd\x95\x12\x7fze\xdf\x06\xae\x16{\x95\xf2\x81L\
\xbf\xb0w'\xbb\xb8e\xed\x12\x85\x0e\xe9\xc3\xeb\xf2\x9f\
\xae\x9e\xf4i,q3\xbe\x94@\x11\xd6\xe4\xe9\xf5\xa2\
\xf4{A\xe2\xb6\xfd\xe5\xd5\xa3d\xc0\x10L\x0d\xc9X\
\x03\xf455S\x95R\xde\xc5\x09\xc5\xf1VT\xe7y\
\xf1n\xb6\xa6\xed\xff\x00\x94\x88B\xe3\xd4\x04\x93\xe9J\
\xd3y\x9b\xedG\x86*\xcb\x1b\xb0\xb8 >\xea-\xf2\
'\xc4|R\xbe\xe9.\x99\xfc@e\xd0t\x9a\x9c\xfa\
\x87\x1e\x5cu\xcb\x8bub!\x90\x1dQy\xe6!b\
L*\x16\x16N\xd2\x08:\xd72\xd1\xb7/2\xd7\x1b\
Z)\xb0\x0bW\x0e\xa1\xc4\xa1)\x80\x02\xa3\xf7\xe5S\
\xf84\xe6>\x12\x8e!\xbcCh(JB\x1dP\x22\
r\x80`\x90?\xbe\xb4\xc9\xce\xb0\x8b\x86\xec\xb1Kg\
\x15\xbaR\xfa\x15\x062\xc8Rg\xe8M*\x16\x86\x9e\
\xeelQ\x9c\x86\x85\xab\xec\xe9:\x14\x81\x04\xf9\xf5\xa6\
K6(\x86\xd9\xb3\xb9l%\xcf\x8c\x0d,92\x07\
vH\x82?\xd3\xaf\xac\xd5P\xe9]\x90\x7f\xcd][\
\xb4\x81\x9a\x1ep\xad9d\x04#\x22\x80\x8erg\xfb\
5\xaf\x8c\xab|\x7f\x81;q\x8c\xba\xea\xad\xd4\x19r\
\xdd\xb0\x1e\x99J\x89\xce\x83\x07\xcaL\xf9U\xe57K\
\x1e\x91\x17\xf8R\xb1\xdc\x02\xe1\xdb\xab\x95\xb6\x84\xad\x95\
dR\x0fv\x95\x0c\xa9P\xf2\x023\x13\xa5g\xab\xaa\
\xa7F\xec\xd3\x83\xff\x00\x83=\xc3\xea\xbc\x09aW*\
q\xabw\x12e\x0aB\xe4g\xcf\xba\x94\x5c\x03}\x80\
\xf3\xae\x8c1\xd4\x95\x19W\xb6{ \xc0\xd8\xc3\xb8H\
X4\x85\xb0\x86\xb5K.\xc9(ov\xe4\x1de\x06\
D\xf4\x8a\xf41s\xe4\xea\x88\xb7\xca\x8c\xaa\x12\x0e\xfc\
\xebIY\xbc\xbf\xc4\x9c-\x89\xf0\xe7nX\x8d\xe6\x0c\
\xeb%m\x14\xdd\xb5d\xb8JC\xba*v\xf1\xe7o\
\xbcL\xef \x0eU\x86s\x9d\xc6\xb8_\xaa\xf6\x07\x04\
<\xed\xdf\x0f\xf7\xab\x0a\x0e\xa5)\xf1+s\xae\xc7\xcf\
\xaf\xa5a\xe4\xbf\xbaJ$\xed.\xe8\xef|?#\x83\
_C\xd7\xd2\x89\xc7\xfaI\x97\x1a\xef\xdb\x0aH!]\
\x0f\xe9U/\xad\xd0\xed\x8d7\xde\xa0\x11\xa4\x18 \xee\
\x0d;u\xc1\x1d\x16\xdd\x0dG\xb1\xe9\xb1nDN\xb4\
{\x0d\x15\xdc\xc0\xd6)l\xc8X\x81L\x04y@\x1a\
\xb4\x83y`\x81\xd4S\xe8\xd1\xce\xbas\x18\xde\xa6\x9a\
\x1f\x10\xbb9U\xade\x92\xe3\x9dqS\xf3\x9f\x94\x03\
\x5c\xb9\xb5\xc5\xc38\xff\x00\xee\xd2\xf3\xa3tx\x87=\
F\xbf\xb5se8ucuv\xec\xb6\x17\x82\xf7\x0f\
\xb3\xb9\x04\x1e\xfd\x949#mR\x0f\xef^nS\x5c\
=\x5cy)J!dLu\xaej\xe8\xc6\xed\xb6\x9d\
\x87\x08\x12\x05J\xd2\x092S\xa6\xddj/&5\xa7\
\x82c\x90\xac\xd6=\xa7BH R\xd9\xa4\xd8t(\
L\xeb@\xa2\x9a|\x01\x96*\xe2lh<I=9\
\x1a\x95D\xc3K6\xb6`\x7f\xd6|I\xf2G\xfb\xc7\
\xd0y\xd6\x9f\xc6\x7f\xb6_\xcb/\xea\x7f\xeau\x87\x0a\
\x88\x8d\xaaW\xaf\xb4\x83f\x7f\xa5\x04%\x87T\xd2\xd0\
\xb4\xfc\xc92\x0dT\xdc\xbb\x85d\xcaYW\x06\x96\x9b\
\x86R\xb8\x94\xa8\x03\x06\xbdyfSo\x12\xcb\x8d\xd1\
\x17\xd7?\x0fnu\xf1+\xc2+?.^\xb8\xaf\xc5\
\x87\xbeH\x84\xafz\xf3\xde\x85\x82-]\xc8\xea\x15\xb4\
\x1dkL2\xd5\x95\x8ex\xeeX\x9apfB\x87\x95\
z7\x99c\xcd\x9cP\xd6\xaa\xfb\xc4\xd6\x1e>\xe3l\
\xe7\x0d\xe2\x1b7\xfe\xaa~~\xa1x\xbe\xdad\x9c\xa2\
j1<\xbb?5\xab$\x1f\x135\xf1\x22\xd9\xad\xc4\
\x95\x109\xf2\x15\xe8\xfc9\xcd\xc9\x19T}\xee>\xd7\
\x0b\xe1\x8bhd^ \xa3-\xdb\x95j\x90F\x8aX\
\xdc\x0d=\xea\xfc\xf9\xcc\xb2\xe1\x9c|{\xff\x00\x89k\
\xee\xdf}\xa3Z\xb9\xb8p\xba\xfb\x98\x1d\xb1[\x8a\xdc\
\xfd\xe3\xd1\xec9\x0d\x85r\x87\xb9>\xc9\x89\xcb\xf6o\
\xec\xff\x00\x97\xfe\xebA\xfc\xcd\x06\xf9\xa1\xf6\xbb\xff\x00\
\xf6\x93\xe3\xff\x00\xff\x00\x88s\xff\x00Bi\x13\x90N\
\x9et\x11AC\xd8Po\xa1\x7f`\x9f\xb5?\xf1\xeb\
K^\xcc\xf8\xae\xef\xff\x00x\xdb\xb7\x97\x04\xbdy\x7f\
\xe3\xb4\x91\xff\x00\xc3(\xff\x002\x00\xf0uH\xcb\xa1\
H\xcc\x08\xf4?n]\x82a\xdd\xaf=\xc3x\xb3}\
\xcd\x9f\x12\xf0\xf6#o{g|\xb0am\xa1\xd4\xad\
\xc6\x1c\x8dJT\x01#\x9aT\x01\x1a\x15\x02\x8dX\xfb\
v\x98\xfb0\xf1_\xff\x00\x94\xb2\xff\x00\xeb\xb6\xa8\xa1\
\xf2\x95\x0b\xe8}\xa9\x11\xe6\x81Y1@\x16\x96\x0aw\
\xd7\xca\x99>\xd3\xb4\x0e\xf0\x0c\xed\xad|\xeb\xeb\xc44\
\x9d\x0e\x9b\xd3M\x10\x13\xa0\x8d\x87Z6\x92\x89\x01\x1f\
\xde\x94\xc8\xd99\xa7\x9f\x95\x10\x8d\x14jgs@\x06\
\xf8\x8d\xb4\xaaJ\x16\xf8\x80\x17\x06H\xa4\xa5S\x1cP\
S\x0a\x9dG\x95Yv\xe0\xfd\xae+&\x1dp\x02\xc6\
\xa8 \x8ax\xceK+\xc3\x80\xf0\xcd\xb9\x7f\x15\xf4T\
\x0e\xbe\xf5\xea\xbc\x8d=\x83\xd9h\xf8{F\xb6\x02\x06\
\x9dkLK'f\xc3\xeeHJzWLcS\xb6\
\xcf\x95-\x22\xb4\xc5\x16\x0aQ)\x02j\xd9\xb4\x95k\
\xd2\x91\x1elD\xf3\xd6i\xc1J\x06A\x93M-\x03\
\xce\xaf\xa4\x96\x011\xb8\x14\xcbL\x12|\xbc\xa9\x956\
\xff\x00\xf8.O\xf2\x9d\xe8\x22\x1e\xb7E\xcd\xb1ic\
\xc2\xb4A\xfe\xff\x00:p\x89CK\x09\x1d\xe2\x82\x96\
\x04\x15G\xcd\xe7A\x9au\xa0\x06\xc0\x0e\xb4\x86\x90\x0f\
#=\xe2]\x8de\x06\x0e\xe2I\x81\xf4\xd7\xde\x92\x95\
\xbcZ\xd1M\xe2\xf6\xf7l\xc7{n\xa58\x84\x01\xf3\
\x95\x02#\xdcf\x1e\xe2\x8aN\x13\xf6\x83\xe1\xdf\xe3v\
\xd78\x93i\xcc\xbbG\xed\x9adk)\x0e(\xae#\
m\x87\x8b\xd7\xca\x96Sp\xe5\xe7o\x1e\xf1\x15\xb3i\
\xc5\x8b\xe1\xb56\x1e\xb8P\xb8ac($\x1f\x16\x83\
a\xa9\x81\x5c\xb7\xb6\x88\x1e5\xb3,\xf1K/2\x14\
\x9f\x81\xb8\xb7B\xc3\x89\xca\xb0\x83\x96\x0cs\x90F\xd4\
\xb2\x11)\xc5\x0a[\xf8\xdb\xafe\x08g\xb9XK\x80\
\xea\x12t\x08'\xac\x98\xa4\x1c\xde\xf2\xd5L]\xa5\xf0\
\x12\x0b\xa1D\xa4\x9dv\x00\xe9\xeb4\xac(\xbap\xcd\
\x82\xb1K\xd7\xad\x82\x12\xf3\xae2\xa7\x19mG\xe7R\
S\xf9\xf8d\xf9\xc58zN\xe1M*\xe0\x85\xaa\xd9\
\xf7\xae\x1cm\xe7r-rKI\x09\xf6\x8ec\xd6\xae\
\xcf\xc1Gc\xfb9\x06\xaf8\xfa\xfd\xa0\xbc\xce\xfc*\
\xd4\x84\x9d\x92\x83\x90\x14\x7f\xa9 k\xebZ\xf8\xe7#\
'K\xedO\x04E\xcbVVN\xb4B\xfe\x0a\xe1\x86\
\xca\x1b\x05 \xa1\xe4\xad\x13\xa8\x12\x04\x7fJ\xeb\xca}\
3\x97E\xf69\xd9\xd2\xb8\x9b\x87q|\x1f\x13J\xca\
\x87\xc47t\xb6BT;\xd2\xd8y\x85\x129\x14\xb8\
\xe2\x0aF\x9a\xf9Tx\xf1\xeeS\xb7\xed\xd2\xbb\x1e\xec\
\xd8^\xf03\x16M\xf7I{\x0c\xb9\x0f\xdaw\xc6C\
Ag@\xe4jH\xca\x9dy\x18\xd3Z\xe8\xc3\x09\x8f\
\x0c\xed\xdb\xbfpS\xee\x0bT\xbc\xa6\x8bN[)h\
q\xa7 \xac\xb6>d\x93\xd4O\xff\x00B:\xd6\xf3\
\x8e\x19_\xca\xf5fP\x97\xd0\xd4\x852\xa1\xf7j\x1b\
GO\xe9N\xf4\x95k\xb5\x0e\x05c\x10\xc3\x5c\xc6l\
R\x84c6%\x17\x0c<I\x88A9\x92\xa8\xd4\x85\
%JO\xbe\x95\x9c\xbb\xe2\x8e\x9d#\x83m\x1ao\x85\
\xed\x9de\xc0\xebw!.\xe8g)#\xc4\x99\xe7\x06\
u\xae\x0f&[\xcfVt\xdb\x5cm$\x96\xbc0u\
)\xd2\x9d\xa9\xd3E\x9c\x8a\x9f\xc2w\xf5\xa7\xed\xb1\xa2\
WnP\xbe\xf1#S\xa2\xc7Q\xd7\xd6\x89\x96\xf8\xa0\
\xe6Q\x96z\xd2\xd86\xa2\x00\xaa\x80;\x8e\xc0\xad$\
-\x86u\xf3\xb0:\x1a\xad\x10G\x16L\xd5\x90G\xd5\
\xe1\xe9@G\x5c9\x13\xfa\xd4)_\xc5\x1c\xd0\xd6u\
n\x7f\xc4\x8b\x12\xbe\x87\xadq\xe6\xdb\x17\x1f\xe2\xf6R\
\xea]\x9d'\xf2\xackx\xbe\xf6}y\xf1\x9c\x0d\x83\
\x92\xac\xc5\x0c\x06\x95\x1c\x8aIL\x1fH\xaf;?\xe5\
^\x9e\x1c\xe3*m\xc5\x9c\xc0\x8f\x7f*\xe4\xcb\xb7^\
=\x12\x97JH LmP\xb4\x8bN\xceS\xcc\xf9\
\xd4\xd5\x0ch\xf8\xc1\x9d:VW\x85A\xec\xba \x0a\
K\x1dn\xe6RgAL\xc6J`\x10w\xd2\x9c@\
\xfc5\x94<\xe2\x96\xe9=\xcbc;\x9ec\xa0\xf3'\
J\xbcf\xef(\xca\xd9\xd7g\x17v\xab\xab\x85-`\
\x05+`6OA\xe9J\xdd\xf2x\xcfY\xa8:\xd7\
T\xce\xb3H\xd2,\xa8\xe5\x12g\xda\x99Q\x8c\xa8f\
\x88\xd4\xd3*\xb0`\xb7\xc8\x0c\xa9\xa7\x16\x11\x94\xcas\
\x18\x90k\xb7\xc3\x9c\xd7\xady\xfe\x7f\x1d\xdf\xb4\x86\xb1\
+\x9f\x88\xb9\x84\x99B\x04\x02\x0e\x84\xd6^l\xfd\xb2\
\xe3\xe9\xb7\x87\x0fLy\xee\x9aI\xac\x9aR\x92\xa9\xa0\
\xacO\xda\xb9\xde\xb0\xda\xb9\x91^\x9e\x17\xdb\x19^N\
s\xd7+\x03\xb02]\x14\xf4&\xb0\xc3\x8c\xf4\xd7>\
p\xd9\xeb\xe4\xe6m\x1f\xea\xad<\xf3r3\xf1]Z\
m\xb3\xe1\xac\xb1\xe9t\xf0:V\x8c\xdf5\xff\x00\xe2\
[\xf6\xac\xed\x07\xb3~\xd60\xfe\x0d\xe0\x1e3\xbc\xe1\
v-\xf0v\xae1\x16\xacZg\xbcyo8\xe6U\
\x07\x14\x82\xa4\x14\xa5\xb1\xf2\x91\xf3N\x9b\xd7N<N\
\x18\xd2?\xe1\xaf}w\x8a\xf6]\xc6\x17\xd8\x85\xe5\xc6\
!\x7fu\xc4+u\xfb\xbb\xb7\x94\xf3\xcf,\xdb\xb3*\
Z\xd4J\x94|\xc9\xaaK\xcf\x9f\xf1!L\xfd\xa0\xed\
z\xff\x00\x03\xb6\xff\x00\xf3\x8fS'\xba\xbe\xca\xc8\xc9\
\xf6t\xec\xf8\x7f\xf8\xa5\xa3\xfa\xd0o\x99?k\xd2G\
\xdaO\x8f\xba\x7f\x10\xff\x00\xec\x13A8\xf6n\xa0\xd2\
\x0dg\x8d\x8c\xd0G\xecq\x1b\x8c6\xf5\x8b\xcbG\xdc\
\xb6\xba\xb7q.\xb4\xfb*([kI\x94\xa9$j\
\x08 \x10E\x06\xfa\xc7\xf6>\xfbM\xdb\xf6\xf9\xc1\xa6\
\xcb\x14u\xb6\xb8\xd3\x09m)\xbfdB~%\xbd\x93\
r\x84\xf4&\x02\x80\xf9Tv\x01I\x93\xb3/\xed\xe2\
O\xff\x00j\xff\x00\x15\xf2\xfb\xdb/\xfe\xbbf\x90|\
\xa5\xb7\x19\xcf\x95\x09\xe9+l\xdc\x01\x02=h\x07\xc2\
D\x8dh\x0f\xb3o\xdc\xb5f\x96K\xce\x04\xf7\xce%\
\xa4\x0f\xe6Q\xd8~U\xf3\xb7\x8e\xdfc&\xfa\x1e\xde\
d\x929u\x14\xd1z\x10\x95z\x1a\x09\xa5\xa6\x04o\
\xcfJ\x22I'\xa0\x93\x14\x11\x09\x19\xa4\xcf\xb54\xd4\
}\xce\xe4\xf2\xe9L!\xaf\x92\x06`6\x8ad\xa7q\
\x02\xc8ag\xe5\x1c\xb5\xd6j\xfa\x13\xb7\x9f\xbba\xb8\
'\x0ey'L\xca\x0d\xc1\xde\xaf\xc77S\xe5\xbe\xb8\
\xb9?\x07Ye\xbf+\xcb\xa81=u\xafI\xe6}\
=C\xc07}\xdd\xbbBz\x08\x9eU\xa6<3\xc9\
\xd6\xb0\xbb\xcc\xcd\x8ddEm\x18\xac\xd6J\xcd\x07\xe9\
ZJIgD\x8d\xf9r\xad\x994\x81\xedK\xb0y\
#\xff\x00J\x03\x15\xf5\xf5\xab\x88b\x7f.\x82\x99h\
\xe2N\xa3Ji.4\x93\xa58U\xa2\x90L\x0et\
\xf4Q\xbe\xefj\x03E\xbd\x0c\x08\xa5@\x1b\xc4\xe6\x05\
13\xbct\x1f\xdcP6\x88\xbbiD-2\x03\xaa\
\x01d\x8e\xb2i\x9e\xd08\xb3j\x17-\xe4\xd0\x84(\
\xa3\xd5\x030\xfc\xa8\xa1\xcb{[\xc2\x9b\xbe\xc2\xf1+\
t\x05|=\xc2m\xb1\x10\xb4\xcc\xa1\xe6\xdcJ\xd51\
\xbaB\x09$U\xfdr[\xd3\xc7\x9d\xac\xf0\xd9\xc0\xf8\
\xd7\x13\xb7[\x09.\x9b\xa5,%j$\x0c\xc4*A\
\xf3\x04\x9f\xfb\xab\x8f)\xaa\xd6]\xa8\x1cx\xdb\xca\xc4\
\xeeo^@Jn\xec\xdb[!\x0e\xe6(Br\x86\
\xb3\x8e_)1\xbfZ\x8c\x94^\x17t1\x0b\xe6\x17\
\x9a\x1a/!..\x06t\x85\x81261*\x03\xda\
\x94%W\x880\xc2\xcd\xe7\xdd\xca{\xb5\x16\x94\x825\
q!G\x9f\x96\x84\xfa\xd1x\x0b\xa7\x0aX\xdc\x0b\xbb\
\x8cG\x0f%\x0fX2\xab\xc2\x10\x9dCM\x94\x97\x10\
\x072R\xbf\xa4\xf4\xa7 \xa9,\x7f\x0c\xb5\xe1\x9e8\
\xbb\xb6\xb4J\x90\x86\x9c.\xb3n\x1d*\x09I\x05Y\
\x01\x1c\xa0mZe5J:\xcf`VnZv\xb8\
\xc2GvUr\xc8h)\x1f\xe27\xde\x92\x12H\xe4\
s#\xf2\xab\xf1\x7f2\xbd=A\xc7\x1c6\x16\xfb\xce\
\xf7-\xba\xf3N5s\x95BRJ\xa0\x10G\xf2\xe6\
Mw\xd9\xd3\x1d\xab\xbd\x82a\xeb\xc2\xb8\x9b\x8b\xb0\xd5\
!-\xe1X\x85\xabX\x8d\x9eBK\x9a)iRO\
\xa2T=BREF2\xe3\x97'y\x8e\xaf\xc1\x16\
F\xc7\x15\xbd\xb9J\x92\x0b\xcc\xb0\x97\x10\x81\x08^d\
J\x1d\x03\xfc\xda\x85y\x81\xd2\xb5\xde\xae\xd9\xba\x1e\x12\
\xa4\xd9b\xd7\x05\x044\xd5\xc2\x01\x04\xa4\x9f\xbc\x8d\xe7\
\xcc\x08\xf6\x13O\xd8\xb4\x99\xc2\xd8x4\x96\xd1\xfe\x09\
\xd5\xa2O\xcay\xa3\xf7\x15{\xda4\x9aR^]\x83\
\xad\x15\x14-M)\xb0\xbe\x84\x88\x07\xd8\x99\xa9\xba%\
\x8f\x83mUg\x80\xb0\xc2\xb9\x12\xa8\xe6\x09\xf9\xa7\xd5\
Y\x8f\xbdpy\xb5\xef\xb6\xf8\xf4\x9a(\x093\x1b\xd6\
;\xd9\xe8\xd3\xaaL\x10u\x1d*\xa4\xa5C\x1b\x88\xd0\
\x99#\xf3\x15\xaf\xaava\xcb\xc1\x1b\xd6\x93\x02\xd8g\
/\x01'_\xa5i1\xd1l+\x97\x1a\xd5\xe8\x8c\xa9\
\xfd\xc7\xe5H\x19S\xd0\x9ag\xa0w\x0e\xce\x9bS\xe8\
#\xae\x17\xe1:\xd6T\xd5\xfcQ\xed\x15\xbc\x8a\xcf%\
\xc5\x03\x88U\x98\x91\xbdr\xe4\xda9\x87\x127\x99\x0e\
\xf3\x80v\xebX\xd6\xd1/\xd8\xed\xf6|\x16\xfa\xcdG\
[k\x92\xa0#\x92\xc4\xff\x00Z\xe1\xf3O\xdd\xb7\xa1\
\xe2\xbf\xb7K\xb3\xaa\x02c\x9e\xd5\xc7c\xb7\x13\x19\x88\
 \x0a\xc6\xc6\xd0e\xbb\xb9\xbfj\x9d\x1fB[qA\
`\x89\xf6\xa9\xb1Q&\xcb\xe4\x94\xc1\x93YY\xa6\x92\
\xed&\xd3\x81\xc2\x22\x98\x10\x16\x94 \xc1\xf7\xe9Bv\
=W\xad\xb7f\xd3\x0c\xab4\xc3\x8e\xaa \x95r\x1e\
\x80~d\xd6\x96\xf1\xa8\x89\x8f\xee\xb6\x9d\xb7tH?\
\x90\xe5J)#h\xb9V\x94\x12Y\xa3\xb7\xd6\x9aF\
 N\xdd(3\xc9\xf0\xfa\xd0\x04\xa4\xc0\x91\xaf\xad8\
\x9b\x0e\xa5E@MTE\x9a)\x1b\xefAQ\xd6\xf7\
\xeb\xb7l $\x11<\xeb||\xb7\x19\xa7.~)\
\x95\xd9\xc6\xee\x16\xb7{\xc3\x01^T\xe6v\xe5\xec\xce\
\xe1$\xf5\x19\x9c\xba\xd1\x0a3\xce\xb6\xb9\x5c\xa7.}\
z\xde\x08A#\x9dLU:\x8dL\x03\xbd\x5c\xe5\x9d\
\xe1\xf0\xcb\xed\xf5\xc5\x8e\xf1\xaf\xda\xdb\x8f.\xd6\x84\x06\
-\x1fo\x0e\xb5X\x09\xfb\xc6\x99l#4\x8f\x98g\
\x0b\x83\xd0\xc1\xae\xb7=S;-\xfbF\xf6\x83\xd8\xde\
\x0bw\x85p\x8e8\x9c6\xc2\xe6\xe0\xdd:\xca\xac\xd8\
z\x5c)JsK\x88Q\x1a%:\x0e\x94l+\xbd\
\xa5v\x9f\xc4\xdd\xafq\x121\xde+\xc4\x7f\x8abI\
\xb7M\xb2^\x0c6\xc8\x0d\xa4\x92\x13\x95\x09\x03u(\
\xed\xce\x8eI\xe8~\xce\xbf\xe2\x0b\x8f\xf6q\xc0\xb8\x1f\
\x0b\xdbp\x86\x1bt\xc6\x13h\xdd\xa2\x1fr\xe5\xc4\xa9\
\xc0\x91\x19\x88\x1b\x13\xbd0\xf3\xa7j|sq\xda\x97\
h\x18\xdf\x15\xdd\xda5b\xfe*\xff\x00~\xbbfT\
T\x86\xcc\x01\x00\x9dN\xd4\x82\xa2\xa6}G\xedN\x99\
\xa5\xb5\x1bR-l\x88\xf1u\x14\x82\xd5\xd9\xb7h8\
\xdfe|c\x86\xf1?\x0f\xdc\xfc.'d\xbc\xe9\xcc\
%\x0e$\xe8\xa6\xd69\xa5BA\x1ezA\x83H;\
\xff\x00m\x1fn\xacs\xb6\xae\xce1N\x0f\xbd\xe1\x5c\
;\x0e\xb7\xbfS%W,\x5c8\xa5\xa3\xbbu\x0e\x08\
\x07MJ#^\xa6\xaa\x87\x9b\xed\x84\x01H\x92\x0d\x98\
\x03i\xa66t\xac\x00b\x9c'\xdat2\x14S \
xu\x19\xb5\xaf\x9d}v\xc5!>\x10@\xf1t\xa0\
\x165\x1a\x8dy\xd2\xa1\xad\x06\x83QAV\x8c\xa5:\
\x08<\xe9\xa2\x98R\xa1&45I\x00\xe1$\xc1\xdf\
\xa9\xa4h\xacAP\x85\x1eg\xa58JO\x11\xe6,\
\x9e\x83\x95ix\x13\xb7\x03\xed\x1d\x9f\x8e\xbbb\xdfR\
s\x95\x9f`k_\x0e\xfd\x99\xf9\xe4\xf5Rp\xbb!\
gpNX\x93\xcb\x95z2<\xd7[\xe0\xacD\xa7\
(\xcd\xe1\x00k\xfb\xd3\xfbGn\xcb\xc3\xf7Y\xc0 \
\xee\x22'z\xdaVuu\xb1Q)\xdf\xe9Z\xa6\xac\
\x8c\xb2\x5ce\x0en\x0aEo:c{`D\x12(\
\x0d\xe6\x81AV\xbf\xbd)\xa5\x9c\xccoU\x09\x80\xc0\
\xd4\xd3*Qp\x93A\x1dhDH\xfa\xd5Q\xa3\xa6\
\x15\x02i\x13\x0e\x88\xd3\xeb@\x02\xe9\xd4\xe9\xad8H\
{\xb17:\x9f\xfaz\xc7\xad.\x82\x1e\xf4%/0\
\xe2\xb6m\xf4\x12|\x8f\x84\x8fy\xa7\xd9\xab\x17x*\
q[\x1b\xd6\x96\x84\xe7d\xbc\x04\x18\xd8d\x8f\xfc\x92\
\x9fz\xb9\xbb\xc1W\x93\xbe\xd1\x1c1ok\xc5\x97\xb7\
\xec\xba\xebE\xc6XB\x12A\xcb\x94\xb4Knf\xda\
d\x00GJ\xc3\xc9:\xab\xc5\xc8x\x93\x05e\xccS\
\x03\xb9q)\xb9\xb7b\xd5\xf0\xe3m\x10\x95\xa1%\x92\
\xa3\xde\x0ep\xbd\xb5\xda\xb1^\xd4.\x0d\xb6+\xc4\xec\
\xadT\xe2\xd2\xe8\xbbE\xbec\xa0.\x1c\xa1\x05S\xf8\
\x02\x88\x93\xd3Z\x89\xd9/\x1d\xa0p~1\x83-\x9b\
\xdb\xa4[\xb6\xc6 \xe5\xcb/%J\x82\xcd\xea\x0a\x92\
\xf2\x08\xe5\xaaILi\x0aOZ\xdb<u\xfb\x867\
n\xa7\xd8\x07\x02Y\xf1\x07\x0c\xe2|G\x8a2\xe2\xf0\
\xf4\xda\xde\xd8:\x86\x06E\xa5\xc4Z\x95\xfc\xd3\xa2\x5c\
A$\x0eyj\xfc8\xfb\x0a\x0b\x18\xe0L^\xd7\x8e\
\xb8Z\xd5\xf6\x10\xdd\xca\xf0\x84\xdd\xdb\x97X\x00).\
\xb6\xa7R\x85s\xce\x10\xa4\xa4\x89\xe49\x1a3\xc6\xcb\
\x0a}\xba'g\x9c\x0a\xf6\x11\xf6\xa0\xc3x\x86\xd9\xe6\
\xae\xb0;\xcbl=\xd6\x9eY\x92\xa3un\x16\x94\xa4\
\x0f\xc4\x81\x99R|\xe3j\xdeaf~\xc8\xdf\x1c\xbd\
\x81\xc5\xfc*\x5c\xb9`%\xbc\xe1\xf4\xf7f\x06\xb1\x9e\
RI\xf2PI\xf7\xae\xba\xcaUs\x0d\xe1\x13e\xc5\
,b\x96\x8c\xf7(o\xbce\xb9:\x14)&\x1b'\
\xc9@\xc4r T\xd9\xc0\xde\x96\x8e\x1f\xb3a\xa7\xad\
-\xd0\x80_Yr\xd9\xc4\x84\xc0\x94\xac\xc2\xa3\xa4\x11\
\xefXy\xb3\xf5\x9b\x8a\xc6mrO{\x84%*q\
\x01i\x90\x1dJ\xc6\x84L\x1f\xadx\xf9y\xbc\x92\xef\
n\x9f\x5cj\xc4\xe5\xa2p\xb5[\xbe\xd7\x8a\xcd\xf4\x85\
$\x1dc\xff\x00C^\x97\x87\xcb\xed9sg\x8e\xaa\
Qhm\xf6Lj\x17\xa0\xeb]r\xdd\xb1N\xa7-\
\xbb\x0d-;\x14\xc9\x03\x98;\xfeu\xc5\xfc\xad\x95\xaf\
Z2\xed\xf6\xb2\x0e\x95\xa6>2\xd8\x17\xef\x8e\xb0}\
\xablp\x88\xd8\x0b\x8b\x95*\x0aTB\xc6\xc4\x9d+\
Y\x8c#\x06\xe8\xba9\xa7\x91OJ5\xa2\xd9\x05\xd5\
\x11\xce\xab@\x92\xb5\x1d\xeaL\x95%F\x80\xce\xec\xc6\
\xbfJ6\x02\x5c\x88;\xc5N\xcd\x1fs9O\xa5g\
\xb5H\xae\xe2`\xc1\x8d\xab:\xa5\x13\x1fO\x89Z\x10\
6\xf5\xae|\xdbb\xe7\x18\xf0\x05N\x08\xff\x00j\xc5\
\xacG\xf6g~p\xee/\xbb\xb5*\x84\xde1\xa0\x9f\
\xc6\x83?\xa15\xcd\xe6\x9cm\xd7\xe1\xbc\xe9\xd5\x1f\x85\
\xa4\x18\xae\x0c\x9e\x8e4<\x14$\xf8\xa6y\xd76N\
\x88q\xa7\xf2\xe8A\x1eU*\xd0\xa6\xdd\x98 \xf2\xda\
\xa6\xaaA\xec8|\xcdgcH\x92\xb5R\x87\x8bX\
<\xa9\x01kY\x09#\x5c\xd4\xc9\x8c\xb8\xac\xe3}t\
\xa7\x0a\xd4\xad\xaa\x8c\x8e\x9eF\xa9\x09\xabejD\xd1\
BY\x92\xa8\x8d\xa9\xa4cs\x9ai\x98\x94\xcf=:\
\xd0GQ\xa7\xfb\xd23\xa8:y\xd3\xda,(+S\
\xca\x9atu\xb5f\x8f*q\x16hSS\x22\xb4\x95\
\x86B\xd0\xbf\x0cr\xad\xa5s\xd9\xcby\xa0\xd1\xb1\xa4\
g\x17q=\xb7\x04\xf0~;\xc4W\xabKv\x98E\
\x83\xf7\xef-s\x01-\xb6\xa5\x99\x8fNU\xb6\x1c\xd6\
9\xf1\x1f\x9d\x9cO\x1a\x7f\x891+\xacN\xe3(v\
\xed\xf7nHL\xc0.8\xa7\x08\x13\xacfY\xdf\xad\
u\xb9\x83\xc4\x834\x81A1\xa8\xdf\xa52n\x01\xdf\
n\xb4\x11'H\xe9\xca\x8a\xa3j\xd3\xda\x822\xb3;\
\xeb\xed@\xd9\xa8\x1au\xa5`l*\x0c\xc4Pg[\
2t\x1e\xf4$s\x07\xa6\xf1F\x80\xd6\xce\x9e\x94\xc1\
\xcc\xa7\xd0\xd3->\xd96\x81>{E|\xe3\xeb\x8f\
&A\xfdb\x82\xd1A I\x9d\xe9+\xa67 j\
<T\xf4\x9am\xc9\xcd\xa9\x81\xbe\x9c\xa9\xa02\xce\xe0\
\xeb\xe7N\x15F\xbc\xa1\xac\x1aD\x8b\xc4\x9c\x84iU\
\x09I\xc7\x9c\x05\x95\xcc\x93;U^U\x8b\x8d\xde0\
o\xf8\xb1I\x80R\xd5\xb3\xab=\x04\x94\x8dk\xa3\xc1\
\xfc\x9c\xdf&\xeb\x15G\x16\xb5\xf8K\xb2\x90\x00\xd6\xbb\
\x9c\x12\xac\x1c\x16\xe9\xef\xd1\x06\x08\xd2h)#\xbb\xf0\
\xb9*\x09\x9dDV\xd3\x94\xd7B\xc3\x91\xe1\x15\xb4d\
\xb4ZH\xb3@\xe5\x1c\xeby\xd3+\xdbJTu\xa1\
&\xc9\xa66J\x94A\xdfJd\xce\xf3_.\xb4\xf6\
E\x89<\xf4\xf3\xa6E\x01\x1a\xfb\xd3+\xc1\xd6\x92H\
\x93\xa5\x00\xe8\x1d)\xa5\xa7\x15\x950)\x90\x07\x8e\xfc\
\xe8\xd1\xa2\x1f\xf1<\xe7=\x12(\xe8\x90\xf8\x92T\xf3\
O4\xd1\x97H\x07\xc90\xa0A?M)\x9c*\xd6\
\xcaJ\x0eX\x0e\xa5hRO\x22VL\xfb\xd5\xc4W\
\x9c~\xd2\xbc0\xeb\xdd\x9c\x5c\xdf\xdb\xa1\x05ldK\
\x8aQ\xf9\xa5KJ\xc7\xfd\xa9\xdb\xd7\xca\xa7<}\xa5\
\x5c\xbfnY\xc7\xbd\x9e\xd8b\xd8\xad\x9d\x95\xbd\xb3\x96\
\x8b\xb7d,\xbc\x87&XT\x16\xdd\x9eyJL\xcf\
#\x15\x9d\xc6qU\xb7\x12\xe2<\x12\xef\x08\xed\x1a\xee\
\xd1\xbbv\x9aU\xc97-6\x94\xc8\xb9J\xcc%H\
\x07t\xe6I>\x86\xb1\xcb\x0b\x8dT\xe5\xde\xedxI\
\x1d\xa1v\x18\xc5\xf5\xfb'\x10\xbf\xb7\xef\xd2\x86[P\
B\x92\x92\xda\x12\xc03\x12{\xc4\x14\xe6\xf7:\x9a\xe9\
\xc6[\x8e\xaa7\xca\xed\xf6m\xe1\x87\xb1\xae\xc18\xe2\
\xd9V\xcbB.\x8b\xa8\xb7p\xe8\xbf\x13\x09kC\xcc\
%'A\xbe\x84s\xad<8\xdch\xce\xba\x9b\x9c2\
\xd0\xedJ\xc5X\x92\x9cz\xd1\xc4\xe0\xd7`,\x1e\xed\
\xae\xe1L\xa5M\x00tJ\xa1%$\x08\x99\x03Z\xd6\
\xe38\xa8\xf6\xa9^\xce\xf88\xddqv<\x87\xd9h\
\x8c\x02\xee\xd2\xc5%\x90G\xde1\xdeA3\xd1\x0aJ\
t\xd0\xc5id\xda%\xba\xd5z2\xeb\x08M\xcb\xec\
[\xb8!l\xa1\xd4$\x8d\xcc\x88\x1e\xe2)\xee^Q\
\xf6\x06\xeb\x87QrS{\xa8q\xb6\xd2\x85 h3\
N\xa6:\xc8\x06\x95\xe3\x82W\xb0\x84\xfc/\x13\xb2\xac\
\xba\x87^\xd0\x8eq\xaf\xd6\xbc\xbf\x91\x96\x9d>9\xba\
\xbb\xdd\x5c1t\xd9S\x80\x10Rt<\xcdpee\
\x8d\xf4Z.\xbb\xce\x1d\x0d(\xc8m\xd3\x93\xc8e\xd7\
\xf3\xad~6\xd9y\x0e\xe1\x97\x844\xdaVyW\xb7\
\xae\x1ck3\xce\x10\xdbI\x1c\x9b\x1f\x9ds\xe37m\
i@.`\x89\xf4\xae\x88\x80\xae \x92u5`\xd9\
D\xf2\xa0\x9a\xee\xa6\x96\xc1A\x99\x1f\xd2\x8d\x86wQ\
\xd2i\x199`\x8a@\x87f(4}\xc9%Z\xd4\
\xd0\x02\xe4\x18\x8a\x8a\xa8\x83\xc4\x10H?\xa5E\x5cQ\
\xb1\xe4\x11\x9bJ\xe7\xcd\xae.k\x8e\xa7\xc4\xb9\xe7X\
\xb5\xd2\x94\xab\x9f\xe1x\xcd\x95\xf2d\x1bg\xd2\xb2g\
t\xecG\xd0\x9a\xce\xcficl.\xab\xb6\x85\x87\x02\
T\x83(\x22R\xae\xa0\xed^]\x8fRSJV]\
\xcf\xa8\xe9X\xe5\x1bCE\xc5g\xeb\xfb\xd6:m\xb1\
m\xbf\x94\x08\x8a\x85\x0f\xb6|\x9dv\xe4\x05gZ\xc4\
\xdd\xaa\xc9\x89$\xc5\x09\xa3\x94\x832G\xb5\x04d*\
\x17\x00\xc2i\x84\xad\x93\xd2\x91\x1a\x09\xaa\x88MY\xab\
_\xde\x98MZ\xa8\xa93\xb1\x15Q7\xb4\x93\x1e%\
m\x1et\xc8\xe8A'\xf7\xa5\xa5Jq)\x81\x14\xb4\
6PT\x0d(\x22\x81\xe9BKiQD\xa5\x94\x16\
\xda\xa2\x0f*\xd29\xec>\xdb\x95\xa4\xac\xac8\x15U\
\x10\xf2\x0f\xfcR{QO\x04\xfd\x9b?\xf0\xd3\x0f-\
\xacC\x8c/\xdb\xc3\xc0B\x8a\x14m\x9a\x87\x9f3\xd0\
\x84\xa1\x04s\xceEvx\xa7u\xc9\xe5\xbc\xe9\xf2\x0c\
\xb8^R\x96\xb3\x99gs\x00O\xd3J\xdd\x83y\x7f\
:\x12\xde\xdf\xd2\x99\xed\xaf\x9az\xf5\xa4D\x10t\xa6\
f\xd7\xe2\xd7\x95\x14\x1aR\x09\x9e\x86\x88D\x94F\xc7\
j\x032\x18#J(8\xdab(\x1b\x1c\xcf.T\
v\x06\xa2`r\x8a\x01\xe04\xff\x00js\xb2}\xb3\
m\x13\x04\x90k\xe7_[\xa3\x81\x19\xd5\xa6\x91J\xf2\
\xa3\x99T\x95\x10\x06\xfc\xe9\x7fEZ\xe5=i\xa4;\
\xa0\x83\xa2\xb4;E\x00+\xaa\x80\xa3O\xa4\xd4[\xde\
\x19>\xf3J\x12\x12\xfd\xc9J\xf5\x9c\xd5d\xa5q\x02\
\xc2ZY?)\xd6\x9e\xceG>\xe1K3{\xc4\x18\
\xfb\xf9AB-\x9bk^D\xac\x98\xfc\xab\xb3\xe3c\
\xddp\xfc\xbb\xd4Tx\x9a\xc4\x8b\xe5xB\x7fj\xeb\
qD\xcf\x03\xe1\xb9\xde\x04\x80\x07\x9d\x0bw.\x19\xb7\
\xc8\x84\xc0\x92@3Z\xe2\xca\xaf\xb6\x09\x09H\x9d9\
WDf\x9c\xb5_\xdchdk[c\xd3:i\xe7\
`\x9di\xa4\xd1p\xcd1\xa6$\x95*i\xa4\xf3I\
%SK\xa0}  \x09\x00\x9ar\x97G[k4\
SI\xf0\x8fX\x9a6m+STT+\xcb\x8a\xa8\
\x90.\xafEr\xa0}#\xd6%\xd7yj?J`\
\x1b\x89\x08C\xc4\x08\xd1J1\xcc\xc5#\x13j\xc9E\
\xab \xfc\xd9\x04\xc8\xe7\x1a\xd6\x93\xa4Uc\x8e\xb89\
\xbcw\x85\xf1\x1c<\xb4\x95\xb6\xf2\x14\x1bm`\x10\xa5\
\xac\xc9\x91\xd0\x0c\xd4\xf5\xbe\x03\x9a\xe3\x1c/|\xfd\xaf\
\x031\xf0\xe9[W\xb8e\xcaK\xaah\x17\x19Zu\
H\x9e\x8a\x03\xbb\x8e\x8b\xea)z\xear\xaf\xb79\xed\
\x8f\xb1\x8b\xae&\xe1\xfe\x0e\xc40ksy}\x83\xda\
\xaa\xd56\x8c\xf8\x0b\x85\x0e\x87\x1aQQ\x12\x94\xe4Q\
l\x93\xfc\x80Q\x96>\xd8\xf3\xd8\x97\x95\xb7\x89\xb8f\
\xcb\x84xK\x8c\xdb\xb1U\xe5\xc7\x08qv\x04\x9f\xe1\
W-mez\xe1I\xf8v\x81\x12\x9f\xbdI\xd7t\
\x9c\xdc\xaa\xe4\xe2P\x9d\xec\x01\xa4\xdavu\xc5n\xbe\
\xc5\xde\x1dd\xc6\x1bjZ\xc3\x9eYS\x8c\xbc\xf8K\
\x0b-\xaa5\xcd\x92@\xd7U\x93U\x84\xf5\xca'>\
#\xbfc\xdc$\xcd\xa7\x13\xb1yn\x84\x09\xb7\xb5\xb6\
*Y\x0a.w\x00)\x0b\x00\xe9 \x891\xa9\xdf\x95\
\x5c\xe7\x1d#\xaa;\x87\xb8Q8V;\xc5}\xd8\x0e\
#\x11\xb87\x8dw\x84\x8c\xe8tx\xdb'\xfc\xa4\x1d\
\x7f\xd3U\xf8\xa5\x7f\x0e\x83j\xc0m\xa4 \xf8\xbb\xb8\
\xca\xe1\xdc\x8043\xe9QK\xed\xb50\x94\x07\x94\x00\
\x97\x15\x98\x81\xe9\x14\xb6J\x1f\x11a\xce\xdb\xb8\xab\x9b\
q\x95\xe4<\x5c\x055\xcf\xe5\xf1{\xc6\x9e<\xbdO\
X\xdd\x9ca\x9e\xf3)e\xd0!i;O8\xaf.\
\xfc\x5c\xb7\xeb:u\xfe\xa4\xd6\xc6\x8b\x956\xc2X\x83\
\x94\x19\xd6\xbd?\x0f\xc7\x9e8\xe5\xcf?c\xf6\xaf\xc2\
\xd3\xac\x0e\x95\xd9\xad0_;\x99e\x83\xb8-\x815\
\xc72\xe6\xc6\xb4;\xac\x1e\x95\xac\xc8\xb4d\xb275\
{-\x13\xdc\x80t\x1a\xd2\xd95\xdc\xeb\xb4S\xd8h\
4\x22\x05-\x9e\x9a-{Q)\x1a-J\xb6\x8a{\
3.\xb6S@\x02\xfbr\xaa\x9a`.\x90@>U\
\x14\xe2\x12\xfd2\x92EEi\x14n G\xcf\xa1\xdb\
Z\xc3&\xb8\xb9\xae<\xdc\xa9F+\x1a\xda(\xd8\xab\
2\x142\xcc\xcd%t\xe8\xdd\x9f\xe2\x7f\xc5xb\xd3\
2\xa5\xdbq\xf0\xeb\x93\xcd;}DW\x9d\xe5\xe3'\
\xa1\xe3\xbe\xd8\xc4\xfa\xc0 \xc9\x00\xd7.N\x98\x15\xc5\
\x03\xb1\xfc\xab\x1a\xdeC\xa805:TU\xc4\x8d\xb7\
\xcc\x99\xd3\xd3cX\xde[\xc4\xed\x93\xe3'\x8bt\xd4\
\xa6\x8e7!B\x06\x9anj\x93\xa2\x13*N\xd2}\
i\xca4>\xcdG0\xd3/\xbdR\x13\xd6\x93\x12t\
\xf4\xaa\x85S\xb6*\xfc'\x9d1R\xcd$\x10\x00\xa7\
\xa4\x08Jt3\xa5\x03l\x09\x81KJ\xdb\x02u\xde\
\x83\xd9[\x08\xa9/\xec\xa0\x22\x84\xd3\xed\xaaF\xbbU\
\xca\xca\xc1\x08_\x87J\xbd\xb1\xb0\xebFH\x8dMi\
\x19\xe5\xc3\xe3\xa7\xfcJ\xbb`Gj\x7fh\xfb\x9c\x1e\
\xc5\xec\xd8?\x06\xb1\xfc\x19\xb1\x9bG.I\x0e\x5c8\
9Fb\x96\xe7\xff\x00\xa5\x9e\xb5\xe9\xe3\x8f\xae2<\
\xdc\xaf\xb5\xdb\xca\x89N\x9dG\x95R\x0ee1H\x9b\
\xc8H\x9e~t\xc1A\xbd\x06\x9e\xe6\x80J\x9b\xf5\xd2\
\x834[\x93?\x9d\x00\x957#\xa4mA\x13\xdd\xc1\
\xf4\xa0F\x8a&h\xec\x8bCJ\x8d\x04\xff\x00JZ\
1- \x83\xd2\x99\x0amDk\xf9S\x07;\xd0#\
j}\x07\xff\xd9\
"

qt_resource_name = b"\
\x00\x09\
\x0cxT\x88\
\x00n\
\x00e\x00w\x00P\x00r\x00e\x00f\x00i\x00x\
\x00\x16\
\x0d\x95\x90\xa7\
\x004\
\x000\x001\x004\x005\x002\x00_\x004\x009\x000\x003\x004\x000\x00_\x004\x002\x002\
\x005\x00.\x00j\x00p\x00g\
"

qt_resource_struct = b"\
\x00\x00\x00\x00\x00\x02\x00\x00\x00\x01\x00\x00\x00\x01\
\x00\x00\x00\x00\x00\x00\x00\x00\
\x00\x00\x00\x00\x00\x02\x00\x00\x00\x01\x00\x00\x00\x02\
\x00\x00\x00\x00\x00\x00\x00\x00\
\x00\x00\x00\x18\x00\x00\x00\x00\x00\x01\x00\x00\x00\x00\
\x00\x00\x01\x9c!\x9d\xde\x15\
"

def qInitResources():
    QtCore.qRegisterResourceData(0x03, qt_resource_struct, qt_resource_name, qt_resource_data)

def qCleanupResources():
    QtCore.qUnregisterResourceData(0x03, qt_resource_struct, qt_resource_name, qt_resource_data)

qInitResources()
