# Resource object code (Python 3)
# Created by: object code
# Created by: The Resource Compiler for Qt version 6.10.2
# WARNING! All changes made in this file will be lost!

from PySide6 import QtCore

qt_resource_data = b"\
\x00\x00\x1d(\
\xff\
\xd8\xff\xe0\x00\x10JFIF\x00\x01\x01\x00\x00\x01\x00\
\x01\x00\x00\xff\xdb\x00C\x00\x02\x01\x01\x01\x01\x01\x02\x01\
\x01\x01\x02\x02\x02\x02\x02\x04\x03\x02\x02\x02\x02\x05\x04\x04\
\x03\x04\x06\x05\x06\x06\x06\x05\x06\x06\x06\x07\x09\x08\x06\x07\
\x09\x07\x06\x06\x08\x0b\x08\x09\x0a\x0a\x0a\x0a\x0a\x06\x08\x0b\
\x0c\x0b\x0a\x0c\x09\x0a\x0a\x0a\xff\xdb\x00C\x01\x02\x02\x02\
\x02\x02\x02\x05\x03\x03\x05\x0a\x07\x06\x07\x0a\x0a\x0a\x0a\x0a\
\x0a\x0a\x0a\x0a\x0a\x0a\x0a\x0a\x0a\x0a\x0a\x0a\x0a\x0a\x0a\x0a\
\x0a\x0a\x0a\x0a\x0a\x0a\x0a\x0a\x0a\x0a\x0a\x0a\x0a\x0a\x0a\x0a\
\x0a\x0a\x0a\x0a\x0a\x0a\x0a\x0a\x0a\x0a\x0a\x0a\x0a\xff\xc0\x00\
\x11\x08\x00\x8f\x00\x8d\x03\x01\x11\x00\x02\x11\x01\x03\x11\x01\
\xff\xc4\x00\x1f\x00\x00\x01\x05\x01\x01\x01\x01\x01\x01\x00\x00\
\x00\x00\x00\x00\x00\x00\x01\x02\x03\x04\x05\x06\x07\x08\x09\x0a\
\x0b\xff\xc4\x00\xb5\x10\x00\x02\x01\x03\x03\x02\x04\x03\x05\x05\
\x04\x04\x00\x00\x01}\x01\x02\x03\x00\x04\x11\x05\x12!1\
A\x06\x13Qa\x07\x22q\x142\x81\x91\xa1\x08#B\
\xb1\xc1\x15R\xd1\xf0$3br\x82\x09\x0a\x16\x17\x18\
\x19\x1a%&'()*456789:C\
DEFGHIJSTUVWXYZc\
defghijstuvwxyz\x83\
\x84\x85\x86\x87\x88\x89\x8a\x92\x93\x94\x95\x96\x97\x98\x99\x9a\
\xa2\xa3\xa4\xa5\xa6\xa7\xa8\xa9\xaa\xb2\xb3\xb4\xb5\xb6\xb7\xb8\
\xb9\xba\xc2\xc3\xc4\xc5\xc6\xc7\xc8\xc9\xca\xd2\xd3\xd4\xd5\xd6\
\xd7\xd8\xd9\xda\xe1\xe2\xe3\xe4\xe5\xe6\xe7\xe8\xe9\xea\xf1\xf2\
\xf3\xf4\xf5\xf6\xf7\xf8\xf9\xfa\xff\xc4\x00\x1f\x01\x00\x03\x01\
\x01\x01\x01\x01\x01\x01\x01\x01\x00\x00\x00\x00\x00\x00\x01\x02\
\x03\x04\x05\x06\x07\x08\x09\x0a\x0b\xff\xc4\x00\xb5\x11\x00\x02\
\x01\x02\x04\x04\x03\x04\x07\x05\x04\x04\x00\x01\x02w\x00\x01\
\x02\x03\x11\x04\x05!1\x06\x12AQ\x07aq\x13\x22\
2\x81\x08\x14B\x91\xa1\xb1\xc1\x09#3R\xf0\x15b\
r\xd1\x0a\x16$4\xe1%\xf1\x17\x18\x19\x1a&'(\
)*56789:CDEFGHIJ\
STUVWXYZcdefghij\
stuvwxyz\x82\x83\x84\x85\x86\x87\x88\x89\
\x8a\x92\x93\x94\x95\x96\x97\x98\x99\x9a\xa2\xa3\xa4\xa5\xa6\xa7\
\xa8\xa9\xaa\xb2\xb3\xb4\xb5\xb6\xb7\xb8\xb9\xba\xc2\xc3\xc4\xc5\
\xc6\xc7\xc8\xc9\xca\xd2\xd3\xd4\xd5\xd6\xd7\xd8\xd9\xda\xe2\xe3\
\xe4\xe5\xe6\xe7\xe8\xe9\xea\xf2\xf3\xf4\xf5\xf6\xf7\xf8\xf9\xfa\
\xff\xda\x00\x0c\x03\x01\x00\x02\x11\x03\x11\x00?\x00\xf9\xef\
\xfe\x08\xe5\xff\x00\x04\xf7\xf1\xc3\xf8\xfb\xc6wz\xf7\x8c\
4\x9dM'\xd3mZ4\xbc\xb6\xf3D{\x9aC\xc0\
v8\xe0\x8f\xca\xbfU\xca27\x97\xd0\xe6\x9aN\xe7\
\xa1\x86\xa5\x15\x17s\xea?\x13|=\xd0\xbc7\xae]\
\xe87~\x1d\xd2d\x92\xd2\xe1\xa2vM2,\x12\x0e\
3\xf7k\xe9\xe9ap\x95\x173\x82\xfb\x8e\x9feL\
\xce\x1e\x16\xf0\xb6\xef\xf9\x15\xf4\xbe\xbf\xf4\x0d\x8b\xff\x00\
\x89\xad^\x0f\x06\xbe\xc2\xfb\x83\xd9\xd3$\xff\x00\x84[\
\xc2\xe3\xfee}3\xff\x00\x05\xd0\xff\x00\xf14}[\
\x0a\xbe\xc2\xfb\x87\xec\xa9\x87\xfc\x22\xfe\x18\xff\x00\xa1c\
L\xff\x00\xc1t_\xfcM/\xaba\x7f\x91}\xc1\xec\
\xa9\x87\xfc\x22\xfe\x18\xff\x00\xa1cL\xff\x00\xc1t_\
\xfcM\x1fV\xc2\xff\x00\x22\xfb\x83\xd9S\x0f\xf8E\xfc\
1\xff\x00B\xc6\x99\xff\x00\x82\xe8\xbf\xf8\x9a>\xad\x85\
\xfeE\xf7\x07\xb2\xa6\x1f\xf0\x8b\xf8c\xfe\x85\x8d3\xff\
\x00\x05\xd1\x7f\xf14}[\x0b\xfc\x8b\xee\x0feL?\
\xe1\x17\xf0\xc7\xfd\x0b\x1ag\xfe\x0b\xa2\xff\x00\xe2h\xfa\
\xb6\x17\xf9\x17\xdc\x1e\xca\x98\x7f\xc2/\xe1\x8f\xfa\x164\
\xcf\xfc\x17E\xff\x00\xc4\xd1\xf5l/\xf2/\xb8=\x95\
0\xff\x00\x84_\xc3\x1f\xf4,i\x9f\xf8.\x8b\xff\x00\
\x89\xa3\xea\xd8_\xe4_p{*a\xff\x00\x08\xbf\x86\
?\xe8X\xd3?\xf0]\x17\xff\x00\x13G\xd5\xb0\xbf\xc8\
\xbe\xe0\xf6T\xc3\xfe\x11\x7f\x0c\x7f\xd0\xb1\xa6\x7f\xe0\xba\
/\xfe&\x8f\xaba\x7f\x91}\xc1\xec\xa9\x87\xfc\x22\xfe\
\x18\xff\x00\xa1cL\xff\x00\xc1t_\xfcM\x1fV\xc2\
\xff\x00\x22\xfb\x83\xd9S\x0f\xf8E\xfc1\xff\x00B\xc6\
\x99\xff\x00\x82\xe8\xbf\xf8\x9a>\xad\x85\xfeE\xf7\x07\xb2\
\xa6_\xf0\xc7\xc3\x9f\x0ex\x9f^\xb3\xf0\xf5\xb7\x87t\
\xb8\xe4\xbd\xb8X\x92G\xd3\xa2\xda\xa4\x9cd\xfc\xb5\x8d\
l>\x161\xba\x82\xfb\x8aq\xa5c\xe4\xdf\xf8,O\
\xec\x09\xe3\xabo\x8a\x9e\x14\xbe\xd0\xbc[\xa5\xd8\xc7o\
\xa2\xcd,\xf6\xf6pyA\xf6\xb4m\xc8F\x00\x9c\x03\
\xc9\xaf\x8f\xcfr\x87\x8f\x93\x9d(\xd9#\xcf\xad\x08\xad\
b|\xcb\xe1\x8f\xdb\x03\xc0\xf3,\xba\x04\x9e\x17\xd4|\
\xdd%#\xb6\x96O8\x10\xec\xa0\xa1#\xe5\xf5B\x7f\
\x1a\xfc\xe6\xb4=\x9dG\x1e\xc79\xf5\xd7\xc3o\x8b?\
\x11\xfe\x14\xc6\xf7\x7f\x0e|ay\xa4Mym\x0a\x5c\
\xc9g)C\x22\x85\x18\x07\x1dq\x93_\xd0Th\xc6\
xH?$z\xb0IE\x1ff\xf8O\xc7\xdf\x03\xfe\
3\xfc4\xd2\xfc!\xe0\xbb\x88\xb5/\x88\xf7v1I\
z\xcd\x03\x09d\x94\x0c\xcc\xcc\xe4`\x9c\xfb\xf3\x5c\x92\
s\xa5-v,\xe4|M\xe1=\x7f\xc1\xda\xc3\xe8~\
#\xd3\xcd\xbd\xd4h\xae\xf1\x16\x07\x01\xb9\x1d=\x8du\
S\xaa\x9a\x02\xa7\xcb\x8cc\xf4\xab\x01\x9c\xff\x00t\xfe\
U\x0fp\xba\x1c\x98\xe7*\x7f*\xa8\xec\x17B\xfc\xbf\
\xdd\xfd)\x80\x00\xa4\xe3\x1f\xa5\x00;\xcb\x1e\x83\xf2\xa0\
.\x83\xcb\x1e\x83\xf2\xa0\x03\xcb\x1e\x83\xf2\xa0\x03\xcb\x1e\
\x83\xf2\xa0\x03\xcb\x1e\x83\xf2\xa0\x04\xf2\xc7\xa7\xe9@]\
\x1a\x1e\x14\xf0\x8f\x88<k\xab\x9d\x0f\xc3\x16\x06\xea\xe8\
F\x5c\xc6\xae\x17\x03\xd7&\x94\xe6\x92\x0b\xa3\xa2\xf1\x9f\
\xc5O\x82\x7f\x07~\x12k\x1e\x0e\xd6/b\xd2~&\
\xe9\xb6\x925\xa4\x89\x01\xf3\xa2\x9c\x8d\xd10u\x18\x07\
\x91\x83\x9a\xe7\x8f5Y\xe9\xb1-6\xcf\x8d>+\xfc\
R\xf8\x89\xf1Z\xd1\xf5\x0f\x88\xde.\xbb\xd6.-t\
\xf9c\x82k\xc9\x0b\x18\xd4\xa1\xc8\x19\xed\xc0\xfc\xab\xa3\
\x13\x87\x840s\x92\xde\xcc\x99F\xd1g\xe6\x07\x85\xd9\
\x13\xc5\x9e#\x05?\xe6 \x7f\xf4d\xb5\xfc\xff\x00\x8c\
\x7f\xed2<\xbe\xac\xfd!\xb6\xff\x00\x8fX\x7f\xeb\x84\
\x7f\xfa\x00\xaf\xe8l\x1aO\x0d\x0fDz\xd0\xf8Q\xd8\
|\x14\xf8\xbb\xe2\x9f\x82\x1e<\xb6\xf8\x81\xe0\xf1no\
mcuAt\x9b\x93\x0c0x\xad+Q\x84\xe3f\
h\x92h\xfb\x93\xf6|\xf0\xee\x9b\xfbZ|3\x1f\x1c\
>.]y:\x94\xd7R\xc13\xd8\xc9\xe5B\xb1\xc6\
J\x83\x8e\xd8\x0b\xc9\xaf\x1a\xabt\xa7h\x98Tm3\
\xa4\xff\x00\x86~\xfd\x9a\xbf\xe8\xa3\xc5\xff\x00\x83\xc8\xbf\
\xc6\x9f\xb4\xc4\xf6!M\xc8\x07\xec\xff\x00\xfb4\xff\x00\
\xd1G\x8b\xff\x00\x07\x91\x7f\xf1T\x9c\xf1\x1d\x8a\xe6a\
\xff\x00\x0c\xfd\xfb5\x1e\x07\xc4h\xbf\x0dr/\xfe*\
\x85S\x12\xba\x09\xb6\x1f\xf0\xcf\x9f\xb3X\x1c\xfcE\x8f\
\xff\x00\x07\x91\x7f\x8d)T\xc4\xdbD5'qG\xec\
\xf9\xfb5\x83\x9f\xf8X\xd1\x7f\xe0\xf2/\xfe*\xa7\xda\
\xe2\xbb\x14\xdb$\xff\x00\x86~\xfd\x9a\xbf\xe8\xa3E\xff\
\x00\x83\xd8\xbf\xf8\xaa=\xb6+\xb1\x1c\xfeA\xff\x00\x0c\
\xfb\xfb5\xff\x00\xd1E\x8b\xff\x00\x07\x91\x7f\xf1U^\
\xd3\x13\xd8\xab\xb0\xff\x00\x86|\xfd\x9a\xcfO\x88\x91\x7f\
\xe0\xf2/\xfe*\xa9T\xc4\xf6\x13\x93\x03\xfb>~\xcd\
c\xaf\xc4H\xbf\xf0y\x17\xff\x00\x15C\xa9\x89\xec\x1c\
\xccC\xfb?~\xcd@\xe0\xfcF\x8b\xff\x00\x07\x91\x7f\
\xf1U>\xd3\x13\xd8wb\xff\x00\xc3?~\xcdX\xcf\
\xfc,h\xbf\xf0{\x17\xff\x00\x15S\xed\xb1]\x89\xe7\
\xf29/\xda?N\xb3\xfd\x8e>\x1f/\xc6?\x83\xd3\
\x99u7\xbc\x8e\xd9N\xa4|\xd8\x9e):\x90;\x9c\
t5\xb5\x17*\xb5\x14d\x10\x93r\xb1\xf0\xdf\xc5\x9f\
\x89\xbe#\xf8\xc5\xe3\xcb\xdf\x88\x9e+\x8a\x01\x7f\xa8\xed\
\xfb@\xb6M\xa9\xf2\x8c\x0c\x0e\xdc\x0a\xf5!\x05MZ\
(\xe8h\xe4\xf5n4\x8b\xbc\xf1\xfe\x8b/\xfe\x80k\
\x1cc\x7fU\x9d\xfb?\xc8\x89\xfc,\xfc\xdd\xf0\xd0-\
\xe2\xef\x11\xe0\x7f\xcc@\xff\x00\xe8\xc9k\xf9\xf7\x18\x9b\
\xc4\xc8\xf2~\xd3?H\xed\x17u\xac'?\xf2\xc2?\
\xfd\x00W\xf4>\x0b\xfd\xda\x1e\x88\xf5\xe9\xab\xc1\x12\xaa\
\xed\xc9\xcfj\xe9\x96\xc6\xa9h}\xfd\xfb\x18g\xfe\x1d\
\xff\x00\xab\xedb\x0f\xd9\xf5L\x11\xdb\x89k\xc3\xa8\xff\
\x00\xda\xe2\xbc\xcej\xbb\x9f&\x1b\x8b\xbc\x92._\x96\
?\xc6}~\xb5\xf4\x9c\xb0\xec`\x92@..\x88\xc9\
\xba\x7f\xfb\xec\xff\x00\x8d\x1c\xb0\xecj\xa3\xd4>\xd1t\
:]?\xfd\xf6\x7f\xc6\x8eXv\x1b\x8d\xc4Y&S\
\x95\x9d\xc1\xff\x00|\xff\x00\x8d'\x08>\x80\xa3`\xf3\
&'q\x9d\xc9=I\x91\xbf\xc6\xa7\xd9C\xb0\xdam\
\x08^f\xe0\xcc\xff\x00\xf7\xdb\x7f\x8d?g\x0e\xc4\xf2\
\xb0\xcb\xff\x00\xcfi?\xef\xe3\x7f\x8dR\x84\x17B\x96\
\xc1\x99;L\xff\x00\xf7\xf0\xff\x00\x8d\x1c\x90\xec'\x1b\
\xb0\x0d'S3\xff\x00\xdf\xc3\xfe4rC\xb0(\xd8\
p\x96a\xff\x00-\x9f\xf1v\xff\x00\x1a9 \xf4\xb0\
\xde\xa2\xc3qu\xe7'\xfaC\x80]r\x03\xb7<\x8f\
z\xcaq\x84z\x12\xd5\x8f\xab\xff\x00\xe0\xa0\x9f\xf2e\
>\x1c\xf7}4\xf5\xff\x00\xa6K^\x1d'|c\x14\
\x15\xa4|\x10\xcd\xb4\xe3\x15\xec8\x9d\x85Mm\xb7h\
\xf7c\x1f\xf2\xeb'\xfe\x80k\x93\x1c\xad\x84\x9f\xa3\x22\
\xa7\xc0\xcf\xce\x1f\x0a0_\x16\xf8\x93?\xf4\x11o\xfd\
\x19-\x7f=\xe2\xdd\xab\xc8\xf1\x9e\xe7\xe9\x0d\x9f\xfcz\
C\xff\x00\x5c#\xff\x00\xd0\x05\x7fC\xe0\xbf\xdd\xa1\xe8\
\x8ff\x9f\xc0\x89G \xd7WCD\xec}\xfb\xfb\x17\
\x7f\xca?\xf5o\xfa\xf7\xd5?\x94\xb5\xe0\xd5\xff\x00}\
^\xa7%F\xb9\x8f\x92\xbf\xc4\xff\x003_Ld\xc4\
^\x83\xe9A\xb2\xd8Z\x06!`\x08\x07\xbfJi6\
\x03\x82;\x0c\x84o\xca\xa2R\x8cw\x00\xf2\xe4\xff\x00\
\x9em\xf9U]\x002\xb2\x0d\xcc\x84\x0f\xa5+\xa4\x02\
g\x92=)\xda\xc0\x14\x00S[\x83\xd0X\x08\xf3S\
\xfd\xe5\xfeb\xb1\xad\xb9\x0d\xab\x1fX\x7f\xc1A\x0f\xfc\
aG\x873\xfd\xfd;\xff\x00E-|\xf5\x06\xfe\xba\
8+\xc8\xf8!\xfa\xfe\x15\xef\xb3\xa8\xa9\xac\xff\x00\xc8\
\x22\xef\xfe\xbde\xff\x00\xd0\x0dqc\xff\x00\xdc\xe7\xe8\
\xc8\xa9\xf03\xf3\x8b\xc2_\xf25x\x8f\xfe\xc2\x0d\xff\
\x00\xa3%\xaf\xe7\xbcW\xf1\x99\xe3=\xcf\xd2\x1b?\xf8\
\xf4\x87\xfe\xb8G\xff\x00\xa0\x0a\xfe\x86\xc1\x7f\xbbC\xd1\
\x1e\xcd?\x81\x12\x8e\x87\xe9]Ob\xcf\xbf\xbfb\xdf\
\xf9G\xf6\xad\xff\x00^\xfa\xa7\xf2\x92\xbc\x0a\xbf\xef\x91\
\xf58\xaa|g\xc99\x03\xa9\xee\x7f\x99\xaf\xa7%\x80\
\xe8(6[\x05\x03'\xd3!\xfbF\xa7knFV\
K\xa8\x91\xff\x00\xddgU?\xa1\xac\xab\xb7\x1a\x12\x92\
\xe8\x983\xf5C\xc2\xff\x00\xf0K?\xd8\xebR\xf0\xbe\
\x97\xa9\xdd\xf83Q\x92k\xad2\xdei\x9du6\x00\
\xbb\xc4\xac\xc7\x18\xf5&\xbf \xc5q^cN\xab\x82\
\xb6\x8d\x9cUq.\x9b\xb2/\x7f\xc3\xa9\xff\x00c/\
\xfa\x11\xf5?\xfc\x1a\x9f\xf0\xae?\xf5\xc74\xf29\xfe\
\xbbP\xca\xf1\xdf\xfc\x12\xe7\xf6>\xd1|\x0f\xad\xebV\
\x1e\x0a\xd4\x96\xe2\xcbG\xba\xb8\x81\x9bSb\x03\xa4L\
\xcaq\x8fP+\xbf\x05\xc5\x99\x96#\x11\x18J\xdb\xaf\
\xcc\xda\x8e-\xd4\x95\x99\xf9i{\x08\xb7\xbb\x96\x15\xdb\
\xb5eu@\xbd\x80b\x07\xf2\xaf\xd7\xa96\xe9FO\
\xaa;\x93\xba\x22\xab\x18\x1e\x86\x9a\xdcO`\x83\xfdl\
\x7f\xef\x8f\xe6+\x1a\xc6oc\xeb\x0f\xf8(\x1f\xfc\x99\
_\x87?\xde\xd3\xbf\xf4R\xd7\xcfP\xff\x00|\xf9\x9a\
\xd3\xf8\xcf\x82e\xfb\xdf\x85{\xec\xe9eMg\xfeA\
\x17\x7f\xf5\xeb/\xfe\x80k\x8b\x1f\xfe\xe7?FgS\
\xe0g\xe7\x17\x84\xbf\xe4j\xf1\x1f\xfd\x84[\xff\x00F\
K_\xcf\x98\xaf\xe33\xc6{\x9f\xa46\x7f\xf1\xe9\x0f\
\xfdp\x8f\xff\x00@\x15\xfd\x0b\x82\xff\x00v\x87\xa2=\
\x9a\x7f\x02%\x1d\x0f\xd2\xba\x9e\xc5\x9f\x7f~\xc5\xbf\xf2\
\x8f\xed[\xfe\xbd\xf5O\xe5%x5\x7f\xdfW\xa9\xc7\
?\x89\x9f%7o\xc7\xf9\x9a\xfab\xa3\xb0\x94\x14\x14\
\x01gE8\xd6l\xf9\xff\x00\x97\xd8?\xf4jV8\
\x8f\xf7i\xfa0{3\xf7O\xc1j\xc7\xc1\x9a&?\
\xe8\x0bi\x9f\xfb\xf2\x95\xfc\xf5\x98[\xeb2\xf5\x7f\x9b\
<\x9a\xad93W'\xd4\xd7\x9crY\x18\x7f\x13\xbf\
\xe4\x98\xf8\x97\x9f\xf9\x97o\xbf\xf4\x9d\xeb\xd5\xcb\x7f\xde\
\xe1\xea\xbf4u\xe1\xd2\xb9\xf8a\xa8\x7f\xc7\xfc\xff\x00\
\xf5\xf1'\xfe\x86\xd5\xfd\x05C\xf8\x10\xf4G\xaa\xb6!\
\xadF\x14\xd6\xe0,?\xeb\xa3\xff\x00}\x7f\x98\xack\
\x05\x91\xf5\x7f\xfc\x14\x0b\xfeL\xa7\xc3\x9f\xefi\xbf\xfa\
)k\xe7\xa8\x7f\xbe|\xc2\x9f\xc6|\x13/\xde\xfc+\
\xdfgK*k?\xf2\x08\xbb\xff\x00\xafY\x7f\xf4\x03\
\x5cX\xff\x00\xf79\xfa3:\x9f\x03?8\xbc%\xff\
\x00#W\x88\xff\x00\xec\x22\xdf\xfa2Z\xfe|\xc5\x7f\
\x19\x9e3\xdc\xfd!\xb3\xff\x00\x8fH\x7f\xeb\x84\x7f\xfa\
\x00\xaf\xe8\x5c\x17\xfb\xb4=\x11\xec\xd3\xf8\x11(\xe8~\
\x95\xd4\xf6,\xfb\xf7\xf6.\xff\x00\x94~\xea\xdf\xf5\xc3\
T\xfeRW\x81WLb\xf59'\xf13\xe4\xaf\xf1\
?\xcc\xd7\xd2]\x94\x95\x90U\xa1\x85\x00Y\xd1\x7f\xe4\
3g\xff\x00_\xd0\x7f\xe8\xd4\xae|S\xb6\x1a~\x8c\
\x8a\x92\xe5\x89\xfb\xaf\xe0\x81\x9f\x04\xe8\xbf\xf6\x04\xb4\xff\
\x00\xd1\x09_\xcf\x18\xf6\xbe\xb5/S\xc7\x93\xbc\x99\xa1\
\x5c\xd6D4\x921>'s\xf0\xcb\xc4\xbf\xf6.\xdf\
\x7f\xe9;\xd7v\x5c\xff\x00\xdb!\xea\xbf4kE\xea\
~\x18j\x1f\xf1\xff\x008\xcf\xfc\xbcI\xff\x00\xa1\x9a\
\xfe\x83\xc3;\xe1\xe1\xe8\x8fV\x9b\xbcHks@<\
\x0c\xd3[\x89\xec\x10\x1f\xde\xc7\xfe\xf8\xfeb\xb1\xacC\
l\xfa\xc3\xfe\x0a\x07\xc7\xecU\xe1\xc1\xfe\xd6\x9d\xff\x00\
\xa2\x96\xbez\x87\xfb\xe7\xcc\xd2\x9f\xc6|\x13/\xde\xfc\
+\xdfgK*k?\xf2\x08\xbb\xff\x00\xafY\x7f\xf4\
\x03\x5cX\xff\x00\xf79\xfa3\x1a\xce\xd0?8<(\
O\xfc%^\x22 \xff\x00\xccE\xbf\xf4d\xb5\xfc\xf7\
\x8a\xfe3<K\xbb\x9f\xa4v\x7f\xf1\xe9\x0f\xfdp\x8f\
\xff\x00@\x15\xfd\x0d\x82\xff\x00v\x87\xa2=\xda\x7f\x02\
%\x1d\x0f\xd2\xba\x9e\xc5\x9f~\xfe\xc5\xff\x00\xf2\x8f\xdd\
[\xfe\xb8j\x9f\xcaJ\xf0+\x7f\xbe/S\x92\x7f\x13\
>J\xff\x00\x13\xfc\xcd}\x19k`\xad\x16\xc0]\xf0\
\xe7\x875\xdf\x17kv\xbe\x1b\xf0\xd6\x9b%\xe5\xfd\xf4\
\xeb\x0d\x9d\xacC\xe7\x96Bp\x14{\x9a\xce\xb5XQ\
\xa6\xe7&?un\xcfQ\xd2?a\xef\xda\xde=V\
\xd2Y>\x03k\x9bV\xee\x16b!^\x00\x91I=\
}\x05|\xfe3?\xcb\xbd\x8c\xe3\xce\xb6g-j\x91\
j\xc8\xfd\x84\xf0\x94\x13\xd9xOI\xb3\xb9\x88\xa4\xb0\
\xe9V\xd1\xcb\x1buGX\x940?B\x08\xaf\xc4\xf1\
j51\x12i\xe8y\xafV^\xaer^\xa6O\xc4\
\x0b\x1b\xcdK\xe1\xfe\xbf\xa6i\xf6\xcd-\xc5\xc6\x87y\
\x14\x11'Wv\x85\xc2\xa8\xf7$\x81]Y|\xe3\x1c\
\x5c\x5c\x9d\x95\xff\x00SJV\x89\xf8\xfd}\xfb\x0f\xfe\
\xd7mw$\xa3\xe0\x16\xbb\xb6K\x89\x08&%\xe9\xb8\
\x9c\xf5\xaf\xdbp\xd9\xfeW\xec\xe3\x15Ql\x8e\xfau\
b\x95\x8f0\xd74M_\xc3:\xcd\xd7\x87\xf5\xeb\x09\
-ol\xe6h\xaem\xe5\x1f4n\x0e\x0a\x9fpk\
\xdd\xa3V5\xa9\xf3\xc7c\xa54\xf6*\x9eF+U\
\xb8=PB1,|\xff\x00\x18\xfeb\xb1\xacO)\
\xf5\x87\xfc\x14\x0f\x9f\xd8\xab\xc3\x87\xfd\xad7\xff\x00E\
-|\xf5\x0f\xf7\xcf\x99t\xfe3\xe0\x99~\xf7\xe1^\
\xfb:YSY\xff\x00\x90E\xdf\xfdz\xcb\xff\x00\xa0\
\x1a\xe2\xc7\xff\x00\xb9\xcf\xd1\x98\xd6\xf8\x0f\xce\x0f\x0a\x7f\
\xc8\xd5\xe2/\xfb\x08\xb7\xfe\x8c\x96\xbf\x9f1_\xc6g\
\x86\xb7?H\xec\xff\x00\xe3\xd2\x1f\xfa\xe1\x1f\xfe\x80+\
\xfa\x17\x05\xfe\xed\x0fD{\xd4\xfe\x04J:\x1f\xa5u\
=\x8b>\xfd\xfd\x8b\xff\x00\xe5\x1f\xba\xb7\xfdp\xd5?\
\x94\x95\xe0V\xff\x00|^\xa7$\xfe&|\x95\xfe'\
\xf9\x9a\xfa2\xd6\xc1Z-\x80\xdf\xf8Y\xf1\x0bT\xf8\
O\xf1\x17F\xf8\x93\xa2\xe9\xf1\x5c\xdd\xe8\xb7\xe9u\x04\
3p\x8e\xcaA\x00\x9fJ\xe4\xc5\xe1\xa3\x8b\xa6\xe97\
\xba&Q\x83\xdd\x9f\xa9_\xb0W\xed\xa1\xe2?\xda\x93\
\xc2Z\xf7\x88>\x22.\x8d\xa2\xdci\xba\x84v\xf6\xd0\
\xdb^\x88\xc3\xa3\x07\xc9\xc3\x91\xfd\xd1\xf9\xd7\xe49\xee\
S,\xbe\xb7-6\xda8\xea\xd3\xb6\xa8\xfa\x19\x0a\x95\
\x0c\x8c\x18\x11\x90\xc0\xe4\x11\xeb\x91_'6\xdc\xad%\
c\x92Z\x0bR\x88z\x08\xcc\xa8\xa5\xdd\xc2\xaa\x8c\x96\
c\x80\x07\xa95q\xe5N\xc4.kh|\xe9\xfb|\
~\xdb\x9e(\xfd\x96\xf4\x1f\x0fj\x1f\x0e`\xd1\xb5\xa9\
5k\xa9\xa3\xbaY\xef\x03\xf9*\x810F\xc2pN\
\xe3\xd7\xd2\xbe\xab \xc8\xd6>\xa5\xe7&\x91\xdbB\x94\
\xa4\xae\xcf\xcbO\x89\x1e:\xd4\xfe&|@\xd6<\x7f\
\xaa\xdaG\x0d\xc6\xb1\x7f%\xdc\xf1\xc5\xf7Q\x9c\xe4\xa8\
\xcf8\x15\xfb\x0e\x16\x83\xc3RP\xe8\x8fB1Q1\
\xab\xa9nS\xd0!\xe6h\xff\x00\xdf_\xe6+\x1a\xc4\
\xf3#\xeb\x0f\xf8(\x17\xfc\x99W\x87?\xde\xd3\x7f\xf4\
R\xd7\xcfP\xff\x00|\xf9\x95O\xe3>\x09\x97\xef~\
\x15\xef\xb3\xa5\x955\x9f\xf9\x04]\xff\x00\xd7\xac\xbf\xfa\
\x01\xae,\x7f\xfb\x9c\xfd\x19\x8do\x80\xfc\xe0\xf0\xa7\xfc\
\x8d^\x22\xff\x00\xb0\x8b\x7f\xe8\xc9k\xf9\xf3\x15\xfcf\
xks\xf4\x8e\xcf\xfe=!\xff\x00\xae\x11\xff\x00\xe8\
\x02\xbf\xa1p_\xee\xd0\xf4G\xbdO\xe0D\xa3\xa1\xfa\
WS\xd8\xb3\xef\xdf\xd8\xbf\xfeQ\xfb\xab\x7f\xd7\x0dS\
\xf9I^\x05o\xf7\xc5\xearO\xe2g\xc9_\xe2\x7f\
\x99\xaf\xa3-l\x15\xa2\xd8\x07&6\x9c\xd0\x96\xb73\
\x95\xee]\xd0\xfcC\x7f\xa2\xde\xc7qmys\x0cq\
\xdcG$\x91\xdb]<a\x82\xb08;O=+\x87\
\x19\x86\xa1^\x0dr\xdd\xb0QRG\xea\xcf\xeck\xfb\
z\xf8\x17\xf6\x9c\xd6\xa3\xf8]\xe1\xbf\x03\xea\x9am\xd6\
\x91\xa0\xc5$\xf7w\x93\x07\x8eM\x88\x14\xe3\xe5\x1dJ\
\xfa\xd7\xe4y\xe6C[.\xfd\xe4\xfe\xd3v\xb1\xcbV\
\x95\x8f\xa2+\xe4\xf9e{X\xe2k[\x1f7~\xda\
\xdf\xb7\xb7\x82?f\xedR\xfb\xe1\x06\xb9\xe0\xddN\xfa\
\xfbV\xf0\xf4\xad\x05\xed\x9c\xe1R?6=\x83?)\
\xe8\x5cw\xaf\xae\xc8\xb8z\xb6>\xd5\xa3\xd1\xebs\xa6\
\x8d.\xe7\xe5^\xa5\xaa\xeaZ\xbc\xef.\xa1\xa8\xdc\xcc\
\xa6gx\xd6{\x97p\xa0\xb1?\xc4M~\xb9G\x07\
F\x8d%\xca\xac\xd7c\xd0\x8cREm\x83\xd6\xba\xa3\
\x19Z\xec\xa0d\x18<\x9e\x95kq=\x86\xc1\xfe\xb6\
?\xf7\xc7\xf3\x15\x8dc7\xb1\xf5\x87\xfc\x14\x0f\xfeL\
\xaf\xc3\x9f\xefi\xdf\xfa)k\xe7\xa8\x7f\xbe|\xcdi\
\xfcg\xc12\xfd\xef\xc2\xbd\xf6t\xb2\xa6\xb3\xff\x00 \
\x8b\xbf\xfa\xf5\x97\xff\x00@5\xc5\x8f\xff\x00s\x9f\xa3\
1\xad\xf0\x1f\x9c\x1e\x14\xff\x00\x91\xab\xc4_\xf6\x11o\
\xfd\x19-\x7f>b\xbf\x8c\xcf\x0dn~\x91\xd9\xff\x00\
\xc7\xa4?\xf5\xc2?\xfd\x00W\xf4.\x0b\xfd\xda\x1e\x88\
\xf7\xa9\xfc\x08\x94t?J\xea{\x16}\xfb\xfb\x17\xff\
\x00\xca?uo\xfa\xe1\xaa\x7f)+\xc0\xad\xfe\xf8\xbd\
NI\xfcL\xf9+\xfcO\xf35\xf4e\xad\x82\xb4[\
\x00P\x16AR\xe3\xcc\xc3c\x7f\xe1\xc7\xc5_\x89_\
\x085\xc7\xf1\x0f\xc3\x0f\x19^h\xb7\xb3\xc5\xe4\xcfs\
g)Fh\xfb\xaeGnMrc\xb0\x141\xf1\xfd\
\xe2\xd8\x97\x1b\x9fmj\xff\x00\xf0P\xff\x00\x0f\x1f\xd8\
>=\x02\xc3\xe3]\xef\xfc-/\xb0\xa87\x1b%\x13\
\x99w\x1c\xfe\xf3\x18\xe9\x8es_\x9f\x7f\xab\xd5\x7f\xb6\
9\xad\xfb\xbb\x9c\xbe\xc3\xf7\x87\xc4\xdf\x11\xbe-|J\
\xf8\xc3\xae\x0f\x13|P\xf1e\xde\xaf~\xb0\x88\xa3\xb8\
\xbb\x94\xbb*\x0c|\xb9=\xb8\x15\xfa\x06\x03/\xa1\x80\
\x8f\xee\xf4\xb9\xd4\xa3c\x9f\xae\xd5\x14\x8a\x0a`\x14\xd6\
\xe0,?\xeb\xa3\xff\x00}\x7f\x98\xack\x05\x91\xf5\x7f\
\xfc\x14\x0b\xfeL\xa7\xc3\x9f\xefi\xbf\xfa)k\xe7\xa8\
\x7f\xbe|\xc2\x9f\xc6|\x13/\xde\xfc+\xdfgK*\
k?\xf2\x08\xbb\xff\x00\xafY\x7f\xf4\x03\x5cX\xff\x00\
\xf79\xfa3\x1a\xdf\x01\xf9\xc1\xe1O\xf9\x1a\xbcE\xff\
\x00a\x16\xff\x00\xd1\x92\xd7\xf3\xe6+\xf8\xcc\xf0\xd6\xe7\
\xe9\x1d\x9f\xfczC\xff\x00\x5c#\xff\x00\xd0\x05\x7fB\
\xe0\xbf\xdd\xa1\xe8\x8fz\x9f\xc0\x89GC\xf4\xae\xa7\xb1\
g\xdf\xbf\xb1\x7f\xfc\xa3\xf7V\xff\x00\xae\x1a\xa7\xf2\x92\
\xbc\x0a\xdf\xef\x8b\xd4\xe4\x9f\xc4\xcf\x92\xbf\xc4\xff\x003\
_FZ\xd8+E\xb0\x05\x00\x14\x00\x10\x08\xc1\xa4\xd2\
\x96\xe0(g\x07 \xf3\xcf\xebK\x92!e{\x88\x06\
8\xa6\x92\x8e\xc0\x14\xc0(\x00<\x0c\xd3[\x89\xec\x10\
\x1f\xde\xc7\xfe\xf8\xfeb\xb1\xacCl\xfa\xc3\xfe\x0a\x07\
\xc7\xecU\xe1\xc1\xfe\xd6\x9d\xff\x00\xa2\x96\xbez\x87\xfb\
\xe7\xcc\xd2\x9f\xc6|\x13/\xde\xfc+\xdfgK*k\
?\xf2\x08\xbb\xff\x00\xafY\x7f\xf4\x03\x5cX\xff\x00\xf7\
9\xfa3\x1a\xdf\x01\xf9\xc1\xe1O\xf9\x1a\xbcE\xff\x00\
a\x16\xff\x00\xd1\x92\xd7\xf3\xe6+\xf8\xcc\xf0\xd6\xe7\xe9\
\x1d\x9f\xfczC\xff\x00\x5c#\xff\x00\xd0\x05\x7fB\xe0\
\xbf\xdd\xa1\xe8\x8fz\x9f\xc0\x89GC\xf4\xae\xa7\xb1g\
\xdf\xbf\xb1v?\xe1\xdf\xba\xb6\x7f\xe7\x86\xa9\xfc\xa4\xaf\
\x02\xaf\xfb\xe2\xf59%\xf13\xe4\xb3\xe5\x8f\xe2n\xa7\
\xf8\x0f\xad}%\x91I\xe87'\xb4l\x7f\xe05W\
C\x0c\xb0\xff\x00\x96O\xff\x00|\x9aNi\x12\xe5f\
\x19c\xff\x00,\x9f\xfe\xf94)\xa6\x0aWa\xf3\x7f\
\xcf7\xff\x00\xbei\xdd\x0d\xe8\x83/\xff\x00<\x9b\xf2\
4]\x13\xcc\xc3\xe6\xff\x00\x9em\xff\x00|\x9a\x9et\
R\xd5\x06X\x7f\xcb'\xff\x00\xbeM\x1c\xe8NVa\
\x96?\xf2\xc9\xff\x00\xef\x93MM0R\xbb\x03\xb8\x8c\
yo\xff\x00|\xd3\xe6HoT:\xd9\x18\xca\x9b\x81\
\x18u\xea\xbe\xe2\xb2\x9bR%\xc7C\xeb/\xf8(\x22\
\x0f\xf8b\x8f\x0e\x1c\xff\x00\x16\x9b\xff\x00\xa2\x96\xbc:\
1\x8a\xc56:n\xd2>\x07\x98a\x87\xd2\xbd\xab\xdc\
\xeb)\xeb?\xf2\x08\xbb\xff\x00\xafY\x7f\xf4\x03\x5cx\
\xff\x00\xf79\xfa3\x1a\xdf\x01\xf9\xc1\xe1O\xf9\x1a\xbc\
E\xff\x00a\x16\xff\x00\xd1\x92\xd7\xf3\xe6+\xf8\xcc\xf0\
\xd6\xe7\xe9\x1d\x9f\xfczC\xff\x00\x5c#\xff\x00\xd0\x05\
\x7fAa&\x96\x1e\x0b\xc9\x1e\xed6\x94\x11\xd3\xfc-\
\xf8]\xe3\x0f\x8c^1\xb6\xf0/\x81\xac\x92\xe3P\xbb\
Vh\xa3\x92U@UFI\xcb\x10\x05t\xd4\xab\x0a\
p\xe6\x91NJ\xc7\xd6\xbf\x08\xbfi\xdf\x82\x7f\xb0\xbf\
\xc3\xb5\xfd\x9b\xbfi\xbdF[O\x10G,\x97\x17v\
\x16\x96Ou\x13A1%r\xd1\xab)\xca\xb0\xc8\xcf\
z\xf1\xabP\xadZjpZ\x1c\xd2\xf8\x8b\x7f\xf0\xf0\
\xef\xf8&\x08?\xf2\x05\xb7\xff\x00\xc2A\xff\x00\xf8\xd5\
k\xc9\x8b\xee\xcb\x17\xfe\x1e!\xff\x00\x04\xc2\x1c\x8d\x1a\
\x0f\xfc$_\xff\x00\x8dQ\xc9\x8b\xee\xc0k\x7f\xc1D\
\xbf\xe0\x98\xbdF\x8f\x07\xfe\x12/\xff\x00\xc6\xaa],\
d\xb6d5\xa8\x9f\xf0\xf1/\xf8&)\xff\x00\x98D\
\x1f\xf8H\xbf\xff\x00\x1a\xa1R\xc6\xc7\xa8%f\x1f\xf0\
\xf1\x1f\xf8&/\xfd\x02 \xff\x00\xc2I\xff\x00\xf8\xd5\
>Lc\xeaS\xd5\x07\xfc<G\xfe\x09\x8b\xff\x00@\
\x88?\xf0\x92\x7f\xfe5O\xd9c{\xb2- \xff\x00\
\x87\x88\xff\x00\xc11\x7f\xe8\x11\x07\xfe\x12O\xff\x00\xc6\
\xab7G\x1dr\x95\xc0\x7f\xc1D\xbf\xe0\x98\xa3\xfea\
\x10\x7f\xe1$\xff\x00\xfcj\x8fa\x8e\xf3\x13W\x0f\xf8\
x\x97\xfc\x13\x14\xff\x00\xcc\x22\x0f\xfc$_\xff\x00\x8d\
U*8\xd5\xdc\x12\xb3\x0f\xf8x\x8f\xfc\x13\x17\xfe\x81\
\x10\x7f\xe1$\xff\x00\xfcj\xa9\xd3\xc6\xdb\xa9b\xa7\xfc\
\x14C\xfe\x09~d\x1en\x8dny\xe3>\x11s\xff\
\x00\xb4\xab?c\x8e%\xde\xc5/\x8c\x9f\xb4_\xc2\x1f\
\xdb\xf3\xc11\xfe\xcf\xff\x00\xb2\xe6\xa96\xa3\xae\xc1:\
^%\x95\xe5\x93ZE\x1d\xb4C\x07\x0f*\xaa\xf0:\
\x00jcN\xae\x1d\xf3T\x14U\x99\xf2_\xc4\xbf\x86\
\xde*\xf8U\xe3;\xbf\x01x\xc2\xd68\xb5\x1b\x00\xbf\
h\x8e9\x95\xc2\xee\x19\x1f0$\x1e\x0f\xad{\x14&\
\xa7N\xe8\xe9R\xd0\xe5\xb5\x9f\xf9\x04]\xff\x00\xd7\xac\
\xbf\xfa\x01\xae|t\x93\xc2My2*Y\xc1\x9f\x9c\
\x1e\x13\xc7\xfc%^#\x07?\xf2\x11o\xfd\x19-\x7f\
?b\xbf\x8c\xcf\x09\xbbI\x9f\xa7>\x0b\xf0/\x8c\xfc\
q\x07\xd9\xfc\x1b\xe1K\xedVH-\xa3i\x92\xca\xdc\
\xc8P\x15\x18$\x0e\x9d\xeb\xfa\x02\x84\xe3\x1c\x1co\xbd\
\x91\xeeA\xaeT}\x19\xf1\x16\xe7\xe0\x87\xec\x9f\xfb8\
\xda|j\xf8'\xe2\xbb\x1b_\x8b\x1a}\xbc\x11\x5ci\
\xd7Z\x82\xc9$r?\x13\xa3@y\x04zv\xac#\
\xcf^\xa3\x8c\xb6\x09l|=\xf1\xbf\xe3\xd7\xc4?\xda\
'\xc7\xd2\xfcI\xf8\x99y\x04\xfa\xac\xb0$2Io\
\x0f\x96\xa5P\x05Q\x8c\xfa\x01^\x858rRH\x86\
\xaer\x82C\x80@\xc7\xd2\x95\x98\x9d\xc6\x99\x98d`\
S\xe5\x0b\x09\xe6\xb60pj\xe2\x86\x95\x83\xcc?\xdd\
\x14I\x0d\x87\x98\x7f\xba*\x12\xb0\xac\x1ea\xfe\xe8\xad\
\xac0\xf3\x0f\xf7E\x16\x00\xf3\x0f\xf7E\x16\x00\xf3\x0f\
\xf7E\x16\x00\xf3\x0f\xf7E\x16\x01<\xc3\xbd~QI\
\x81\xda|\x04\xfd\xa1~%\xfe\xcd\xfe6>?\xf8W\
\x7fom\xaa5\xa3\xdby\xb70y\x8a#n\xa3\x19\
\xac'IW|\x8cG\xdb>\x0f\x87\xe0w\xed=\xfb\
5\xcd\xf1\xab\xe2o\x8al/>.\xeb\x16\xb3\x04\xd3\
,\xaf\xc2Kq:\x12\xb1*\xdb\xf2r@\x1cw\xae\
\x17\xcfF\xa7*\xd8\xb8\xb3\xe7?\x88>\x06\xf1\x7f\x82\
,&\xb5\xf1\x7f\x86/\xb4\xc9f\xb2\x95\xa3\x8a\xfa\xdc\
\xc6\xcc6\x1eF{V\xd8\xb9BX)\xdb{0\x95\
\xb9Y\xf9\x8f\xe1\x89\x02\xf8\xb7\xc4k\xe5\x9f\xf9\x08\x1f\
\xfd\x19-\x7f?\xe2\xb4\xac\xcf\x12k\xde>\xff\x00\xff\
\x00\x82s\xff\x00\xc1^<W\xf0\x8f\xc5>!h\xfe\
\x0b\xd9\xcc^\xc2\x08\xb7K\xa9\xb4`\x84.3\xcaW\
\xeaY\x16s\xfd\xa9\x05\x09\xb4\x92;\xe9\xd5\xe4\xd0\xe5\
>+\xfcF\x8f\xe2\xa7\xc4\xdf\x10|I\xb8\xb4\xb7\xb3\
\x93\x5c\xd5e\xbb{x\xe6\xdc\x22\xde\xc4\xed\x04\xe3 \
}+\xec\xa3\x88\xc3G\xed\xaf\xbc\xddT\x8d\xf59\xef\
\xb4\xdb\x7f\xcf\xcc\x7f\xf7\xd8\xab\xfa\xde\x17\xf9\xd7\xdeW\
=;\x07\xdam\xbf\xe7\xe6?\xfb\xecQ\xf5\xbc'\xf3\
\xaf\xbcJ\xa4\x03\xed6\xdf\xf3\xf3\x1f\xfd\xf6(\xfa\xde\
\x13\xf9\xd7\xde?i\x11Vh\x18d\x5cG\xff\x00}\
\x8a>\xb7\x85\xfeu\xf7\x87\xb5\x8a\x17\xcc\x80u\xb8\x8f\
\xfe\xfb\x15K\x17\x85\xbf\xc6\xbe\xf1J\xacl'\x9b\x07\
\xfc\xfc\xc5\xff\x00\x7f\x057\x8b\xc2\xdb\xe3_y\x1e\xd6\
!\xe6\xc1\xff\x00?1\x7f\xdf\xc1S\xf5\xcc/\xf3\xaf\
\xbc=\xacE\xf3`\xff\x00\x9f\x98\xff\x00\xef\xe0\xaaX\
\xbc-\xbe5\xf7\x9a{X\x89\xe6\xc1\xff\x00?1\x7f\
\xdf\xc1O\xebxO\xe7_x{X\x8b\xe6\xc1\xff\x00\
?1\xff\x00\xdf\xc1S,^\x17\xf9\xd7\xde)U\x8d\
\x84\xf3`\xff\x00\x9f\x98\xbf\xef\xe0\xa5\xf5\xcc/\xf3\xaf\
\xbc\x8fk\x10\xf3`\xff\x00\x9f\x98\xbf\xef\xe0\xa5\xf5\xbc\
/\xf3\xaf\xbc=\xacC\xcd\x83\xfe~b\xff\x00\xbf\x82\
\x8f\xad\xe1\x7f\x9d}\xe1\xedbu\x7f\x04\xbe(\xa7\xc1\
\xdf\x8a\xda\x17\xc5+[(/\xa7\xd0u\x18\xee\xe3\xb5\
\x96}\x8b)C\x9d\xa5\xb9\xc7N\xb8\xa5:\xf4*S\
\xb4f\xbe\xf4\x1e\xd6&\xcf\xfc\x14K\xfe\x0a\xe1\xe2\xff\
\x00\x8b\xde9\xd0\xbc\xcf\x83\x96v\xa5\xb4\xb9-\xb7\xc7\
\xaa4\x83\x0eQs\xc2v\xaf\x88\xcf3\x98e\xb3t\
\xe0\xeftcV\xaa\xb6\x87\x81xk\xf65\xd3#y\
\xfcE'\x8d&g\xd5\x95.]>\xca\x00\x8c\xb6\xe7\
*>n\xdb\xf1\xf8W\xe5X\x9a\xaa\xb5W&r9\
\xc6\xe6\xf7\xed\x15\xf0\x0b\xc5\x1f\x12\xac4\xcbo\x85i\
i\xa5\xcfm4\x86\xe9\xed\xf6\xdb\xf9\x8a\xc0m\x04\xae\
3\xc8?\x9dU,Ml;\xfd\xdb\xb0s3\xca\x87\
\xecW\xfbI\xfc\xd9\xf1jp\xdf\xf4\x14\x7f\xfe.\xb7\
\xfe\xd1\xc5\xcby\x0a\xecF\xfd\x8b?i!\xff\x003\
r\x8f\xfb\x8a?\xff\x00\x17C\xc7b\xbf\x98CO\xec\
]\xfbG\x03\xff\x00#\x90\xff\x00\xc1\x9b\xff\x00\xf1U\
\x1f_\xc5\x7f0\xd4\x9a\x0f\xf8b\xef\xda;\xfe\x87!\
\xff\x00\x837\xff\x00\xe2\xaa\xd6;\x15o\x88|\xd2\xee\
(\xfd\x8c?h\xf1\xd3\xc6c\xff\x00\x06m\xff\x00\xc5\
Q\xf5\xecO\xf3\x074\xbb\x87\xfc1\x8f\xed!\xff\x00\
C\xa0\xff\x00\xc1\x9b\xff\x00\xf1T\x9e?\x14\xbe\xd0s\
I\xee\x1f\xf0\xc6?\xb4\x87\xfd\x0e\xbf\xf9S\x7f\xfe*\
\x97\xf6\x8e/\xf9\x85q?\xe1\x8c?h\xff\x00\xfa\x1d\
\x07\xfe\x0c\xdf\xff\x00\x8a\xa5\xf5\xfcW\xf3\x05\xc5\x1f\xb1\
\x97\xed\x22?\xe6t\xff\x00\xca\x9b\xff\x00\xf1T\xff\x00\
\xb41\x7f\xcc>f\x1f\xf0\xc6_\xb4\x8f\xfd\x0e\xa3\xff\
\x00\x06o\xff\x00\xc5S\xfe\xd1\xc5\xff\x000s0?\
\xb1\x8f\xed z\xf8\xd3\xff\x00*o\xff\x00\xc5Ry\
\x86-\xfd\xa0\xe6lO\xf8c\x0f\xda?\xfe\x87A\xff\
\x00\x837\xff\x00\xe2\xa9}\x7f\x15\xfc\xc2\xb8\x7f\xc3\x18\
~\xd1\xff\x00\xf4:\x0f\xfc\x19\xbf\xff\x00\x15G\xd7\xf1\
_\xcc\x17\x0f\xf8c\x0f\xda?\xfe\x87A\xff\x00\x837\
\xff\x00\xe2\xa8\xfa\xfe+\xf9\x82\xe2\xc7\xfb\x18\xfe\xd2\x1b\
\x9b\xfe+1\xff\x00\x837\xff\x00\xe2\xaa\x96e\x8c\x8a\
\xd2Avz\xcf\xec\xef\xf0/\xc4>\x01\xd1\xaf\xed\xbe\
*\xda\xd8\xea\x973\xdc#Z\xc9r\x05\xc1\x8d@9\
\x00\xbev\xf2GOJ\xe7\xad\x88\xab_\xe3w\x14\x9b\
\x92=]B\xa2\x84D\x00(\x01@\x18\x00zW;\
\x8an\xe4r\xb3\xff\xd9\
\x00\x03>D\
\xff\
\xd8\xff\xe1\x00\x02\xff\xe1\x00\x02\xff\xdb\x00\x84\x00\x06\x04\
\x05\x06\x05\x04\x06\x06\x05\x06\x07\x07\x06\x08\x0a\x10\x0a\x0a\
\x09\x09\x0a\x14\x0e\x0f\x0c\x10\x17\x14\x18\x18\x17\x14\x16\x16\
\x1a\x1d%\x1f\x1a\x1b#\x1c\x16\x16 , #&'\
)*)\x19\x1f-0-(0%()(\x01\x07\
\x07\x07\x0a\x08\x0a\x13\x0a\x0a\x13(\x1a\x16\x1a(((\
((((((((((((((((\
((((((((((((((((\
(((((((((((((((\xff\
\xc2\x00\x11\x08\x04\x00\x04\x00\x03\x01\x22\x00\x02\x11\x01\x03\
\x11\x01\xff\xc4\x005\x00\x00\x03\x01\x00\x03\x01\x01\x00\x00\
\x00\x00\x00\x00\x00\x00\x00\x00\x01\x02\x03\x04\x06\x07\x05\x08\
\x01\x01\x01\x00\x02\x03\x01\x00\x00\x00\x00\x00\x00\x00\x00\x00\
\x00\x00\x01\x02\x05\x04\x06\x07\x03\xff\xda\x00\x0c\x03\x01\x00\
\x02\x10\x03\x10\x00\x00\x00\xfdR\x00\x00\x00\x00\x00\x00\x00\
\x00\x00\x00\x00\x00\x00\x00\x00\x00\x00\x00\x00\x00\x00\x06b\
\xf88p,\xda\xb8\xdb\x06i\x15Y\x87+*\xc2\xb4\
3f\xc8\x98D\x86\xd5\x98'\x937\xd3\x8d\xa9&(\
\xdfn\x16\xc6\x91\x9eg\x22\xf8\xba\x1b\xe7\x19\x1b\xbe5\
\x9c\xbc\xa7\x0a\xdd\xf1\xdcs'<\xcdL\x03\x97\xa7\x12\
\xe5g\x1d\x1c\xbd8vm<dr\xf6\xf9\xfb\x9b\xae\
,\x9c\xee\xad\xf7\xe8\xed\xfbx\x9f\xb4K\xa0\x16\x00\x00\
\x00\x00\x00\x00\x00\x00\x00\x00\x00\x00\x00\x00\x00\x00\x00\x00\
\x00\x00\x00\x00\x00\x00\x00\x00\x00\x00\x00\x00\x00\x00\x00\x00\
\x00\x00\x00\x00\x00\x00\x01\x81\xa7[\xcb;2T\x19i\
\x87O\x9c\xae\xe9\x9fJ\xe3\xe1\xcb\xef\xcf\xa1r\x93\xbc\
\xe3\xd2\xae\xe3\xdc\xab\xa54\xee\xeb\xab\xe4\xc7\xb5\xae\xb2\
\xee=\xa4\xeb<\x84\xfbo\xae\xe8\x9d\x83O\x81i\xf4\
\xd7\xc8\x93\xec\xed\xf09\x89\xf43\xf9\x8a\xcf\xa9\xa7\xca\
\xd5>\x8e\x5c|\x13\x9d\xa7\xcd\xe4\xa77\x8f\x96'-\
\xf0\xd9\xf4r\x5c{7|g\x1c\xe3\x8dT\x1cr9\
w\x8c\xd31\x13}\xf8\x5c\x91,Y\xbe\xb8\xec\xc6\xbc\
\xff\x00\xbf\xe5\x1d\xcfo\x0e\xf6\xc5\xd4\x04\x00\x00\x00\x00\
\x00\x00\x00\x00\x00\x00\x00\x00\x00\x00\x00\x00\x00\x00\x00\x00\
\x00\x00\x00\x00\x00\x00\x00\x00\x00\x00\x00\x00\x00\x00\x00\x00\
\x00\x000+\xad\xf1\xb1\xb3\x919\xd91\x1eK\x86\xcb\
\x9d\xe4\xc1\xab\xf5\x88\xa9>{6\x85D\x5ccf\x80\
(\x13G\x90\x9b\xe5qCI[h\x974\x22\xa6$\
\x12\x954\x8d\x12:\xce\x92\xd2\x83J\xc6\xcd\xd6I7\
\xae2\xb3\x9a\xb8\xf9'(\xe2\xb5\xe6W\x0d\xc9\xcb|\
2\xcef\xbf9\x9c\xbf\xa3\xd7\xdd\xc3\xf4\x87\xdf\xfc\xc5\
\xef\xfb\x1f0\xfb\xaa_#\xad_O\xee\x16\xbd\xbb_\
\x12\xf6x\xd8\x0b\x00\x00\x00\x00\x00\x00\x00\x00\x00\x00\x00\
\x00\x00\x00\x00\x00\x00\x00\x00\x00\x00\x00\x00\x00\x00\x00\x00\
\x00\x00\x00\x00\x00\x00\x00\x00\x00\xe2\x1au\xc3\x8bQ.\
P0\xf2\x8f\x9e\xd3/<\x93Y\xeb*\x93\xf9\xec!\
\xa9\xc7-\x05Y\x1eW\x12\xa68F\x91@\xca\xd25\
\x84Q\xbe\x22\x07,&\x0d\xa7\x04\x8cW4\x90\xa9*\
\xa5B\x9ds\x85sTM\xa2hv\x13\xa4\xcb)\xb1\
\xb1\x89\xa2\x9523W4}\xbf\x89\xa5\xf9~\x8b\xfb\
\x7f\x9b}\xdfe\xe5_{L\xb6\xe4u\xa7\xd1\xfb\xbe\
+\xdc\xb6\xf1\x1fh6\x01\x00\x00\x00\x00\x00\x00\x00\x00\
\x00\x00\x00\x00\x00\x00\x00\x00\x00\x00\x00\x00\x00\x00\x00\x00\
\x00\x00\x00\x00\x00\x00\x00\x00\x00\x0e)]b\xb1\xb2\xb3\
\xdb#>;\xf1\xbf\x9e\xd9t5Z\xbfZ\x84/\x9f\
9\xdc\xb5\x98\xb5\x0a\xe6\xea&\xd2\xa74T\xd4\x85\xcb\
[\x04\x86zE\xa2\xa9\xc5#\x10\xa4\xeaU\xcc\x175\
R\xaa`\xb8\xd0QR\x1544\xe2Zr\xf2\x5ci\
\x12K\x02\x93\x95\x1a\x0bBIb\xb5\xb5rG\xd1\xf9\
\xc5\xf9~\x92\xfb\xbf\x9a=\xefg\xe5_\x7f:\x9eG\
Z}?\xb8\x12\xf7\x0d<_\xd9\x13@(\x00\x00\x00\
\x00\x00\x00\x00\x00\x00\x00\x00\x00\x00\x00\x00\x00\x00\x00\x00\
\x00\x00\x00\x00\x00\x00\x00\x00\x00\x00\x00\x0e(\xba\xe5\xf1\
\xa8\x91\x1a\xf1+\xc4\xfe{n?L\xb5\xab\xf5\xa5j\
\xbe|\xccF\x99\x156Li\x9a\xbaTH\xe6\x13h\
\xa9\xd30\xa9ul\xa3\x1b\x81\x954\x86\x84\x94+\x8c\
\x9b\x15R\xa4\x99\xa5iJ\xa4\xcd\x5c\xda\xa9T\x22\xa0\
.(\xb8\xa8GRS\x9b\x8cj\x13\xb6\xd9($\xe8\
\xb9\xa9%RJ\xfa\x7f.\xaf\xcb\xf4\x7f\xdb\xfc\xd3\xef\
\x9b?*\xfbZ\xe1\xaf#\xad\x1d;\xb8\xa5\xed\xda\xf9\
\x17\xac\xc6\x80X\x00\x00\x00\x00\x00\x00\x00\x00\x00\x00\x00\
\x00\x00\x00\x00\x00\x00\x00\x00\x00\x00\x00\x00\x00\x00\x00\x00\
\x00qL\xbe\x09\x03\xcbljx\x17\xe1\xdf-\xd6\xbd\
F\xe7W\xea\xd9\x8eq\xe6X\x92\xc0\xe9c@L\xe2\
\xd4\xc8\xa9\xd4\x89\xd2!\x0d\x8f=`Bui\xa8\x85\
ASp\xc8i\xd8\xf4\x80D\xd2\xad\x22\xe2SAq\
\xa5fi\x98\xeaj\x08\xb9\x06\xacQj\xa1\xb6\x19\xed\
\x8c\x09\xb2\xa6\x94E#*\xdbR aSi?O\
\xe7\xeb~\x1e\xff\x00\xd9\xff\x008{\xb6\xcf\xca\xbe\xcc\
\x93\xc8\xebzt\xfe\xdfr\xf6\xbd|\xa7\xd4\xcb\x02\xc0\
\x00\x00\x00\x00\x00\x00\x00\x00\x00\x00\x00\x00\x00\x00\x00\x00\
\x00\x00\x00\x00\x00\x00\x00\x00\x008b\xeb\xcf0%\xd6\
\x9f+_\x05\xf8\xef/\xab\x5cj\xfdZ\x891\xe4\xc0\
\x172\x86E\xa2\x824\x88\x96\xa54\x8a+=s%\
\xa6\xca\xe2\xe6c#K\xa4\xd4\x22\x01nnI\x00\xab\
\x8aH\x1aZ\x15T\x83R\xd3L\xc4J\xeauI\x8a\
\x85u7NZ\x91&[yk\x90\xd3QsH\x86\
\xc0)\x12\xd3\xa7\xbc\x5c\xc6j3M>\xa7\xc8\xab\xf1\
\xfd\x1b\xf6\x7f5{\xd6\xcf\xcb>\xf6\x98\xed\xc8\xebU\
\xd4\xbbd\xcb\xdbt\xf2\xafS(\x0b\x00\x00\x00\x00\x00\
\x00\x00\x00\x00\x00\x00\x00\x00\x00\x00\x00\x00\x00\x00\x00\x00\
\x00\x00\x0e\x09\x97\xc8\xcdT\xa7\x98\xfeo\x1b\xc1\xfe=\
\x83\x9d\xd6\xe6u~\xa9\xac\xadq\xfb\x93\xaf&\xcf\x9f\
;f\xcdP+\xc4j\xb5\xcfS9j\x0aN\x1ci\
\x9dKd\xb4\xaaPAW\x1a\xe5\x02asRE\x08\
\xb6\x9af2\xe4\xe92\x06\x95\xd4^)\x96\xa9\xeb\x0d\
\x14\xdaY\xb9\xb0\x96\x85I\x8f=\x22\x81TRjH\
am\x00K\x1dl\xe3Y\x869\xee\xcc+H\xa8\xfb\
\x1f\x1c\xbf/\xd1\xdd\x87\xf3\x1f\xbfl|\xaf\xee\xcdO\
'\xad\xbf\x83\xf7\xb5\x8e\xd3\xa7\x99\xfaI`X\x00\x00\
\x00\x00\x00\x00\x00\x00\x00\x00\x00\x00\x00\x00\x00\x00\x00\x00\
\x00\x00\x07\xcc4\xf8&4^tO\xc4\xe3\xf8/\x1f\
\xb2r~!z\xdfSZ\x11\x8f\xdbI\xcd\x9ar8\
\xa5\x9a\xc4\x12\xb4\x9b$\x04\x1ae\xb6I\x9a\x98\x18C\
\x8b\xcdMrli\x02\xcbe8\xd3:\x1ax\xaah\
 L\xaa\x96@\xd5\xb5SQ\x98\x0a\xee,\x81\x15M\
P\xd10TX\x93T\xa9R\x11q(\xe6\x8a\x9a\x91\
5EE\xcd42\xb7\xe3\xa6;,(\xbc\xc6\xb5\x03\
\x90\xfb\xdf\x13K\xf0\xfd\x13\xf6\xff\x006{\xb6\xcf\xcb\
>\xfd\xc5\xfd\xfa\xe6\xbf\x03\xef,]\xa2\xfc\xe7\xd12\
\x94\x05\x80\x00\x00\x00\x00\x00\x00\x00\x00\x00\x00\x00\x00\x00\
\x00\x00\x00\x00\x07\xca4\xf8\xb9\xd5b\x9c\x0b\xe0\xf1\xfc\
C\x8d\xd9\xf4\xf8\xf5\x1a\xefP\x1c\xdc\xfbT\xb9\x84\x86\
\xb4\xd0H%w.$n\xa6\xa7J\x848b\xa8&\
\xf3\x06I@\x09\xa6^z\xe4\x89\x82\xdc\x5c\xc4\x83\xaa\
\x9b\x98H-\xab\x8b\x8c\x9a-\xaaT\x99\x80\xae\xe6\x92\
\x00\xb5i5$\xa6\x95\xdcZL\x5c\xaac*4\xcd\
\x1a\x0bnt\xcd\x00j\xc0$\x08c*j\x93\x1a\xd7\
\x0df1\xf4~i~\x7f\xa4\xbe\xdf\xe6_{\xd9y\
gcI\xfdz\xe6\xff\x00\x0f\xed\xf2q\xbfj\xba?\
u\xfa\xe1`X\x00\x00\x00\x00\x00\x00\x00\x00\x00\x00\x00\
\x00\x00\x00\x00\x07\xc95\xf8K:za\xa1\x97Y\xe3\
xw\x1b\xb5NP\xf5\xbe\x9dy\xd1>\x99\x5c\xdb&\
9ILZM\xc4 \xb6\xa9T\x99\xb4Zi.I\
CUq\xa2J\xb8\x04\x85\xb4IN(\xd3;\xc8m\
6Lr!95\xcfX\xb8\xcai\x93\xa5D!\xab\
\xa4$\xa6\x95\xdc\x5c\x9376\x9aE\xa4\x14\x11\xa2\xa3\
5R\xabH\xb4\x22\xe6\x06\xaa\xd7:gci\x95\x1a\
\xe3\x08\x1a\xd2i\x01U\x95R$\xb9r\xbf\xaf\xf2-\
\xf1\xfd\x1b\xd8?3{\xd6\xc7\xcb{'#\x1d\xf2\xeb\
\xdau\xde\xc7r}:\xe9\xbd\xc3\x93\xf3\xa0,\x00\x00\
\x00\x00\x00\x00\x00\x00\x00\x00\x00\x00\x00>\x11\xca\xf8o\
:\x94@\xfa\x9e^'\xc6\xed\xb8`\xd6\xbb\xd3hN\
gQP\xa5\xe7\xae5\x09\x0d\xcb.jl\x91\xb5w\
:c8\xed\xceU\xdarA\xa2\xa5i\xd4F\x99\xe3\
S)jZ\x012\xf2\xd7*\x1d\x81\x96\xd9@\xd35\
C\xb3$\xda\xb6\x9cB\x1a\xd0\xa9 \x1a\xad\x22\xa4\x90\
V\xba\x1a!\x01\xa6vBj\x95\xaa\x83=\x11\x1a*\
\x09hU%\xbaE\xcaKb\xb9bE&\xb6\x22E\
,\xb4\xd7+\x90\xfa_1\xdf\x8f\xe9^\xd3\xf9[\xf4\
O3\xcb\xfb\x1d\xe7\xae]j\xfa\xbfg\x7f\x5c~\x85\
tN\xf5\xf7\xc5\x81`\x00\x00\x00\x00\x00\x00\x00\x00\x00\
\x00\x8f\x94g\xf1\xc8\xadb\xb2#\xa2m\xe1\xfc^\xe1\
q\x9d\xeb\xbd*\x193\xe9\xaej\x89\x9d&U\xb6:\
\x0d9\x0a\x92\xb6\xca\x92\x09\x90\xef=\x174\xd2\xba\x96\
i(\xb8\xd5\xe5dCR\xa6\x91Ejq\xefT\xb9\
\xc5\xc09k\xa6zd\x83Ti)\x09\xaa\xb5\xb1c\
\x12j\xdab\xb2\x1a\xa5(r@\x16\xd3U$\xa1\x93\
\xa4hf\x9a\x1d\xc5\x84\xdcP\xe3HSh\x91\xd2\xba\
\x98\xb2\xa4f\xb2\xe5&\xe1\xb2\xd0JcS\x13n\xef\
:\x19-\x1f\xd5\xf9\x1a\xbe\x7f\xa5\xfb?\xe5\x0f\xd1\xbc\
\xcf,\xec\x8d?\xbfY:\xbfh\xcf\xe8\xfa\xcf\xa0\xf7\
\xdf\xa6,\x00\x00\x00\x00\x00\x00\x00\x00\x04|R~a\
\x95\x12\xf35\xf3\xa9\xf1\xbe\x1fuRW\x03\xd1U*\
\x99\xe7\x1a\xc4\xc8\xb8\xa8y\xd6c\xdb\x1eE\x11HH\
ui\x92$%w.\xd9\xa8\xd2Ai&b-z\
gs\x19ND\xc6\xb4\xaeR\x92t\xa6\x94\xcaZ\x17\
\x5c\xb5\xc9\x18\x9aR\xa9Y\x02\xdd\x072H\xcbm2\
L\xd8-\x8eRAKT\xaa\xc8\x02\x8b\x8dL\x9b\x05\
I\xc2\x8aAq\xa5J\xa9\x15\xcd\x15\x1a\xe4\x16\x9a!\
\xc8\x0a\x96\x90\xd2\x06\xe5\x9b4\xb3\x0al\x1d\x22~\xb7\
\xc9\x1f?\xd3\xbd\x9f\xf2\x7f\xe8\xfew\x96v\x19k\x91\
\xd6o\xacvx\xce}G\xd0\xbb\xeeP\x00\x00\x00\x00\
\x00\x00\x11\xf0\x83\xe4\xa5Ze\xa7\x1d_\x9c\xf1\xbc\x97\
\x87\xde4R\xf8\x1e\x84Mg3\xb4V7=\x12\xa1\
\xd325\x91Z*\xa6\xa4\x92\x82\xd3\x136\x16\xd5#\
\x16zgkN\x0609gW\x16\xc6UH\x81\xad\
\xcb\x94nn\x94\xd4\xe3S\x1d\xb7\x9e\x99\xa0\xd3V\xa9\
$\xb4\xcd#L\xc4\x02\xd3\xd2\x18\xe5I\xcc\xa8k)\
3B\x96\x9c\x99\xb6)J\xac\x96\x90\xea.&YF\
\x99\xd8M\xc1;gEgr+\xcf@\x9a\xcd\x1d*\
-\x5c$\xb9v\xdb\x91\x11.Z@\xacT?\xab\xf2\
i\xf1\xfd5\xd9\x7f)~\x88\xd8ygh\x05\xc9\xeb\
\x07\xc1\xfb\xf9e>\xb9\xd3\xbb\x8a\x80\x00\x00\x00%\xf0\
\xc9\xf8\xf5\x95Q9\xaf#\xca\xf8\x9ea\xc2\xef\x8c'\
\x81\xdf\xee\xa2\xd9)\x00kX\x81\xcd\xad\xc6\x91*\xa4\
)UT\xd4\x0cU\x14!\x04\x85u4\xb9\xb4\xc2\xe3\
D\xcd1U\xad&15\x14\xdaegsk\xbc\xf4\
\x92b\xe1\x93i\x97\x9e\x99\x0d\xa6\xb55\x085K\xa6\
w\x08\xf4R\x9a\xe4\xd1)\xa6V1%\x01\xa2\x02U\
M]K\x89\x11F\x91\xa9\x90\xd0\xae4\x14\xb5\x0d\x8c\
qy\xd1i\xc8\xe6\xa0mU\x5c\x5c\xa442\xb9*\
\xb3\xa0\x860*i&\xf3\xa5\x7fC\xe7\x17\xe3\xfa\x7f\
\xb2~L\xfd\x15\xb0\xf2\xce\xd3\x9dg\xca\xea\xba|\x8f\
\xaf\x96o\xb4un\xd3\x86`\x01\x0f\xad\x13\xc5\xca\xab\
)8\xeb~W\xc0\xf3\xee\x0f\xa04\xce\x0f{\x13\x19\
UL\x80\x0bd\xda@%\xaa\x8b\x12\xa9\x1dM\x0en\
q&:m4\x94\x9d\xcbPLa\x5c\xca^vJ\
\x10\xee(y\xdcQqPM%W\x9e\x94E\xca\x8e\
j\x1c\x5c\x05\xc5\x1agR\x89\x85i\x16\xa1$\xea\x93\
P\x90.\x92\xd2\x02uJ\xa4\x969i1 j\xab\
L\xed3\x02WJ\xec\x85\xa6p\xea4\xb6&\xd2\x8d\
\x09R\xe6B\x8a\xaa\xcfH%\xb0T\x02U1L\xa2\
\x1c\xba\x1b\x04&W\xd2\xf9\xce\xfc\x7fL\xfd\xff\x00\xca\
\xfe\xfd\xb2\xf2\xce\xdb\x22\xe6uw\xc1\xe7K/\xb6u\
\xfe\xc1\xf3|/\x87\xca\xe2QQ\x93,\xfcbz/\
\x03\xd1\x0a\x9a\xe0\xf7v\x9a\xb4Am\xcb\x09i\xc3\xa9\
\xa8\x90(c\x04\xe4w\x15\x17\x17\x01QUM(\x1a\
uBrJ%^\x99\xd1(KMP\x95L\x8a\xe6\
\x84\x9a\x18\xae\x8c\xf4\xcd\x91J\x87\x9d\xc8\xa98\xa9\xd3\
+\x1bL\xdd\xed\x93\x0e+i\x9d\xc5\x22F[\xa6z\
D\x88\x0bm\x84\x90\xd3)4E'E&H\x11u\
\x9dX!C\xa8\xd2\xd9\x1aD\xc6\xb5\x9d\xe7#\xa5U\
EL\xc6@ZNh\xa9p^tK\x1d\xac\x9aD\
\xe5\xab\xa9\xd1\x8a\xfa<\x0a|\x7fF\xf6O\xcb\x9e\xfb\
\xb5\xf2\xee\xd2\x95rz\xd5a\xc8\xd7\x0b\xd7x\xdc\x9e\
=\xc5y\xdf\xa2y\xb7\xcfq\xe3\x8cZ\x7fdu\x15\
2\xa9\xb9\x05K+I\xa1\x01\x8a\xaf;H\x02\xd2\xa5\
\x8ej\x22\xaa]\x5cZ\x84*\xaaMS\x03\x13NQ\
\x02\xb6\xae*L\xd8J\xe9RJ\x15\xa3T!\x82c\
\xa7\x9d\xc4\xa5\xc6\x84\xcdJ\xb6\x83H\xa8A\x85\xbb\xb8\
\xce`\xad&U\x1a\x22QV\xd2\xac\xd1\x0c4\x9a\x92\
FEM\xcaK\x1a\xb6\x84\x95D\xae\x92A2\x8d3\
\xd6\xa6Z\x81\xaa\xa2jB\xa6\x8aU2\x12\xd8\xd5@\
1\xd2\xb9\xa1!\xd2`MH>G\x1fT\x0c\x9c\x9c\
\x8eO\x1b\x0b\xf2\xfd'\xd9\xff\x009~\x8c\xday=\
o;g\xa4\xeb\x1cnG\x1f\xe9\xf3~m\xe8\xfeq\
\xf3\xdc\xf8\xeakO\xec\x8e\xb3\xd2Q0\x075\xacT\
\x00\x82\xaf=\x130\x91\xd4TT\xb8\xab\xbc\xb4\x96\xa4\
V\xb6\x9c\x5c\xb4\x0e\x1dk\x14\x92\x09kU\x0eIr\
-\xdeV\x8a\x5c\xab\xd3+\x01IZeIQP\xb5\
QC\x96\x95\xb9\xa5\xbc\xeeQ\x5c\xd518r\x99q\
y\x93H.jERY\xac\x92\x83N[\x90\x22\x81\
[j\xc9\x1aZ\xa4\xd2SR\xd6\xd8\xe9q\x1cDY\
4\xb2\x80u6\x8e\x5c\xa2\xa9v\xdc\xb8,T\x0d1\
4Si\x90\xaa\x16\xb5\xca\xa4\x01\xa7#\x0b\x96=\x9b\
\xf4\x97\xe7\x0f\xd2\x1c\xff\x006\xe4k\x1a}\xfa\x8fV\
\xe2r\xb8\xbfo\x9a\xf3\x9fF\xf3\x9f\x9e\xe7\xc6\xc1\xe9\
\xbd\x90\xa9\xa5i\xa1\xcdMk.lS]\x8d\xf0\xeb\
\xbd\x97\xd7\xbbw3\xa4y\x07k\xed\xa7#\xac\xfc\x7f\
\xa7\xbd\xfdu\xbc>\xb5\xdc\xa2}<\x87\xa6~\x8f>\
\x1d\x83\xf2\xb2\xf7\x7f$\xe1w\x7f\x89S_\x1d\xe5*\
\x81\x03\xb5\xb4\xe29\x9c?I\xcf]\xd5\x0f\xd15\xcd\
\xe8\xdf\x9b\xe7\xf4Y/\xe7-?D\xee\xbf\x9a\x17\xe9\
\x04\xbf\x9b\x8f\xd2Z\xaf\xe6h\xfd1,\xbf4i\xfa\
Ox\xfc\xc0\xbfN\xc5\xcb\xf3)\xfao\x5c_\x98#\
\xf5\x1e\x0c\xbf1\x1d\xa7\xacq;\xbaW\x9e<\xa7I\
\x97\x22\xb1\x03[\xce\xf3\x80>\xb3\xe5\xf2\xcf[\xee\xdc\
\x9e\xa9\xe1\xdf[\xda\xceO^\xf2\xbe'\xb3\xf1\xb2\xe2\
xw_\xfd#?>\x7f\xe6\x13\xf4'\x9aq\xfb?\
F\x03\x8f\xd8\xf4\x8aL\xa5\x85\xb5SI\x9b\x01\xdc\xdc\
\x91\x9e\x9d\xaf.7O\xd3\xdd\xe7\xef\xd6\xfc \xf7l\
W\xc4\x1f\xb6\xecxl{\x82\x97\xc4Om\x9b|Y\
{\x8f\x19\x97\x8b\xbfe\xe3\xcc\xfc\x90\xef\xbdC\xe7\xb5\
\xe0\xd4V\x1c\xfaoD\x87\xa3c\xc4ZK0\xd0\x92\
\x94\xb6=\xaf\xf4\x87\xe7?\xd1\xdb\x0f5\xde\x95\xf2:\
\x97Q\xc3\x97\xc4\xfa\xe0\xbc\xeb\xd1|\xf3\xe7\xb8\xf1z\
OO\xec\x93I\xb2\xa4\xe6\x00\x0a\x97\xe8\x99\xf0k\xd8\
]m|\x8e\xf5\xc3_\xae\xaf\x01\x11Ze\xa0\xe2\xa2\
\xae\xf1\xb0\xe2r\xa1\x97\x8fy\xd7\xea?$\xe0z\x0f\
\x9d\xcb\x5c\x1e\xf4\x09\xdc\x984\x8fL\xf3/M\xfah\
}v\xa4\xdcy\x06h\x94\xad\xf8\xfb\x98\x12\xc3|5\
\x22\x5c\x8fl6&*\x16\xb7\xe3\xeeV\x1a\xe3/\x84\
\xf5~\xcf\xd6\xb5\x1e\xd4\xe2\xe7\xe5\xb3\x1a\xa0\xce\xe5G\
4Vo\xd5s\xd5\xfc\xcfZ\xd3M\xa7\x94^Zc\
\xf6\xd52Y\xc8\xc3n9U\x9d\x1aEB\xf5\xef\x18\
\xfd\x0f\xc4\xe3v?\xcd\x87g\xea\xfa\xcfR\xa0'\x22\
\x80\xb6F\xa2\xa94\x9fG\xf3\x8fH\xfbh}k|\
6\xdby\x06\x22\x0a\xd3-\x07\x17\x9cUM\x1a\xe7Y\
\x97R\xd7h\xb5\x8d\xe9\xdeK\xfa9\xfc7\xff\x00\x94\
\xb4\xf5\x1f(\xe0zN\xd9\xa5\x8e\xc5\xcd+j\xf3\xb9\
\x8a\xd6wc\xda\xbfE\xfew\xfd\x11\xb0\xf3=\xeek\
\x91\xd5:\xa7\x1b\x93\xc7\xcf\x19\xf3\xdfB\xf3\xdc6\xfe\
,\x87\xa7\xf6ZU\xa4g:f\xa8\x15\x9d\x97\xf4'\
Y\xed[?%\x87/\x93\xd7o\x5c70F3-\
\xf5\xf9<L~\xff\x00~8\x9a\xdf\x96\xd7\x17\x96\x06\
zb\x97\x8e\xa3/\x0d\xe9\xbf\xa2\xbf;\xea\xfd^X\
\xf8\xdd\x99\xb4\xd3?N\xf3\x1fM\xfa\xe8}tF\xe3\
\xc83\x90\x0eG\x1b\x90q\xdc\xda-\x22\xc9\xcfH\x0d\
\xf0\xdc\xcaX\xa6\xf8\xed\x0f\x8f\xc9\xe3\xaf\x84u\xae\xcd\
\xd6\xb4\xfe\xd4MG\xcfeNj\xd7\x9e\x99\x93S\xf5\
\x9f.\xeb\xea\xe9\xed\xbci\xb8\xaf\xae\xafLv\xc5\x15\
*\xb7Lu\xc2\x1b\x1dk\x96\xb8\x80\x07\x17\xf3\xe7\xe9\
^\x99\xc4\xec\xfe\x1a\xe2\xf5\xbe\xabMR\xcc\xd2V\xc2\
E\xe9>k\xe9\x9f~\xbf\xea\xfbc\xae\xdb\xc8\xb0\x00\
\xd2\xf3\xd6\x08\xb4N\x91\xa0M\xca\x8cq\xb2\xb9\xc6\xe9\
f\x92?(\xf5\xb9\xc3\x9b\xf9\x14\xf4\x0e\x81\xad\xf6\x14\
Q9\x8a\xe2\xac\xd3^>\x8c{\x97\xe8_\xcf\x1f\xa1\
y\xfee\xcb\xbc\xb4\xe4u^\xad\xc6\xdb\x1c\xf1\x9f>\
\xf4\x1f>\xc3o\xe2\x83Z\x7fev\xa8y\xdeb\xec\
=w\xd8\xfe\x9aoKNw\x1e;$\xd2V\xb9u\
\x89\xf7\xc7\xc9>?\x17Y\xeacu\xc7\xec\x0b\xb1\xf5\
\xc9\xbf\x0f\xd0\x1d\xab\xf2\xef\xbe\xf3\xfc\xdf\xb3\xe3\xbe\x1c\
\xce\xa8\xc4\xcb\xf0\x8f{\xf3\x8f\x8fa\xf1\xc75\xa9\xf5\
\xda\x03\x1b\x1d\xa3\xab\xbc\xb8\xfe\x9f\xcb\xf2c\xef\xa5\xf4\
\xdd<\xad'\xaeO\x93\xb6\x1e\xbf\xe8\x1f\x99\xff\x00L\
r\xba~\x9ae\xaf/\xabg-\x1c^\x9d\xf7\x7f=\
\xf1;\x8f\xb5\xc7\x8b\x9c~\xc5\xed\x9c\xaf\x0b\xa3\xdb\xe7\
\xc4\x92\xfd\xaf\x95\x9e\xbcn\xca\xe1\xac~\xc5E\xdaE\
JO\xb3\xf9W\xe9\x1e_H\xd3\x1d#c\xe7\x13\xa4\
Yxm\xe6\xd8s;\x07F\xf3\x9b\xe0\xfa7c\xe4\
ul\xfe{_R\xf4_\xcd\x1fC\xed\xa0\xfd1\x87\
\xcb\xfa\x9c\xef<\x00\xbf.F;d\xbe\x15\xd6=\xa7\
\xc7u>\xb7\x88\xcf\x8f`\x86\xd2\x8c\x09\xf4\xbf3\xf4\
\xdf\xbf_\xf5}\x22\xb6\xbeE\x8bN-\xcf\x8c|\xf6\
~\xcf?\x98\x9f\xc3\xb2\xfe\x9d\xdf\xf2\xf6\xc9\xfa`\xfc\
\xcc\xcf\xd3W\xf9\x9b\xef\xe5\xc7\xfd\x07=c\xb3\xfdz\
\xcf#X\xd7\x1f\x8bU\x0c~w\xe5\xef\xd6\x9e)\xf1\
\xed\xde^J\xe0\xfam8\xa2\xb4\x8ba\xdc\xbfA~\
}\xfd\x03\xb0\xf3\x1e^\x9c}\xb9\x1d[\xab\xe4\xe7<\
\x17\x9d\xfa\x1f\x9ea\xb8\xf1v=?\xb1\xce\x98\xdb-\
q\xd3$\x7f\xa6?5\xfe\xa2\xe6tM\xa5\xad\x87\x9f\
gsF?\x9e}\xaf\xf3\xbf\x0b\xbf\x8cz\xfe\xfcR\
\xb5\xcd\x5c\x8b\xb3u\xa6\xe3~\xa9\x8f\x9f\xcf\xdd\xf8\x83\
sY|\xf6\xf9\x1f[\x86\xfa~a9\xdc-'\xba\
Zk\x1f\xaa\x1a\x19R@\xc0\xa4\xd8\xeb\xfac\xf3W\
\xe9nw\x9e^\x91\xaf?\xa2\xf1\xc6\x8f\x85\xf9\xef\xf4\
'\xe7\xbd\x7f\xa4\x00\xf8]\xd8\xd6t\x22n-ze\
\xae(\xa9-m\x05g\xa6L{\xef\xb5t>\xf9\xb5\
\xf1\xf8\x92>\xfa+\xa8\xb3\xaf\xfez\xef\xfd\x07[\xea\
\x85->\x1d\x95+\x82\x0d\x11\xda}\xbf\xf3/\xbes\
z\x0fdM\xf3:&\xd9\x5c\x18~m\xfd1\xe1|\
.\xed\xd6e\x9c\x0fF\x12\xa5i\x86~\x9f\xe5\xfe\xa3\
\xf7\xeb\xde\xadS[O#\xc5\xa6_\x88\xfbw\x88\xf1\
\xbbGEc\xe0\xfa\x85\x5ci\x0av\xc8\x0bi~\xe7\
\xe1|\xef\xae\x8b\xf5.\x9c^_3\xca\xaa4\xcb/\
\x9d\xf5\xce\xc4g\x97\xe4g\xf4\xf2\xd4\xfb\x7f\xcd7\x99\
\xc8Wd\xc7\xb8\xfb\xff\x00\x80{\xf6\xc3\xcc\xb9\x1bq\
\xb7\xe4un\xaf\x1ac\x9e\x07\x9c\xfa7\x9b|\xf7\x1e\
:\x92\xd4{\x22\xb8\xa9\x96\x91j\xe3\xb7\xea\x0f\xcb\x7f\
\xa89\xbd\x07\x917\x9f?\xa1M*:\xaf\x80\xfe\x93\
\xfc\xd9\xc0\xf4\x86\xd2\xe0\xf7M+-\x19$\x22\x9cZ\
z\x0f/\xcc\xe7\xed\xa3\xf4\xfd|\xae\xb2\xf9\xfa\xacy\
rNg\x0c>\x1b\xfd\x13\x9cr@\xed\xa9\xb9I\x01\
[NNG\xe9o\xcd\x9f\xa4\xb9\xfew\xa6\xb9k\xcf\
\xe8\xbcv\x83\xe0\xfe}\xfd\x05\xf9\xf7]\xe9 >\x1f\
u\xbbIdr\xae\xa6\xa0M\x0bH\xa0\x8a\xfaW\x8f\
\xef_[\x8d\xc8\xdd\xf8fi\xcd\xf9\xd8\xbe<\xfbx\
G\xcf\x97\xa8\xf6\xfa\xb8\xd1\xf5SieR\x91z\x87\
\x98v\x7f\xae\x97\xdd\xea4\xday\x05MB?1\xf4\
\xde\xa7\xf1\xdcxzOS\xec\x80\x9b*T\xa4\xcf\xd4\
|\xbb\xd4\xb9\x1d{\xd5i\x1bO$\xc9\xcd%x\x87\
\xb7\xf8\x7f\x1b\xb5t\xa6\xab\x81\xe9\xcfH\xa5I\xcd\xb4\
\xe5\xc8g\xa41\xfd\x15\xdd\xbc\x9f\xd6y\xfe:c\xbf\
\x1f\xeb\xaa\xa2_\xdb\xe7\xe0}C\xd1<\xd7S\xecf\
m|\xb7Z\xb8\xa9;\x8f\xbfx\x0f\xbfl|\xcbm\
q\xdf\x91\xd5\xba\xce<\xae6X\x1eg\xea\x1eO\xf3\
\xdd\xf9*\xda4\xfe\xc54\xe9duf_\xa4\xbf7\
\xfb_'\xa7\xfa\x16[F\xcb\xcc\xa0\xd6+?\x09\xf7\
\x9e/\xc7u\xf9\x80\xec?\x07U\xeb\x83u\x8f\x22\x15\
\x12\xab\x9b\xa9U\x22\xd2D\xa4Q(\x17I\xa4!\xa2\
\xe6l\x86(\xb9i9\xbf\xa4\xff\x007~\x92\xe7\xf9\
\xddk\x8e\xdc\xee\x8b\xc6\xa6\xeb\xae\xfe~\xfd\x0b\xf9\xeb\
_\xe9!\xa4p\xbb\xb3\xd3-\x09\x9a\x16tRR\xdb\
\x0a4\x8dd\xcb\xb7\xf4\xefQ\xfa\xe9=3h{\x8f\
\x1c\x98\xdb\x18\xbe\x87\xdf\xbc\x87\xe3\xbe\xf3\xd6\xe7[\xeb\
\x8f\x5c\xeaV\x88\xa6\x99i\xb7\x1dO\x97\xe9\xbeG\xc6\
\xfa\xbb\x7f\x0d\xd6k;\xf2\xaf\x9d\xcfS\xed\xf9\x95s\
\xf8:_r\x1c\xd4\xfa\xdc\xb8\x17\xa9\xf9w\xa8}\xfa\
\xf7\xab\xc8m<\x92\x06\x19x\xa7\xb9x\xaf\x17\xb4t\
\x85Q\xc1\xf4\xe6\xe2\xeef\xb0\x93Y\x8aI\xce\xa6_\
Y\xf6o\x1e\xf6\x0ew\x91\xd6\x1ba\xf7\xd0\xb4\x8f\xb7\
\xcf\xc8\xfc\xab\xd4\xfc\xabU\xec\x173\x5c}\xfd\xd2.\
=\xd3\xde\xfc\x1b\xdd\xf6>c\xc8\xd3\x0b\xe4\xf5^\xbd\
:\xe5d\xf9\x7f\xa8y\xbf\xcfu\xe3\x97\x9dj=\x8e\
\xa4\xa9FEWu\xe9.\xf0\xff\x00Ss:\xa7c\
\xdb\xf8\xa4\xd22\xf8;\xac\xce'\x92{<\xfc\xb6\xbf\
\x982\xfd=\xd4\xf8\x9d\xd3\xc2k\xb2un/l\xd9\
\xe5\xa6<\x9d\x22B\x9cR\xda\x22(E6IHB\
\xd1%jH\xb0.?C\xf4\x7f\xe7\x1f\xd1\xfc\xef9\
6\x9b\xe7t|F\x1f\x1b\xf3\xcf\xbf\xfe{\xe0zN\
\xf3\x0f\x85\xdd\x8a\x05\xa4H9\xd8\x89n\xa6\x87%{\
W\x88~\x82\xe5t\xff\x00\xbaN\xbb?0\xc8\xcfE\
\xaf\x0b\xf6\xcf\xce\x9cN\xe7\xc7D\xf0}\x1e\xeb=W\
*\xcfPD\x8d\xbcS\xdd\xfb?\x9a\xfa\x8e\xd3\xc6\x9f\
\x15\xeb\xf4\xd5f\xf4\xc0\xf1\x8e\x9d\xdf|\xff\x00O\xec\
\xfbH|\xf6\xc8\xa7l\xfag\x99z\x97\xdb\xafz\x95\
\xa9\xday\x1b\x9b\x93\x1f\x1e\xf6\x9f\x0d\xe3v\x8e\x9f\xaf\
\x1b^\x0f\xa7\xb2)v\x98E\xdeH\xb4\xa1\x87\xbe\xf7\
\xef\x85\xf7v\x1e,\xa0y\xf0f\xa7,\xf1\xf2?+\
\xef\x1d\x17Y\xec\xafLo\xe3\xba\xdaB\xe1\xdf\xfd\xc3\
\xc3\xfd\xbfe\xe5\xb5R\xf9=_\xe2\xc4\xd1^k\xe9\
~i\xf3\xdc\xf8\xdb\x1e\x9f\xd9\x15+R5\xce\x84\xc3\
\xb1{\xe7\xe6>\xdb\xc8\xea^\xf3\x5c>^\xc7\xcct\
\xa5W\x0c\xaaj+l\xb6\x8c:\x9foNG\xe7\x8e\
\xb3\xfa\x9f\xcf\xb8\x9d\xef\xc6W+\x8b\xc2\xef\x0e\xe2\xb1\
\xcd\xa6*\x07\x17\x17) [sS\x08\x9a[@\xc7\
\xe8\xfe\x8f\xfc\xdf\xfa;\x9f\xe7;\x5c\xbewG\xc5\xa0\
\xeb\xff\x00\x9f\x7f@~\x7f\xd7\xfa]4\xf8}\xcd\xdc\
Z\xa9\x12\xd5EQ4\x0b\x5c\xaec\x9f\xe9?\xce_\
\xa5\xb9\xbd\x0a\xeeoa\xe7\xd9+\x95\xf9\xdf\x9c\xfd\xfb\
\xc08\x1e\x8a\xc1\xf1{\xadRq3\xa4\xdb\x174\xa6\
W\x0c{\xef\xb3x_\xbal|\xad\xe1\xbe\x1c\x8e\xb2\
\xdc\xdcy_\x9az\xb7\x94\xea}u\xe9\x9d\xfc{\x05\
\xaa\x89'\xd5|\xa7\xd69=s\xd3\xe6\xa3g\xe5\x13\
QE\xf8G\xbcx?\x17\xb4\xf4\xed3|/L\xd6\
\xb2\xd2Q&\x15\x9b+\xb6q=\xfb\xed\xd5>\xd9'\
/\xcd+\x0d\xb8\xff\x00O\x9b\xcbN\x99y>\x11\xc5\
f\xa7\xdc\xe5\x8b\x1c\xf5y\xea\xc7\xbc\xfb\xa7\x84\xfb\xa6\
\xcf\xcbuq\xaf#\xaa\xfc$\xca\xbf3\xf4\xbf6\xf9\
\xee|i\xa3Q\xecoH\xa6R5+\x05W\x9e\x99\
\xc9\xf7}\xb3\xf3\xbe\xbf~\xbd\xfa\x97\x7f\x14\xf4\xde\x7f\
\x9d}\x9b\xe2\xf2>\x9a\x9d5\xcfI\x8c*\x80\xd3=\
\xf2\xbdW\xc3?J\xfc\xcf\x97a\xfc\xcb]\x83\xe1j\
\xbdQ\xc5N<\x81\x82\xdcR\x12\x02\xe6\xa6\x10\x05\xcb\
V}/\xd1\xbf\x9d?E\xf3\xfc\xe3f\x8eoH\xc9\
\xcd\x1ds\xc0=\xf7\xc0\xb5\xfe\x99M>\x1frw\x17\
2\x99\xa5N\xa6\x84\x85N\xe6\xa6<\xbf\xd1\xdf\x9e\x7f\
Cs\xfc\xe7J\x8a\xe7ty\x86/S\xf0\xefg\xf1\
\x8dw\xa7\x955\xc7\xed\x97Y\xda)dE\xcd\xdb\x9c\
h\x93\xb1{\xef\xe7\xbf\xd0\x9c\xff\x004\xbc9\x1c~\
WOZg\xaa\xf9\xef\x8f\xfbG\x8cj\xbdU\xdc\xd7\
\x1b\xb4i-Tz\xc7\x93z\xcf#\xadzt\x5cl\
\xfc\xa76\x84\xd7\xa1w\xcd\xb0\xe6x\xe3\xf5\xeb\xf9m\
\xbc\x86=\x8e\xe5\xf1\x85\xec\x8d|o\xb5w\xbd\xaf\xc2\
6\xcd\xe7\xa5\xe4\x19\xb9\x8e\xb8k\x86XW\x82\xfa\x9f\
\xe7>/y\xd0O\x87\xe8jU2Zf\x93\xbf{\
\x97\x86\xfb\xa6\xcb\xcb'i9=[\xe2\xd0\x5ck\xcd\
}/\xcd>{\xaf\x1b\x15j}\x8d\xb4\xe6R\xd0\xad\
\xa7\x15\x1ag\x0c\x9aA\x82v\xae\xfb\xe2\xa7\xdbE\xfa\
\x9f\x99\xf9\x8b\xd6y\x9d\x1b\xd1\x97\x1f\x91\xc8\xeb+l\
\xf4\xac&\xa79\xf1\xbc\x07\xf4\xbfP\xf8v\x8f\x06W\
:\x9fUbr\xb5R \x16\xe3L\xe1\x0c.D\x9f\
W\xf4W\xe7\x7f\xd1\x1c\xff\x007\xd9\x5cs\xfaNM\
3\xadx\x1f\xbdx6\xbb\xd3X\x1c>\xe3u7.\
`+\xa4\xea)\x03\xa8\xa6?k\xf4\x07\xe7\xff\x00\x7f\
\xd8y\xad\xe9\x9e\xbc\xce\x97\x80;z\x1f\x8f\xfa\xff\x00\
\x8fk}Q\xb4\xfe\x1d\x9e\xdc\xd9)\xcc;\x8b2\x1c\
\xd9\xf5\xff\x00D~v\xfd\x11\xce\xf3\x8d\xb8\xfb\xe1\xcb\
\xe9k\x5c\xb6^\x91\xe2\xbe\xd9\xe2Z\xbfQ\xd2\xa2\xf8\
\xbd\xafL\xf4\xce\xa3\xd6|\x9b\xd79\x1dk\xd2s\xd2\
6~S\x9bBk\xaeZ,^u\x17\xa6Z,\x08\
J\xd7\x0d\x0bIK\xb1\x9dG#\x85\xaf\x82|\xb6\xdf\
+\xe0\xb3]\xeb\xd4\x0a}\xf3\xd3-\x16X\xd8\xf7\xff\
\x00w\xf0Os\xd9yg0\xc6\xf9\x1d[\xe3M\xc6\
X\xd7\x97\xfa\x97\x94\xfc\xf7~H\x0fS\xecJ\x93\x99\
K\x18TT\xb54\xa2X\x0d\x81*\x84S\xa4\xa7t\
\xf6\xff\x00\xcb=\x8f\x91\xd4\x7fI\xef\xf2~\xb6\xc7\xcd\
x\xd1\xa6\x7fO\x99.\xeb\xc5\xfc\xeb\xf4\x9f\xe7\x0do\
\xa9ME\xf0\xfb[M(&^w\x109\xa0T\x93\
\xec\xfe\x86\xfc\xf5\xfa\x17\x9f\xe6\xbc\x8c\xb5\xc7\x9f\xd2\xe5\
\xa6u_\x08\xf7o\x09\xd6\xfa{h\xe2v\xfd\x04L\
\x84\x05\x93fcT\xda\xa9>\xc7\xe8\x1f\xcf\x9f\xa0\xb6\
>k\xae\xb9_3\xa5aJ\x97\xa0y\x07\xb2x\xd6\
\xbb\xd4\xdb\x9a\xf8v\x8b\xac\xf4\x88W\x22\xd2,\xcd<\
\xec\xfb?\xa2?>~\x84\xe7y\xb5c\xae\x5c\xbe\x9a\
\xb5\xcbe\xe9\x1e+\xec\xbe5\xab\xf5:\xb8\xae7i\
\xd7;\xcc^\xb5\xe4\xbe\xb7\xc8\xeb^\x935\x1bO)\
\xce\x91&\xb4J\xa6\x9a\xd6\xb8\xeed\x93G\xa6:\x16\
\xb3\xeb\xd8\xfd\xfb'\xce\xf3\x1f;\xe2v\xce\xcb\xd5)\
p\xfd\x00\x1194\x9a2\xd7=\x02\xa2\x93\xbb\xfb\x97\
\x87\xfb~\xcb\xcbu\xbc\xb4\xe4\xf5^\x04T\xdco\xc9\
}k\xc8~[\xef*h\xd5z\xf9sS\x22Z\x1d\
\xc5EEJ\xb0e*\x98@\xc1RHT\x8e\xfb\xef\
\xbf\x91\x7fB\xf2z\x07p\xc7l\xb6}\x0e4\xce\xf2\
\xc3?\x0b\xf7^\x97\xf2\xdexV\x99i\xa6\xf6\x16\x84\
\xc9\x8d\x14\xaa!5C\x9a\x84\xfb\xbf\xa1\xff\x00=\xfe\
\x89\xd8y\xa3\xcb\x93\x97;\xa6`\xefC\xa6xO\xbd\
\xf8>\xb7\xd3\xd1O\x87\xdb\xc7Mq(\xb9\x14\x12B\
\x0a\xa6\x94\x9fO\xf4?\xe6\xff\x00\xd2<\xff\x00:\xd3\
L\xf5\xe7t^5\xcd\xafM\xf1\x0f|\xf0=\x7f\xa6\
\xbaO\x8f\xdb\xae\xf3\xb8\x90ASI\x11y\x9d\x9f\xdf\
\xbc7\xdc\xf6>_\x19i\x1c\x9e\xab;e\xa9\xe7~\
E\xea~Y\xa9\xf5\x9a\x07\xf0\xec\x977$z\xe7\x91\
z\xef#\xaczDi\x96\xd3\xcaS\x96s\xbcw\xd7\
\x7f?q;E\xed\xd2\xf4\xe1z\x17r\xe5t]\x18\
v\x1f\xa3\xd2e{\xbf\x03\xae\xe72\xe7p)a\xce\
\x06\xdfK\xca\xa2\xd44\xb6J&\xe0\xaasS\x1e\xf9\
\xed\x9e+\xed[/+\xd2\xe2\xb9=[\x82\x9a\xb2\xbc\
\x7f\xd8<{\xe5\xd8<\xb9\xcb\xd4\xfa\xeb\xa4\x99\x0a\x90\
\x5c^!\x08u.\xb4\xce\xe6Z\x90)T\x890]\
\xbf\xa97\x17\xf5||\xcf\xa7\xb8\xf1<\xeek\xeb\xc7\
\xcf\x83\xcd\xc5\x97\xe6|{/\x5c\xd2\xfbx\xaa>|\
\xc2\x93\xb5\xc5\xc4\x0eYqy\xa7b\xfd\x05\xf9\xf7\xf4\
\x16\xc3\xcc\xb7\xc3\x91\xc7\xe6\xf4\xe8c\xae\x9d\xe1\xde\xe1\
\xe2\x1a\xcfQ*_\x13\xb6\xe94\x99KN\xacN\xa4\
\x14Z\x14?\xd2\xbf\x99\xff\x00D\xf3z\x1f\xd8\xd3-\
6\x1ey\x86\x99\xd5|\xbf\xce\x7f\xa7\x7f2\xf0}\x09\
\xd4W\x0f\xbc\xdd\xe7i\x09\x8a\xa938\xb9OE\xf6\
\x0f6\xf4\xad\xa7\x90\xe5\x15?m\x1a\xd7=\x0f&\xf3\
~\xe5\xd3\xb4\xbe\xc8\xc1\xfc\xf77\x16\x8c\xfdw\xc8\xfd\
w\x93\xd6='\x1d\xb1\xdayL\xb4\xcd|\x07\xdf\xbc\
\x0b\x87\xdb\xfa\xc3\x9b\xd7\xfaiSr\xe6\xdc\xe5nJ\
\x91\xc3\x06MQ7\x04\x89\xb2\xa4+ \x02\xab=&\
=\xfb\xda|O\xda\xf6>U\xa5Er\xba\xc7\x1e*\
./\xc7=\x8b\xc6~=\x8b\xcd*^\xab\xd6\xean\
T\x0f\xad~_&\xfd\x0bo\xa6\xa7\xcdOBk\xe7\
\x95\xe8_\x03\x1f\xbf_\x8a\x9f\x96\xd0\xa4[`\xa1\x0c\
\x02\x92{O\xa1\xf8\xf7\xaf\xec|\x86no\x97\xa0\xc2\
\x19^=\xe7\xde\xb1\xe5\x1a\xbf\x5csS\xc5\xec.\xe2\
\x94\x8aB\xa5t\xa2\xf3N\xcd\xef\xbe\x07\xef\x9c\xff\x00\
1\xe4a\xb6\x1c\xde\x9f54\xbd3\xc4}\xb3\xc4u\
\xbe\xa5U/\x8b\xda\xf4\x9a\x99\x90'V\xe5\xa4\xa6\xa5\
\xb4\x04\xfb\xaf\x84\xfa\xd7'\xa9z=K\xdaynU\
.\xab\xf3\xc7\xe8\x7f\x12\xe2\xf6\xfe\x9dSZ\xff\x00K\
\xad\x22\x88B\xb6\x84\xe39\xa7p\xf7^\xe1\xf2~\xbe\
\xdb\xc40\x96e\xc6W)\x97\x81|\x0d\xb1\xd1\xfb\x89\
qNUE\xccG\xafy\x0f\xaf\xf2z\xc7\xa4c\xbe\
;O)\x8aTi\xe0^\xfd\xe0\x1c>\xdf\xd6I\xad\
\x7f\xa6\xd5\xa6cSL\x80iR\x82\x9c\xbay\xdc\xc6\
m\xab\x93\x9a\x9b&\x90\x95yi'z\xf6\xbf\x11\xf6\
\xed\x97\x95h\xe6\xb9=_\x0c\xb5\xc6\xcb\xf1Oi\xf1\
\x0f\x87d\xf3\xf0z\xbfX\xa4\xd4\xab\xbdtN\xe5\xf4\
\xd5\xfb\xc6\xf8\xeb\xb7\xf1\x8c\x5c\x96W\x98zw\x9b\xfc\
\xb7\x9eG-i\xfd\x81\xd4S*\x10&\x11h.=\
\xe3\xdc|?\xdb\xb9\xfeX\xeb=9\xbd_\x8e\xd0\x9d\
\x13\xc6=\x83\xc7\xb5\xbe\xabr\xd7\x13\xb4\xbb\x8d\x08M\
Z\xae*+=3N\xd1\xef~\x0d\xef[\x1f/\xd7\
\x0d\xf0\xe6u\x19`t\xaf\x13\xf6\xaf\x15\xd6z\xa55\
\x5cn\xd5J\xb3\x95\x89\xdba(\x8aK@I\x9f|\
\xe8\xbd\x87\xe9\xa9\xf7\xe2ks\xe2\xf9\x82\xb3O-\xf5\
>\x97\xf2\xdc\xf8\x9d\xe5z\xafb\xd2\xe2\xcc\x86\xadn\
jL\xbe\xb7\xc8\xef\x7fMo\xb1r\xb8\xfb\xed|c\
\x16\x84\xaf\x8d\xf6zG\xcbc\xe2\xf6-?\xb5\xaa*\
\xd551>\xc1\xe4\x1e\xc1\xc9\xeb\x1e\x91\x8f#\x0d\x9f\
\x94\xc8\xd9\x7f\x9f\xff\x00@~~\xe2w\x0e\xb1sZ\
\xff\x00L\xaa\x8aXu*4\xc2j*\x89qSY\
\x84\xb3*\x5c\x08H!\xaeZ\xa7y\xf6\xcf\x11\xf6\xdd\
\x8f\x95j\xe5\xf2z\xbf\x1f=2\xb2\xbc?\xdc<7\
\xe3\xd9z\x0bOW\xea\xf4\x04\xb3\xf6\xfe%\xcf\x87\xea\
}~w?u\xe1\xb9!e\x85u\x8e\xceNG\xe5\
\x9a\xfb\xdd{M\xed\x95SXrn\x1c\xc3\x05V\x97\
-\xf3\xf5oI\xe0\xf36\xfe,\xf4\xcfO\xae\xbf\x8e\
<\xd7\xca<\xe7\xb0|\x0dO\xb2\xa4\xd7\xc3p\xf4\xcf\
Z\xcd4\xaa\xa6\xa2\xb3\xd34\xed\x9e\xf3\xe0\xfe\xf3\xb2\
\xf2\xea\xcbL\xf9}I\x09\xd7F\xf1of\xf1\x9d_\
\xaa\xd5\xc5\xf1\xbbMEB\xb0K\xaa\x12M!i\xa5\
\x06\xfca\xf2\xfd5\xb7]\xec[\xbf\x0c\xcdT\xe7\xc7\
\xd7\x89\xcb\xceg\xf9\x8dv.\xb9\xa8\xf6\xfd\xdcV<\
\x95.i\xb4\x8c\xfd\x97\xc7\x7fFrzw\xd2\xdb\x1d\
y\xfem\x900\xf2\x9fT\xf0^'j\xf8 \xb5\xbe\
\xa6T\xbbD\x10\xbd\x8b\xc7=\x8b\x93\xd5\xbd+\x0d\xf0\
\xd9\xf9R`_\xe7\xdf\xd0_\x9f\xf8}\xc3\xab\xb6\xf8\
\x1e\x98T5\xda!\xa0\x81P\xe6\xd6\xe4/:\x98I\
%\xb7/,`jU\xbem\x8fz\xf6\xdf\x11\xf6\xed\
\x8f\x95\xe8'\xca\xea\xdcxsa\xe1~\xe5\xe1\x7f\x0e\
\xcd\xd1\x9az\xafV\xb4%\x01\x9e\xe1\xde\xfc/\xdcv\
~F\xa5\x1c\x9e\xbf[c\xb5t\xdf\x0c\xfd?\xd6\xb8\
\xdd\xab\xf3\xfdv\x1e\xb9\xad\xf4\x9b\x97\x18r\x18\xbe\x9d\
\xf9\xf0=\xc7\x93\xdc9\xdes\x9bK\x9b\xd3t\xa8\xa3\
/\x9b\xf4|\xd7\x0d\x97\x94\xd6zi\xbd\xa9$O\xa5\
^z\x10\xaai\xb4\xe0\x96\xa4\xed\xfe\xef\xe1^\xeb\xb2\
\xf2\xc2/.gT\x1b\x9bz\x17\x8d\xfb\x17\x8e\xea\xfd\
Z\xaa/\x8d\xd9\xee\x1a\x99 -\xd6.$\x1auS\
J\x12\x12z\xcf\xa3\xf8O\xb9m<\x9a\x95\xcf+\xac\
\xd2\xa4t\x1f\x1a\xfd7\xe4\xbc>\xf7\xd0\xaa+\x83\xdf\
\x89E\xad\xcfc\xbc\x7f\xb1\xec\x5c^f\xcf\xc8\x96\xf8\
o\xf5\xd5b\xd3^\x07\xe7O[\xf2=g\xa6\xd4\xd4\
\xf1{\x80\xc1R\x19\x9f\xb2x\xe7\xb1\xf2:\xb7\xa4a\
\xb6;?+*(\xd3\xf3\xf7\xe8\x1f\xcf\xbc>\xdf\xd6\
\xb4\xca\xf5\xfe\x97R\xd3)\xa56\xbb\x8a\xa9\x00\x15\xcc\
8\xbc\xc4\x85r\xb1\x09,$4\xc7V=\xe3\xdb|\
C\xdb\xb6^W\xb3\x97\xca\xea\xdcx\xa5dxG\xbb\
\xf8?\xc3\xb4t\xa6\xabU\xea\xa2\xa4\xa5'%~\x83\
\xfc\xf7\xda>\xddw\xdeH\xd7o\xe4\xcf\x5c\xf5\xb8\xe4\
K#\xe5}\x8d\xa7\xdf\xcd\xf1\xf4\xdc\xfe[.\x9f\xdb\
\xb4y\xf07\xce\xb3\xbcY\x10\xba\xb2+\x87\xf9\xcb\xbc\
y\xde\xb7\xd3\x9e\x91|>\xdf\x00\xd9\x15:$&\xad\
*.&o3\xba{\xa7\x86\xfb\x9e\xcb\xca\x96Zg\
\xcb\xea\xa5F\x8b\xe7^C\xeb^K\xab\xf5wq|\
~\xcc\xe2\xa5\x90\xd5\x157\x00\xd3(\x09 \x1d\xaf\xde\
\xbc\x1b\xb4}\xba\xdf\xba,\xb6\xdby%&\xac\xcf-\
\x92\xf4\xee\x93\xed\xb9|w\x9e\x01\xca\xf7'\x86\xc7\xa0\
\xfa\x05i\xf6\xeb\xf8\x03\xcf\x84m\x96\xc9\x8c_I\xf9\
\xf3<\xdb\xe2\xe7\xae\x9b\xda\xe1Q9\x09\xaa&u\xce\
\xa7\xd8\xfcw\xd9\xb9=[\xd0\xf0\xdf\x0d\x97\x95\xe7\xb4\
\xb3_\xcf\xff\x00\xa0?>\xf0\xfb\x7fYc\xe0zc\
\x18\xb3-ZR\xa1 \x18\x9aV[\xe5%gQk\
M\x13-J\x5cRw\x9fn\xf0\xff\x00p\xd9y^\
\xae_+\xaa\xf1\xc4Y\x9f\x83{\xc7\x82\xf1\xfbWN\
\xa9\xad_\xa95J\xd6\x066\xf3\xd2S\xd2}c\xf2\
\xef\xa3s:/\xb1_\x13\x97\xb1\xf3\xee;N\xe2m\
\x96\xa2\xce\xe0w\x1aF\x99\x5c\x90<\xe6\x5c\x8f9^\
C\xc3\xee\xf0\xc7\xae\xf4WI\xac\xb4-T\xd2B\xa9\
WJ\xcc\xe5\xa3\xbc{\x87\x88\xfb\x86\xcb\xca3\xcfX\
\xe5\xf5y\xd2t_0\xf2\x8fU\xf2\xad_\xad:\x8d\
8\xdd\x8d\xe7p\xca\x9c\xba\xd2+\x22\x8c\xc9wY\xc9\
\xa2\x826\x99\x8b=\x8b\xbf\xfed\xf6\xad\x87\x9a\xf7y\
g;\xa5f\xa9&\xd1pH\x05i\x9e\x86#c\xd2\
x\x93>7\xe7\xdf\xad\xd7\xf5>\xaci\x1aq\xfb,\
&\xadw\x1a\x22\xcfL\xe8\xf6?\x1c\xf6\x1eOV\xf4\
n>\xd9l\xbc\xacsF\xbf\x9f\x7fA~|\xe1\xf7\
\x0e\xb3rp=6\xaaX\x93(sQ5*\xdbi\
Lu\xcbL\x83=\x1d\xb9\xab\x8a\x94\x18\xd2\xf3\xb4\xee\
\xfe\xdf\xe1\xfe\xe1\xb2\xf2\xbdZ|\xae\xab\xc5\x07f^\
\x07\xef>\x09\xc7\xed}J\xe2\xf5\x9e\xa2\xd3R\xb6\xaa\
Z\x8b\x81\x03O\xb7\xec^\x0a\xbe\xba?\xd3\xda~}\
\xef\x1c\xee\x8b\xe9\xb7\xd7>\xf7'\xaf\xe9\x09_\x8d\xe9\
\xc5\xf9X\xfd\xfe\xfe~y\xd1~\x1b\xdfZ\xf2~\xaa\
\xf8]\xde\x96\x91\xf0\xecB\x1c\xca\xaaY-\x05\xd4\x88\
HZ\xee.L\xd5\xca\xf7\xafp\xfc\xff\x00\xe8\xfc\xff\
\x006\xee\xb1\xd3NO]\xeeZ\xf4\x8d\xd3\xad\xf9g\
w\xe9:\xefNu\x0f\xe1\xbe\xa8\xa4\xa9\x85^Zg\
.M9\x95E@\xc4\xd7L\xeeX\xd6\xf9]\xc3\xd7\
\xbb\xe7\xe6~\xc5\xcc\xe8\xbe\xf2t\xbe\xd7\xce\xe8\xdc\xf8\
k\xe9\xc4\x90ei\x0ds>\x17\x9d|6\xfe\x89\xe3\
? \xd7z4\x0c\xf8\xf6\x07\xa6tJ\xa4\x1ac\xa0\
\xe1\xc8\xbd\x8b\xc7\xbd\x8b\x95\xd5\xfd\x0e4\xcbg\xe5m\
\xc3\x8d\xbf?{\xf7\x80\xf0\xfb\x7fXh\xe0zaS\
R\x89\xcd\x9a^6\xc6UB\xd2In+2\x89\x0d\
s\x9a3\x02R\x95\xdc{\xb7\xb7\xf8\x7f\xb7\xec\xbc\xb3\
Z\x8a\xe5u^(\xaa\xce7\x82{\xdf\x80\xf1\xfbo\
W\xa8\xbdg\xa7\x82r\xbb\x8a\x96\xe2\xa6UR\xcd`\
,HP\xf98\x17\xe7\xf7W\xc12\xe3rx\xae\xf0\
\xe4\xcae\xfa\x0dZ\xd4\xdcJ9\xa2\x80\xb2@\x97D\
 \x12.\xf2\xb2D\x96\xaa*\xc9\x9ap\xadY2\xd5\
\xad\xaa\x857 \xd5S\xcbl\x97 1\xca\xf3\xd3!\
\xb4\xd6\xe6\xa5/L\xf5\xb8\xb9\xd2\x18\xcf/\x8c0\xed\
\xff\x00\x7f\xcc\xcf\xae\xa3\xd4\xb1\xf3#.7z\xeb\xff\
\x00\x18\xf9\xec3\xa4a\xb3v\xa8\x85B\x9ag\xa2f\
\x06EsA\x170}?\x97w\xe5\xf7+\xe1E\xe2\
\xf6\x05\xd7\xc4\xed\x1d{%>\xb2\x04\xe5\x15\x16\xcb:\
\x9aCHlI\xa4KIo= I\xca\xaa\x92\x13\
E\x1a\xe7l;\xb7\xb7\xf8w\xb8l\xbc\xbb[\x97\xca\
\xea\x9cJ\x1d\x9c?\x03\xf7\xdf\xcf\xfc~\xdd\xd6\xb4\xca\
\xf5~\x9c0V\xe6\xa5\xa8\xa8V\xd0P\xd1,Qu\
,\x91\xc8\xee.\x12e+\x96\xb554\x9aq\xa4\xb9\
\x013BY)\x8a\x5c\xd1\x00\xad\xaa\x9a\x92A\x8e\xb3\
\xd2\xa0\xa8)\xcb\x87-\x05\xc5\xd3\xcbL\xa2\x01\xb3y\
\xe9\x10R\xab\x12\xd6\x22\xb5\xcbk*6\xc5\x8a\x13[\
\x1c\xa4\xb4\x1a!\x99\xb0R\xd3\xb2\x11Ji\x9e\x92g\
4\xb2\xa3\x9d$%\xc9I\x06\x99^hT;u\x12\
\xc7\x15!r)2DQr\xe4qRRH\xb8\xb9\
\x0c\xc5k\x05\x00\x08\xee*\xe3\xdc\xfd\xc7\xc3\xbd\xc7c\
\xe5\xdbT\xbeWT\xcau\xca\xce7X\xedQ>\xff\
\x00\x998\xbe\xef\xe2Z\xcfX\xe25|m\xe9I\xda\
\x95\xc4\xc8r\xcb\x9aP\x80,rK\x01k\x9dB\x02\
\xd6\xd3\x1c\xd4\xd3\x13-4$\x12\xd0\xe5B]\x94\xd5\
\x10\xc6\xa3U$4[w\x1a$M@\xef=\x22P\
QIB\x84\xa5\x18\xd5\xcd\xe7m9\xa9+= \xbd\
p\xd3)\xc9\xce\xe5\x86N\xa5\x95\xaa\x99$b\xdc\xdc\
\xd9*\x95\xb4\x9a\x92XJ\xee*\xc9AJ\xe6\xa1'\
#\x11-F\x99\xd8\xe5Z\xdc1$\x0aW\x1aD\x0d\
 \xe5\x82q\x0c\x02\xa4\x9aI\xa5\x04\xe2X\xb2\x8f\x5c\
\xf9\xef\x97g\xf7\x1e\xb9\xd9v\xbeG\xa5M\xfd\xb4_\
s\xaew\x9f\x9ct\xf3H\xb2:\xc7j\xa9\xc8\xfc\xb5\
\x97\xbc\xf8v\xaf\xd60\xd2/\xe1\xbd\x99\xb8\x95T\xd4\
\xb7\x14\xa0\x11Z'\x22\x1a\x0d%\x92\xc2\x06\xae\xd2j\
i\x8a\xa1\xaaI,-\xa9\xb8\x844S\x0aB\x196\
\x9cJ\x19Z\xc3\xb2P\x05\xcdD\xa74!\xcb\x13\xa4\
\xca\x99T\xa3l\x82\xa2\xc7\x17\x10TUrI\xb6\x04\
\xd4U\x8dD1[j\xa6\xc7,\x0a\x96@\x9b'q\
I\x0a\x81\x5c\x5c\x89T\x08\xa4\xb7\x96\x99\xa2\xa4\xcbM\
$\x88Z\xbc\xed\x8c\xa70\xc1[Y\xda\x84*\xadx\
\xfa\xe7d*L\x93\xa9\x915\xce\xbf:\xf7l{f\
\xcb\xcb\x9a\xb5\xc9\xea\xc7\x06\xfe\xf1\xd8\x80>?[\xef\
\x9d|\xf86\xd5\x98t\xee\xe98\xf2\x7f0\xe7\xee\xfe\
%\xac\xf5~$\xd4\xf1\xf7\xaa\xa6\xd4U\x12\xb1\x11c\
\x9aBeT\xd5H9U\xc6\x89)\x8a\xaah\xb8\xa8\
\x91\x81ZCD\xb4\xd6\x95J\xcb\x0bhi!2Z\
\xd2.\xc9AUSQ\x13P\xa5+\x88\xce\xf3\x87y\
\xdd\x10\xe6SL\xf4G\x176\xc8\x0b\xbe\x99ip\xb8\
\xd3))R\xa4\xd3\x8aLHj\x950\xa8\x05n\x84\
\xe9$'!\xaezR\x9a\xce\x19$^zeM\xcd\
\x97\x22\x91 Wp\xecD\x90\xd2uQp0E&\
\x92\x196\xd4\x9fI\xf3\x9fv\xc7\xb2l\xfc\xb6\xb7\xcb\
^GW\xbf\x99=\x8c; \x00\x00\x01\xf0~'y\
\xebg\xc6\x9a\x94\x8e\xa7\xdc4\x9c\xaf\xcb|\x7ft\xf1\
M_\xacq\xdc\xd7\x1fwYk\x9a\x8d5\xd2\x18\x92\
\xd3Z\x02\x908/=\x09\x04;\xce\xc7\x17\x11Jn\
\xdb\x8a\x8b\x00\x0bNeBw+M$\x0c\x96\xeej\
\xe3\x0d\x16\xbb\x87$\xa2\x976\x89a5*\xb9\xd1\x22\
4\x91\x5ch4\xe6\x93\x97-\xe9\x15f\xf9m\x95\xc6\
\xa5\x90\x084B\xb2jZ\xa6\x9cJj\xda\xd2)\x14\
\xdc\xd4\xe9\x9d\x09\x5cB\x13\xb6\xf2\xd34\x00\xc5\xa3&\
\xe3 +srD\xb5j\xa9eEH\x9ae\x08\xb1\
K\xe7\xbeu\xef\x19\xf6M\x9f\x96gT\xb9\x1de\xf1\
\xe3\xb0\x07c\x00\x00\x00\x00\x00\x03\xac\xfc\x9e\xf9\xd3\xce\
\x16\xb1\xa2q:Gz\xc6r\xbf1\xc7\xb7\xf8\xbe\xaf\
\xd6\xb1\x8a\x5c}\xcaj\xad\xa9\xb8\xc6\xa0t\xd8\x12\xc0\
5\xce\xc8\x01M\x22\x90\x9a\x98*.\x91R&\x06\x91\
\xa6d\xd2.V\x80\x86\x94\xba\xb0\xb8\xa4\x16\xd5MI\
\x9e\x99\xe8\xb9\xcb\x9cP\x9a\xb9=r\xd1&4\xceS\
L\xb5G4\xad\xcd\x8e,y\xd9\xcb\x89\xab-TH\
&d\xb5S\x8cD\xe9R\x02\xc0\xaa\xd7\xa2s\x18B\
\xb4\xa8\xb2\xa2\x94\x92\xaa\x17L\xb5\xce&\x91Z\x00\xc6\
\x01-VwQ\x14\x81\xcd@\xaa\x01\xa7`?\xaa\xf8\
\xc7\xb8\xeb\xf6\xb6\x9eZ\xf6\x8d>\xfdj8q\xd9\x0d\
>\xf8\x00\x00\x00\x00\x00\x00\x00\x01\xd3s\xee\xbd0\xe1\
\xce\x99\xd9\x1d/\xbb\xbcy\x7f\x98\xb1\xf6?\x1f\xd5z\
\xd6W7\xf0\xdc\x11\xaej&-\xa6\xa4M\x0bNj\
\xa5\x05\xb5qR$\xd2\xba\x8bB\x5c\x8d\xc8\xba\xc5B\
\x0dR\xdew\x04\xb9k\xa8\x08\x90UVvgqk\
\x90\xd6(Ldi\x1a$F\x90N\x99\xd9r\xe2\xd2\
\xa6\xe4qsW\xa6ZY\xaet\xa4\x9d\x22\xf29\xbc\
\xc5y\xb8\xb5S\x19\xd4in\x9a\xe1\xab\x0ca\xab\x92\
\xd3:\x80pY\x22m\x86\x99\xa1 \xcb@lbi\
*\xb8\xa2dJ\x5c\xb4sp\x92\xeb\xec\xdf\x8c{\x9d\
\xfd\x8d\xa7\x95\xaa\x1f\xdf\xaeW\x1b.\xca_\xde\x00\x00\
\x00\x00\x00\x00\x00\x00\x00\x02h:&]\xfb\xa2\x99i\
5\x5c^\x8f\xde\xb2\xc7\x97\xf9\x9c\xf5\x8f(\xd4\xfa\xe2\
\x8b\x9f\x96\xd4\x18\xc9\xc6\x93\x8a.j\xdai\x12\xda*\
\xa6\xd2\x15%Zg\xa2(\xa4\x0dR\xb5P\x8a\xe6\x8a\
\xce\xe1e\xb4\xba\xcb)Vt6\x81i\x9dI\x9ad\
\xb9\xb0\xb5\xda\xd10Z\xabs\xba\xa8\xcet\x92.*\
.\x1c\xd5i\x96\xa6\x91q\x96,\x14k.H\x06\xba\
$$T\x0bu\x9d\xc9(\x9b^\x99\xe8\x929\x1a\x96\
i\x9e\x98\xc9I\xa2\xc6\x89B\xa6\x8a\x88U4\xc6!\
7\xf6\xef\xc3\x0fo\xdf\xea\xed|\xaff\xd7\xdf\xae\xce\
\x18\xf6x}\x80\x00\x00\x00\x00\x00\x00\x00\x00\x00\x00\x00\
\x00\xcf@\xf3\xbe_s\xe9\xa7\x15\x5c\xd9\x8fI\xefU\
\x877\xf3\x06~\xad\xe5z\xaf\x5c\x00\xf8\xedjjT\
\xa8uC\x22\x1av\xd5\xc5I\x02\x15\xdai\x03\x95w\
6\x84Z\x22\xe6\xd5\xc5\xc5\x89S\x95\xc6\xb3BlJ\
\xa6T\x89)',\x01\x92\xf6\x8d\xe68\x9ag\x90\xd2\
5L\xe6\xe6^=\x0edE\xcc\x1a\xc6\x95\xa4k\x19\
c\x0c\x16\xd5F1\x01m\xcai\x9d'iS\xa4\x91\
,\x0a\x9a\x12\xd2\x09\x1a*6\xc9\x04\xc1\xb4\xe2%\x94\
R\x07\x9d\x89.\xfe\xd6\x5cc\xda\xf9?Ki\xe5\x91\
c\xfb\xf5\xedx\x1av(;\x00\x00\x00\x00\x00\x00\x00\
\x00\x00\x00\x00\x00\x00\x00\x00\x18n\x1e|\xbb\xc7B4\
\xd64\xb3\x89\xe6\xde\x9b\x86\x1c\xff\x00\xcc\xef\xd4\xbc\xb7\
S\xebd\xb3\xe5\xb4U5m*\x88\x01[\xa8\x94\x92\
\xc1K\x9bL\xd5\x16\x95:\xa6j\xa4.4\x14\xd0K\
\x19Q\xb6P\x98Uc\xae\x13!$\xb6\x9b&\x95\xd9\
z\xe5\xac\xc4\xce\xe1\x0b\x8b\xa8e/\x16\x9c\xcc\xdc\x82\
\x9aEI\xc9\xcd\xceX\xa6\x8bt\x07\x8c\xc8\x97m\x0e\
lI\xa9]MD\x89\xd1Si*\xa4\x10EMB\
\x02v\xda\x1ad&6\x9c\x92\xcf\xb7\x9f\xc3oq\xe3\
\xfd\xad\xa7\x94Tk\x9f\xdf@\xf8o\xb4A\xf7\xc0\x00\
\x00\x00\x00\x00\x00\x00\x00\x00\x00\x00\x00\x00\x00\x00\x00\x0e\
? <\xf3n\xe1\xd0\x8d\xe2\xe6\xcc<\xc7\xd5+\x0d\
\x97\xe5\xf3\xd3<\xcfS\xebeM\xfc\xf6.*e\x1a\
\x16\xd5H\x84\xcb&\xaaEPi\x9d\xa2%[W\x9e\
\xa9)\xc9jin\x0aIU\x82\xe9\x93\xcf\x1c\x8a\x8a\
\xb6\xda\x12\xb4\xcbk\x1bC\x16H\x93\xb6:\x0a\xa6E\
\x9e\xf9\xcc\xf3MKDQ\xa9*\xcd\x1a*\xe2\xa6B\
S[T\xb2\x92\x9cE\xb9\xd0\xcd\xa2B\xe2\xc9M\x02\
J\xdds\xb8D\xc0m4\x85E+\x8e\xc6\xe3\xd7\xb5\
/\xa7\xb5\xf2\x93I\xaf\xbe\x83_\x97\xca\xec\xd1\xc7\xec\
\x80\x00\x00\x00\x00\x00\x00\x00\x00\x00\x00\x00\x00\x00\x00\x00\
\x00\x00\x00\x00py\xc1\xe7\x8b\xb9tcmgZ\xe0\
\xf9/\xb0c\xf3\xd9~e\xd3\xbf\xf9\xfe\xa7\xd6\xdci\
\x9e\x1b\x06\x0eZ\x96\xad\x9aM(\x02\x1b\x9bn\xa2\xe4\
\x86\x9a\xddE\x22\x8a\xce+L\x9d\xba\xc2\xcdif\xf1\
Rqj\xa8q\xa2${q\xf9\x17\x1d\x04\xee37\
\x0bU4\x12\x80QR\xe452b\x0bN\x0d\xdez\
e.)1\x94\xc5\xb6\x94\xc6RV\xd6\x99hJ@\
\x5cY)\xc8\xd0\x97Ip\x89\xd4\xc3\xa1\xd9\x99\x7fw\
.;\xf7\x1d>\x9e\xd3\xca2[O\xdbC\x08\xecA\
\xf7@\x00\x00\x00\x00\x00\x00\x00\x00\x00\x00\x00\x00\x00\x00\
\x00\x00\x00\x00\x00\x00\x00\x0f\x9b\xf4\x83\xcc\xbe\x97f\xea\
$\x94\x8c\xbc\xa7\xd7#\xe7\xb3\xfc\xc9\x1d\xe3\xa4\xea\xbd\
qT\xd6\x1c\xe6\x0a\xd4\x0ceD&\xc5\xa6\x16B\x14\
U\xe7\xa4L\xb9\x0b\xca\x8eNX\xc5\xbb\xe5/\x1by\
T\x8a\xe6\x96\xa2\xe1+ev\x03W\x14\x92[\xb9\xb4\
\xc9\xa4\xb29\x99H(\x1c\xd2\xd49Mt\xc3Z\xdb\
;\x9b\x82@\xb6\x85$\x02d\xee.\xc8\x09\x96\xaa*\
\xc6\x80I\xc9\xa4i\x9a\x5c\xca\x8dk\x1e\xd1\x9f\x1e=\
\xcb\x0f\xa1\xb4\xf2\x8d\xf4\xe3o\xf6\xd0\xed\xc7\xe3\xf6\x82\
\xbe\xd0\x00\x00\x00\x00\x00\x00\x00\x00\x00\x00\x00\x00\x00\x00\
\x00\x00\x00\x00\x00\x00\x00\x00\x00\x00\x1f\x17\xed\x07\x98s\
;gO7\xad\x03\x85\xe3\x9e\xd5\xc3\xf9\xed\x7f4>\
\xdd\xd4\xb5^\xbbP\xd6\x1c\xb4\xc1n/1\xe9\x9b4\
$D=\xab#\x5c\xc8\x92q\xaa\xa1\xca\xe4-U\x17\
\x02j\x9c\x8a4tYd\xab5\x8a\x88U.\xaa\xa2\
\xcc\xc6\x12\xc22\x96\xa6J\xa5\xc5EH\xf4\xcbJ\xe4\
)2\xc5\x09\xc3U5\x00+\xb8\xb4\xcd\xda'L\xf5\
BH\x1apk\x9d\xc2\x01\xd9\xaf\x1b\x1fq\x7fKm\
\xe5YY_m\x09\xa6=\xa6\x0f\xb0\x00\x00\x00\x00\x00\
\x00\x00\x00\x00\x00\x00\x00\x00\x00\x00\x00\x00\x00\x00\x00\x00\
\x00\x00\x00\x00\x00\x00u\xfe\xc0\x1eq\xf4~\xbfYN\
Lh\x97\x81\xe3\x1e\xed\x87\xcfq\xf9\x80\xed=cS\
\xebqJ\xb1\xe5Vu2\xa6\x11b,+=)\xb9\
Fy\xd4\xca\xa9)P\xe6\xd7qeK\x88T\xb44\
\x9d#,P\x89t\x9a\x99\x10;j\xf3w\x14\x81X\
\x88\xc19\xc7*\x15\x095N\xa2\x93g\x15\x94L\x92\
\xd5D!\x15[c\xa5\x8aE\x06\x98\xea\x12M\x5c9\
M\xb2\xae\xc6\xe3c\xee\x07\xd0\xdbyN\x9a+\xfbh\
\xb2\xdb\x0e\xd3!\xf5\xc1@\x00\x00\x00\x00\x00\x00\x00\x00\
\x00\x00\x00\x00\x00\x00\x00\x00\x00\x00\x00\x00\x00\x00\x00\x00\
\x00\x00\x00\x00:\xe7c\x0f9\xe5\xfd?\x86\x9c\xbdr\
\xa3\xe6xo\xbf\xf0>[\xdf\xcdO\xef\xfc\x1dW\xac\
\x91K\x1eB\x18\xa4\xdc\xc2\xa9\xa2\xa3Lj\x1aR\x82\
1 \x15\xdewD\xd4\x95\xaez\xd9P\xe4\x04\xcd&\
\xe5\x10\xa4\xb0\x08am\x09\xc9\x84\xe9\x9c\xc8\xa9\xa8\x13\
AI\xd5\xb9h\xc1Y\xaeu(\x84\xedw\x9d\x89$\
UEH\x09X3\xed\xde?7\xdat\xe7m\xbc\xa0\
(\xfbh\x9e\x9av4_L%\x00\x00\x00\x00\x00\x00\
\x00\x00\x00\x00\x00\x00\x00\x00\x00\x00\x00\x00\x00\x00\x00\x00\
\x00\x00\x00\x00\x00\x00\x00\x00\x00\x0e\xa5\xdbC\xcey\xfb\
|\xa4\xe4\x12\x97\xe7x_\xe8O\x9f\xf1\xec\x1f\x9cg\
\xec|\x8d_\xab\xaa\x09\xf7sy\xc2r\xd6\xb1\xd3(\
\x13\x98\x1a!4\xd4\xb8\xbb\x04\x03\xd7=i\xe7I\x15\
*\xab\x8a\x80A\x0d\x88M\x22\x84\xcc\xa5\xa9UMJ\
MJ\x15,\xd1%f\xa9VF\xaa$\x96\x9d\xb5R\
\xe2ZV\x17\x15 /\xbf\x97\x1f_o\x8f\xa9\xb5\xf2\
\x8ds\xdb?\xb6\x88\xb3\xb4\x93\xf4\xc0\x00\x00\x00\x00\x00\
\x00\x00\x00\x00\x00\x00\x00\x00\x00\x00\x00\x00\x00\x00\x00\x00\
\x00\x00\x00\x00\x00\x00\x00\x00\x00\x00\x00\x00\x00\xe9\xfd\xc0\
<\xf2\xf9_59\x16\xadz\xff\x00\x83~\x93\xeb\x9f\
\x0e\xcb\xe0\x17\xcd\xe1j\xbdLJ'\xd6\xa1\xc3+\x91\
@\x84\xa0\xe9 `^vK\x9a/L\xee\xc7$\xd5\
\xb9\xa9\x1c^v\xb4\xd4X\xe6E,\xca\xd95\x8c\xc2\
jY\x155\x0an\x02\xa2\x8d%\xcah\xa6\xf3T\xdc\
\xa2\x06UE&j\xa6\x1dOe\xcb\x8f^\xd8\xbe\x96\
\xd7\xca\x1d+\xfbh\xb5\xc7~\xcea\xf5\x80\x00\x00\x00\
\x00\x00\x00\x00\x00\x00\x00\x00\x00\x00\x00\x00\x00\x00\x00\x00\
\x00\x00\x00\x00\x00\x00\x00\x00\x00\x00\x00\x00\x00\x00\x00\x00\
\x00\x0e\x87\xdf\x03\xcf\xb7\xca\x923\xd6+\xaex\x87\xe9\
\x1e\xb5\xc6\xed^\x0b\x1c\xfe>\xb3\xd38\xb3\xbcO\xa4\
\xc6\xb0\xca*\x94\xacj\x90\xddM\xb7\x19\xd5he\xa2\
\xb31\xa4T\xa8J\xc2\x0a\x93I$\x95R\xb48\x88\
\x91J\xea\x18\xd2P\xea\x03X\xbc\xcb\xbcu\xcaZ\xa8\
D\xd0\xba\x08D\x8e\xc1\x97\xc0\xf7L\xfe\xbe\xdb\xca\x02\
\xa7\xed\xa1|\x88\xed\x01\xf4BP\x00\x00\x00\x00\x00\x00\
\x00\x00\x00\x00\x00\x00\x00\x00\x00\x00\x00\x00\x00\x00\x00\x00\
\x00\x00\x00\x00\x00\x00\x00\x00\x00\x00\x00\x00\x00\x00\x00\x00\
\x0f?\xf4\x00\xf3\xd7i#i\xd2\xbe~\x5c\xf8}8\
7\xca\xd1x|\x7f\xad\x8c\xbf:\xf9\xf4q2\xfa\xd0\
\xbf2\xfe\x85\xcb\xc0\x7fM\xaf\xc9\xaf\xab\xac\xbf\x14\xfb\
Vu\x8c{L\xd7T\xd3\xb2\xca\xf5\xac\xbbVV\xf5\
y\xed\x0a^\xbb\x8fm\xce^\xa5=\xb1\x5c\xba\x99\xdb\
\xc5\xe8\xc7sr\xf4\xcc\xfb\xc6\xab\xd01\xf4\x14\xcf\xcf\
\xef\xbe^9t,}\x1b\x8c\xbd\x01z\x13_>\xe2\
z\x86l\xbc\xc2==\xcc\xbc\xb8\xf5-W\xc8\xbd\x0b\
\xea^|5\xbez\xe7\xad)\xf6t\xbexJ\x00\x00\
\x00\x00\x00\x00\x00\x00\x00\x00\x00\x00\x00\x00\x00\x00\x00\x00\
\x00\x00\x00\x00\x00\x00\x00\x00\x00\x00\x00\x00\x00\x00\x00\x00\
\x00\x00\x00\x00\x00\x00\x00\x1eo\xe9\x08\xe8{}>\x0d\
\x9c)\xe7\xa3\x83\xaf'\x90|\xdc\xbe\x9c\x1c\x17\xf4\x22\
\x5cr\xe63\x87|\xbb\x97\x8a\xf9$q\xb4\xd9\x19\xe9\
M8\xe6\xb9\xd4V\x95f\x11\xce\xca\xb8\xab\x97Q\xc5\
\xcf\x99G\xcf\x5c\xe98\xa7\xd0\x8a\xf9\xab\xea#\xe5\xeb\
\xcc\xd8\xf8\xeb\xe9#\xe7i\xcd\xce8\xf8\xfdN\x22\xf1\
\xde\xd5Q\x9e\xe98\xcfQs\xd2\x9aq\xdd\xa5\x5c\x8a\
\xed\x11|\xa0\x00\x00\x00\x00\x00\x00\x00\x00\x00\x00\x00\x00\
\x00\x00\x00\x00\x00\x00\x00\x00\x00\x0f\xff\xc4\x00<\x10\x00\
\x02\x02\x02\x02\x01\x03\x05\x00\x01\x03\x02\x04\x05\x02\x07\x01\
\x02\x03\x12\x11\x13\x00\x04!\x05\x22#\x06\x14123\
A\x15$BCP\x164@b05QR`a\
 %\x10Dcq\x81\x82\xff\xda\x00\x08\x01\x01\x00\x01\
\x0c\x01\xff\x00\xb2K\x22\xc5\x19v\xfcK;L\xb9\x8a\
\xdc\x96@\x11>\xe2\xe1\xd9\xa7\x13\xae\xabjC\x10\x99\
\xf4\x962+9\x89\xfe\xec\xbd\x0b2\xc0\xbfj_\x12\
\x18\xd9\xa3\xfb\x86e\x90K1\xedP\xe6\x91\xd1\x16F\
\x81\xcb=\xb6\xf5\xff\x00\xdc\xb1\x1c\x92G\x868\xd6\x03\
\x94d\x8d\xbbJZB$\x8ei&wI<\x22\x91\
\x0c\x0e\xd0=\xcb\xe2hQ\xe6\x93Yy\xde\x19Q\x14\
\x07UEN\xcb0\x9a\xcd\x1c\xad<r+\xd61\xb0\
\xf5\xe0\x1a\xd8I\xc9\x06\xedne\x11\x9f\xb9o\xba\xa5\
|F4\x89_`\x93\x82F\xecu\xceYb\xe4\x93\
\xb4\x11\xc6\x9e%,\xaf'a\x5cL\x17\x91\xf6L\xd2\
\xba*\xd3\x8a\xcd\x04\x0e\xc5\xd6P\xcc\xdd\x88\x11\x95\x84\
A\xfb:eH\xddnUdN\xcbH\xf2\x82#\x98\
\xcf\x1c\xa8\x83[\x19\x1b\xad\x00\x12|\x86A,\xfa\x9e\
\x17\xaa\xfd\xd2\x9e\xddk\xe61,\x1b\x1ef\xb2]\xbb\
=r!\xf8\xcc\x92\xe8\x8e4\x98\x17vY\xdb\xb2$\
G\xf8\xd3\xb0%wHU\x95\xd4\xc9\xd7\x81\xfe\xe3,\
\xacd\x9a\x14=l\x85y\xd5%E\x981t\x1d\x85\
\xec3\xca\xc7\x5cr\xed\x8eE\xeb\x07Y\x0c\x8d\x0c\x00\
v\xae\xcc\xe7\xb1&\xb6\xeb\x16\xd7\xf7\x11\xfd\xd5}\xd7\
F\x9e5s\xda\xb6\xb5\x95\xe4\x87\xfd\xa5\xec\xf3Q#\
\x1d\x9d\x9b\x19\xbb'\xb0\x0cy0\xa4\xea\xce\xe2\x02\xfb\
\x04\x92G\x13\x9e\xcd\xc0\xd9#F\x87\xae\x19\x95\xfb+\
\xf4\xe7gh\xf6\xfaT\x12\xc7<),.\xaf\x1f\xff\
\x00\x83;\xaa\x01c\x8eJ\xd2\xb1\x91\xbb\x03\x10\xe3d\
$u\x95\x94\xcbTH\xc7eX\xc8\xcb>\xf5hs\
\xae3\x0e\xe7\xfbp\xdb\x00u\x85\xfe\xee\xf4\xf7h_\
\xb3\xbde\xd4dO\xb9\xb0\x94\x1e\xc1\xec\x90\xd6\xd5\x0e\
\xb0$n\xb1s!%\xa0\xff\x00v_\x8e\xd2$q\
\x8e\xa9ml\xb17h\x5c\xb0\x91$\x96G\x91g\xc8\
\x8d\x08\x8e\x16n\xb3\x16g+$1\xbfe\xca\xb3\xcb\
,R\xa2E\xe65H\xd3\xb0\xc5$,\xe8\xed4R\
,\xe4*\x96\xd3\x02\xe8!\xc4\x88\x92\x98\xdeI\x04m\
\xb9\xfe\xef]}\xb1*\xc2%x\xe4Y\x0d\xbe\xe3\xac\
v\x95\x8f\x92\xc8`H\x91\x02H\x1a%\x93\xb6\xaf\xb4\
+G1\x9aI\x12\x8a\x81q\xd7\xeb\xbb\xa3$\xa1\xc0\
\xecA\x1b3$A\xe6\xd34q\x98\xd5\xf8\xb0\xea\xec\
\xbc\x86Ec\x1b}\xc4R\xa5R\x22\xc7\xed\xba\xe8\xb8\
I\xb9,_p\xd1:\xb2'\x04\xea{\x85D@\x18\
\xa3\xfbu\x95\xd8\xa4\x8b\xff\x00\x99\xeb{\x02E\xc9\x5c\
@\xb1G$bV0;v\xc4\xaa\xea\x04R,\xaf\
\x22E\x10\x8d\xc2\xfd\xb7]\xb6\x05\x91]>\xe6\x08\xcc\
AQ\x1eX\xd2tI\xa3\xbb$2G\xd8\x92IH\
+\x19Y\xe2\x91 \x8f[\xb6:\xf0*\xce\x82C$\
RM\xa9\xfa\xfe\x10K\x09\xeeTG\xefH\xde\x05\x95\
\xbb\x1ec\x03\xee:\xe4uR\x86R\x91,i\xd9B\
\xf2\x18\xa6=\xa5\x92?\xe7\x13D\xef \xeb\xa1Y\x02\
\x98 o\xbaR\xcaP\xcd\x12}\xb0eIL\x05\xf5\
\xf6\xa3\xb9\x81\xfb\x1fH\xf6\x02\xb2M?\xa2\xc6\xeb\x22\
+\xc6\xc1\x93\xff\x00\xc1\x19\x82\x8eK\xd8\x12v@\xaf\
#\x8d\xa2\x124\xb8+\x8d\xd1\x15\x89B\xf2B\xb1\xa4\
k:]\xda)\x9b\xb0\xb2E\xfaF\xd14\xae B\
$Th`\x7f\xba\x04\xa5L\xb0/\xda\x06\x0b)\x88\
H\x83\xb2\x18\xc8\x16\x7f\xb9%\xf3\xaa-ed\xfbP\
\xe2R\x0a\xf5\xff\x00\xde_\x8d\xb3\x5c\x7fi\xb3[\x08\
\x0fh\x09-\xb5L\xcc\xd2}\xc9}I\x81\x0b\x1e\xa5\
\xed%Z$=\xa2\xe1\xdd\xe6IQ`\xb6\xa4XV\
v\xd4\xccdVy\x22\x90vKS&8\x17\xed\x98\
\x91(\x8eF\x8c\xcc\xf4\x93l\xa7\xb7\xac\x83\xae!\x1c\
k+\xf5\xde\xef\x9d\xddo\xf7-NI#@\x91$\
8dh\xa3~\xe0&LI\x1c\xcf3\xc8\x8e\x15U\
q\x07]\xde\x07\x12rLO\x04o3\xacE\xe6h\
gH\xc2+\xaa\xc4\xb1\xf6$q(v\x8d\xcfb\x09\
\x11\xe9\x18f\xfbn\xba\x08\xe9/%\x88O$O\xb1\
#+=\xfbe5\xa8\xe4Q\xaf^9d\x0e\x92\xf0\
\xe3\xb3\xd6\xf2R\x1eJ\xff\x00n\x22\x8c\xa2K\xc3\x06\
{\x9bv\xa81H'2F\xb1\xa4D\x0f\xb6\xeb\x93\
\xf1\xca$O\xb9\x86&\x05#\x0f2\xc7\xd9Tx\xd5\
\xf9\x1c\x0d\x14\xd2H\xee\xad\xc4#\xb1\x0c\x88\x88\x91\x17\
\xc7[\xae\x8a\xea\x92\x99 i\xde)\x22e@\xb3#\
w\x0a\xac@4Q\x1e\xbaJ\xf2U\xd3\x1fs\xd6\xc4\
J\xb1\xf2VXDI4{\x5c\xc3!\xed\x89U\x96\
\xb1:J\xd2$1\xebp\x9fo\xd7m\xc0:\xb2\x19\
\xe1\x8c\xc2\x02\xa3\xc9\x12\xce\xab4vm.$\x91\xbb\
\x15h\xfa\x9d\xb9~\x98\xecH\xd2\xb3I\xe8P\xca\x93\
D\xb2D\xc1\xe3\xff\x00\xf0)\xa4\x11!c\xc9\xed\xd8\
d{\xaa\xf3r\x9e\xc6\x02\x00Qu,\x8c\xc5X0\
\xdd\x0f\xb2\xa9\xc9\xdd`H\xd2DY\x1b\xd4=k\xad\
\xd7\xf5/\x13\x0e\x0f\xa9\xfd8\xbc\xc2%1\x9e\xbf\xd4\
=(\xa1\x94L\xd6\x1d\x8f\xa8:R\xc3\x10\x85\xa8?\
\xf1'\xa6\xe6\x11>]\x93\xd7\xba\xdf|]\xfb\x0b\xac\
}C\xe9\xdaf\xd0\xe69c\xf5\xee\x8a\xf5H\xec\xcb\
~v={\xa8V/\xb5\x9f\x09\xfe\xbb\xe9G\xb4\x97\
\x94_\xad\xeb\x9df\x92O\xb9\xec\x8d\x7f\xeb]\x0f\xb6\
'\xad=\x1c\xfa\xd7\xa7\xfd\xba\x1e\xcc\xf6\x92OZ\x81\
{* \xed&\xa5\xf5_LY\xe4\xd3\xd8[\xc5\xea\
\xfdg\x8aQ\xda\xed\x02\x87\xd5z\xab\x04\x7fi\xdaP\
$\xf5/Os\x11\x9f\xb2\x04\x83\xd5P\xf7h\xdd\x88\
\xf4\xc7\xea=\x18\xe3\x9aN\xaf`\x19\x17\xd4\xba\xf2\xf5\
I\xee\xf6\x07'\xf5H\xe0X\x97\xab\xd8]\x7fs\xd0\
n\xea\xdb\xb2\xa2^\xbf\xaa\x0e\xc4\xb2\xc7<\xa8\x22\x1d\
\xee\xbc=V\x93\xa78vn\xe7^n\xb4Rv\xa7\
Ti}GGm!\x8d\x83F\x92ub\xecJ\xd1\
\xf6\x15\xe4\x87\xba\xbd\x98&^\xcc\x8a\x8b'q:\xdd\
h\xbe\xdeE\x91]\xa0\x9eXZI\xd6)#\xef\x99\
\xbb\xad\x16\x00X\xe5\x86\x08&\x96\x09\x92n}\xc2v\
z\x81\xe7\x91!\xe7c\xb9\xf6\xba\xa2P\x92\x0cG\xf7\
\xc5\xb7\xae\xc8;c\xb5\xb62#\x8c\x19W\xab\xd4\xb4\
o\x1c\xc2FN\xcc0\xc8\xf2G\x0f\x1b\xb8#\xee\xac\
E\x03q\x15a\x96i7$\x86)\xc7o\xad*\x9d\
p\xf2Y\xc7S\xaf\x12\x8dsq\xd1{\x12\xc4\xe2T\
\x8c\xc7\xddY{\xad\x1a\xc6\xab\xc8\xeb\xd6\x82i/\x1c\
\xca\x1d{}@s\x1c\x22y\xd7\xad\xaa'\x8d%:\
\xbf\xde\xed\xda\x9c\x83\xb0\x9d\x8d\xb1\xc7\x1a\xc4\xc0\x8e\xb7\
['\x5c\xa1\xd3\xee\x22\x89\x92\x91\xabJ\x89\xd8U\x92\
0\xc5\x22h\xa5\x91\xe4e`\x04}\xbe\xb4\xd0\x98c\
\x0b\x03I\xf4l\x83\xf7\x9b\xd0\xa2\x91%\x8dd\x8d\x83\
'\xff\x00\x80H\xeb\x1a\x16s\x81/d\x80\x09+ \
\x96=\x8c\xac$T\xe0\x9b=\x9aP\x0eF\xab\x10v\
\xba\xb8r'\x83\xf2\x91\x8f\xa8\xfdqz\xf0\x0e\x97W\
\x5c\xd2\x95c&l8\xae\x18\x95\x0a\x01\x1e\xc5%\xb0\
\xc0\x8b\xa8\xae\x17\x8cUHVPM\x08\x92\xc7\x18\x04\
8`\x8b\x83\x8a'\xbc\x06\xe5n\x01L\x01\x94\x12`\
\xaf\x95R\xb6/\xfa\xae\x1d>1\x82\xd5UQ \xf2\
U\x8b\x02\x9f\x85\xa5\x88Q\xeePB\x9d\x99\xc3\x0f`\
\xd6\x0e\x18\xad\x85\xc1\xb5_g\x9f\xd4`\x83\xaf6\xa8\
\xd7\xf2\xe7\x8e\x08\xae\xa0k\xec\xd9\x83\x9c\xad\xbc\xec\xcd\
\x7f\xe1\x98\x8bg\xc5F\xc2A\xcb\x87\x01I\xa8\xaeM\
Y\xb2\xa4\x94m\x85\x80,\xc1F\xb6b\x09\xcb-\x9d\
\x81\x12Hd \xb3\x05\x0eB\xb1I\x1c\x9b\xb1\x8c^\
G\x1cieR\xa1]\x88\xbb\x093\xb9\xee\x93J\xc1\
\x83H\xea\x0c\xd2,^%v\x0d4\x8e\x14\xbc\xce8\
{]\x85\x97\xc4\xb2pM*\xb3\x15\xec9+\xd9\x99\
\xe3`\xd3:\x83\xd9\x9d\x11@\x9aB\x0c\xf33\xa3\x1e\
\xcc\x96\x8f\xbb\xd92\x9cM +\xd9\x9e4j\xf6$\
#\xee\xbb\x0f\x17\x9e\xc3\x80\xfd\xde\xca\x95S<\x8d\xcf\
\xba\xec\xef\xbf\xdd\xcbt\xefvX:\x89\xe4Q\xd2\xf5\
^\xcfJD}\x9b\x93\xa7\xdb\x87\xd5z\xb0\xcc\x92\xc5\
\x17\x1ap\x9d\xa0\x865n$Ze\x91\xcb\xab\xf1\x1b\
|.\xb8H\xf9%c\xeb\x08\xddc\x99b\x97\xb1\xf4\
\xdfz6\x0d\xb3\xd0\x22\x91&\x89d\x89\x83\xa7\xfd\xfa\
i\x04jO\xe4\xb4\xcd\xd8I\x04\xedU/\xa6\x05\xd2\
\xd6\x0d\x87x\xd9\xe5\xd6\xe3\xb0\xe7\xb7J\x8c4\xab\x1c\
r\xca\x8f\x1b\x9f^\xf5\xf6\x9e\x1f\xb7\x80\x84.\xd4\x0a\
<7+\x993o!\xeeYp\x07\x14Q\x0f\x90\xdc\
#b\x8cax\xcdB\xa0\xa8nP\x89\x0bg<\x04\
8 \x00\xbc\xfei\xfe\x1b\x8c\xb7\x0aF\x07,\x04\x80\
\x102\x8aP\xb1\x7f\xc0\xf7\xa7\xb0W\x8cj\xaa$\x16\
,\xae]J\xfe\xa2\xa6B\x10{\xb0R2d\xf3\xc3\
\x96A\xab\xf0\xc5\x03(q\xe7\x0f\xb4\x93\xf8\x5c\x10\xda\
\xc7\xbb\xf1\x1f\xcb\x9e5\xbd\xba\xbf_f\xef\xc1\xca\x86\
\xf7l\xcdG\xf3:\xb3\x96\xc6\x17nrK\x87\x15\xfc\
\x0a\xdd\xa9\x9by\xd6v\xe7\x07!\x17^p\xd5.\xb7\
\xcd\xb2\xe6B\x1b\xf0\xb8\x0a\xc62I>\xe4\x1b\x09\x05\
\x8b)P\x9f\x8c&\xdc\x83\xe5Ip\xc1\xfc\x0c\xd2?\
\x8c\xe7\x8e\x03\xd4\xbb`\xdd\x84\xb8\x03\xc2\x80\xa5\x8a\xb6\
O\xee\x87g\x8e\x13DP\x9eAU2\x0c\xb6\x0a\xb3\
3\xb0#\x00|jJ\x1bp\xfc\x88\x0b{x\xecQ\
\x94\x0f\x22\x83vm\xe5M\xc3\x03\xe3\x9f\xcd=\xbey\
\xd4\xed?Y\x96E8\x1e\x9b\xeb\x0b\xdbx\xf5(+\
\x1ck\x0bH\xeb\x22\xc8Q\xb7\xc0\xe1\xe9\x1f\x19\xb4B\
\x8a\xb5\x93\x92\xc2\x9d\x86\x02FJ\xf5\xe7\x7f\xa5\xfbM\
S$\x9e\x85\x0c\xb1\xcf\x12K\x0b\xab\xc7\xff\x00|\x96\
Mk\x9c\x16.\xe8\xfd\x86evi\x034\x91H;\
%\xa9c\x1c+\xf6\xac\xd8\x94E#Fgr\x92\x19\
\xe6\xfb\xb3\x1bg_\xad\xfa\xba\xa3\xc9\x0f\xa6\xcc\x5c\x03\
d\xf7\x1a\xf0\xb1EP\xbe\xe0@2\xe6\xdeC\x16,\
\x0f\x80\xbe\xc4$\x1bp\xfb\xd0\x12k\xc2\xf4!q\x9e\
Tl>\xeeg`#\xc0\xe7\xf3_\x1e\xee\x11p\xa7\
!ya\xb3\x15\xe2\xadK\x12A\xe7\x87\x8f\x03\x0b\xc6\
:\xd5C\x00\xdc1\x96\x94\x10G\x01\x05\xc8U\xc1\x02\
\x91\x9ba\x81\xf7\xa0\xa7\xb7\x8cU\x5c\x07\x5c\xb5\x5cH\
O\xf8R\x180\x8ca\xbfH\xfeA\x92C1R\x9e\
\x06So\xe3\xca\xab\x0b\x19?Q\xee\x8c\xeb\x18/\x80\
\xaa$\x19b\x1e\xe0\xa7\xea)f\xd7\x9by\xd6v\xe7\
\x074\x1a\xb3\x86\xa5\xc5\xf3o~\xc3\x7f\xd5qV\xd5\
\x9b\x1f\xd0m\xceM\x81]\x7f\xa8\x09\xb3\xc16\x5c\x95\
m\xb9\xc7\xe2/\x8b<`\xa4\xad\xce\x08/\xb3\xff\x00\
j\x05\x161\x92[\xf3\x19\xd9\x91\xc6%Qu\xe7\x0c\
\xaae\x16>\xe4ffk~\xab\x85F)\xe4\xb6\x1a\
 \x5c\xe3\x8cYj\x13\xf1U\xdb\x90\xde\xe0K\x86\x0d\
\xe0~\x89\xec\xf3\xc6\x01\xa8X\xe0\xfa_\xa9\xcf\xe9\xbd\
\xd1$>W\xd1\xbb]y\xfa\xe6~\xbc\xdb$W3\
\xf5\xdb{T3\x98b\x8cBC+\xa2K2\x17\x92\
\x8e%3\xca\xf1H\x8b\xaf\xad,\x9fLN\xa3\xae7\
\xfa\x0c2\xa4\xd1,\x91:\xbc\x7f\xf7\xae\xc7a \x5c\
\xb7&~\xc3\xf6C\xc7b\x89\xa4L\xdal\x5c_S\
\xfd\xd5\xe9\xee\x10/\xda_\x1d\x96\x804\x7fv\xcc\xb2\
z\xff\x00\xaf\xf6e\xec\xcd\xd6\xebJ\xcb\x02\xd4\x06h\
\xc9\xcf\xec\x9f) 1eU\x11\xe4\x8a\xa1\x98d\x9c\
\xd9\x98\xb0\x7f\x00{\x10\x946'\x0e\x8a\x5c\xe0\x97\xa3\
\x05\x03 *\x89\x0f\xbb\xca\x93 `\xde9\x9di\xe3\
\xdd\xc2/\x82Z\xbc\xbf\xbf\x18\xe2\xa8BZ\xd9\xe7\xee\
\x87\xf0\xbc\xfd\x02\x8c\x06,\x01\x97!\xb1\xc5p\xc4\x8c\
\x00Q5\xc6Ka\xb8\xdf\x22\x8a\xe0\x06`\xae\xa0\x80\
x\x10\xac\x84\x928\x98p\xc1EI\xf6F,\x03q\
\x94\xbdJ\xf8\x16]\xb8\xaf\x95R\xa1\x8b\xf9_\xde3\
\xacc\x8d\xedU\x12\x0c\x9a1\x90\x11\xf8R\x09`\x8b\
\x86\xf2\xb1\x9d\x9eA\x04\xa2\xeb\xfc56\x0b\xfe\xc0=\
\xd8\xc9\xfa\xae\x0a\xb6\xa0r| \xda<\x90\xf6S\x1f\
\xea\xb5\xd8k\x9b\x00j\xdbs\x83\xfc\xfe,\xe1\xa9e\
\xbem\xef\xd9\xe4\x1a\xa60\xda\xf3o\xcc\x7f.x\xd9\
\x08\xba\xb3\x83M\xa2\xdf\xb2\x97,\xc1\xf3Q\xe22b\
\xfc\xb7\xf3\x1br\x0b\x5c:\x88\xff\x00U\x0b\xb0\xe0\x9b\
e\x99[g\x81\xf8\x8f\xe3\xf3\xc6\xa9\xae\xcc\xda\xcf\xb4\
\x7f\xf6\xfaW~OM\xedn\xea\xb7\x9fJ\xf5%\xf5\
\x0e\x8bI<\xa7\x0c\xed\x1cQ\x8e\xbb\x12\x8e\x91I:\
\xecr\xae\x92\xcb$\xae\xb2dF\x04c\xaf.\xbf\x97\
\x9d'\x97\xe9Y\x01\x17\x93\xd0\xe1\x969\xe2Iau\
x\xff\x00\xef\x12\xc9E5\x16n\xc3\x8fo\xdc\xa9i\
\x19&3+C\x9a!\x87s\x08T\xdc+$O\xf7\
A\xe9%\x8fX}\xa0z\xfdE\xebC\xb4\xe9\x14v\
\x04\x09.s\xfa-p\xda\xb3c\xe6?\x9b<b@\
]Y\xa9\xa6\xd1\x9c\xdb.m\xb34\x5c\x04mY$\
\xf9@e$\x12\xcc\x18W5\x0a\xbbI\x0d\xe41e\
`\xde\x06j\x9e\xc3\x9e0\x0cT\xb9\xa9\xbbl\xc6<\
(\x0b\x96\x0dn\x03t\xf2q\xc2\xd4\x00\x0fw(\x0b\
\x83l\x10l\xcc0\x01\x07\x5cM\xf8n\x1fr)\xf0\
\xbc-Y\x02\xd4\x1e\x05\xac\x8c\xd6\xcf\x14\xecV\x1e\x17\
\x87\xe3\x8c~\x1b\x8c\xa5\xea\xc0\x85\xe5\xc6\xd202\xab\
K\x16 \x8f\xde?n\x17\x8ch\x148\xb1*L\xa0\
\xe4aHb\xc1F\x08\x14\x8f\xdd\xee\xe1R\xea\xa6?\
\x0a\xc5D\x808\xcb\x05p\xec[\xf0\xbe\xe4a\x18\xc1\
8DP\xe3%\x95\xcb)O\xc0\xa1\x91\xaa0\xc0\x15\
V\xdb\xfa\xf91\x8d\x5cz\xe5n\x0d\xb0\xfb\x0e\x7fT\
\xc1\xb6\xa0C~\x22\xf98\xc1\x88]Y\xaf\xb3h\xb7\
\xec-\xee\xd9\x9a\xaf\xe8t\xe7-\x8a\x0d\xb9\xc9\xb8u\
\xa7\xeb\xec\xd8k\x9b\x0c\xd5\xb6\xe6\xbf\xf4\xfe,\xf1\xeb\
e\xd9\x9be\xf6\x7f\x9a\xad}\xda\xf3oO\xed\xc9\xd4\
{\x92k\xd1\xef\x8e\xd7V#\xe9\xed!\x8d\x96\x17\xec\
\x8d\xa5\x84\x88\xd3<\x8e'\xb0\x8e<,N\xddR\xe5\
\xde\xaf\x00\xfb\xcc\x9eE$\x9fKv@\x8c_\xe9\xf8\
\xdddEx\xd82\x7f\xdd\xbb\x13\x08\xa3,x\xec{\
Hk\x85/X\xd1\x12U\xbb\xb4R4\xca\xf1\xe2\xa8\
\xd14\xcc!\x5c;\x7f\xb5\xeb\xc8\xdd\xaf\xe5\xf5\x07\xad\
\x1e\xe4C\xad\xe9\xe1\xa3\x81\xa8\xae\x03\x8fv\x1fi\xcf\
\xe8\xb8!\x84@\xd8\x8cG\xf2\xe7\x846\x17NjB\
l\xf3\xfb\x0b\xe5\xb6f\xab\xfa\x9d9\xcb\x01A\xb76\
\xf7\x86\x14\xcdT&\xc3\x5c\xd8Y\x95\x83\xe4\x0f\xc4\x7f\
\x16O\x18\x06\xa9rCY\xf6c\xcdW\x0bb\x84\x93\
\xfb'\xbf\xdb\xc2h\x14'\x91L\xbeKc\x8a\xec\xce\
\xc0\x8cq}\xa8J\x9bq\xbeE\x04\x90\xbc,Q\xc0\
\xfc\xf1T+\x93l\xf1M\xd4\x83\x81\xc3\xec\x88c\x0d\
\xc7[\x959\x0b\xcb\xfc\xb5\xa8\xe0ZX\xe4\x1e\x7fH\
\xfc\x90\xbcf\xa0@@nS2\xe6\xc3\x8a\xd7,\x00\
\x00\xe3\x5cg8n0\xba\xa9\x5c(,\x16@\x0a\x82\
B\x14vbA\xe2\xfb\xd1\x82\x8a\x93\x84\x8dC\x00\xdc\
df`T\xe0\x06\x06B\x14`\x80Q\x1a\xfeF\x0b\
F5\xf8\x0cT2\x87\x5c\x90\x8f\xb7$\xf8B\x1a\xda\
\xc6\x1b\xf5\x8f\xe5\x19\xe3\x06`\xba\xff\x00\x5c\xae\xdf\xc7\
\xb9C\x0bl\xfdG\xba?\x88c\x8e@U\xd82}\
\xd6Z~\xa2\x9b\x08A\xee\x00\xaa\xb6\xcf\xd7\xc9O\x8b\
8j\xe5vf\xc3f\xcf?\xaa\xe3\x0d\xaf6\xfc'\
\xc9\x9ez\x7fw\xb1\xd0\x91d\xea;\xaaz\x7f\xa8\xf4\
\xbb\xed\x1b\xfb\xb6&\xeb?\xdc\xdfZcK}\xa8{\
\xbe5!\xed^\xf3#\xbe#T/\xd7\xeb\xca\xdfJ\
\xf6\xd9U\xda_A\x8eD\x965x\xd82\x7f\xdd&\
\x99c*\xb9\xf7\xe5\x97d\x922I\xcf\xed\x09\x0a\x12\
>H\xc2$DtY\x0b\xc4\xef:<l\xa3\x9fq\
\x19\x95\xc2\x22\xc6\xde\xb1\xea\xcf*\xcb\x04M\xfe\xd8\xfc\
\x88(0\x18\xa8 :\xe5\xaa\xe2\x5c\x9f\xd5H`\xc2\
1\x86\xc5#\xf9FxC\x10\xa6,\xd7\xd8%\xf2=\
\xd8qc&j<\xa1\xd4\x08-\x80\xa3`6!\xee\
+\x9a\xad.k\x9b\x0b\x15m\x99\xaf\xe2?\x8b<`\
\xbe\xdd\x84\x86\xcb\xec\xc7\x9a\xadE\xb5\x92[\xf2\x9f.\
G\x18\x95U\xd7\x9cav\x0b\x13\x90X\xbb\x07\xcdW\
\x0a\xa4\xc6I\xe1\xf7\xa0.q\xc2\xec\xae\x14y\x0a\x15\
\x5c\x90\xd9\xe6v+\x02p\x09\xa2\x0d~x\xca\x1d\x81\
-R$&\x5cc\xc2\x80\x81\x985\x8ev'\xb8\xd4\
\xb3kU\x03\x07\x85s-\xad\x8e\x07\xd9e\xc0^\x0f\
dG\x18n7\xc8\xaar\x17\x8c\xf5p\xb8\x07\x81j\
\xccI\x07\x83\xde\x84\x0c/\x09\xa2( 7\x19\x0b\xb0\
#\x03\x81\x81\x90\xa8Q\xc05\xab[\x0c\x08\xbc`\xae\
\x07\x0b\x04`\x19A5\x22B\xd9\x18B\x1e\xc1T)\
>\xc8\xfd\xe07\x18\x16\x0aW\x00ewb\xbeUY\
l_\xca\x8f|\x7f\x18\xc7\x1b\x0a\xaa\x1drJ\xb1u\
+\xf8VVr\x15p@\xa25\xc6A\x17A\xac`\
1P\xc08\xc9\xabm$\xfe\xab\x86\x0c#\x18?\xaa\
|\x83<`Mu\x8foG\xbaz]\xb5x\xc0'\
\xd2;\xdf{\x0b\xce\xf90\xa6$\x85\xbe\xd9\x184\x95\
X\xd3\xeeQ\x8b\xb2\xcd\xb1\x0c\x00\xeb\xc7^I$\x8d\
c\xb7:\xed7\xd2\x9eD2?\xa1\xc5\x22M\x12\xc9\
\x13\x07\x8f\xfe\xe5,\xaa\x84-\x80m\xe6N\xc9Z\x81\
\xc8\xd4D\xb28d\x93\x99\xdd\x09\xcd#\xe3\xb6\xa8\xe3\
J\xa4\x9c\x9c\x03*\xc9\xba8\xf9\xeb\xfe\xb8=Fv\
\x87\xa9\x1a\xc5\x065\xa3g\x0c\x08\xd9\x18\xa8\x0a\x18\x85\
e\x0e\x03\x1a6\xdbdqH`\xca\x8b\x86\x22\x91\xfc\
\x80\x1e2\x97\x0b\xaf\xf5%D\x802\xf9\x0a\xe1\x98\xbf\
\xea=\xc8Dc\x05\xf0\xaa\xa2A\x96*\xe5\x81O\xd5\
Jl8\x1e\xe0\x18+m\xcd@%>\x1c\xf1\xea+\
\xb4\x1b\x0b\xec\xff\x00\xd8\x95\xf7k\xcd\xbf1\xfc\xb9\xc1\
\xc8U\xd5\x9a\xe1\x0c\x82\xf9\xb0\xce[e\x82\xaf\xe8t\
\xe7-\xfa\x0d\xa4\xe4\xb3\x06\x01\x7fUU\x0cJ\x13`\
\xc5\x94\x89<\x0c\xd21BxB\xb1\x05\x9b\x04;\x19\
\x0a\x9f\xc2\x80\xa1\x8a\xb6I\xf9\x13\xdd\xe3\x84\xd0(_\
\x22\x83nm\xe5Z\xf6S\xe3\x9f\xa2\xe5\x0ex\xc3`\
R\xc6\xa6\xc4J\x068\x12\xac\xcc\x1b<\xce\xc49\xc0\
\xe3|h\xa3\xc3q\x92\xee\x08 p6d\x22\xb8\xe2\
\x8a+\x1c\x86\xe6/\x18\xf2\x17\x8c\xd5`\xb8\x0d\xc0\x98\
\x94\xb6x\xa7b\xb0\x00)\xfeqy\xc3q\x90\xc9R\
\xa4\x00Yv\xe2\xbcU)fl\x11\xfb\xc6j\x02\xf1\
\x88EP\xc0\x12T\x99C\x0f\x01X3\x10\xab\x82\x05\
\x10\xdb\x04\x11tR0\x032\x87\x01\x97%U\x84\xa4\
\x928\xb8p\xc1\x16\xa7\xf4Ox\x07\x85Y\xeaS\xc0\
\xb2\xec\xc5F}3\xb97\xa7N\xd2\x03\x98\xfd3\xbb\
\x17\xa9\xf4\x89\xe9%\x19\xf1\x14q\xac\xe9gh\xe5i\
\x91\xe1\xfd\x11\xa2i\x98B\x98tS\x142}\xca\xda\
8\xbb\x12\xfd>\xe2T\x06OD\x8d\xd6X\xd5\xe3`\
\xc9\xff\x00p\xed\xcf\xa5|yi\x02\xca\xe8\xd2IF\
\xdc\xed\xd8(G\xb5\x02\xc4\xb2:8\x90\xe7t\x07c\
*s\xbb\xda^\x94\x09\xfc\xd9}{\xd5\x0f\xa9w\x1b\
SR\x04kHR\xa0s\x1a\xd1\x8eCs\xfa #\
\x0b\xc7a\x1b( 1\xa1\x12\xda\xc3\x8aC\x86\x0a\x02\
\x9ck\x8b\xdd\x86\xe3-\xc2\x94\xc0\x16Q(\x05A!\
J\xb33\xf9\x03\xde\x84 \xa9l\x22\xa8qbQ\x8b\
\x06O\xc0(d!W\xdc\xaaUX\xc9\xfa\x91t\xf8\
\xc68\xd5\x15\x12\x0c\xb6\x1fn\x7f\xe2\xb8\xf7j\x06\xdf\
\x88\xfe\x5c\xf0\xdb\x0b\xab5\xf6m\xf7g+\x7fv\xcc\
\xd4cY\xd5\x9c\x9c\x04]\xb9\xcf\xbe\xe2\x99\xa8\xa5\xcd\
3a\x92\x87fq\x9a\xa0\xd7\x92\x1a\x8c\xcbrm\x97\
\xd9\x83\x90\xa0\x05\xb3Fr\x7ft\xf7\x9cq\x89L\x04\
\xfc\x04]\xb9\xcf\xb9K=\x83\xf8\x1f\xa4~\xcf<`\
\x1c+1\xc7\x0b\xb0\x97\x1f\xe1@Vb\xad\x92\x0e\xc4\
6\xf1\xc2h\x8b\x83\x9e2\x86`\xd6\xc7\x03Y\xca\xe3\
\x1c\x00\x22\xb1Sn\x1c:\x02H^3\xd1\xd5q\xe0\
 Y\x09\xb6x\xa6\xe1\xc7\x81\xcf\xe7\x1f\xf8n2\xdc\
\xa1\xc8\x1c\xbee\xc5x\xabK6Cs\xf7\x8f\x03\x0b\
\xc6:\xc2\x8c\x06\xe1L\xca\x1a\xdcV\xb1e\x0a\x17\x83\
\xe3\x8c\x9f\x0d\xc26*\x91\x85\x05\x82\xba\xa9\x19\xe0R\
\xae\xccH<Su`\x00S\xfaG\x8f\x0d\xc6[\xd4\
\x82\x07,\xbb\x7f_(\xa5l\xccA\x1e\x9f\xdc\x93\xac\
KDp\xbe\x9d\xeaPO\xd3\x87\xc0\x95\xccN\xf3\xac\
\x91\x90\x15\x1e7\x95\x84Q\xd5\x95t\xc2\xfb@d+\
\xba\x00#E\xd7\x1c\xbf\xf8NZ\x80\xef\xe8\xd1H\x93\
D\xb2D\xca\xf1\xff\x00\xdb\xa7\x95cBI\xc7$\x91\
\x95\x01\x85\x98\xf1\xc2;!\x95\xca\xb8\x96C\xd8(s\
D\xa4bG\x89\xec\xdd\x9e\xc2}\x9b\xc9\xdb\x94F\x9e\
\xb7\xeb\x12v\xd4A\x03\x7f\xb6\xc2\x97\x1e\xecp;3\
\xb2\xe3\xc0\xc4j\xc4\x1bp\xfc\x91\x8b\x10\xbci(\xca\
\x06\x0f)\x89I\xb0\xe2\xb6\xc0\xc3\x0a\xbc\x1f\x1c\x7f\xe1\
\xf8\xc3b\xa3d/\x19\xc0\x94\x0c\x03\xc0\xb4fbA\
\xe0\xf9# ax}\x8a\xa1\x80bQ\x9d\x83)\x00\
\x02\xa6L\x05\xc1\x0bH\xda\xf8 \x8d\x91\xfb=\xbcj\
\xa5U\xd7&\x8d\xb6\xdf\xf1L5\x84b\xad\x8a\xc7\xf2\
y\xe1\x05\x82\xeb\xfc\x12\x9bFG\x90\x1c\x162~\x8b\
\x82\x8c!\x07-\xe25\x12\x8c\x92\x1f`(=\xabK\
\xb5\x07\xb8\x02#;\xb3_4\x1as\x83B\xe3ns\
\x97/\xe4\x1a\xae*\xc6,\xd8\xf9O\x9b#\x8cYj\
#\xc9\x5c&\xdf\xc9\xb2\x96k\x892\x17\xf5\x8f1\x12\
x\xd8!L\x84\x86,\xe2@\xab\xfa\xa5C1S\x93\
\x9b\xc6vx\x04\xd1\x00O<*\x19\x81f\xc1\x0c\xcc\
\xc47\xea=\x8a\xc5Z\xdc?\x22\x02\xc7\x1c-VU\
\xfc\xf0*\x86cl\x95;\x11\x83\x1cs\xf9\xa7\xb0\xd8\
2\xec*K`\xd8\x99\x8a\xe3\xc2\xa8Ef\x06\xc7\xfa\
G\xee\xf6\xf1\x9bXP\x00nS2\xe6\xdeC\x5c\xba\
\xe0\x0e\x0f\x8d\x09\x18n0\xba\xa9\xc8^\x16\xab\x85\xc6\
x\xabVc\x90\xdcSta\x80\xbc\xce\xb4\x1f\x83\xc6\
[\x90r\x17\x97\xf9qQ\xc4Z\xd8\xe47\x08\xb4>\
09\xe9\xdd\xbf\xf4\xe9RL+\x8fO\xec\xa7\xa8\xba\
\xcf\x04\xc89\x1c\xab,\x8e\x91\xc6\xa8UtB\xc5\xaa\
\xeaWtHR\xa8\xae\xeb\x1b\x84\x925~C\xb7\xe9\
\xae\xc3S\xe4\xf4Tet\x0c\x842\xff\x00\xdb&\x98\
.U|\xb9fh\xdf\xeem\x5c\x95\x89~\xdc\xbe\x1c\
#:\x19\x99\x84\x97\x97}M\xb5\xcb\xd8\x87\xab\x04\xf3\
$\x84\xb7\xadz\xbc\xfe\xa6+3\xb0\x81\xd8\xaa\xae\xaf\
\xc3T\xb8\xb1!\x83\xb3;\x06\xfdW\x0a\xacP\xd8\xff\
\x00D\x05\xce8X\xa5U|\x80\x8a%\xcd\xb2U\x8c\
\x81\x95\xbc\x0f\xe7\x17\x8c7$\x1b\x02\xb1!ys\xb4\
.\x01\xe0Z\x16`A\xe2\xfc\x91\x91\xe1x~4Q\
\xe1\xb8\xcbvV\x0c\x07\x15\xc1\x90\x80\xb8 kF'\
\x0d\xc3\xf2G\xe3\x0b\xc6!*\xae\xa1\x8d\x0e\xdbda\
H{\x05Z\x9f\xe7\x1f\xb8\x03\xc6S R\x98\x03)\
\xbb\x04{\x95YK\x19<\xa8\xf7\xc6\xda\x85KaQ\
D\x83$\x87i\x01O\xd5\x0a\x17!\x06\x18\x02\xa8\xdb\
|\xa9\x05\xa2\x1a\xbf\x0dP\xc3`7\xf97\x12\xff\x00\
\xaa`\x86\xd4\x0d\xbf\x087g\x86\xfe\xdd@\xd7\xd9\xb7\
\xc7\xee-\x87\xdb\x9a\x8f\xe7\xf0\xe7\x8d\x82\xab\xb4\x9b{\
\xc4\x83\x19\xa2P\x171\xe4\x91\xee\x8c\xed\xc8\x04\x94\x8d\
uy\x0c\x11\xa4\x16$2\xbb\x96`\xfe\x15p\xa8\xc6\
\x22I>\xf4S!\xa9f(\xca\x14d\x00\xa2CS\
\x96\x0c]XI\x903\xae?a\xcf\x1b\x0fR\xe6\xad\
s\xb6\xb8\xf0\xa0 b\x87-\xfb\xc7\xef\xf1\xc2\xc5\x02\
\x84\xf2*\xa6Pm\x82\xacX\xb8oh\xfd#\xca{\
\xb8\xd8uR\xc6\xbc,U\xc0\x03\xc0P\xae\xc46x\
\x0d\xd1\x83\xf8\xe14\x8c\x05\xf7p\xa8fR[\x07>\
\xfa\xe3\x8a\x02+\x10m\xc2vE\xfe\x17\x8c\xc5\x02\x81\
\x82:=\xb9:]\xc4\x9a\x17\xc7=+\xd5#\xf5 \
\xe2$H\xf8\xb8\x86\x16l\xc7(a\xba$l\xa4|\
yDr\xaa2+\xf0EI\x9d\x99\xd1\xb9\x17a\xfe\
\x9dw\x9b\xe5\x97\xd1\xe2\x91%\x8dd\x89\x83\xa7\xfd\xab\
\xb0\xec\xa3\xd8\xb97\x8d\xa6s\x1d\x8c\x800\x8d\xfe\xe6\
\xf4\xf7\x18\x97\xedo\x87\xd7d\xdfq's\xb4\xfdf\
2Me\xeb\xfa\xaf\x7f\xef{\x0f\xa4\xbe\xa6\xf2\x9f&\
p\xd6P\xba\xb3\x86\x09\xb0[\xf6\x05\xcb\x10\xff\x00\xa8\
\xc2\xab\x18\xf3c\xee\x8cm$\x16,\xb5\x09\xe4\x05]\
\xb9\xb7\xb9Ip\xca\xfe\x06u\xc7\xf1\x9c\xf1\xb1 V\
v\xa9\x0cv\x05\xc7\x85P\x84\x90\xc1\x88;# \xe1\
xN\xb5\x00a\xb8\xcbvSj\xf2\xf6\x90\xae1\xcc\
\x08\xc36C\x83\xf2F\x0f\x85\xe30B\xaaT7\x02\
\x1d\xb6\xb0\xe2\xb0p\xc1T)\xc6\xb8\xbd\xd8n0\xd8\
\x10\xae\x14\x17]\xb8\xaf\x95J\x16f \x81\xef\x8c\x85\
\x01x\xd8D@\xe01(\xcc\xea\xc8p\x14\xa9\x90\x84\
\x5c\x105\xa1\xd9\xe4\x11x\xc6\xb1\x80\xd4\x0c\xa2A\x96\
\xa3m%\xbfU\xc3+\x88\x97\x0c\xde\xd8\xc0\x98\x13\xc6\
\x0ck\xab5\xcan\xfc{\x82\xb2\x86\xdb\x9a\x8ft\x7f\
\x08\xc7\x1e\xa2\xbbA\xb1\x12n\xf1\xfa\xadl\xda\xb3o\
&3\xbb89\xa2\xe9\xce\x1c%\x92\xf9\xba\xdc\xb3m\
\xcdS\x15mY\xb3\xfe\x8b\xb7!\x98\xb8(\x13\xf5\x01\
6\x1a\x93qb\x8d\xbb5\xfcG\xf0\xe7\x8e\x15\x99K\
\x92\x1b-\xb4\x8c{\x10\x05\x0cc9o\xda?\x94\xe3\
\x84\x94\x0a#\xf2*\xbb|\x9fp,\xc5\xc3\xf8_\xd6\
2c9\xe1\x00\x85.pK\xb2\xb8Q\xf8\x0a\x15\xd8\
\x83\x92\x0d\xd1\x83\xf8\x19\xa4b\x9eyP\xcc\x0b\x1c\x1b\
\xb6\xec\x11\xe1p\x81\x8a\x9c\xf0\x9b\xc7\xee\xf1\xc6r\x81\
B\xf9\x15\x1bso>\x9d\xdf\x9b\xab34f\xab\xe9\
\x9d\xd8\x9f\xd3\xc4\xd0\xbaI\xc6\xc4\xf1F\xec\xcb\x1f\x1a\
]R\xaaUX,b9\x99\xb6\x06(\xdbc\x91\x18\
F\xa29$\xfaq\xd5\x933z*0u\x0c\x84\x15\
\xff\x00\xb4v\xbb\x22/\x1f\x9eH\xb3I8\x91?U\
h\xcc\xac!B\x1c+G\x1b\xefSB\xa6H\x87\xdb\
\x06\xc7\x7f\xb7\xd6\xea*\xb7z\xc1\xbdg\xd5;\x1e\xa3\
\xdbbY\x87YY}\xda\xb3o4\xf9\xbcp\xda\xab\
\xab8*\x97\x16\xcd\x86\xc2\xedpj\x05P\x98\xb3\x93\
\xeeA\xb7#\x86\xc2\xa2<\xd4\x05\xdb\xe39\x04\x90\xe2\
O\xc7\xeb\x1f\xc5\x9e0\x0c\x14\xc8jn\xc2P\x07\xea\
\x02\xab\x12\xadb\x0d\xd1\xaf\xe3\x84\xebE\xa7\xb82\x87\
e%\xaaC\x96\x92\xb8\xf0\x00EfF\xb7\x0f\xbe1\
b\x17\x8c\xd4*0\x1b\x811-\xad\xc5}\x96\x5c\x05\
\xe7\xf2\x8b\xfc7\x19v\x059\x0b\xc2\xf8\x9a\xb5\x07\x88\
\x94,\xd9\x04\x0f\x922\x00\x0b\xc6:\xd1C\x00\xdc(\
ZEe \x00\xc1\xa4*\xaa\x01\x03\x5cml0#\
djW\x0a\x0b*\xc8\xa1\x97,\x15\xb6\xb31\x18R\
\x19\x18F\xb8o\xd1\x00\x90g\x8c\xac\xd5\xd7\xfa\x86M\
\xd8\xaf\xb9U\x949\x93\xf5\xfd\xe3\xf8\xc68\xd5\x15\x12\
\x8c\xb5_m\xbf\xe2\xb5,\xda\xc6\x1b\x15\x8f\xe5\xce\x1b\
%\x17Vj\xe56\xa8l\xe5C\x86m\x9f\xa0\xc1F\
\xd4\x0e[\x01\x17nr\xc1\xee5\xe6\xabM\x8dL\xd8\
f\x8d\xb78\xff\x00\xa64\xe7\x0fK.\xcc\xdb\xe4\xd8\
s\xfa\xa5}\xda\xf3o\xcc\x7f.xl\x15uf\xa6\
\x9b|\x93`X\xd8I\x9a\x8f\xe7\xf1g-\x82\xaad\
$1.\x1c\x05\x1e\xd5\x0a\x1c\x949 \x96\x8d\xb6g\
\x19(\x83_\xe0\x85$Y\xb0\xc1\xd8\xc8A\x1e\x00\x0b\
b\x87$\xfb\xa3\xf7\xf8\xe3Yj\x13\xf0U6\xe7>\
\xe5v{\x06\xf0=3\xd4&\xf4\xd9wu_\xc7G\
\xbd\x0f\xa9u\x22\x99\xa5\x11\xb9\x99\xa3\x9dc\x03*\x88\
\xb1\xca\xcc\xb2]\x95\xf6\xc4\xe1\xca\xa8-\xaa \x10\xab\
\x88e?O\x90\xe2\xef\xe9Q\xba\xc8\x8a\xf1\xb0d\xff\
\x00\xb3M/\xb4\x84\xc6fz\x85\x12\xa8\x91\xccn\xf3\
\xab\xa1P\x11\xd1\xe4a\x12U\x82\xe9\x89\xcc\xa3)\xea\
]\x94\x8f\xa0eP\x16?V\xf59;\xfd\x843\x8f\
\x18}\x99\xff\x00\x8a\xe0\xd8D\xb8`\xb5\x8f\xe6\xe5I\
E\xd3\x9c\x10\x9b\x00|\xdb\xca\x96\xb7\xeb\x9c\xabi\x06\
\xce=\x83vr\xe1\xbd\xba\xf3\x5c\xa6\xd3\x8c\xe5m\x86\
\xd9\x9a\x8f\xd3\xe2\xcf\x1b\x18]\xb9\x0di6\x00\xa3\xda\
\xa1C1L\x96\xf2\xd1\x9d\xb9\x00\x92\x91\xae\xa3\x90\xc1\
Y\xd4\xb9!\x95\x99\xa4 \xfe\xa3\x08\x8c\xd1\x9bp\xfb\
\xe2\x1b\x0dxX\xc6US\xc8\xaa\xed&\xdeQ\xb6Y\
O\xb7\x99\xd7\x1f\xb7\x0d\xc7\x01\xe8\xcck\xc3'\xcb\x5c\
xE\xa5\x9a\xc1\xb9\x9d\x91\x11\xe1x\xc7Z(\xf0\xdc\
)y\x15\x83\x01\xc5{;(P8\xa3Tl|7\
\x08\xd9\x1a\x9f\x0b\xc6p\x8e\xaa\xca\x0f\x02\x15\x91\x98\xb0\
<Sx\xd8(\x0a[\xe3E\x0c\x03q\x94\xb9B\xa4\
\x00\x1dL\xd8\x0b\xe5T\xa0r\xfeG\xef\x17\xb3\x03\x8c\
UJ\x87\x5c\xb5\x1bm\xb20\x85Z\xc1\x17\x0d\xfc\xe2\
\xf9\x06x\xc1\x98!\x8b\xc2\x96M\xc3+\xe5U\x94\xb1\
\x93\xf5_r6\xa1\x82\xd8TQ/\x96*\xfb\x01O\
\xd5J\x19\x0d\x06\x18\x02\xa8\xdbsR\x09\x8cj\x07\x0d\
K\xae\xcf\xdb\x0f\xb4\x96\xfdR\xb8mY\xb7\xe2?\x98\
\x1e0on\xac\xd31\xed\xc3\x0fp\x0f\xee2\xe6\xbf\
\x98\xfe,\xf1\xab\xed\xdb\x9b\x1d\x81\xc5\x7fQM\x86\x9f\
\xb7\x9dgnpr\x15uf\xa4)\x91lH`\x5c\
\xc9\x83\xfa\xa8\x02\xda\xf3f\xf2\x80\xcb\xf9b\xcbQ\x18\
\xf1\xec\xdb\xfer\x0b5\x83\xfe\xa3\xda\x84\xc7\x9et\xbb\
o\xd4u\x90\x13\xcfL\xf5_\xba\xa7\xdb\xd8\xc7\x1a\x22\
;4n]\x95\x8c\xb10\x99\xb0\x0b\x18\xa3]M\x90\
j\xce\xac\xcfV\xeb;\xfa$\xe4D\xa4\xfaR2\xba\
\x06F\x0c\xbf\xf6N\xc4\xe1cc\xf9\xe39\xecD|\
\xaaq\xdbR\x222\xa4\x85\xa3/:\xba\xba\x8e$\x8b\
$\xac\xa8\x8a\x87\xbd\xdb\x8b\xd3:2\xcf9\x8d\xe3\xf5\
_P\x97\xd5\x1e\xd8\x11B\xc4#(u\x0ch\xdbm\
\x91\x84\xa9\x0c\x00\xa9\x1f\x1cg`\x1cb]\x06\xaf\x0b\
d\x12\x01 \xcb\x0c\x82K~\xaa\xc2\xac!\x043\x1c\
F6\x8c\x96\x0eJ\x98\xff\x00_\x8fo\x81\xee\x17\xab\
m\xcd\x7f1\xfc@\xf1\xab\xed\xdb\x9b\x1d\x9b|f\xaa\
\x16\xcd\xaf\xf6\xf3\xac\xed\xce\x09!\x17Np\xc1\x0b\x8b\
\xe6\xca\xceX\x86\xcd\x06\x15\x18\xc4Ic\xeeA\xb4\x91\
\xcfx\xfe@\x94\x0a\xa2bCyVg\x0e\xaf\xe0~\
\x91\xfcf\xdc`\x1e\xa6CV\xbb\x09\xab\xfe\x10*\x5c\
\xabX\xe7dgg\xb7\x85\xb5\xa2\x85\xf7\x02\xa1\xa6\x06\
\xd8(\xd7f\x5c\x05\xe0\xf8\xe3c\x90\xdc?$jI\
\x09\xc6z2\xadA\xe0J\xca\xcd`x\xad\xb26\x1e\
\x17\x87\xe2\x8c\x01\x87\xe1[\x95k\x05\xe0p\xd2\x95\xa8\
\x1cU\xd6\xac\xd9\x0c?\xa4_\xe1x\xc4!Ue\x0d\
\xc2\x9f1l\x8c!\x0f`\x80)\xc6\xb8\xbd\xd8<e\
.\x14\xa7\x80YD\xb8+\xe5P\xa5\x99\x88 {\xd1\
\x82\x00\xbc|\x22\xaa\xb8\xb1(\xc6Ee#\x08U\x99\
\x82/\xb8\x02\x91\xb6\xcf#\x1b#\x1a\xfc\x06)\xb0\x07\
\x19j\xb8v/\xfa\xae\x0a\xb6\xa1\x86>\xd8\xf1('\
\x8c\xacJ\xeb\xfdr\x9bq\x8f*\x19ld\xcdqh\
\xfe!\x8e5@]\xbe[\x0f\xb3#\xf5Z\xe5\xb5\xe6\
\xc0{\x0e\xcc\xf0\xda\xab\xab8\xf6m\x16\xcd\x94\xbd\x8d\
\xb3QZ\xb6\xaf\xcb~\x83fr\xf6\xca\xeb\xfd}\x9b\
\x7f\xceE\xb0\xdbsQ\xfaf,\xf1\xf0k\xb36\xf4\
\xbfQ\xeczglI\x01&?I\xee\xf5{Q\xec\
\xea\xc8\xed %\xe1?p\x5c\x02\xcd\x1cj -V\
\x08\xf2)v*\xeb#\xb4\xc5_4\xeb\x13\xe8\x8c\xcf\
\x13<\x9e\x92\x8c\xae\x8a\xe8\xc1\x97\xfe\xc57`l\x11\
\x8f${\x04\x8fu\x90\xe7t>\xe2\xa9\xc7})\x1a\
\x0a?\x1a;\xf6\x03\x09\x15O\xa8\xfa\xbc=d\x9a\xe1\
c\xe7s\xb7'e\x9aYH \xfc\x91\x8f\xc2\xf0\xb0\
VU`\x0f(v\xdb>\x15\xc3YQBp\x0dq\
\x92\xe07\x18lE\xae\x00,\x15\xc0e\x04\x84ev\
-\x82\x13\xdc\xa4F\xb5-\xec\x8c\x07\x16,\xac\xf5d\
\xf0,\x9b?\x1e\xe0\xa5U\xb6\xfe\xbf\xb2|#\x8dQ\
]\xa0\xd8l\xdb\x9c{P\xa6[X7>#;s\
\x8c6\xb1\xa78j\x5c_6\xf7\x977\xcdW\x15m\
Y\xc9\xf3\x18\xdd\x9c\xd9\xd7\x02,\xd4\x04\xdb\xf97R\
\xc40\x97!\x7f\x11\xfc9\xe3\x85j\x99\x09\x0dw\x12\
\xe3\x1e\xd5\x0a\xa5\x8a\x1b6o\x1f\xc8q\xc2\xc65A\
\x1f\x91U2\x82[\x0c\xae\xce\xcc\xaf\xe0/\xc7\x19(\
m\xc6\xc3\xa2\x99\x0dK9FU\x03*\x14,\x8c\xc1\
\xf2Cl\x8d\x83x\xe1:\xd0T\x86\xe3\xae\xc2\xacZ\
\xa7ff+\x81\x85\x01\x15\xd8\x10\xdc\xfe\x91\x0c\x90\x9c\
g\xd7U\xc0n\x04\xc4\xd6,8\xa6\xe1\xd4\x00\xbc\xfe\
q\xe0\xd5\xb8\xcb\xb2\x85HQq\xb7\x15\x1cU\xa5\x98\
\xb0n\x7fX\x8e0\xbcb\x11T2\x864-(`\
|+\x06f\x0a\xb8 k\x89\xaf\x82\x08\xd9\x1a\x94\xc2\
\x86eY\x142\xe4\xaa2\xc8Y\x88!\x0d\xd5\x82\x0a\
\x93\xec\x8c\x5cX\x95f*c\xf0\xb6M\xd8\x0b\xe5T\
\xa5\xcc\x9eW\x17\x8f\xe3\x18\xe3aB\x89\x06Z\xad\xb6\
\xdf\xf1J\xe4\xeb\x06\xc3*\x87ny\xe4\xa2\xea\xce\x0d\
6\x0b\x83`\x1c1/\xfa\xae\x0a6\xa0r\xde\x10l\
\x19,\xaeJ\x94\xfdE6\xfe<\xa8l6\xc0p<\
\xc7\xf1x\xe3c\xdb\xb3\xf6\xf96\xe3\xfe>\x97\xdd~\
\x87lK\xd5&\xde\x97\xdfN\xefF\xf2\xbb\x156\x11\
\xa7\xdb\xde\xac#i\x06\xc2\xc1\xd4\xc8da-\xa8\x98\
\x11\xb1\x8a\xcd\xc8\xdc\xfa\x11\x0d\x1a\xb3zR\xb0u\x0c\
\x84\x15\xff\x00\xb0vfQ\x84\xbdN\xe7n\xc1C\xfa\
\xa5cWx\xde\xe7;\xa1\xf9Z\xbc\x96C\x02\x22\xa1\
V\x1e\xb3\xdd\xeb\xf5\x0e\xc9g\xac\xbe\xa3\xea2\xfa\xa7\
q\xe5\x98*\x81\xf1\xab\x10Cq\xb1$`\xb1\xa7\x0b\
\xeb*\xb8\x0d\xca|\xd6\xb7\x15\xb6Y@\x0aG\xc7\x19\
\xce\x1b\x8c6\x22\x9fj\xf0\xbd$U \x1e*\x95v\
b\xc0\xf0\x1d\x88\xc1@^\x1f\x8e1l7\x0a\xb3\x94\
d\xc0\x01\xd7i\x01|\xaa\x94V/\xe4\x7fH\xfd\x80\
/\x1a\xaa\x14:\xe5\xa8\xfbl?T\xabXF\xb8l\
\x14\x8c\xed\x1e\x08fA\xa7\xf5ma\xc5\xc1,\x03\x87\
b\xf9\xa8\xc5\x18\xc2\x0d\x9b\xf9\x81097\xca\xea\xcd\
F\xbd\xbe\xdc\xd9m\x86\xdb\x9a\xff\x00\xd2\xf8\xb3\xc6\xaf\
\xb7nm\x99v\xff\x00\x9a _q\x8c\x92\xdeL\x7f\
1<6\x0a\x82\x1c\xd5\x95\x0c\xc3$\xd8;\xbb0\x93\
5_j1\x84\x92_\x0c\xa9\xb4\x90\xc5\xddd\x0a\xbf\
\xa8\x0a\xb21V\xc9\x0cd\x8d\x84\x9e\x06u\xc65\xfb\
\xb8\xca\x1d\x94\xb3T\x87c)S\xe0(\x11\xa32\x1b\
p\xfc\x91\x8b\x90\xbcf1\x95Q\x82\x02\x016m\xe5\
[`q\x80\xbc\xce\xb8\x860\xdcqz\x12\xc1y\x7f\
\x9a\xb8\x1cA\xac9\xc8ngl\x7f\xe1x\xcd\xadQ\
p\x1b\x853(k\x0e+\xdd\x98\x05\x0aTk\x8c\x96\
\xc3\x06\x1b\x11H\xc0\x05\xc2\xca\x14\xaeJ\xa1Wff\
\x07\x8aD\x88\xc1@R~8\xc0`\x1b\x85\x0b\xb2\x15\
 \x00\xeae (\xca\x83\x1a\xb1l\x11\xfd#\xf6`\
q\xca\xadD\x8b\x93V\xdbl\xf8B\x1a\xc1\x05N)\
\x19\xbf\x90E\x91u\xf8\x04\xa0\x94XyU`\xe4\xb9\
\xf6\x8fr6\xb1\x8e1\xac`H2J\x96*c\xfd\
A]\xa7\x03\xdc\xaaU[g\xeb\x8c\xc7\xf1\x8cp\xd4\
\x05\xd82\xd8{\xf8\xfc-r\xda\xc1\xb7C\xb6\xfd)\
\x03\xf9+\xd0\xed\xa7{\xab\x1b\xf4ncmFa\xb0\
5\xd4If\xdc\x1a\xa9\x8a\x1d7\xb6p\x16\xf6\xb2_\
\xd0\xa4\xb4`\xbf\xa4+\x07P\xcaA_\xfdwjb\
\x17\xd83\xc9h\xec\xa6fe}\x92\x99\xca\x1bQ*\
\x8a\xef\x0b\xb39m\x90\xe7\xb0\xc4s\xd6\xfd_\xfd/\
\xad\x16\x97\xcf;\xd3\xb7\x7f\xb8\xf3\xce\xdf vv*\
\xde\x14a\x11\x8a\x1b\x13\xf2F\x0b\x9a\xf0\xb9FP<\
\x8a\x0d\xd9\xbf\x95c%\x81\xc0\xe0\xf8\xe3$\x10\xdcq\
\xb1U\x89\x0b\xc2\xf5\x90)\x00\xf1R\xae\xcd`x\xa7\
b0\xf0\xbc'Z\x01\xedn\x14\xbb#\x02\x07.7\
b\xbeQh\xae\xc7\x04\x1f\x96/n\x17\x8eB\x05W\
P\xc4\xa3\x19m\x91\x84`\xd6\x08\xb5 R?\x7f\xb8\
\x15.\x8b\xac`\x16E\x90\x07_pWW%\xbc\x85\
\xc3#j\x15c\xe1\x14J2X1e1\xfe\xaaS\
w\x81\xeeP\xc0>\xdc\xd7\x19\x8f\xe2\x07\x8fQ]\xb9\
/\xf2n\xcf\xfc\x16\xbe\xedy\xb7\xfd?\x9f<kU\
t\xe6\xbe\xc30\xcen\xa5\xd8\xb0\x975\x1e#:s\
\x96\xfeje\xb5\x8b:\xc8\xb4\xcdT v\xa1%\x81\
.\x8d\xb0\xe0f\x91\x8dy<`\x8c\xea]\xb0\xc1\x9d\
\xa4!\xbfT\xc2\xa3\x18\xceK{\xe3S)\xc7\x0b2\
2\xaay\x15M\xa4\x86\xcb+\x19\x15\x95\xfc\x0c\xeb\x8b\
\xd8m\xc7\xf9*\xcc\xd87;\xa9\x8f\x0a\x02]\x95\xad\
\xcc\xed\x8f\xdcB\xf1\x9fXE\xf0\xdc(\x0c\xd9\xb7\x95\
s!`@\x1c_\x8e\x22A\x0d\xc26\x22\x9c\x85\xe1\
z\xca\x06\x01\xe2\xad\x19\x8d\x81\xe0;##\xc2\xf0\x9d\
q\xa88n2\xdd\x94\xd8\x0e\x093)Z\x81\xc5\x1a\
\xd5\x89\xc3\x03\xf2D1\x85\xe30J\xab(cC\xb6\
\xd9\x1cB\x1a\xca\x00^\x7f8\xcep\xc0\xad\xd5J\xe1\
A`\x1f\x05A\xe2\xa9F,\xd8\xc0\xf9\x10\xd4\x00O\
\xb1\x00a\x92T\xb3)_\x002\xb3\x90\xa3\x05AT\
7\xf2\xa7\xdf\x18\xa7\x8e1\x02\xa1\xd7-\x86\xd9l\xf8\
R\x1a\xda\xc6\x0a\x8aG\xf2\x0c\xf3\xa5\xda\x97\xa9\x22\xc9\
\x01!=7\xd4\xba\xbd\xedm\x82]\x16Efi\x87\
\xb5Fc:\x81\x07\x03\x0a\xae\xa6\xcb\x94\x7f*Y\x17\
>\x8eZHAoKFW@\xc8C/\xfe\xb3\xb3\
0U9\xc8\x0cX\xc6>\xdfa\xe4\x9a\xcb.\xf2\xe2\
L\xcd\xbc\x82\x1bZ\x14P\xed\xd7.d\xf5\x8fRN\
\xa7I\x8fq\x9fgk\xb14\xf2l%\x8f\x08K\x8b\
1\xca\xb3\xb3\x10\xfe\x14aQ\x8cG$\xfb\x90m$\
\x12\xcc\x8c\x81<\xadPK\xfb\x1c\xab\x97\xb2\xbf\x85\xfe\
q\x9a\x1c\xf1\x86\xc5Vf\xa92\x15\x90.<*\x05\
\x90\x90\xf9*n\x8c\x0e\x17\x84\xeb@\x06\x1b\x8e\xb7`\
l\x17\x9b3)\x5c\x01\xc4\x1a\xc3\x1c\x86\xe7\xf5\x8c\xfe\
\x17\x8c\xc2:)\x01\xb9C\xb6\xd6\x1cV\x0f`\x00R\
>8\xf2\xd8n\x11\xb1\x14\xae\x17\x85\x94H\x03.H\
B\xb2\x16b\x08S\xb1\x18\x22\x85-\x84\x8dv($\
\xa9r\xa6?\x002\x19p\xab\x86Ud\x0d\xb4{q\
h\xfe!\x8e=AQ \xcbU\xf7[\xfe\x0bR\x18\
D\xb8o\xd6?\x94g\x843*\xe9\xfd}\x9bpA\
\xb0\xbf\xbbnh?\x99\xd3\x9c\xb6(\xbbmb$\xd8\
\xb4\xcd\x16\x97my\xbf\x9dgvq\xe4 \xd3\x9c0\
B\xca\x5c\x90\xc0\xb9\x91\xaf\x9a\x0a\x84c\x0el}\xc8\
\xbb\x89\xc9gWQ\x1eJ\x80\x9bMI,\xa4\xba\xb8\
\x97\xf1\x9aD5\xf9\xe3\x80\xe5K\xb6\x1a\xcd\xb6\xb8\xf6\
\xa6\x16\xcc\x86\xcd\xfb\xc7\xf2\x1a\xf1\x98\xa5\x02\xf9\x15]\
\xd9\xb7\xb9X\xc9eo\x00|q\x12\x86\xdc`$D\
,\xd5%\xd8J\x17\x1e\x14\x05v`\xd6 \xec\x8d\x83\
axN\xb8\xd4\x0c7\x19C\xc8\xa6\xd8+%\xe5+\
\x8e(\xd6\xacr\x1b\x87\xe4\x8cy\x0b\xc7mu\x5c\x06\
\xe5>k[\x8a\xdb.0\x17\x9f\xce?\xf0\xdce\xb8\
C\x90\xbc\xbe%\x02\xbcU\xa33\x12\x0f\x07\xc9\x19\xfc\
/\x18\x84UV\x16%m `\xc0\x05`\xcc\xc1T\
\x02\xa3Z\x1b`\x826 \xae\x07\x18\x80T\x11\x93R\
%-\x91\x857\xb0P\x14\xe2\x91\xfb\xbd\xdc*X-\
|\x0e\x87q\xfa=\xa4\x91\x00nz7pv\xfa\xed\
;\x10\xca\xa2\xf1\x1dk\x83\xff\x00\xd8\xac\xbe\xec0\x93\
8,\x10X1\x8c\x91\xc0\xef\xe8\xcdp\xa7\xfd)X\
:\x86R\x0a\xff\x00\xea\x7f\x1f\x9eM\xd9\xc9)\x1f\xee\
C,m\xf7\x01\xab\x82\xf1\x0f\xb7\x0d\x895\xe5>\xe0\
6\xccM\xbf$\x1d^\xad\xeb\x1dn\x87^_\xb7/\
\xf7]\xa9\xe5\xec\xb6\xde\xeb\xbb\xb1\xcdWVjD{\
=\xd9\xb2\xdc\xb3\x07\xfdW\x14m9\xb3cX\xdd\x9c\
\x92\xca\xca#\xcdj\x82O\x04\xd9\x0b9a1!A\
\x09\x19\xd4I\xe3a\xc2\x99\x1b\x04\xbb,\x81TxP\
\xab!*\xd9`L\x88\xc1\xfc\x02i\x18\xa6\x1b\x8c\xa1\
\xd9K5X\xbb\x19J\xe3\x8a\x04a\x99X7?\xa4\
yb\x17\x8c\xfa\xe8\xb8\x0c)\xf3Z\xc3\x8a\xd7\xb2\xe0\
/\x07\xc5\x19 \x86\xe1]\xa8\xa7!x\xcc\x11\xd5J\
\xe7\x81+!k\x03\xc5;\x11\x80\x0a\xbc?\x1c`6\
\x1b\x8c\x85\xd82\x90\x00`d .\x18\x0dh\xd7\xc3\
\x0c^/f\x141\x0bP\xebf\xa3n\xb7\xfcT\x87\
\x0c#Z\x9f\xe7\x1f\xc8-\xc2\xa5\xc2\x18\xfc\x0c\xae\xec\
c\xc8F[\x19?Q\xe63\xa4\x10[\x0a\xab\xb4e\
\xaa\xe6U+\xfa%\x0b8\x8c\x10\xc0\x11\x13n\xce\x08\
&5\xd3\x9c5.\x04\x99\xb8\xd9\xb0\xdf4\x5cQ\x8c\
9\xb1\xc6\xb5\xdd\x9c\x9d\x97]y\xaa\xd3i\xael,\
Q\xb7d\x0f\x221\xa7<j\x92\xa6BC\x03&\xdc\
\x10j\xb5P\xc6\x22K~\xd1|\xd9\xe33%Dy\
*U7f\xde\xe5b\xf6Y<(\xf6E\xf1\x1c\xf1\
\xc0`\xa6F\xa9,\xe2P\xa0\x1a\xa8Uf(\xd9 \
\x97\x8c\x89\x0e8X\xc7\x1a\x849\x05U\xe4R[\x05\
\x5c\xbb\xb2\x91\x80\xa0\x223)\xb18\x920\x5c\x85\xe3\
9J\xa8\x19\xe5\x06\xd2\xd6\xf2\xacd\x0e\x1b\xdb\xcc\xeb\
\x8c`\xdb\x8e\xa1\xe8l\x07,v\xe2\xbcU\xa1f\xb5\
\xb8>D9\xc2\xf1\x8d\x15W\x00\xf2\xb9\x946G\x11\
\xacX*\x80W\xe3F\xfc7\x0f\xc9\x18>\x17\x8c\xd5\
e\x5c\x03\xc0\x98\x9b6\x1cV\xb8a\x80\x0f\xe9\x1f\x9c\
7\x08\xb8R0\x05\xc6\xcc\x15\x1c\xf4\xce\xe4\xbe\x9b\xda\
3!\x0c\xbe\x91\xea\x11z\x97T\x98Uco\x1e\xc5\
e\x19\x00\xac\x9e\xd1`\x88$Vd\xca\x90\xdf\x10V\
L\x0c\x1fD>\xc5-\xe9\x8a\xc1\x942\x90W\xff\x00\
N|\x0f<\xec;\x92\x02c\x0a\xe8\xf20\x89*\xea\
\x86(\x9fr\xe5\x0a\x99b\x1a\x17\x02V\x8d\x0a\x89\xd0\
\x97\xf5\xdfS\x7fM\x92\xe7\x0cd\x98\xf6$w9\xd9\
\xfa\xc7\xf2\x8c\xf0\x86*\xba\xb3S\xaf`\xb06\x17\xb3\
l\xcdW\x14:sf\xfd\x17nrK\x06]Y\xa0\
\x11\xed\xff\x009[\x1bm\xcd\x07\x88\xce\x9b\x1e0\x0c\
\xab\xb3!\xac\xc1\xc0L\xd5B\xab\x9a\x12X\x16tm\
\xa4\xe0\x92\x91\x0dg<`\xaf[\x92\x0d\xdfmq\xe1\
@@\xc5Z\xc7\xf7\x8f2\x1a\xf1\x9a\x81B\xf9Z\x0d\
\xd9\xb7\x95s u>8\xbf\x1c~\xd2\x1b\x8c\x04\x8a\
\xac\xcc\x17\x85\xe8\xca\xb5\xc8\x0bYX\xdb<V\xd8\x8c\
</\x0f\xc7\x1a\xfe\x1f\x8562\x90@\xe0$\xcaT\
\x008\x89\xac6pIC\x22\x0f\xd5x\xdf\x19Ee\
\x0cu\xbe\xebdqM\xec\xaa\xb5lk\x8b\xdc\x03q\
\x97`B\x98\x02\xcb\xbb\x15\x19T+b\xfeT\x0d\x91\
|b\xbcb\x15TH\xb9j9\x94\x15\xf0\x10\xa9f\
\x11\xae\x0e5\xc6vy\x04\x17E\xd40\x09M\x808\
\xcb\x00\xe1\xd8\xc9\xfa\xae\x0a6\xa0C7\x84]\xc0\xe4\
\x87\xba\xeb\xfdV\x9b\x0d\x07\xbcX#n\xcd|\xeb\x1a\
s\xc7\xad\x97fm\xf2m9\xcdR\xa2\xc6,\xdb\xfe\
\x97\xcd\x9e\x12\xe2\xba\xb3L&\xef\xc9\xb2\x97*\xdbs\
Q\xfc\xfe\x0c\xf1\xeak\xb4\x90\xd9\x93n<\xd5B\xa9\
c\x19\xcbf\xf1\x1d\xbe\x01%\x15DY \x852\x82\
\xc4\x86\x0c\xec\xe47\xea\xb8T&3\x92p\xd1\x83!\
#\x85\x99\x19U<\x8a\xa8\x97\xc1%\x94\x97V\x12x\
\x00\xeb\x8c\x04\xf7q\xc2\xb5X\xb5M\xd8K\x5cxP\
\x12\xcc\xadn\x03\xb2?w\xb7\x8cJ*\xd3\xc8\xc02\
\x83l\x15b\xceA\x18\xe2\xfb\x10\x90Cp\xfb\xd0\x12\
B\xf1\x9e\x84.\x01\xe0\x5cJM\xbc\xab\x5c0\xc0^\
~\x89\xfe\x1b\x8c\xb7\xa9\xc8\x1c\xbe$\xc68\xa2\x969\
\x07\x9d\x0e\xe4\x9dg\xb4M\x81\xe9^\xa5\x17\x7f\xaf\x08\
\xca\x17\x00\xac\xbe\xcc0TY\x11\x98{X\xb11\x05\
\x91\x00\x0c\x94\x22\x82\xc1\x1b\xfd\x14\xbb\x12G\xa6)\x0c\
\xa0\xa9\x04\x7f\xe9\xbb}\xaa5k\x9e4l\xfd\x80\xea\
\xea9\x1b\xab\xc8\xcb\x1ca\x0a\xae\x98\xdc\xc9VV\x1b\
a\x1a\xc2\xa0\xfa\x83\xd6!\xf4\xe0\x90\xcb\x0a\xcd\xd9\xec\
\xcb?k\xb8\xdd\x89\xde\xce\x845\x82.\x1b\xf4\x8f\xe5\
\x19\xe1\x05\xd1u\x0c\x06\xa6\xc0\x1c\x12\xd8p\xed\xb3\xf5\
\x18dm#\x04\xf8A\xb4d\x95|\xa1\x8b5\xf8\xf6\
\xfe<\x80\xfe\xed\xb9\xa8\xfe\x7f\x0d\xb8\xd5\xc2\xed\xb5\x8e\
\xcd\x82\x99\xa2\xd0;S6\x5c\x95a)8\x19X\xc6\
\xac\x9e5K.\xc2CY\xf6\x90\x7fT\x0a\xa1\x8cm\
\x96>\xf8\xbeRG\x19\x99*#\xfdh\xbb\x87\xbb\xdc\
\x8cd\x0e\x1b\xc0_\x8e<\xc6m\xc6\xf7\xa2\xb3\x9a\x96\
\x91\x96EP2\x02\xaaHJ\xb6Hc*0o\x1c\
'\x5cb\xa47\x08\x0cA.\x14\x89\x0bHW\x1e\x17\
\xe3\x0c\xca\xd6\xe6vF\x09!x\xcf\xaa\x8a\x00nW\
\xe4&\xe3\x8a\xdbn0\x17\x85\xb5E\xff\x00\x16\xe1\x17\
\x08W\x03\x86O\x9b\x18\xf2\xab\xae\xe4\x90@\xf9\x228\
\x0a\x9cf\x08\xaa\x1c\x064c(`F\x11\x83\x17\x08\
\xa0\x1ck\x8b\xdd\x86\xe1S\x22-0\x01e\x12\x00\xcb\
\x96Tefg\xfc/\xba6\x11\xae\x0baQD\xa3\
%\x95\x99\xd5\xa3\xfdAC)\x0a\xbe\xe0\x0a\xa3m\xfd\
|\xb4cP\xc7\x1a\xa1\x97`%\xb1&\xdc\x9f\xd5+\
\x86\xd5\x9b\x1fl_.xC\xe55f\xbf\x1e\xef\x19\
\xb2\x86\xc3n\xcd?\xe9|9\xe3c\x0b\xb76\xcb\xed\
\xf1\x9a-AmD\xdb\xfe\x9f\xcf\x9e\x1b\x05]Y\xa9\
\x08e\x16\xcd\x81rXI\xe1W\xc4la\xc9-\x86\
\x8dvd\x12]YBd\xa8\x08%5$\xb0,\xc8\
\xc2\x5c\xe3%c\xf8I<`\xa4\xae\xc2C\x06}\xb8\
\xc7\xb5j\xb6(lsh\xfeC\x8e3\x15U\x09\xe4\
\x10\xad \xc9!\x95\x99\xd8\x86\xf0\xa0\xd5\x09O$\x90\
\xe8\x0b\x9a\xf0\xb9W\x0a<\x80\x80K\x90\xdcSu`\
\xd8\x1c\xcd#\xf6\x9bq\x80z\x92@\xe5\xbe\x5c`q\
\x05,A\xb73d>q\xce\x87z_N\xec$\x91\
U\xb9\xe8\xfe\xa5\x17y\x04\x90<yA\x1c\xa8[\xc2\
\xbb3k\x02UZ\x94\xa3\xa9\x84/0\xb23\x09\x94\
eO\xfa\x0b\x1f\xd9\xbd)H`\x0a\x9c\x8f\xfd\x198\
\x19<\xec\xcdu4p\xbc\x95\xf5\xaa!T\x90\x98\xcb\
v\x03\x89\x14q$\x12H\xca\xa8\xa8G\xc1\x0b\xb1)\
\x22\xfa\xff\x00\xacG\x17QR*,\xdd\x89\x8b\xca\x1a\
rdz\x13-\xac8\xac\xadeQR\x05#\xf90\
\xc1\x94<`\xa7\x19\x97`\x0e2B\xb0r_\xf5\x18\
ua\x18\xc1\xfdPm\x19\xe3+3)\x8f\xf5\x056\
x_r\xab-\x8c\x9f\xa8\xf2\x87H9l\x05Q(\
6\xf9\x03\x83\x17\xea\xba\xeei\x9b\x00\xd4;\xb3S\x9a\
\x0d6\xc3S#fm\x996\x9bf\x89P\x18\xc3\x9b\
\x1f1\xfc\xd9\xcb\x16P\xba\xb3\x5c&\xef$\xddl\xca\
\xc2O\x0a=\xb1\x9d$\x9e6\x1dT\xcap\xcc\xcc$\
\x0a\xbf\x80\xa8\x1c\x95l\xb2\x92\xe8\xc2O\x00\x9dq\x8d\
g<eW`Y\xb0n\xc6Z\xe3\xc2\xa8\x8d\x5c\xa3\
X\x9f\x92%.B\xf1\x99\xa3\xa8\x18 \x22\x89I\xb7\
\x95c `p9\xe28\xfc\x10\xdca\xb0#X/\
/\xf3V\xbcU\xd7v\xb0ngl\x7f\xe1x\xcd\xac\
*\x90\x1b\x94&kXp=\xd9\x94\x00\xbc\x1f\x1cy\
\xf0\xdca\xb1T\x8a\xaf\x19\x80\x90\x06Px\x10\xa3\xb1\
b\x08\x1e\xf8\xd8(\x0a[\x08\x8a\x1cX\x94fu(\
|++JB\xae\x08\x1a\xd1\xaf\xe4b\xf1\x8a{C\
\x15\x0c\xa2A\x96\xa3\x89K7\xea\xb8emC\x0c}\
\x91\xfc\xbexU\x89S\x1f\xea\x0an \x0fr\xab(\
c/\xe8=\xd1\xfc \x8e5B\xa6\xd0m\xef\xdb\xff\
\x00\xf6\xd0/\xbbVl|G\xf3d\xf0\x86\xc2\xe9\xcd\
N\xbd\xc39\xb2\xde\xcd\xb35\x1e\x10\xe9\xceX\x8a.\
\xebd\xdc0\xd7\x9a\x8am5\xcd\x96\xd5m\xb9\xc6>\
1\xa6\xdcj\x92\x9b3a\xb3n<\xd4W\xc9\x88\xfb\
\xc8:\xfe[\x0e\x1ba\x04Y\xa8\x09|\xe7\xdd\x1b9\
\x90\x86\xfc.\x15I\x8f\xc9\xf0T[\xc72\xca@\x1e\
B\xaa\xab\x9a\x9c\x94$\xa9\xbf\x17\xd8=\x87<\x18j\
\x96\xf0C\x1b\xd7\x91\x80\xa0\xd4\xe7\x8b\xef\x8f\xdd\xc0k\
U\xfc\x8e\x87jN\x9fad\x84\xf3\xd1\xfdS\xad\xea\
\xb01\xf6\xa4\xac\xce\x10m\x0bJ\x80\xcaz\xf4\xe7\xb1\
\xdc\x89\xc2[\xde\x15\xd6\xaa\xf1\xc2\xc7\xd1]\x00%\xfd\
(\x1c\x8c\x8f\xc7\xfe\x84\x9c\x0c\x9ev;\x00#\x11\xf9\
$M\x08.\xca\x9c\x92M*\x88(\xfc1\x87\xec\x06\
\xda\x15\x92}\xb22U\x13\x9e\xad\xeb\x10\xfal2\x08\
\xe5\x87\xb1,\xce\xdd\x82d\x91\x80g}u\x18\x0d\xca\
|\x96\xb7\x11\x83\x96P\xaa\xbc\xfeq\xf9\xc3\x06\x06E\
R\xb8PYV@\x19A!\x0a\xb9,A\x03\xde\x8c\
\x11B\x9f\x11\xc6.\x03p\xab;#G\xe1C&\xdc\
\x05\xf2\xaaR\xc6O\xd4{\xe3:\xfcq\xb0\xaa\xa2A\
\x93W2)O\xd5\x0a\x174\x18`\xa5\x11\xb7\x0fo\
\x93\x18\xd3\x90\x1e\x96\x1bA\xb0\xd9\xb7\xdd\xfa%p\xda\
s\x7f\xfa\x7f6x\xd6\xf6\xea\xcd}\x9b\xbf\xcd\x92\xde\
\xed\xb9\xa8\xf0\x87M\xb2\xd5*\xa6l\xd8\xb3\x87\x01s\
D\x08\x1d\xa8Il\x96\x8d\xb7\x12\x14\x92\x885\x12C\
*\xb3\x82\xe4\x86\x0e\xe6Z\x91\xed\x05p\xe5\x09<\x93\
\x0f\x1f\xbf+\xc2\xd4\x0a\x14\xe4Qw\x13\x7f*\xc6@\
\xc1\xbc\x0f\xe7\x1f\xb0\xdb\x8c\x04\x94f`\xbc\xb9\xddL\
xP#\xb3+X\xe7d^\xf2\x17\x8c\xda\xc2\xa8\xc3\
\x0af`o\xe5[c:\xe0/\x07\xc5\x1eA\x0d\xc6\
\x1bQ[!x\x5c$\x8a\xb5\x07\x8a\xb4vb\xc1\xb8\
\x0e\xd8\x88\x18^\x13\xad\x14\x10\x1b\x85\x0b\xba\xb0`8\
\xae\x1aB\x02\x80@\xd6\x8c[\x0c\x08\xd9\x18+\x85\xe3\
\x90\xac\xa1\x97$#,\xa5\x98\x8c&\x1dXF\x02\x93\
\xf1\xc6\x03\x8bp\xa39C\x1f\x80\x0a\xed \x0fr\xa9\
\x8d\x5c\xc9\xfa\xff\x00H\xbe1^1\x0a\x14J2j\
\xfbs\xff\x00\x05\xa9\x0c\x22\x18lR,J3\xc6\x0c\
\xc1Lc\x0b\x94\xda2=\xca\x19Km\xfdG\x94:\
\x7f-\x8a\xa6\xe0l\xc2M\x82\x99\xa8\xa6\xc3\xaf\xf6P\
\xc1\x1fw\xe9\x8f\x8ci\xce\x0dl\xa2L\xd8l\xdb\xee\
\x06\xa9\x5c1\x8a\xd6\xff\x00\xa7\xf3g\x8dl.\xac\xd4\
Wo\xfe\xe4g\xb1\xbep\x86\xa8\xc6/$\xb7\xb0\x19\
2\x0ed\x0e\x02~\x8bP\xcdL\xe5Y\xa8\xdb\x09\x03\
%\x10k\xc9\xe1?\xad\x8e\x08g\xbdO\xe1}\x8ah\
s\xc5l\xc7\xee\xf1\xc2\xc50\x07\x9e\x7f\xcb\xc1\xe7\xa7\
\xf7\xa5\xeaL^&+\xcfH\xf5h\xfb\xfd4}\x8a\
\xdc\xf0\xce\xad\xd7d\xcd\x92\xe4v)e\xd8\xaa\xd4\xab\
#,2C\x85\xa5\xa3-\xf4\xf1\x0b+3zP9\
\x19\x1eG\xff\x00\x1c\x9c~y7b\xd3k\x19\xc5\xc2\
\xa3\xc9\x1b\xdd\x89\xdd\x0ef|rI\x0c+\x1a\xa1\x05\
Y\x11\xbb#2\xd5\xfds\xea&\x8bt\x11\xaa\xec,\
}\xd2\x17\xd8\xdf\xd2<\xb1\x0b\xc6z\x05Q\x86\x14\x1b\
so!\xefe\xf08>8\xc9\xf0\xdca\xb1\x14\xe4\
/\x0b\x85\x90\x02\xa0\x90\x95\x90\xb1`x\x1bb\xb2\x80\
\x17\x9f\xce1\x9c7\x0a\x17(\xc0\x85\xe5\xc6\xccTe\
WXr\xc40\xc5\xe3\xf6\x80\xbcl\x22\xa8p\x18\xd5\
\x9a@\xca|+)r\x11p\xc1J#\x19<\x8cl\
\x8f\xe3\x18\x0eP\x10$\x19j\xbe\xc2\x7f\xe2\xb5\xc3\x08\
\x81\x0d\x8cG\xf3\x0c\xf1\xd5\x98.\xaf\xd7\xd9\xb7\xc8\xf7\
(am\xb9\xa8\xf3\x19\xd3\x9e60\xbbs\x7f\x93`\
\xaeh\x81\x03\x9dy\xbf\xba\x8d\xbb8\xf2\x11t\xe7\x0c\
\x14\xb8\xd8M\x81\x90\xc8Cf\x89\x85G1d\xb1\xf7\
D7\x12\x09.\xb5\x11\x82T*n\xc8&\xca\xcc\xe1\
\x84\x9e\x17\xf4\x8f\xe29\xe3\x80\xf4.\xd87m\xb5\xc7\
\xb5@K25\x8f\xf4\x8b\xe45\xe31\x8c*\xa7\x91\
E3d\xb7\x95s%\x94\x8c\x01\xf1\xc4J\x9bq\x86\
\xc5R\xcc\x17\x85\xca\xca\x17\x1e\x15B30kp\x1d\
\x91\xb08^1\xd4\x8a<7\x19.\xea\xd6\x03\x81\xef\
#-@\xe0\x1a\xd1\x8f\x86\xe1\xf9QO\x84\xe1j8\
R\xb9\xe0R$,H<S\xb1]@\x0b\xc3\xf1\xc4\
\x01\x01\xb8\xca]\x94\xa9\x00\x07S1\x01|\xaa\xebV\
/\x82?\xac^\xc0\x17\x8c\xc1\x02\xab\xa8f\xa3n\xb6\
F\x10\x87\xb8\x8cU\xb1\xae/~\x1b\x8e\xa6@\xa6?\
\x0aY6\x80W\xdc\xaa\xc8\xcc_\xf5\x1e\xf8\xce\xa1\x82\
\xd8UQ(\xb3\x15s )\xfa\xa9B\xe6\x83\x0c\xa0\
\xaa6\xd1\x90Ax\xc6\xaf\x0a\xc5C(\x90{\x82\xbe\
\xc2[\xf4\x5c\x10\xda\x81\x0d\xfa\xa7\xcd\x93\xc7\xb3T\xc7\
\xfa\x90\x9b\x7f\xf7\x0b\xe5\xb6f\xab\xfa\x9d9\xcbb\xab\
\xb76!\xf6\x0a~\xa2\x97%?a\x92\x8d\xb789\
\x085d\x86\x0aJ\xdf6\xcbl \xe6\xaa\x00\x0cS\
$\x9fr\x0b\xe4\x1c\x95\xc0_\xc0\x02\xe4\xe7\x81\xac0\
\xdc\xf4\xfe\xec\xfe\x9d6\xee\xb4\x87>\x8b\xeai\xeaP\
\xc7$n\x12a\x22\xab\xb0\x9c\x80@\x91P\xeb \xa6\
cx\xc5\x18^Br\x17\xb1C\x1cO\xfe\x8c\xd8\xb5\
\xfd$\x1c\x8c\x8f\xc7\xff\x00\x14\x90\x06O\xe3\xb323\
\xebv+\xc1$\xcf9I-H\xea\x88\xef\x033;\
6\xc8s\xd8f\x1c\x9ag\x81\x10B\xc6\x9fTz\xaa\
u\xe4\xd7\x04\x8d\xf7{d\x9agi\x89b\xb8E%\
\x1a\xc7\xfa 2\x1a\xf1\x99\xa3\xaa\xaf\x91\xacl\xb5\xb8\
\xad\xb6\xcap\xbc\xfeq\xf8!\xb8\xdf\x22\xab3W\x8d\
!G\x0b\x80x\x12\xaeZ\xe0\x95;\x15\x81\xc2\xf0\x9d\
q\x8ca\xb8R\xd4k\x05\xe6\xcf\x96\xb5\x1cU\xd7c\
\x90\xdc\xfe\x91\x9f\xc2\xf1\x8e\xb5\x00\x80\xdc(\xcd `\
@\xe2\xba\x99\x08U\x00\x81\xad\x18\xb6\x18\x11\xb21\x5c\
(vU*\x1dA4m\xb6'\xda\xa4:\xb0\x8dp\
G\xb2,H3\xc6\x0c\xc1L\x7f\xab\x14\xdd\xf8\xf7\x05\
e\x0cd\xfdG\xba?\x88c\x8d\x85U\x12\x82X\x89\
6\x82\xbf\xaa\xd2\xc7X7\x00\xacgh89\xa2\xe9\
\xce\x1a\xb6]\x99\x0f\xef\xdam\x9a/\xe8\xc6 \xd9o\
\xe67g'`\xae\xac\xd0\x08\xf7\xf8\xcd\x81f\x0c%\
\xc8_\xd6?\x87<j\xb1S)!\xad&\xdc\x7f\xc1\
*\xb61\x12[\xf7\x8b\xe5$q\x99\x91PG\xe5j\
\xa6`m\xeeWi.\x1f\xc2\x83H\xc9\x88\xe7\x8d\x87\
Ui\x1a\xadvYB\x8f*\x81Q\x99\x95\xacA\xd9\
\x1b\x07\xf1\xc2\xda\x91B{\x81P\xd2\xa9/\x82\xb2\x17\
fR\x02\xf1~8\xd8\x86\x0d\xc3\xf2F\xa5\x88^\x19\
\x0a:\xae3\xc0\x95\x91\x9a\xc0\xf1N\xc4q\x80\xbc'\
\x5c`xn2]\x94\xd8/\x03\x831\x15\x03\x8a5\
\xab\x1c\x86\x07\xe4\x88b\xab\xc6`\x85\x15\x9475\x9d\
\xd6\xb0\xe2\x91%\xd5@S\xfc\xa2\xf3\x86\xe3\xae\xc0\xa4\
\x10\xbc\xba\x89B\x95\x04\x85(\xcc\xceA\x03\xe4\x88\x84\
\x01Kb5@\xe2\xc4\xa34\x81\x94\x80\x15\x95\x9c\x85\
P\x0a\x83\x1a6\xcf*\xc2\xe8\xba\xfc+\x14V\x01\xd7\
,\x11\x84\x84\xb7\xe10\xca\xc25\xc3~\xb1\xe2A\x92\
\xe0\x90\x86?\x03(e\xfc{\x80e\x0cd\xcdqh\
\xfe!\x8e6\x15TH2\xcd`\xe1\xbf\xe2\xb5\xbbP\
y\x19\xa1\xdb\x9cy\xaa\xeb\xce\x0dl/\xfb{\xaem\
\x9a\xa8\x15:\xf3\x9f\x14\xf9\x07\x0eF+\xf88\xb7\xff\
\x00\xaf\x92\x0f\xe7\x1f\x81\xe3<\xe8\xf7%\xeaN\xb3B\
H>\x8b\xeb\x10\xfa\x84D\xe5\xac\xaa\xe1\x09\x89\xbd\xa5\
\xe3\x920\xaa}\xecZ7]\xa4\x15*%\xb6\xa2\xa5\
a\x98\xfa,\x869\x0b7\xa6\x0f#\xc7\xff\x00\x10\x90\
\x06O\xe3\xb3;\xb7\xf2\x04\x8954\xab\xbe\xca\xe0\xce\
ga mq\xd4#\xb7\x5c\xb9wo\x83=\xa3 \
\xe7\xd4^\xbc\xddQ\x1f_\xd3&l\xb9\x0f5\xa5f\
2)vv\x0e\x0e\x17\x08\x8c\xd1\x92K5\xe3\x1b\x09\
\x1c.\xc9P\x9eV\xab\xb7\xf6\xf7+\x99,\xad\xe0\x0f\
d\x7f\x19\xb7\x18\x07Ui\x0dIvW\x0a\xa3 (\
W$5\x8a\x92\xea\xc1\xfc\x0f\xe7\x18\xa6\x1b\x8e\x03\x94\
%\xab\xcd\x87mk\xc5]vk\x06\xe0\xf9#9!\
C6\xb5Q\xe1\xb8\xc9i\x03\x06\x03\x8b%\x9c\xa8\x00\
qF\xb4bHn\x11\xb25>\x17\x8c\xc1\x0a\x86P\
\xc6\x87ik\x0c)\x0e\x18*\x85>#\x8c\x06\x01\xb8\
\xe0\xba\xa9\x8f\x00Y6\xe2\xbe\xe0\xa5,d\xf2?x\
\xf0\x82\xbcj\xa2\xa8\x90X\x95s +\xfa\xa9B\xcc\
#\x5c7\x95\x8c\xed\x19\x04\x16E\xd2<1K\x81\x22\
\xfb\x80q!\xbf\xe8\xb8dm \x86l,cp$\
\xb5\xf2\xa60j5\xed5\x06\xc05[u\xab\x83\xac\
h\xcf\x1a\xbe\xdd\xd9\xbf\xc9\xb7\xfc\xd1k\xee\xd5\x9b\x1f\
1\xfc\xf6\xe1\xb2\xaa\xea\xcdk\x1e\xdf\xc9\xb0.\xd7\xdb\
\xe1G\xb63\xa4\x93\xc7\xc3\x052\x92\x1a\xce\xb2\x05\x03\
(\x81\x01c\x19%\x81/\x19\x12x\x04\x98\xd1Dg\
 \xaa4\x80\x96\xc3+3;\x06\x18\x03\x09\x191\x9b\
p\xfb\xe3R\xe6\xbc.R@\xa0xUU\x90\x90\xd9\
*v#\x06\xc2\x82u\xc6\xa1p\xdce\x0cT\x96\xaf\
\x03\xdaR\xb8\xc0P#V`Cp\xe2H\x86p\x9c\
f\xd6Uj\x1b\x8115\xae2\xadp\xcb\x80\xbc\xfe\
Q\xe4\x10\xdce\xd9F\xca\x8e\x07\x1b\xaa\x14qV\x97\
l\x86\xe0\xf9c axH\x8dUX\x06,\x85\xa5\
\x0da\xc0\xc1\xd8\x80\xa1H]q\xb5\xb0\xdc#b)\
\x5c(f\x0b V@\xdc\x08VFbF\x17\xde\xac\
\xa8\x02\x9cR0\x1f\x0d\xc2\x85\x8a\x95\xfc\x07]\xb8\x0b\
\x82\xab@\xc5\xfc\xae/\x1f\xb0c\x84\x84\x0a\x1ce\x8a\
1\x7f\x1f\xaa\x94fmk\x86\x02\xb1\x9d\x83< \xb2\
\xae\xbc\xe1\x8aX[\xf6\x01\xc3\xe4\xfe\x17\x046\xb1\xee\
\xff\x00\x80\x12g\x87?\xf0\xfcx\x1f\x9e`\xb61\xf8\
\xce<\x0e\x7f\xfe|s\xd3\xfb\xdd\x8fO\xec\x89z\xcc\
\xc3\x9e\x8d\xea\x91z\x84\x04\xf5\xa4`\xc5\xd2H\xc2\xfb\
\x95\x89h\xddv1e\x1f#\x96\x85\xca\xf0:\x90\xe9\
7\xe6&>\x91Uo>\x99\xff\x00\xc2'\x03'\x9d\
\xc9\xb0\xad\xb08R\x19\xa3_\xb6W\xa4\x9a\xb6.\xf0\
\xdb\x00\x9f{\x19\x03kB\xb4s\xd6\x12l\xfa\x8f\xd6\
\xcc17W\x0f\xb9\xaejc\xb1\xe1\xa6\xc1|\xd9n\
d7\xcdEB\xb9\x8a\xd9o)\xf3d\x16,\xb5\xd7\
\x9a\xd57~M\x81f\xb8|\x85\xcdP\xea$\xf1\xb0\
\xd1\xa9\x98\x90X\xb8p\x134UQ!\xab{\x81.\
\x8c%$\x0bR1\xab\xcf\x08\x0eU\x9d\xaa\xd7m\xb5\
\xc7\x84\x01,\xca\xd6l\xec\x88\xdc\xd7\x8c\xc65P\xbe\
\xe0R\xd2\x82\x5c\x02\xb2]\x98`\x0e\x00#BA\x0d\
\xc26\xc6\x0eB\xf1\xdf[*\xe07)\x89K\x16\xf2\
\xad\xb08\xc0^\x7f8\xbc\xe1\xf8\xead\x0a\xc0\xaa\xf2\
\xcb\xbb\x05|\x851\xdd\x9b\x04\x7fX\xf0\xa0/\x18\xeb\
U\x0c\xa1\x89F2\x07R0\xa5Y\xd8F\xb8`5\
\xc4v`\x82\xbb\x11u\xe0\x06*\xb2\x00\xeb\x96\x08\xe2\
B_\xf5R\x19XD0\xc4V%\xda2J\xb9u\
1\xfe\xa0\xa6\xd3Q\xeePB6\xdc\xd7\x19\x88j\xcf\
\x1a\xbe\xdd\xb9\xb6$\xdb\x93\xfa%p\xda\x81\xbf\xe2?\
\x9b<6\xaaj\xcd~=\xdf\xe6\xeb\x7fv\xec\xd4\x7f\
3\xa79z\xe1wf\xff\x00&\xd1\x8c\xd1\x02\x02\xc6\
<\x96\xc9h\xd8K\x9c\x12Q\x17VH4g\x17\xfd\
\xac\xcd#\x86\xcd\x07\xb1\x18\xc4r[\x0e\x8ad5%\
\x9cH\x15G\xb5UVBCe\x94\x99\x15\xc4\x9e\x01\
4\x8ck9\xe3\xaa\xbb)f\xc1\x0e\xc6R\xa4`(\
\xa23#X\xb7\xc9\x18\xb9\x0b\xc6\x90\xc6UW\xc8\xa0\
\xdcM\xfc\xab\x19\x03\xab{FuE\xec\xc3q\x80\x92\
\x8cX)\xb9\xdd\x5cq\x14%\x9a\xc1\xb9\xfd\x22\xc7\xb5\
x\xcd\xadU|7\x0af[\x5cp>\xc2\xc3\x01y\
\xfc\xd0\xfe\x1b\x8c6\x22\x9c\x85\xe38W\x00\xa8<T\
+!%\x81\xe2\x9d\x88\xca\x00^\x1f\x8e?8n2\
\x97*\xcb\x81\xcb\x83)\x00yU\xd6\x18\xb6\x08\x1f$\
~0\xbcl(Ua\x92U\x8b\x86\x07\xc0!\x99\x82\
\x8c\x105\xa1\xb7\xbb\x84]E<\x02@`\x18y\x0a\
\xc2B\xc4\xf8\x18emc\x07\xf5@$\x19\xe1\x04\xfe\
\x9f\x8c\x85\x1f\x80xT\xb6\x08\xc623\xe0\x0e\x11\xff\
\x00\xdd\xc0Ho\x03\xc7\xa7v\xdf\xa3\xd8\x13u\xce\x0f\
\xa3z\x9c~\xa9\xd4_,\x1c\xda'R\xc5\x9d@\xd8\
\xe5\xa3fN+\xe2\xcb 9\xa3,\x1f\x9b\xa42\xff\
\x00\xa65\x09\xff\x00\xf8o\xff\x00\x00\x9c\x0c\x9eM\xd9\
\xdaZ8\xff\x00|j\x85\xbe\xe1r\xac\xa6X\x93\xed\
\xd3\xd9#D\x1dD\xe8K\xd6e\x9d\xa4\x90|~\xb5\
\xeb\xf1\xa2\xcb\x07\xa6\xa3\x89\xc8\xf6\x936I!\x8a\xae\
\x90ju\xdcl\xcd\x86\xcb\x9b\xe6\xa9\x8a\xb6\xac\xd9\xbf\
A\xba\xd97\xf6\xea\xcd\x06\xbd\xbf\xe6\xcbsm\xb6\xaa\
\xf8Ba\xb6_\x05Wm\x83f@\xe2\xb9\xa8\x0a\x1c\
\xd0\x92\xc3%\x1bvq\xfa\xc7\xf1g\x84+\x15.\xc4\
5\x9fn1\xedP\xaaX\xa1,\xd9\xbc\x7f)#\x8c\
\xc65U\x8f\xc8(\xad(%\xf0\xc1\xcb\xb3)\xf0\x17\
\x11\xa325\xb8\xdf$`\xb9\xaf\x1aJ2\xa8\x01\x80\
@$-l\x95c\x22\xb08^\x7f$\xf6\x90\xdcu\
\xd9V\xb0^_\xe7\x0bQ\xc0\xba\xee\xd9\x0d\xc1\xf2\xc7\
\xe3\x09\xc7:\xd1T\x80\xdc\xd6L\xa1\xac8\x8c\x1d\x99\
B\x85\xe0\x1a\xe2$\xe1\xc1]\xa8\xa5p\xa1\x9dU\xc0\
e\x04\xd1\x96FbF\x17\x12#\x04P\xac~8\xd4\
H,YY\xd9\x19\x0e\x00e2\x90\xaa,\xaacV\
2y_\xde?\x88c\x8eT\x15\x12.Z\xb2n\xb1\
\xfdW\x0c\x1bP\xc3b\xb1\xe2PO\x181\x09\xab4\
\xcc{\xb1\x8fr\x87\x17\xdb\x9a\xfe\xd1\xfc \x8e5B\
\xae\xd1\x96\xc4\x9bF?E\xa6[Vo\x83\xac\x89\xb3\
\x8a\xb8T\xd7\x90\x8c\xb1\x99}\xe4\xddK\x96a&h\
0\xa8\xc6\x1c\xe5\xb0\xca\xbbr\x18\x99\x04\x80'\xea\xa1\
\x04\x86\x84\x96\x04\xb4m\xb7 \x13H\xc6\xac\x90B\xb4\
\x8bs\x86\x0c\xed!\x0d\xe1S\x0a\x8c\xd1\x12X\xfb\xe3\
\x06RG\x0b2\x15\x09\xe4\x04U\x9b!\xbd\xc1\x8c\x8a\
\xe1\xfc\x0c\xd2!\xaf\xcf\x19C\xd5\x9d\xaan\xdb\xab\x8f\
j(B\xc5Z\xdc\xce\xc8\xcd\xb0\xbcf1\x05Q\x86\
\x05\x01\x977\xf2\x1c\xc8YH\x03\x83\xe2\x8c\x956\xe1\
\x1b\x15K\x10\xbc/WU\xa8<\x09\x89\x09\xbeJ\x9d\
\x88\xc0\xe1A\xf8\xd0~\x1b\x8c62\xb0!x\x1f3\
\xe3\x1cU\xd6\xael\xad\xcf\xe9\x18\xfc/\x18\xd2\xa0\x80\
\xc6\x84\xcb\x90\xc3\x81\x83\xd9B\xe0\xff\x0049\xc1\x0c\
6\x05#\x00\x12\xa1\x940\xc9\x0aU\xd9\x98\x82\x17\x0e\
\xa4 \xa9\xfd\x10\x06\xc1\xe1\x16\xc5|\x0c\x81\xe3\x03\x85\
I\xc1\xc8\x1c\xc8\xce\x00\xf3\x8f\xfe\xfey\xb7\x8f\xc7\x8f\
\xf8\xfez=\xb9:r\xac\x89\x91\xcfE\xf5X\xfdB\
\x14\x96+\xb7\x00\x12\xb9e.\x84=l\xb2+r\x8c\
\x90\x82\x8c\xc4=f!H<\x8eC\xe9\x8c\x11\x81>\
\x9f\xff\x00\xeef\x0a2\x7f\x13<\x8f(\xc1P\xa8\xeb\
!u\x8a0\x8e\x17D\x0d\xb5U\xd5\x93tI\xadU\
Ry\xa2\x89\xd4v#\xbb}A\xeb\x12\xa7rh\xfa\
\xd2\x82S\xdc\x18 \xc3\xfe\x91\xfc\x83<`YT\xc7\
\xfa\xb1P\xe0:\xe5\x82\xb8v/\xfa\xa7\x95mK\x86\
 *\x0d\xa3<esS\x104\xf8\xf6\xfe\x0d\x940\
\xb6\xdc\xd4\x1fg\xc3\x9c\xbe\x02\xae\xec\xd8\xec\xb8)\x9a\
-.i\x9b\x0bT\xee\xce<\xd0i\xb7\x08V+\xb0\
\x9b\xe6M\x9f\xe6\x8bQc\x16m\xe5\xa3\xf9\x89\x1cb\
\xca\xaa\x22\xcdX!\x94X\x90\xc1\x9d\x98\x87\xf0\xab\x84\
F1\x9b\x16\xf7\xa02\x92\xa5\x9c\xa3*\xa8\xc8\xa0\x13\
\x12\x1b,\x18\xc8\x18?\x81\x9dq\xfcf\xdc`\x1e\xac\
\xcdS\xb0\x89k\x8f\x0a\xa1.\xc1\x83p\x1d\x91\x1c\xe1\
C6\xb5U\xc2\xb7\x0a\x03(k\xe0\xab\xecf\x5c\x00\
\x07\xc7\x199\x0d\xc6\x1bQNB\xf1\xa4\x0b\x22\xa9P\
x\xa8Q\xd9\x8b\x03\xc5;\x11\x82\x80\xa4\xfcq(l\
1u22\x15!@pe*\xaa\x01Q\xadX\xb6\
\x18cdB\x98^;*\x95\x0e\xb65m\xa5\xb2*\
\xa48a\x1a\xd4\xff\x008\xc6\xc1n2\xb3\x851\xf8\
[&\xecW\xca\xab-\xcc\x9eT\x0b\xc7\xf1\x0cq\x88\
P\xa2U\xcbU\xf6\x82?D(\xc5\xb5\xa9\x0f\x19(\
\xa3`<6*\xba\xf3Rc\xdb\x86\x1e\xe5\x0f\x96\xdb\
\x9a\x0f\xd1\xb4\xe7-\x8a\xa6\xdc\xd8\xdcH)\x9a\xa5.\
i\x9b\x0c\x94;\xadS\x9dk\xa78j\x19\x16\xf9\xb0\
2\x17k\xe6\xab\x80\x8cb\xcd\x9b\xcccvrn\x0a\
\x88\xb3@\x13q*M\x81fW\x12\x92\x174\x8f\xe2\
\xf3\xc7\xab\xd5\xa4l5\xdfv?\xe2\xaa\x12\xcc\x8dc\
\x9b\xc5\xf2\x1cq\x98\xc6\x14'\x91U\xdd\x92\xde\xe4r\
\xe5\x95\xbc\x01\xec\x8c\x946\xe3{\xd5ZF\xc1.R\
@\xa0eUUdb\x1b-c\x220s\x81\x9a \
\xaf\xbb\x8c\xa1\xddI`8\x1c\xb4\xa4c\xc2\x80\x8a\xcc\
\x08n\x7fD\xf7\x10\xbcf\xd6\x15p\x0f+\xf2\xe6\xdc\
W\xd8X`/\x07\xc7\x19>\x1b\x84lE>\x17\x8c\
\xd5\x90)Px\xa9Y\x09\xb0<\x1e\xf58\x01y\xfc\
\xd0\x0f\x0d\xc2\xb7\xc3\x021a\x9c\x008W\xff\x00\xa9\
\xe6r|x\xe7\xe3\xc1\xf3\xcf9\xf1\xc1\x8f\xf8\x8f?\
\x81\xee\xe7G\xb5/Ne\x97\xae\xd8\xe7\xa2\xfa\x94\x1e\
\xa7\x187+:\xbb `\xe8H\xa5a\x062O\x18\
\x89\x18\x06\x0c\xa4\xe4d`\xba\xc1'\xd8{[\xcfO\
\xff\x00\xd8\xec\x11r\xc7\xc7o\xb6D\xb8*\xa4j?\
u}\xa9\x98\xe4\x13]#\x8d# \x08 b\xda\xe4\
\x13|\xb0#)\x8a5\xfa\x9f\xd7\x13?g\x02\xc7$\
\x94\x22B\xc4\x8c)\x0e\x19Qj\x7f\x9c~\xf0\x1b\x85\
n\xaaW\x01IP\xe0:\xe4\x85p\xf9s\x95R\x1d\
\x18\x22\xd4\x9fb\x01 \xb1ef\xa9\x8f\xf5\xcan\xc5\
}\xc1Y.d\xfdG\xba?\x88`\xb6\x00]\xa0\x96\
+%\xd4\xa7\xea5\x99\x0d\x01\xb0\xcd\x1bvk\x8c\xc6\
4\xe7\x06\xa1\x97`6\xf96g\xfe\x0bOv\xac\xdb\
\xf3\x19\xddn\x1b\x05Q\x16k\xf1\xec\x16\xfd\x86\xcb\xb5\
\xf3E\xc0S\xab6>c\x1b\xad\x96gVQ\x18\xca\
\x85M\x86\xad\x96\x05\x982\xc8p3\xae?\x88\x93\xc7\
\x01\xea]\xb0\xc5\xdfuq\xe1B\xa5\xca5\x8eo\x1f\
\xc8q\xc6c\x1a\xa8Op\xaa\x99A\xb7\x95vr\xca\
\x7f\x03\x11\xc6J\x1bq\xb1\x22)b\x17\x8d%]W\
\x01\xb8\xa9Wf\xb6x\xa7b0\xf0\xbcc\xae5\x1e\
\x1b\x8c\xbb\x1dZ\xc0p=\xa4+P8\xa3Z18\
`~H\xc60\xbcf\x0aUYC\x10\x84Mk\x0e\
)\x12\x06U\x01y\xfc\xe3\xf7a\xb8\xead\xab)\x00\
Xn\xc5}\xc1La\x8b\xe0\x8f\xe9\x17\xb0\x05\xe3\x10\
\x95W\x5c\x9a6\xebg\xc2\x10\xf7\x11\xae\x18\x8dq{\
\xc6x\xca\x5c!\x8b\xc2\x92\x9bpG\xb8+-\x8c\xbf\
\xa8\xf7Fu\x0c\x17\xc0U\xda2\xc4>\xd0W\xf4Z\
\x5c\xeb\x06\xdeu\x9d\xd9\xc3d\xa2\xea\xce\x1a\x9b\x05\xff\
\x00e\xbd\x9bfh\xb8\xa3i\xce[\xc4k\xbb96\
\xca\xeb\xcd\x14&\xd3L\xd8X\xa3n\xcd\x7f\x11\xfc9\
\xe3\xd0\x95\xd8H|\xbe\xdc\x7f\xc5@\x00\x98X\xe4\xfb\
\xa3\xf9\xb28K(Q\x16J\xd57~M\x95\x99\xac\
$\xf0\xaa+\x13\x18\xb2x@`\xa6C\x86\xb3\x89\x02\
\x81\xedP\xaa\xc4\xa1%\x81,\x87n@\xcd\x11u\xf9\
\x0c\xaa\xce\xa5\x9b\x0433\x95a\x81\x1f\xc6\xac\xd1\x9b\
\x1f\xe8\x99s\x8e\x16\xd6\x14\x0f  \xdd\x90\xdeU\xef\
e>8>4%M\xb8F\xc5RH^3\x95p\
\xb8\xcf\x02\x85rm\x9e\x03\xb1\x08\xfdx}\x88\x07\x83\
\xc6K\x10A\x03\x81\xbd\xd8\x1c\xc7\xf9'\x99\xb0\xff\x00\
\xe9\xc2j@\xfc\xf3\x1eI\xcex\x0e\x7f\x1e9\xf8\x1f\
\xfdy\x8c\xe0\x8f\x1c\xe9v\xdb\xa7\xd8Y\x13\xf3\xe8\x9e\
\xac;\xfd[\x003@\xb1\x83\x17\xe5\x8d\xd8\x09\x14\xaf\
=\xc9\xfa\x82\xca\x02\xb6N9\xd6f\xe8{$\xff\x00\
\xca\x7f\xfc\x99\x82\x8c\x9f\xc7jQ:\xe48A$\xba\
Lq\xd5\x1f\x9a\xbf\xdd[j\xe69w\xec@\xb1\xc7\
\xc9$^\xa7U\xdc\xb4R\x8f\xa8\xfdk\xefV8z\
\xf8\x8d\x0bQ\x82\xd4\x1eS\x12\x16,\x0f\x15\xae\x19T\
\x05?\xce?\xf8\xbf\x08\xd8\xaaF\x00,\xa1\xc0*\x09\
Tevf \xf1p\xea\xc1@R~4\xc3\x00\xdc\
e/V\x5c\x01e\xdb\x8a\x8c\xaa\x14\xb1\x7f+\xfb\xc7\
\x84\xf6\xf1\xb0\x81D\x8b\x92Q\xcb\x82\xbf\x80P\xb9\xa2\
\xe1\x95J\xa3l\xfdqh\xfe!\x8e\x1a\x82\xa2A\x96\
\xab\xed\xb7\xfcP\xa9-\xaca\xb1\x88\xce\xe0xA*\
\xba\xb3Rc\xdb\xee\xcd\x86\xcb\x1d\x99\xaa\xe0\xa1\xd4\x0e\
N(7[&\xe1\x96\x99\xa8\xa6\xc3L\xd8Y\x94\x89\
s_\xd61\xa7'\x8c\x11\xaad\xcd\xac\xfbpG\xb5\
*\xb61\x92[\xf7\x8f\xe5\xc8\xe3\x12\x8a\xa2<\x95*\
\x86L\x966Wgf\x0f\x90\xa3\xd9\x191\x9bq\xb0\
\xe8\xac\xe6\xa4\xbb+\x85Q\x90\x14,\x84\xabd\x86\xd8\
\x8c\x1f\xdb\xc2h\x8a\x17\x0d\xc6P\xee\xadj\x95r\xd2\
\x15\xc0\x1c\x03Z1\x047\x0f\xc9\x18$\x85\xe3=\x19\
W\x01\xb9LJZ\xd9\xe2\x9d\x8a\xc3\x01O\xf2\x8c~\
\x1b\x8c\xbb*l\x17\x97\x06lW\x8a\xba\xc3\x12C\x0c\
m\x8f\xdb\x85\xe30\x8e\xaa\xca\x18\xd0\xee\xb5\x87\x11\x95\
\xae\xaa\xa1O\xf3\x8f\xdd\x86\xe3)p\x85<\x0b.\xdc\
\x15\xf2\xa8\xc9c'\x95\x1e\xf8\xce\xb1\x8e>\x14(\x90\
e\xb0\xc6K'\xea\xb5,\xfa\xc7\xbf\x15\x8c\xed\x19\x04\
\x16E\xd5\xe1Z\x82Aq\xe4+\x87c'\xea\xb8d\
mC\xcb`F6\x83\x92\x1e\xcb\xaf\xf4Zl5\xcd\
\xb0B6\xec\xe3\x19\x8ci\xce\x1a\x96\x1bA\xb8\xd9\xb0\
\xdb\xf4\x5ca\xb5f\xdf\xf4\xfe\x5c\xf0\xdf\xd9\xab5\xac\
{\x7f\xcd\x81s\x9d\x99\xa8\xf1\x19\xd5\x9c\xb6\x08]\xb9\
\x0d\xf2l\xf0\x0dT(f\xa6K\x0c\x98\xc8\x97 \x1c\
\xaa\x0dy\xc3\x05$\x17$5\x9c\xc8C\x0fj\x00\xaa\
\xc62I>\xf4\x1b\x09\x1c,\xca\x14'\xe3\x03nm\
\xee\x0c\xcf`\xfe\x00\xf6&P\xdb\x8c\x03\x85,k\xcb\
2\xb8\x00xU\x0a\xe4\xa9\xc9\xfd\xd0\xdb\xc73\xadT\
/\x90\xca\x19\xbf|\x1b\xe5\xb1\x8eb\xa0\xe0\xe7\x9e\x18\
\x0bx%\x986\x00\xf1P\x09\xc1$\x82H\xf7x\xe7\
\xe0{|\x822G\x9c\x12|\xfb\x87:\x1d\xa9\xba\x1d\
\xb5\xec@\xde}\x17\xd5 \xf5\x183\x02\x88\xe6',\
\x04\xab\x8e`\xaf\xe82\xa2\xa4\xe7\x1e\x7fQ\xef\x03\x90\
\xb9\xe9\x9c1\xcf[\x9d\xde\xd5RMg<b'\x85\
^W\x09\xc9fh\x0cq\xadYu/\xdd\x93\xb7\xdc\
;;\xc4\xa8\xe64\x1e\xb9\xeb,wu\xfas,\x90\
\xe0:+\x13^\x17\xa3\xaa\x81\x90\x10\x09\x09\xb8<V\
\xd9e\xc0\x1c\xfeqda\xb8\xc3`S\x90\xbc\xbe$\
\x02\xa3\x8a\xb4f%\x81\xe2\x9b\xa9\x00\x05\xe7\xf3@\x0d\
X\xb2\xde\xa4\x10\xa2\xe3n*8\xaaR\xc5\x88#\xfa\
G\xed\x01x\xc4\x22\xa8`\x18\x94b\xe1\x94\x8e++\
9\x08\xa02\x8a!\xbf\x95\xc6\xc8\xc6\xbc\x00J\xab(\
u\xcbQ\xf6X\xfe\x16\xadmk\x86\xfd#\xf9\x06x\
l\xc1L^\x01)\xb0\x06\x1eU\x5c\x12\xd2~\xab\xee\
C\xa8`\xb6\x02\x8d\xb9\xb1\x0fe\xd7\x9a\x0d{\x0d\x07\
\xbb\x0dV\xdb\x9a\xf9\xd7\xf0g\x8f\x5c\xae\xcc\xdf\xe4\xda\
\x7f4J\xfb\x8cV-\xe4\xa7\xcd\x9e1eU\xd5\x9a\
\x90\x9bFI\xb2\xb31a&j=\xb1\x9d$\x9e>\
\x0a\xae\xd2C\x16uu\x09\xfa\xa8P\xecQ\x89a\x96\
F\xdb\xe0\x12cE\xd7\xe42\xabH\x0b6\x08fi\
\x0a\x91\x80\xb8\x8d\x18\xa1\xb7?\xa4j\x5c\xd7\x8c\xec\x8c\
\xab\xf9\x14\x02RCd\xa92+\x03\x85\xe6u\xc61\
\x86\xe3.\xc2\xad`\xa7g\xcaW\x03\x8a5\x87l\x86\
\xe1\xf9#\xff\x00\x0b\xc6}tR\x03s_\xc9\x90\xc3\
\x80Z6\xfc/?\x94~j\xdce\xd9B\x08^\x5c\
\x09qQ\xc5B\x96/\x82?\xa4f\x80/\x1f\x08\xaa\
\xae,j\xc6@\xc0\x8a\xa1Vf\x08\xb8lk\x8c\xdc\
X0.\xa8S\xc0%\x04\x800\xc9Uef/\xfa\
\x8fr\x1dC\x05\xbd\xa8\xbb\x06X\xab\x97R\x9f\xaa\x94\
2\x10\x83\xdd\x82\x88\xdb\x7f\x18\xb4cP\xc0b\xa1\x80\
\x90e\x80\x93i-\xfa\xa5Hm`\x86\xc5c\x1bA\
<k{uf\xa2\x86O\xfd\xc2\xde\xfd\xd9\xa8\xfe\x7f\
\x0ex\xd5\xc2\xed\xcd\xbeM\x82\xbf\xaa\xd3-\xaf6\xf3\
C\xbb89\xa0\xd5\x9c5\x0b\x8b\xe46_a\x0d\x9a\
.*\xda\xb2X\xe0\xa0\xdb\x9c\x92\xc0\xad3@\xa9\xb7\
\xc16\x16em\x99\xc7\xeb\x1f\xc7\x93\xc6\xc3T\xc8H\
k0\x90\x01\xfa\xa8P\xccQ\x899\xb4gg\x8e\x12\
\xc8\xaa#\xf2\x08Vq\x93\x86\x0eY\x88>\x07\x80\xa4\
\xa1\xcf\x0dX\x0b\xe4\x13p\xff\x00\xfb@\x5c\xfbs\x9f\
5\xf7\xe4s\xc8\x02\x9eA\xa9o\xff\x00\x5c\x9b{\x87\
\x02\xfb\xb3\x9et;r\xf5f\xd9\x0bT\xfa7\xaaE\
\xea\x1dd2\x14.\x01\x1f\xca\xb5\x15f><\x8c\xaa\
{\xc0<\xaf\x8f\x18\xc4R}\xa1\x0a\xdf\xf9i\x9b[\
O$,L\x8eD\xd0\xabv\x1c\xa9y\xa4\x86\x89\x09\
\xccrh\x8f\xb4KLC\xfa\xd7\xd4=\xafP\x12\xf5\
\xc3\xd7\xae\x0d\x10\x949\xe1\xc3\xa0gj\xf0\xbb#*\
\xaf\xe2\xab\xb7\xc3e\x83\x99\x03\x06\xc0\x1f\xa4d\xa1\xb7\
\x1b\xe4\x01\x99\x82\xf3f$\x00\x0c\x85P\xacM\xb3\xc0\
v!\x07\x0b\xcc\xeaA\x8c7\x19nU\xac\x17\x9b>\
\x5c\x15\x1cU\xa5\x9b!\xb8>X\xff\x00\xe2\xbc&\x8a\
\xab\xe1\xb8R\xd2\x06\x0c\x07\x03\x86v\x01@ kB\
N\x18cb\x0cUAeFP\xea\x18\xd1\xb6Z\xc3\
\x88CYQpqH\xfd\xf8n2\x97\x0aS\x00\x16\
]\x81J\xfb\x95X33\xfe\x17\xde\x8c#\x15/\x84\
E\x12\x0c\x96\x0eYL\x7f\xa8e\xb9\x0a=\xc0\x15F\
\xdb\x9a\xf9h\xfe\x10G\x1e\xa0\xa8\x94\x1bbM\xb9?\
\xaa\xe3\xdd\xa8\x1bc\x11\xfc\xd9\xe1\xb6\x17Vk\x84\xd9\
\xe77\x05\xfd\xdbsU\xfe\x7f\x0d\xb2\xf5*\xbbsc\
q \x0b\x9a\xad\x03\xb6\xbc\xdf%\xa3a6@$\xa2\
(\x8b$0Fu.H`\xced`\xdf\xaa\xfbQ\
\x8cD\x92p\xe8\xa6F\xa9.\xc8\xca\x07\x91U\x12\x12\
\x1b\xdc\x09ua'\x80N\xb8\xc0Ow\x1c\x07*Y\
\xaaD\x84\xcdR\xbe\x14\x08\xd5\x99Z\xc7\xfa\xc6,k\
\xc6b\x95Q\x86\xe4x\x0f\xf9\xc92\x19\x19\x95\x80U\
?\x1cy\x5c7\x19vP\xd8/6|\xb5\xa8\xe2\xad\
,\xd9\x0d\xcf\xe9\x1f\xf8^1\xa0U 7*v\xda\
\xc3\x8a\xc1\xcb*\x80\x08\xf8\xd3\xce\x1b\x8c6*\x90B\
\x8b\x81(\x05A1\xa1R\xec\xc40\x1f$d \x0a\
X\x88\xd5C\x8b\x12\x8c\xd2+)\x18F\x0c\xec\x11p\
@\xd6\x87f\x08\x22\xe85\xf8\x0cUX\x09\x06X+\
\x09,\xdf\x84\xc3\x86\x11\xae\x18\x8a\xc6\x04\x83<`\xc6\
\xba\xbf\x5c\xa6\xef\xc7\xb9T\xa0m\x9f\xaf\xec\x9f\x10\xc7\
\x1a\xa0.\xd0KU\xf6\x8a\xfe\x8bL\x91\x18\xf7b\xa8\
v\xfe0H]Y\xabS`\xb8\xf7bK\xb1o\xd5\
qV\xd4\x0d\x8f\xea6\xe7&\xf9]y\xaa\x84\x12x\
\xcd\x96\xd5m\xb9\xaf\xfc>\x1c\xf1\xb0k\xb3!\xb2\xfb\
<f\xa9@I\x8f%\xbc\xb4gnG\x09*\xa0G\
\x9c\x10\x0b\xfb\xfcp\x16.C\x0f\x00\x00\xa4\xc7\x92O\
\xb8\x0b\xf8>C\x0a\xf9\x02\xb95\xfc\xf9\xa9\xd9\xf89\
\xc0\xd7\x9cx,-\xfb\x0b[\xcf\xe3\xfc\x9cqNW\
\xdc9\xd4\xedK\xe9\xfd\x85\x96\x02\x0f=\x1f\xd4\xe3\xf5\
\x1e\xba<O\x1aH\x0a\xb3\x10\xc0XYS\xce\x08\xae\
<\xae8\xbe\xe2\x01\x03\x8f\x84\xdc\xddr\xe6W\xf7\xc4\
\xad\xdag\x0d#\xcd\x15\x17\xae_W\xd6Z\xd7\xae\xc1\
$\x90H\xa5\x88`\xf9\x0a\xbe\xd5\xf8\x89\xcba\x94\x19\
\x18\x82\xce\xcaT'\xea\x15D\x9e\x0eYY\x9dX9\
\xc2\xe6\x89\xf1\x9c\xf1\xb0\xe1Y\xda\xa4\xc8\xc2@1\x90\
\xaa\x15\xc9\x0d\x92\x0e\xc4`\xe7\x03:\xd0S\xdd\xc6\x01\
\xea\xc5\xaav\x1d\x95\xc7\x85P\x96!\x83s\xfaE\xe7\
\x0b\xc6ma@\xc3p\xa5\xa4\x06\xc0p=\xd8\xad@\
\xe0\xf8\xd0\x9c\x86\xe1\xf9#\x07!xZ\x85T\x80\xdc\
\xa1\x12\xda\xc3\x88n\x19@\x0aG\xc7\x1f\x9c0a\xb0\
)\x5c\x01`%\xc3(%T\xa1fb\x08_z\x10\
\x80)b#U\xb0\x0cY\x19\x9dJ\x1c\x00\xead!\
W\x0c\x05\x11\xb6yR/\x18\xd5\xe01U*$\x5c\
\xb5\x5cJX\xfe\xa2\xada\x10!\x88\xac\x7f0'\x84\
9\x0ab\xcd=\x82_ \xdc\x06\xf7m\xcdG\x98\xce\
\x9c\xe5\xb0\x15w\x03c}\x82\x99\xaa\xd6\xe7^o\x83\
\xa9\xb7g\x07!WNj\xc1\x0c\x82\xe4\xd8\x17,\xc1\
\xf3A\x80\x8d\xab$\xbf\xb9\x14\xcaH%\x9dYBy\
P\x10HJ\x92Xe\x90\xed\xc8\x0cJF\xba\xfc\x86\
\x0a\xc5K\xb5Z\xece\xa9\x1e\xd5\xc2+\x98\xcd\x8f\xf4\
\x8f2\x1a\xf1\x99\xa3\xaa\xaf\x90\x00\xdd\xfb{\x9aA%\
\x81\x14_\xe6\x9f\x19\xb7\x18^\xad`\xa6\xf9\x96\xb8\x1c\
U\x11\xd9\x83\x06\xe7\xf4\x8f\xdcB\xf1\x8d*\xa0\x06\xe5\
36o\xe45\xec\xb8\x03\x83\xe2\x8c\xfe\x1f\x8c6*\
\x1c\x85\xe5\xf10\x5cg\x8a\x94\xb1$\x1e\x0f\x922\x00\
\x0b\xc6\x22%U 7)\x99C\x06\x1cF\x0e\xcc\xaa\
\xa1N5\xc6m\x86\x04lE\xa6\x14\x16\x0a\xc02\xd8\
\x84\x22R\xcc\xc0\x857V\x0a\x02\x93\x84\x8c\x07\x01\xb8\
T\xbdJx\x16M\xd8\x0b\xe5T\xa5\x8c\x9eW\x17\x8f\
\xe3\x15\xe3\xe1j$\x165m\xb6\xff\x00\x8a\x10m\xad\
p\xd8\xd7\x19\xd9\xe7\x85K*\x98\xff\x00RSh\xb8\
\xcb\x05`\xec_\xf5\x5c2\x9dc\x0cp\xaa6\x82I\
V\xf6\xeb\xcdT\xa6\xc2\x17\xf6\x00\x85m\xbf\xaf\xe5>\
 x\xd5\xf6\xec\x06\xde\xfb\xf8\xfdR\xb9my\xb7\xfd\
?\x978\xf3Q\xaf85$_9\xcb\xdf\x04{|\
c1\xfeO\x91\xef\xc8\xe1,\x08\xaf\xe0\x05\xbf\x8f\xdb\
\xfc\x1by\x1f\xf1\xf6\xf0\xd6\xc2\xdf\xb2\xe47\x9f\xc0\xc7\
\x9c~s\x85\xf7q\xf2P\x15\xfct\xfb/\xd6\xec,\
\xb0\xb6\x1b\xd1}V/P\x8cx\xc3\x8b$\x7f\x90\xc1\
J1\xf8\xd9r<\xb8\x04\x0eI\x8c\xcez\xd7\xda\xff\
\x00\xc9Oo`i\x0c\xcbO\xb6\xd9\xab\xebA\x00\x88\
\x85\xd9\xb5K\x1bl\xcdG\xb5\x0e\xa2Il\x15S&\
lK\x86\x013P\x10H\xd8$\x95,\xca\xdbI\xaf\
\xeb\x1f\xc3\x93\xc6\xc3\x052\x12\x09g\x12\x00\xb9\xaa\x84\
W%I%It\x22O\x034\x8f\xe3\xc9\xe3\x00\xe5\
K\xb6\x1a\xed\xb6\xb8\xf6\xa8\x0bb\xadc\x9b\xc7\xefl\
q\x98\xc6\xab\x5c\x10T3\x82Z\xa49v*F\x00\
\xf8\xd0\x95!\xb8~D\x04\x90\xbc\xb9\x8f\x0aTr\x9f\
-\xac8\xaf\xb02\xe0/?\x9c\x7f\xf1n2\xecU\
9U\xe1|J\x16\xa0\xf1R\x85\x98\x90x\xa7dd\
(U\xe1:\xd1A\x01\x89R\xf2+\x02\x07\x03\x86\x90\
\x85P\x0a\x8dh\xc5\xf0\xcb\xfd\x10S\x0b\xc6!J\xab\
\xa8cV\x12\xd8\x91\x85!\xc3\x88\xd6\xa7\xf9\xc7\xf2\x0b\
p\xa9z\x98\xfc-\x93n+\xeeUe\xb1\x93\xf5\xfd\
\xa3:\x86\x0baUv\x8c\xb1\x0e\x5c\x14\xfdAC#\
P\x1b\x80Dm\xbb8\xc1(\xbasV\xa6\xc1\xb0\x1b\
{\xeevf\x8b\x8a\xb6\x9c\xe4\xfe\x8b\xba\xd97\x0e\xb4\
\xcd\x14 \x90\xd77\x05\x8a6\xdc\xe0\xe5Pi\xc9\x0c\
\x11\x99L\x84\x86\x0c\xe6R\x1b5\x5c*\xb1\x88\x92\xc7\
\xdc\x83q#\x8c\xcc\x95\x11\xf9Z\xae\xdc\xe7\xca\xb1\x90\
8\x93\xc0\xcd\x10k\xf3\xc6\x01\xca\x17j\x90\xed\xb6\xb8\
\xf0\xa0%\x8a5\x8eo\x1f\xbc\xe3\x8c\xe5*\x17\xc8\xaa\
\xed\xcd\xbc\xab\x99,\xa4c\x83\xe3\x8c\x956\xe3\x01 \
BX//\x89k\x8e*\xd2\xcd`x\x0e\xc8\xc88\
^\x13\xadTxn\x14\xcc\xa1\xae\x01W\xb9e\xc0^\
x\x8e#\xe47\x1dn\xaar\x17\x85\xea\xe0\x15\x07\x81\
\x0a\xc8X\xb0<S\xb1\x5c`/\x0f\xc7\x18\x07\x0f\xc6\
B\xe5YH\x1c\x0c\x0c\xa4\x05\x19\x00\xc6\xac[\x0c?\
\xa4~0\xbcb\x12\xaa\xc01\xa3m\xb6F\x14\x87\xb0\
U\xa9\xc6\xb8\xfd\xd8`AuR\x9e\x01*\x1c\x06\x1e\
B\xb0vg\xfc.\x1d\x08\x8c`\x9c*\x01(\xc9e\
fe)\xfa\x82\x9b0\xa3\x0c2\xa1\xaf\xfa\xfe\xc9\xf1\
dq\xaa*$\x06\xd8}\x99\xff\x00\x8a\xd7'X\xf7\
y\x08v\x8e\x10\xc5F\xb1\xe1\xa9a\x7f\xd8^\xde\xe0\
j\xb8\xc1\xd7\x9c\x9f\xc0\xd9\xf96\x18\xa6q\x85\xbf\xff\
\x00\xaf\x9a\x9b~?*\x088\xe1\x22\xc0\x11\xcf*\xc4\
\xf0{\x81\xc7\x8e~\xa8\x03y\xe6,=\xa7\x03 \xbf\
\xff\x00\xaf\xd3r\xcb\x1f\xab\xc1Rp\x99X\xfd\xa6\xc3\
\x0a@+\x8c\x8f.\x03c\x92{\x8c\xff\x00n\xad\xb9\
\xc5!Q\xdaW\xb3\xac\xc6\x9fj$\xd5\xf5\x99\xeb\xe9\
!U\xf7(\x7fv\xdc\xd4b\xa7M\xb2\xdf\xa8\xdbk\
|\x96\x1a\xf3U\xa6\xc3\x5c\xd8Z\xad\xba\xd5\x1f\xcf\xe1\
\xb7\x0dH\x06bC\x13\x22\xc8\x00\xcdV\x81\xd8\xa1%\
\x86J6\xdc\xe3$ \xd3\x9e0V \xc8Hk>\
\xca\xff\x00\xc5*\xa5\x8a\x12[7O\x94\x91\xc2\xc5\x15\
Dy\xc1Ui<\xb1\x0c\x1d\x99\x987\x85_b\x13\
\x19\xb1?\x22)s^\x17(\xca\xab\xe4Uv\x13o\
*\xc5\xc3\x06\xf0?H\xfd\x87<`\x1c+;T\x97\
\xc4\xa1q\x9e*\x84b\xd6\x07\x80\xecF\x1e\x17\x85\xb5\
\xa2\x8fkp\xa5\xa4V\xb0\x1c\xbd\x9c\xad@\xe0\x1a\xd1\
\x89\xc3s\x1b#\x15\xaaq\x98%T\x80\xc6\xa4Kl\
\x83\xc5k\x86U\x01O\xf3\x8f\xdd\x86\xe3)\x90)L\
\x01u\xda\x05FUJX\xbe\x08\xfd\xe3\xf6\x0a\xf1\x88\
EQ\x22\xd8\xd1\x8c\x96_\xc2\x95,Dk\xee\x02\x88\
\xdb\x06A\x05\x95u\x0c\x02S`\x0e2\xc1\x5c3\x19\
?Q\x86C\xa8y8\x11\xae\xd0lC\xd9Ly\xa2\
\xd2\xe6\x83\xdf\xee\xa3n\xcd|\xd0h\xce\x1a\x97\x1b3\
a\xb3a\xbej\xb5\x0auf\xe7\xf4\x1b\xad\xc3q]\
Y\xaf\xb3o\x82l\xa5\x986\xdc\xe3$G\xf1\x12x\
\xd5$l$5\x9fn\x0f\xea\x81V\xc62Y\xbfx\
\xfeRG\x19\x99*\x13\xca\xd5v\xe7&\xca\xc5\xec\x1f\
\xc2\xfe\x91\xe63\x9e6\x18!s\x86\xb9\xdd\x5cxU\
\x09fV\xb1\xce\xc8\xcd\xfd\xbcv\xd6\xaa\x17\xcf*\x0c\
\xd6\xb7\x94s!uo\x1c\x1f\x1cd\xa9\x0d\xc6\x1b\x02\
\xb1!x_\x12\x85\xa8<U\xab\xb3X7\x14\xecF\
\x07\x0b\xc6:\xd1G\x86\xe3&\xc6\x06\xc0p=\xa4 \
.8\xa3R\xb1\xc8nx\x92/\xf0\xbc&\x95R\xa1\
\x88\x8f\xe5\xb5\x87\x11\xaf`\x14\x0ec\x5c\x7f\xe1\x83\x0b\
\x85 \x85\xe1`$\x00\x8c\xf0-Y\x99\x88<St\
`\xa2\xa4\xe25\x01\xc5\x8dY\x98\x148\x0a\xc8\xceh\
0\xc0Q\x18\xbf\xe3\xf7\x8f\xd9\xed\xe3\x10\x08\x0e2j\
\xfb3\x9f\x0aC\x16\xa2\xe1\xbfT\xf7\xf0\x82\xca\xb4\xfc\
\x1a\xdcX{\x80`Io\xd4`\xa9\xa0\xc1>\x00\x12\
\x0f$6E?_m\xce?>B\x9b~\x0f\x95\x04\
\x1cr\xd8p\x0f?\x0eM\xb3\xc1\xefS\xfe8}\x88\
?\xe5\xc0-\x83lp\x10d\xc7\xe3\x9fNXz\xc7\
[\xfc\xf12\xb1{\x0eG\xb4\x85\xc1\xf7y\xb8\x0f\x8c\
I\x897\xac\x08VV\x02\x18U{(X\xc9\x1c\xb2\
kn\xb2\xb6\xaf\xad\x1a\x0d,\xab\x19\xda\xaa\xcb\x9d\x9f\
\xaa\xf9C\xa8`\xb7\x85\x1bsl=\xd4\xc7\x9a\x8aX\
\xd0a\x940V\xda\x0d\x7f)\xf0\x83\xc6\xae\x17m\xad\
\xf2\x09\x05sU\xad\x9b^l3C\xb78\xf3\xaf\xe1\
\xce\x1a\xa4\x8d\x99\xb6d\xd9\xfej\xa0\x02\xc6,\x93\x9b\
G\xf2\x93\xcc\xb2\x81\xab8*\x0b\xe4\xda\xd6r\xc4>\
j\xa4\x22\x92\x87$\xfb\x90\x19\x09\x1c\xbb+(O\xd4\
\x05\x12d1,\xac\xcf`\xff\x00\x8c\xd2?\x8c\xe7\x8d\
\x87\x0a\xce\xd5c#,\xa1G\xe1B\xab\x16\x0d\x93\x9d\
\x91\x9baxN\xb4P\xb8n2\x86pm\x8e\x09\x0b\
\xc8W\x18\x0b\x88\xd1\x88!\xb8~H\x87\xe1x\xcfB\
\xab\x80\xdc\xa6%-`x\xadua\x80\xbc\xf1\x1cc\
\xf0\xdce\xbdH s`\xdb\x8a\x8c\xaa\xd2\xc4\x90x\
>H\xc8\x00/\x18\x88\xd5C\x00\xdc*L\x81\xb20\
\xac\x18\xb0E\x00\x81H\xcd\xb0\xc0\x8d\x88\xb4\xc0\x05\x94\
J\x03.J\xab+1\x7f\xd4a\xd1\x84kR\xd8D\
\x02A\x92C\x97\x05?Ud2\x1a/\xb8\x02\x88\xdb\
|\x82\x0bF5\x0c\x02R\xea$\x19p\xafr_\xf5\
L\x15mC\xdc}\xb1\x8d\xc0\xe5\x83\x92\xba\xf3QC\
)\xaf\xec\xb6\xab\xed\xcd\x7f\xe9\xfc9\xe3\x85\xf6\x99s\
l\xbe\xcf\xfd\x89\x5c1\x8b6>c\xf9\xb28\xc5\x94\
(\x8f%j\x9bO\x93u,\xd6\x12f\xb9\xac\x7f\x16\
x\xd8`\xa6BC]\xb6\xd4~\xab\x85\xb1C\x93\x9b\
G\xf2\x928\xcccU\xd7\xe4UL\xa0\xdb\x0c\xae\xd2\
\x16V\xf0\x07\xc7\x1f\xc6m\xc6\xc3\xaa\xb3\x9a\x92\xec\xb2\
\x85\xc6B*\xa3\xb1V\xb1\x07dm\x7f\x1c'Z(\
\x5c0e\x0c\xe0\xd8\x02$\xb4\x85q\x8e(\xd6\xac\xc0\
\x86\xe7\xf4\x8f\xc9\x0b\xc2\xfa\xca\xae\x03r\x98\x90\xb5\x86\
U\xefa\x80\xbc?\x1c\x7f\x90\xdc#`S\x90\xbc\xbe\
%\xadG\x15(\xccK\x06\xe2\xe1\xd0\x8c\x05\xe14E\
\x07\x0d\xc2\x96`\xc0\x81\xc5p\xce\xc0(\x04\x0dhI\
\xc1\x1f\xd1<`p\x90\x95\x0c\x03\x1a\xb6\xdc\xff\x00\x85\
!\xac\x14`\xfe\x89\xee\xf3\xc2\x0b\x01\x5c\x01\x91\x7fp\
\xf3\x86\x0cK~\xa3\xdc\xa4 \xc18\x0a\x03\x8c\x92\x1b\
\x22\xbf\xa8*\x5c\xe0y\xf2\xaas\xc2,\xa3\xfcp\xb1\
\x0e\x068\xa0\x07$\x1c\x90n\x84\x1f\x1c&\x8a1\xe7\
\x84X\x83lr\xdf&1\xcf\xa6\x81\xff\x00X\xeb\x7f\
\x9e&u{\x09\xc7\xb4\xd7\x1f\xb7\x9b\xfb\xc8\xc4\xdf)\
\x9e8\x90$\x8c\x040\xaa\xcc\x81\xcc\x90\xbc\xda\xda\x00\
5\xfdh\xf0\x98YD_\x22\xab-\x8b\xf9Q\xefB\
#\x5c\x13\x85@$\x19%]\x99Y?PSa\x08\
=\xca\xa5U\xb6\x83\x5cZ?\x89x\xd8P\xa2Pl\
D\x9b\x01_\xd4R\xc7X6\x16\xa1\xdd\x9c~S\xe2\
\xcf\x0dr6\x03n\x87\xa2\xfa\x97u\x83C\xd7u\x8b\
\xa5\xf4\xa226\xc9\xd8\xcb\xd7\xfaw\xd3\xe0\x88\x9e\xd4\
\x12\x9e\x7f\xa6u\x91#\xfb>\xa2\xd0\xf5\xba\x9b\xd6\xe9\
W0\x19\x9d\xc7n,\xc5\xd8\xf4\x1fM\x9e\x170\xc0\
\xfb;\xbfJ\xd6\x10\xe9;+w}7\xbf\xd1\xae\xc8\
_P\x09\xb3\xc16R\xcc\x18I\x9a\xfe\xa9\xf1g\x8d\
\x86\x08dj\x9b8\x97\x03\xf5P\xaa\xc4\xab\x12A\xba\
\x1d\x87\x01\x98\xa2(\x8c\xe42\xabH\xa4\xb6\x0d\xd9\x9d\
\x95\xbc\x01\x84B\xc8m\xc8:\xd3w\x13\xe3\x5c\x96\xf4\
\xbfP\x8d\x95~\xd5\xcf?\xd1\xfb\xe2c\xfe\xdaK\x8f\
L\xef\xca\x8d\xfe\xd6@?\xd3{\xb1\xc6?\xdbH\xc1\
\xbd/\xba\xd4'\xad\x22\xf0\xf4;\xbbi\xf6r\xe5}\
;\xb8\x96o\xb7\x90\x83\xd1\xed\xb4_\xf9i\x14\x1e\x9f\
i\x02\x83\xd6s\xc3\xd0\xedn\xfe\x12\x02:\xdd\x87\xc8\
^\xbb\x82\xbdY\xd22L,\xc1\xfa\xb30S\xa5\x94\
j\x948\x06\x06\xca\xf5\xa7Vfh\xd8\x8d2\xba\x10\
\xb0\x95\xe1\x8aDE\x0f\x11$\xc3)\x90\x10\x84p!\
,\xd5\x88\x82\xb1\xba\xa9\xba\x12\x19K(\x11\x8a\xf0\x95\
\x0e\x03\xaeX#\xab\x96l`\x10\xcaDC\x0c}\xa8\
\x04\xa3$\x87%L\x7f\xaeSa\xaa\xfb\x94\x10\x1bw\
\xeb\xf9A\xa4\x1c5r\xbbA\xbe$\xdb\xe7\xf4Z\xe1\
\xb5f\xdf\xf4\xfel\xf1\xaf\xed\xd5\x9a\xfb6\xff\x00\x9b\
 w\xb0`\xc4u}\x1f\xd4;)\x9e\xafZL\x7f\
\xe1\x9e\xd7\xc7\xf72$e~\x94\xeco\xa1\x9b\xc7\xfe\
\x16\x7f\x90\xf5\xbbJ\xed?\xd3\xde\xa0\x90\xdaE\x04v\
:}\xbe\xb2.`\x95S\x08e\xf2M\x83;\xd8I\
\xe1W\xdb\x1eb$\xf1\xaa\xc8\x86RC\x16q(\x03\
5P\xaa\xc4\xa3e\x81\xbcgg\x8e\x12Q\x17_\x90\
\xc1Y\xd6\xcd\x86\x0e\xcd!S\xe0\x0c\x22\xb1Cn\x1f\
z)oo\x19\x8aT\x00\x08\xa8\xdb\x9by\x0cd\xb2\
\x9f\x1c\xfei\xed!\xb8\xc0=I`\xa7f%\x03\x03\
\x8a\x02\x166\x07\x80\xecB\x0e\x17\x85\xa8\xa0\x0c7\x08\
\xb3\x86\xb0\x1c\x0fga\x808\xbe\xc5c\x90\xdc>\xf5\
\xff\x00\x0b\xc2\xc1j\xa4\x03\xca\x9d\x96\xb0\xe2\x90\xd6\x00\
\x05#\xd8\x9e\xec7\x18\x5c)\x5c\x00X\x07\xc1Q\xc0\
\xa5I,G\x07\xbdM@R}\xa0\x07\x19\xe5X\xb0\
*|\x0c\x16>8\xabQ\xe7\x8c\xa1\x93\xff\x00\xa7\x09\
e`?\xc2\x80\x18\x959>YX>pIU\x01\
|\xf3\x01\x99rpoi1\x8e}2\xb8\xf5\x9e\xbe\
|\xf1U\xb5{s\x82T\x95\xaf\xed\xe4?\xbc\xf8\x97\
\xe5\xdd\x1a*#\xb6 \x81D\x8a\x92\xf2X\x8c\xfa\xde\
:*}i,f\x16A\x0a\xdd\x14\xa6K\xe0\x8f\xdd\
\x0d\x00^\x1c\x22\x00\xe01(\xcc\xcaS\xf0\x19L\x84\
*\xe0\x85\xa2\xbe\xcf#\xf7\x8f\xe3\x18\xe3\xe1B\xac\x8b\
\x96*\xe6@W\xf5R\x85\xcd\x17\x0d\x82\xaa\xdb?\x1e\
\x95\xe8\xdd\xbfT\xff\x00\xca\xc6V.\x8f\xa1\xf4=>\
\x82hZn\xc6\xb9\xbe\xe6\xe4|q\xeb!\xc7YX\
KS\x1c8\xed+\xe1\x95\xde4\xfb`\xfa\xdbN\xf1\
\xb4\x1b\x815\xdf\xee\x03\xebLk\x7f\xb6\x12lp5\
/\xddl\xbb\xac\xb6\x8cu\xc3\xe9\xf5?\xa7\xfd?\xb7\
;\xe8\xbc=\x8fP\xf4\xce\xe7G?w\x14\x82/\xc4\
\x7f\x15\xb8\xd5!v\x93kI\xb3\x034P\x81\x8d\x09\
-\xe5\x90\xed\xc8\x19(\xab\xab\xf0B3\x8b\x12\x183\
4\x8c\x1b\xf5\x5c*\xb1\x8d\xb2~\x8eD\x95{\x0d\xd8\
\x92\x9cy_\xaec\x8e\x1c\x14\x10D\x9d\xb2\xc2B\xd2\
#\xb7f9RR\x152:\xddq\xa1\x83\xf2H\xd6\
}rI\x22\xc6w\xb1\xed\xeb\x0b\xe2(\xd7\xae\xb2H\
\xb2,\xa7\xff\x003\xd7\xf9\x19b\x12?\xdb\xc7\x1cj\
\x12^\x18/\xdbY7\x05h\xe5\xfb\x86\x920\x89\x18\
P:\xd03\x06I\xb9\x22}\xc4Q=\xe3\x884\xc2\
.\xca\xc6\xd1\xab\xf28\x0c\x12H\xf2J\x92p\x1f\xb9\
\x81\xd4\x08\xe1.~\xde\x18\xd1\xd5&f\x81\xa5\xec$\
\x88\xe8\xa1\x1d%\x91\xd2(\x95\x08\x8cu\xba\xee\xd2\x88\
\xe5_\xaaq/\xaaf4X\xc1`\xae\xaa\xca\x09\x08\
\xca\xe5\x98\x82\x14\x89\x11\x82\x0a\x96\xc2\x22\x89\x05\x89V\
fVO\x0a\x19L\x84*\xe1\x80\xaa\x1d\x9eW\x17\x8c\
k\x18\x04\xaa\xb2\x89\x06Z\xaf\xb4\x96\xfdV\xa5[P\
\xc3c\x09\xf2\xf9=\x1fN\xed\xfa\x84\x8a\xbd(\x9d\x97\
\xd3\xbe\x9a\xeb/`\x8e\xdc\x86I:]\x04\xeaG%\
\xe0\xd7\x10[A\xfe\xccI\xc9u\xfc\x7ft\x1fn'\
\xfb\x9f\xc3i\x87W\xc8z\x9b6\xb0\xf8?\xde\xec\xe4\
\xa2MQ\x0e\xa6\xcd=\xcfG\xf4\xbe\xd7d\xac\x912\
v;\x9fM\xf7!\x8d\xda;I\x13\x06\x8dHP\xc1\
\xdb\x05T\xcb\x9be\xc4\x80.h\x81\x03\xb6\xb2K{\
\x8c\x7f/\xe1\xb2\xa8\xba\xb3\x86\x0a\xce\xb7$0g2\
`\xfe\xa9\xe1\x0e\xb3\x92\xdePl8%\x99\x0a\x84\xf2\
\x02\xae\xd2s\x92\x19\x9c\x15\x7f\x03\xe9\xee\x9c]\x93 \
u.?\xf0\xff\x00\xa6<q\xb4\x8b\xad\x8f\xa1t\x07\
r\x9a\x1e\xbf\xf8o\xd3Sk-\xa4)\xf4\xef\xa7\xcb\
\x0b\x19\x03'%\xfaw\xd3\xe2X\xea\x1d\xb8~\x97\xf4\
\xd7\x91=\xce\x86/\xa7\xba\x12LP\xa4\x8a\x0f\xd3>\
\x9e\x90\xb3\x86g\xe0\xfag\xa1$!\xac\xe9\xc9>\x9a\
\xe8F\xea\xa7cs\xff\x00\x09\xf46\x9f\x91\xcf#\xfa\
c\xa3 `\x1eE/\xf4\xa7M#\x1f4\x87\x92}\
!\x13\xa2\xb4=\xb0\x9c\x9f\xe9\x8e\xe4R\x91\x19\x8a^\
v:\x1d\xbe\x93\x9f\xb8\x85\xd4\x0fr\x91\xe0\x12j\x00\
 \x1eW,\x0a\x91\xc4 \xb1\xf1\xc0\x0a\xa9\xcf\x1b\xc8\
\x1c9\x0d\x8f\xf0\x80X\xd3$\x8f*vg\x04\x95\x0b\
\xab<j\x99<\x93e$\xb6\x1b\x9fL\x8cz\xcc\x04\
\xf1T\xea\xf0|\x12\x18\xae<7\x95\x7fq\xcf\x1b\xe6\
Yc\xf6!o\x82\x05\x04G/%\x8f~\xb7\x0d\x1a\
\x0f\xad&\x06&A\x14yT\xa5\x89*x>H\xcd\
@^\x12\x11@ 1(X\xa9R\x07\x03\xa9\x90\x80\
\xa0\x15]j\xc5\xb0G\xf4\x8f\xdb\x85\xe3\x10\xb5\x0c\xb9\
4&@A\x18\x0c\xa5\x8dW\x07\xe9\xff\x00\xa7\xaf\x0f\
\xdez\x8a\xfc\x02 \xfddN\xb4k\x1cr\x14B\x8b\
4w}r\xfd\xce\xc3\x8aFQ\xee\xbdx\xe9%t\
\xc3\x8e\xc2\xe424\xd1\xc7\xf6\xeau\xb3B'\x02d\
%\xd69\x96G~\xc0:\xd3\xdf\x13\x8e\xb20\x91\x85\
\x22Q\xd9W.\xcb+<g\xae\x1fP\xd0;$\x22\
\x9b\xb4\x0c\xf0\xcc\xbd\xe5s\x07\xac\xfa\x01H\x9b\xb3\xe9\
K#F\xd5\xf6\xec\xcd\xce\xcd\x9e3E\xad\x9b^l\
3C\xbb89\xa0\xd3\x9c56\x0b\x93`]\x9d\x83\
\xe6\x8b\x85Rb$\xb7\xd1\x94+\xd9=\x86e-,\
\xb1\x18\xd3\xafc\x10H\x97\xb4j\xec\xd2\xa4\x92O\x1c\
\x8b\xd8f\x09}0\x0f\xb5b\xdc\x94G.\xb7\xecI\
\xad\xf7\xcb\xf7z\xb0i\x18HD\x92E&\xc6\xb6\xfe\
\xbe{\x0fNI)\xeb\xa4q\xc4U\xd4\xc4\x8f\xda\x0c\
\xd2\xe2H\xe7~\xc3I\x1b\x05ER \x81\x9a'Y\
x\xe0v\x22\x8eI$X\xb8\xd3\x98\xbbI\x1d\x03\x08\
\xe2\x10I#\xedY\x0a\xb7\xdc@\xea\xda\xe2\xe3\xbf\xdb\
\xc5\x1a\x01\x1c\xbch\xb6\xf6\x11\xf6*\x14\x9bt\xae\x8b\
\x1a'<u\xba\xee\xf9\x8eQ\xf5I\xdd\xea\xa4\x80\x91\
\xf2\xf4p\xa4\x06\xe0J\xbb1 \xf0\x1d\x88\xca\x00^\
\x1f\x89\x140\x0d\xc6B\xec\xac\xa4\x00\x1c\x19\x08\x0a\x07\
\x15u\xab\x16\xc3\x026 \xae\x17\x85\x95YC.M\
XHX\xe3\x0aC\x02#\x5c7\xa4\xfd>\xda\xa3\x9f\
\xd4\x14\x88\xd3\xa9\xed\x8b\xec\xa3\x09\x02\xbc'\xb4B'\
\xc8\xb1\xbc1\xc8{ \xeb\xc1\x9b\xaf\x8e\xaa\x95\xe4\xa6\
4\xd6;*\xc6]s\xfd\xcd\xc8\xf8b(\xc2A\xd6\
W\x12\xb0\xd7\xd7\xc7qX\xf1\xd6VH\x8fPI\xab\
\xe0\xfb\xbc2\x9d\xa8\xb3bS\xdb\xd9\xa7\xd4}+\xad\
\xea]_\x82'\xdb\xea\xfe\x997\xa6\xca\xab\xdaV\xc6\
_g\xb74ZX\xeb\xcd\xbc\xeb;\xb3\x83\x90\x8b\xab\
5!\x0b\x8b\x92\x1dK\x97;2\x10`!0\xe7'\
\x05\x01\x97 \x92\xca\xca\x135\x016xc`K\x06\
\x12f\xbfF;\xc6{\x1fnO$\xa4\x9a\xdaw+\
&\xd9GkX\xcd#\x09\x1e\xc6\x85\xcb\xb5\xb7@~\
\xe1\x88\xe3\xc8a\x8e5\x89\xb2\xac\x91\xc98-%]\
&i\xa4t\x7f\x0a\xb8\x8a\x17x\x9c?\x09\x13D\xad\
#\x84\xe3\xcaadAVP\x81{\x05\x84\x99h\xdf\
r:\x9a/3\xaa/\x05\x5c0\x12\x04{\x22r\xe3\
}J\xa9\xe5\x02+\xe4\xa4\x8b\xdf\xfaw\xa5\xdd\x8d\x8a\
\x05\xebK\xea\xbe\x91\xdb\xf4\xcf\xe8\xa1\xe2\x1e\xe6\xc8#\
\x81\xf2\xc7\xf1\x9c\x90\x0e|\xf0\x9c\x8f\xfe\x9c\xf3o?\
\x85\xfc\x9a~W\xf4;?\x0d\x95U\xd7\xf8\xc0,\x09\
\xfd\x93\xcby\xe7\xd3#\x1e\xb3\x06x\xab\xf1eO\x09\
\xb1Q\x82\x08\x15\x7f'<\x95\xb7n\x8c\xd58[D\
\x0bR\x92\xf2X\xc4\xfa\xe4\xd9\x1c|\xfa\xce|\xc2\xf1\
k\x8f\x8a\xb4\xcbd7\x01\xda\x84{S\x8cu\xa8_\
kp\xad\xd8\x10@\xe0|\xc8EFUh\xacI\x0c\
?\xac~*\xbcc@\xa1\x80bT\xec\xb8a\xcf\xa5\
\xbd\x1cw&\xfb\x8e\xc2b4]\x10\xbb>\xb9\x15\x86\
\xe8V\x81#\x12:\xc6Q%\x8ddmO\xf7[K\
\xae#e\x90:C\x18\x8d\xea \x83\xe5Up\xf1\x99\
\xa3\x8c\xc4\xaa\xb1\xb4\x91/`\x09c\xb3,RG+\
\xbc\xf8\xa2bX\x9dz\xe9G`\x22\x89W\xb0\x96c\
\x1c\x92\xbco\xd7\x1f\x18x~\xe8\x88\xd3\xde\x91\xbci\
!\xed)\xd6\xc8f\xeb\xd7\xaa\xac9\xf57\xa2\x88B\
O\x1a\xfc\x80>\xcc\x8f\xd5(I\xd6\x0d\xbc\x88\xce\xec\
\xe3\x04\xa2\xe9\xce\x1a\x9b\x05\xf3a\xb2\xe6\xf9\xa2\xe2\xa7\
M\xad\xf4m+\xd9=\x9d\x99f\x9dLc\xab}A\
`^\xc9\x09s*\x99d\x8eA\xdb2j\xb1N\xb8\
\xfb#'%\x11\xbe\xb6\xed;\xac\x9b'\xfb\xadxm\
Qk\x89d~\xbb\xb3\xc9c7_=\xb7e\xe4\x92\
\xbc\x09\x1a\xf5\x89(c\x89\xbbb\xf20\x95&\x97\xb0\
eIIX\xd5\x84\x103\xf5\x9e\xe6J\xcf\x1cR\xf6\
$\xd6\xc6w\x8b\xb4\x91*\xd9#\x8d \x92GIv\
0s\xd8\x81\xc4\xcc\xb1\x87\x93\xed\xa1\x8d\x22*\xe1\xa2\
Y{\x08\xe6P\x8d\x1c\xc6yd\x8e\xaa\x83\xc7_\xaf\
#\xa3$\xbc\xfa\xa1\xb7\xfa\xa9cT\xe5\xab\x22\xae\x01\
\xe0J\xc8Z\xd9*v#\x03\x85\xe1:\x91G\x87\xe1\
M\x8e\xac\x18\x0e\x07\xb4\xa5p\x07\x00\xd6\x8cI\x0d\xc3\
\xf2F?U\xe38FU 7\x020\x979\x07\x9f\
M\xfa\x1a\xb24\xd3\xa8\x12\x9f\xf6\xf0(\x95VR\xf0\
\xbc\xed\x1b\xc4UTK\x1bv\x8a\xa4`:F`\x8e\
V\x98\x06B\xbfq\xd7\x02\x05\x08%h\xe2\xd6\x9d\x88\
\xef&\x99Gh\xca\xc5u\xc4RE\x91z\xf1\x94\x94\
\xae\x8e\xbe;In<rL\xb0\xb7T\x11\x15\xe0\xfb\
\xcc\x14\xf9\x129b\x12\xb7l6\xa06\xc0GQ\x19\
Oz\x18\x1f\xae\x91z\x84M+z\xef\xa3\xcf\xe9\x9d\
\xab&[\xa8\x94%\xb5\x03`+\x19\xdd\x9c5\x8a.\
\x9c\xd4\xd3`\xb6n\x03\xe4\xec\xcdW\x14:s\x96\xfe\
cnrn\x0a\xeb\xcdV\x82S\x5c\xd8Z\xad\xb75\
\xfa0\xca>\xe3\xed\xaf\x89(\xda\xcf`\xb8\x96\xf3\xfd\
\xcdp\xda\xa3\xd6\xbb\x1b\xac\xce\xd2X\xbc\x07\xee\x8b\x8e\
3\xbci\x18\xeb\xb3Q\x927\xec\x0b\xb3,\x89,\xb2\
\xbb\xac\xd9\x08\x84G\x13\xbc\x0eX\xb9\x12\xc4\x8d;\x95\
g\x95\xe1tD\xf2\xaa\x88\xbd\x86+!,\x92\x19\xa3\
u\x91\xb0\x0bi\x8c\x14k\x06\xc4\x81\x1c\xb8R%\xc7\
b\x84\x0e(\xd4\xacU\x83\xf0U\xd3\xf6@\x5c\x02\x82\
9\x02\x14\xfa\x87\xe9\x90\xa4\xf6=3\x81\xb2\xc4\x11\x82\
\x07\xb7\xc7\x9e60,9\x86\xbf\xff\x00\xa0\xc1&\x9f\
\x90=\xa6\xe3\x9f\xf1\x15\xfc\x10\x09\x07\x8aE\xc8\xc7>\
\x99\x15\xf5\x98Nx\xa0\x18\xb2<p\x9b\x15\x04\x11\xc0\
*\xff\x00\xe4\xf1\xdbr\xc9\x1b\xb0U-\xf6\xf0.\xa6\
\x0f\xc9Uf\xd7#\xca\xb1\x9f\xac\xfb/\xa1\xe0\xc2\xd5\
@K\x10\xc1\x88;T\x86!x\xd9\x89\x14\x0c0+\
v\x0cX/.L\x85p8\xa0 b\x08n\x7fH\
\xff\x00\xc2\xf1\x9bZ\xa8\xc2\xb7=\x07\xd3\x0f\xaa\xfa\xa2\
Gj\xc7\xd6u\x7f\x86(\xa3\x89T\x08 w\xccr\
\x827\xc0\xa4k\x88<\x82\x13\x1cl\x89!\xd4\xdft\
d\xd8\xbc\x8d\x84\xca\xe9\x1ci\x13`A\x07\xbf\x5c\x82\
D\xdf\x1cl\x9a\xd1\x1aTN\xc0\x0f\x1a\xbb$/\x14\
\xae\xf2\xb2\x10\x98\x96\x17H\x91cf\x02\x18QeE\
\x91\x9a'\x9aH\x9e,\x04\x12D{XH\xc0h\xe2\
hc\x91\xbb\x00\x14\xc6\xf81\x02W\x9d\x85\x89\x11\x17\
\xb3\x16\xd9>\xa4\xf4\xb7\xe8w\xb7F\xbf\xed\x14\xa9,\
#\x5c6)\x19\xda2\x08,\x8b\xab\xc0%6-\xc7\
\xb8\x07\x0e\xcc\xff\x00\xa8\xc1C\xa8\x10\xdfFP/g\
z\xb9,\xb3\x96\x8c\xf5\x03\xea_\xb7\x1d\x92\xb1\xa9\xd8\
\xa2Mr}\xe6\xcdC&\x01\xf6\x22NJ\x22\xf8\xcf\
o`\x97\xfd\xc7\xdc\x90Ch\x8bZ\x89\x0fWcL\
\xd9h3\xde2\x0e;\xcb\x1aF:e\xf52@{\
\x82\xe5\xb6\xa3\xcf6\xd5\xec\x97\x11)\x11@\xcd\xd3g\
-%%\x8e);n\xc8\xe6i\xa3\xec\xacq\x82b\
\x8d\x22\x85\xe4hd2H\x19\xa7\xeb\xb7\xdd9P\xd2\
7^\x18\xd7\xac\xd9V\x8a9;*\xd2HVD\x9a\
I\xe4\x91\x1f\xda\x99\x1d~\xbc\x92@\xfb\x0f\xd4\xeef\
\xf5Vi\x18)\xb9Y\x15q\x90\xaa\x15\xd9\x83d\x83\
\xb1\x1a\xfe\xd0N\xb4\x01=\xdce\x0c\xe0\x96\xa9\xd9g\
+\x8cp\x0dH\xc7!\xb8~DRH^;\xd1\x80\
\xc0<\xfaO\xd2\x04\xb3}\xf7d\xa9\x8e6\xdf\x14\x89\
X\xe2,G^\x05R\x12^I\x11\x9d\xe3ttN\
,\xca\xfd\xa6U\x8dT\xc7\x1f\xdb\xc5+=$R\xbf\
s\xd7\x14\x09\x18\x91\xd6\x13\x14r\xc4\xb2\xb0\x85\xc7l\
\xcc\xce\xb5\x8d\x96d\x95!\x8cD\xf8\xfb~\xb0\x13*\
\xc9\xc9!n\xc2\xc4\xf0aSl_y]b\xf1\xc2\
\xf0\x09_\xb1\xe60>\xe3\xaeG]\x02rR\x91$\
I\xd8\x8e\xf2w\xfd9\xbb\xac\xc1\xc0=~\xefP\xf4\
\xfbRE\x8e\x01H\xce\xcf!\x81u]^\x01)\xb4\
\x06\x1e\xe5W\x04\x99?T\xc3)\xd40[\xc2\x0d\xa0\
\x92C\xe5Ly\xa8\xa6\xc3Q\xee\x19\x08v\xe6\xbfF\
,\xac\xbd\x8f\xb7\xbf$\xd7\x94\xfb\x9b\xed\xc4\xff\x00s\
\xf8mQ\xeb\xc4\x87\xab\xb3o\x9d\x1f\xee\xf6q\xae\xa9\
\x1f\xdbl\xd6D-\xd9\xc3\x96\x12#\xca\xec\xe2{\xeb\
_lL\xddb\xe5\x9f\x0f\x127`\xb8v\x92X\xa4\
U\x88\xb6\xb5H\xc4\xedFb\xea\xed,n\xb3\x16\x0b\
\x93\x14@\xc2\xc4\xf1\xf1%\x1d\x9e\xae%a=\x0f\xe1\
\x06\xb4f\x8d\xee2\xb2 \xf7\x8c\x96\xadC\x95\xa8\x1f\
!1\xb2\xf3\xea\x8fDI\x12N\xefW\x09(\x1e\xcf\
\x1cl\x00\xb6\xf2pm\x9f\xf00I\xaf\x82<)\x0f\
\xf8\xc6@\xa7\xeaq\x91n\x0c\xdf\xce1\xf4\xc7\x8fX\
\x87\x88\x01\x8f+\xe0\x92MU\x868\x05_\xc6O\x1c\
\x99\x16H\xe5b\xb1\x97\xd1\x02\xfd\xbb\x96\xe4\xa1%\xd7\
$\xd2\xeb\x7f\xac\xfb2\xfd\xbb\xf5\xf3\x88\xd4*\xe4\xab\
d\x83\xb1\x0e\xc3\x8e\x5c\xc4\xa2\x9ex\xca$*IU\
%\xcbJW\x18\x0a\x02+2\xb5\xb9\x9d\x91\xfb\x88^\
\x13@\xaa0y\xf4\xe7\xa5/S\xab\x15\xe4T\xecG\
9\x9eWJ\xa2qq\xd7\x85\xdd]%\xe1\xc7b\x05\
fd\x8f\x92K\xa0\xc7\x1dRNj\xc7h\xbe\xd1\x98\
\xe4\xde\xaf\x1a\xacq\xf1\xa4^\xb7_$\xc7(\x9f\xb1\
\x0c\x91F\xed?^\x00}o\xa4\x9d\x95S'^A\
\xd7\x921$\x8e;\x1dy\xc4R\x0e\xc4R\x22\xacq\
\x16\x22\x18QXG)h\x8c\xcf\x1b\xa3\x22\x05\x99\x1b\
\xb4B\xc6\xa0\xc7\x1e\x84\x95\xa5\xa3\xa7\xf7\xeb\xe25H\
\xf9!XV4\x961,\x9e\xaf\xe9O\xea7\xf7&\
\x07\x86t\xadX\x0dq\x9b\xe1\xb8T\xc8\xaaS\x001\
]\x802\xe4\x84efg\xf2\xa3\x0c\xa4F\xb8?F\
\x18\xe3N\xc6\xe8\xcb\x96\x8eiZ7\xea\x83\xa8<\x1f\
tV$\xf7\xaa<qH{\x8a\xfa\x86e\x80\x0e\x9a\
8\xe4\xa6%1\x8e\xd0s5{\x1frX\x83\xa2\x13\
\x16$\x1dA&\xe2+\x07\xfb\xd1!\xe3m\xa4\x7fg\
\xb3Q\x1d\x7f\xbc\xc3\x86\xda\xbb\xdbo\xdel\x10\xa1\xc4\
\x0d\xf6[-5\x0aF\xdd\xc3 \x96\xfd\x85\xec\xaa\xc4\
\x1bLB\x18\xdeC\xd6gyr\xcf\x03}\xeb8V\
w\x8a\x18\xc7P\xbd\x19!~\xca\xedvYRYf\
y\x16l\x88\xec!\x82G\xea33\xfdP\xe6_V\
f\x9c\x90\xf6ep\x07\xea\xaa\xaa\xecQ\xb2\xd92F\
v\x1c\x02Lh\x04g \xaa\xb3\x82\xcd\x86\x12\x17r\
\xa7\xc0\x5cG\x1b\x10m\xc6\xc4\x88\x0b\x1a\xf3\xd3\xba\xed\
\xda\xefE\x02\x8c\xaf_\xab\x17RLG <G=\
\x88dF\xa4|f\xfbx\x10-%\xe4\xb0\x8e\xc4\x91\
>\xc4\x8f\x8b>\xce\xcb E^F\xa3\xaf\x14\x8fh\
\xe5\x0d\xfe\xe3\xae\xa71\xc4%\x94@b\x8d\xa3Ix\
#\xafq\xa4iP\xf2)\x07b9cDH\x8f\xfe\
_\xae,#\x9b\x92\xc4{\x1a]\x0a\x22\xeeO\xbc\xae\
\xb5\xb4p\x9e\xba\xca\xf2\x94u\xc7\xdc\xf5\xb1\x1a\xa4\x5c\
\x91\x96\x05\x8a9cY\x5c\xc1!\xed\x89\x95\x96\xbe\xbd\
\xd2\x8b\xd4\xba\x92/^\x11\x1c\xe3\xe3Cp\x0f\x19L\
\x88\xa5<\x02\xca%\x00\x8c\x95VRK\xf9P-\x19\
\xd40[\x0a\xb8\x90d\x94fu)\xfa\x82\xa6R\x14\
{\x80*\xad\xb7\xf1\xf4lrJ\x93\xe8\x06\xb2\x18\xc1\
E\xec+\x19)8\xec\x97#\xe3\x8a\x8c\xb2}\xb2\xb8\
\x94\x8aA\x8e\xd2\xbf\x19d)\x1f\xdb\x07\xd6D'\xb1\
\x87\x0du\xdd\x97\xfb\x9b\xeb\x1f\xc9\x8f[e\x9f\x064\
\xfb\x8d\x97&du\xd3}j\xb1\x09\x9bYk\x82\xef\
\x1b\x0e\xc5\xeb\xe5#\x1a\x0b\x90\xf5r\x8c\xec\xcb\x22\xbb\
\x89\x8a\x1bU\x05#c\x0b\x16\xe1+\x22\x8c\xb1\xb1b\
\x85D\x8d\x84\x00\xec&\x16\x18V\x8d\x95\x96R/\xf5\
_\xa4\x1e\x84\xc2x\x87\xc0H\xf1\x91\x9e\x10C\xe7>\
<\x12q\xe0\x8f\xc1\x07\xcf1\xed\x18\xfc\x12,28\
2\x1f\xcf\xe3\xe9\x7f\x1e\xb1\x09\xe2U\xa3\xf1\x80I>\
\xd1 \xe0\x15\x7fo\x1d\x8c\x8b\x22\xccXEc\x14#\
\xedY\xcf&\x08\xfa\xdf\xb1#$\x9fY\xcd?\xdb4\
&\xe2\x05\x0a\xb9(Ia\xeeO\x94\x91\xcbQ\x06\xa2\
H`\xaeAv\xc3lc!R=\xab\x85\x0c\xc8l\
st\xf9\x0e9\xe8\x1do\xb8\xf5\x18W\xf3\x11\x8a9\
; \xb4\xb4x\xe7~\xc4\x8f\x1b\xe1U1\x04/$\
R\x09\x09\x22xU\xe5q\x1f$\x98\xc0c\x8dj\xc3\
Z\xafh\xb6\xec\xb7\xa8\xfa\xe4Pu\xe5Y\xea\xa7\xb9\
\xeb]\xb9Q\x84rR&\x17\x01\x9d\xf0KU\xc2\xe3\
<\x0bF%\x5cg\xa1\xeb\x9d\xc8\x22h\xdaK\xc3\xe9\
\x9e\xaf\xd7\x9f\xa8\xa2*\xbc\x85>\xe1\xe2\x90H\x89\xc1\
8~\xd9U\x8dG#A\xd7I]\x9a9\x07\xfec\
\xaf\xe3\x5cBG\x10,Q\xb2$\xac\xf04\x9d\xa5\x94\
J\xa3\x9fSF\xbf\xea-,1\x88\x90\x0dQ\x9c\xe1\
\xb8T\xca\x8aW\x00\x16Q \x0c\xb9!\x19\x19\x99\x88\
 {\xd0\x84\x01O\xa2z\xa4~\x92\xb2\x0e\xc7[\x7f\
'\xfa\x94K*\xc9\x14.\x8b\xff\x00\x8bz\xbbX\xc7\
\xd1u\x92\x0f\xa9!\x84I\xba\x09$\x8eo\xa9\xe0\x9a\
\x15H:\xd2D\xbf\xf8\xa7\xa4\x04c\xb1\xd4\x9eI\x7f\
\xf1:}\xde\xe3\x1c\x94\x87\xean\x9b\xe6>\xa7Zt\
\x94.\x9e\xbe;\x8a\xc4\xbaK\x22Fz\x81\x84Y\xeb\
\xfd\xd8\x0c\xbf\x22\xa4\xc0J{\x81\xf5'\xbe\x03\xf6J\
\xe1\xbb\xb2\xc5\xd7\xeb\xac\x9d\xf1.\xc3\xf5<#\xb2\x1a\
6\x90u\xd3\xea?K\x8e\xe7\xaa{\x1b\xa3\xfa\x8f\xa6\
\xd12\xf7\xa4\x9d\x84\xbfQ\xf5U\x11zR\xca\xb1\xff\
\x00\xe2\x0fHy\x95\xa6\x92a$\x7fRA$\x8e;\
S\xbe\x97\xfa\x87\xa1\x1c\x0cz\x13\xc9\xb7\xd6\xbbC\xbd\
\xdd\xdd+1l\xc8\x1c\x04\xcd\x11R\xe4\xa16\x04\xba\
\x1d\xb9\x01\x89E]9\xc1T2\x02\xcd\x86\x0e\xec\xec\
\x1f\xc2\xae\x11\x19\xa36\xe3{\xd0\x178?JA'\
F\x11 \x5c\x94\x8e8\xbb\x0e\xc9-\xdd$i\xe1\x91\
g`\xaa\xcf\xf6\xf0 \x85\x83\x89#Y\xe5\x8d\xdeQ\
\x1b,\xed/e\xe3\xa8P\x95\xeb\xc3$\x88\xeb/=\
O\xd5\xfa\xb1u\x81\xecL\x91\xcb?\xd5\xd3(\x8d:\
\xddhk\xfe\xb3\xdf\xfb\x9d\xbfp6E\xf5'y\xa2\
h\xd8A^\x87\xd4\xf1\xc7\x05&\x88Y^>\xfau\
\xe6\x8ehQD\xe0\xf7)E\xe4Q\xfd\xba\xca\xe5\xe3\
\x90\x7f\xe6z\xdf\xf4\xe1\xe4\x92\x0e\xba\xc5\x1b\x22JL\
$\xf7\x04\xa2T\x1cI\x04\xfb#\x8e4\x89\xbe\xa4\xe8\
\x7f\xa7v\xec(\xf1I\x1b\x95CZ\x82\xeb\xb0)\x5c\
\x90\x8c\x84\xb3\x10G\xee\x84 \xaf$\xc2\x22\xd8X\x95\
fu(EC!\x90\x85\x5c0\x05\x15\xb6y\x1fF\
\xc4\xd3E9\x88{\x5c\xa22,\xe9g\x11J;&\
F\xc5#)\x22\xc8\xbdt+%uA\x8e\xca\x13\xc6\
Gu\x8c\xf5\xd5\xb5\xb4\x90\x0e\xd0WSq\xb567\
h0\x8a6\x12D\xc3\xaa\x1a\xf2:\xaaF;!\xb6\
|\xb7S\x00s\x1a<\x1b\xd8C\x9b\xe5\x84O\xf7\x22\
@\x80\x9dc\xed\xaeCQ\x99L\xa5\xc4\x8a\xd2\x09\x88\
`\xd4A\x88\x98\xc0\x5c\xf3*\xea\xb9.\x18\xb3#-\
\xd9\x8a\xa8\xcc\xac\xd0\xb68\xb2+F\xcb7\x86\xf5>\
\x99\xed\xfa{\xc3;Y;Q\xb7^w\x86A\xee\xfc\
\x11\xe7\x9f\xf2<_\xc1\xc7?\xe3\xe7\x87\xf203\xc5\
\x18~}-\xff\x00\xce!<R\xad\x1f\xf8\x04\xe4T\
I\x82\x17\xc3{8rb#\xb1}^V\x11\xf6\x9b\
1.\xb6\xd6{&A/\xd6\x8f\xd9\xfbgC\xb0u\
\xd6\xa3&2Ky)\xf2\xe7\x07!\x06\xac\xd7\x08N\
\x5c\x90\xd6\x90\xc8Cf\xa3\x0a\x18\xc6Ic\xeeO\x90\
\x9e}\x1d\x0c\xbd^\x91\x9d,\xbc1\xc4\xfd\xa1\xb2F\
Y\x12y\xa7wI\xb2\x122!\x85\xe4\xeb\xb9vb\
&\x85\x1f\xb0\xe5L\x93\xbc\x05#\x84\xe5=o\xbd\xd7\
\xf4\xc7i7\x16\x9f\xb1\xd9\x97\xbb<\x92\xf6\x9b/\xfa\
G\x946\xe3a\xc2\xb3\x9a\x9b2\xc8\x14\x0c\x80\xaa\xac\
J\xb6H;\x10\xdb\x0b\xc8g~\x9c\x91\xc9\x03\xe1\xfd\
\x1f\xbb\x1f\xab\xa4snH\xe5Y\xcc\x9d\xa2\x81\x00\xe4\
j\xbdt\x92@\xe9/?\xf3\x1d\x7f&8\x84\x92h\
\x11\xc4\x1698\xd0\xdf\xb6\x1fp\x07\xeap;}\x19\
\x0a\xc1\x1a\x15\xf8\xe3\xcf\xb5\xb8F\xc5R\x0a\xaf\x0b\x81\
(\x05A\xe2\xa5\x19\x98\x90\xdc\x18\x91\x08\x00'\x0e#\
E\x04\x07\xe1R\xec\xa5H\x1c\x0e\xad)\x01@*\xba\
\xd5\x8b`\x8cl\x8cS\x03\x8cUH\x0e\xa0\xb5\x18I\
o\x15\xe9\xd5\xfbQ\x85\x5c\x10\xbfo\xd7\xc7a\x03\xf2\
H\x9eu\x89\xba\xe3\x11\xec\x87\xee\xeb\xac]\x22\x92!\
+v\xc7\xc6\x06\xe8\x08\xea!S\xeb\xa68\xbd9\xd7\
\xb5\x1b<\xe1^\xe0\x8f\xd5hm\xac{\xb1T;A\
\xe1\x0cB\xea\x1e\xdff\xdfp6P\xd9m\x99\xaa\xe0\
\xa1\xd4\x0eX\x0a\xae\xe0m\xef\xd8+\x9a-,\xd4\xcd\
\x86J\x1d\xd9\xc1\xb0E\xd3\x9a\x90\x9b\x05\xc9\xb0.Y\
\xb6f\x8b\x81\x191g=\x1e\xbf\xddv\xa0\x8eBG\
\x15\xa5\xeb\xb4Qu\x83hE\x869\xdc\xc4\xec\xf2\x06\
y\xa0q\xdar\x11\x9d\xa0\x81\x07U\x89\x0e\x91\xcb2\
4\xb2\x14\x91g\x96Y\xde7\xf6\xc7\xeb~\xb6\xbe\x9e\
$\x8b\xd3\xa4\xd9\xd8v\xda6L\xe6\xec\xe5\x0a\xaa\xf9\
\x14U\x94\x9be\x95\x8c\x88\xe1\xfd\xa1\xbe8\x85Hn\
u;o\xd5\x91]\x1b\x03\xd3}Xw\xe5]J\x02\
D\x8b\xd7IdY\x12^g\xeez\xd9\x91\x92\x1eI\
/\xdb\xacQ\xd69y\xa4}\xee\xcd\xc31\xcb\xf7\x02\
X\xe9\x1c|\xfa\x9b\xa4\xa7\xd1\x99\xd5\x96F\x9aW\x9e\
$\x04\xaa\x8b\x81.\x0a\x83\xc0\xa5X\x92\xc1\xb8\x86\xeb\
\xe3\x0aX\xeb\x8dG\x86%l\xea\xc1\x80\xe0p\xd2\x10\
\x14\x02\x06\xb4b\xd8a\xf4lM<32\x94Uw\
H\xdd\x12X\xc3\xb0\x89\xd7\xb2dfR\xb1\x95\x95$\
Hc\x11\xbe4\xc0\x16eW\xe3\xc6\xd2\x88\xda\x10)\
\xf5\x9c\xe5}uUX\xaf\x04\xbd\x90X\xbc\xd2\x90\xbd\
\x89\x99\x08\x8aiA=\x99\xd0.\xc9\xa5f\xfb\x9e\xe5\
\x94\xc7\xd9\x98*v\xe6\xb7\xc7<\xa1\x87o\xb8\x10\xed\
\xec\xceU{\xdd\xc0\x9f\x07fu\xe7[\xea.\xd4S\
)\xed\xe6nz7\xac/\xa8\xc8\xd5\x04r1\xf0\x93\
\x05\xf9\x90\xe1T\x87\x0d\xee\x89\xc5\xee\xe8\xaa\x1aVh\
\x99\x97\x82E\xd4\xc98l\xb0x\xe3\x04\xb32\xfd{\
\xd5A\xda\x8b\xb9\x1088\xf1\xcf79\xfc/\xe0\xd7\
\xf3\xff\x00\x11\x7f\xceNE\x7f\x0bQ'\xff\x00\xaf\xd2\
\x85\xbf\xd6b\xe2\xb2\xbcx\xff\x009+[{\x95G\
\xbf(|T\x88O\xdcX\xc5\x860\x8f\xb4Y96\
\xac\xa7\xdc\xec\xdb\xf5\x98\xec\xfd\xb3\xd8I\xf6\xeb_&\
;\x5c\x02T\xee\xb6<\xd4i\xb6\x0d\x09\x1b3l\xbd\
\xcd\x81\xaa\xe3\x0d\xaf7\x1eTm\xb7:I'W\xd3\
\xfap\xf56\x08J@\xdd\xa1\xb0\xb8\x91\x1eyY\xd7\
\xb3q\x14x\x8e\x17~\xa1\x91\xa4\x7f\x92$n\xd38\
n\xc4\xf3u\xe8:\xd7\xd5\xeb]\x95\xeez\xb4\xce\x96\
\xa2\xb38\x22Bp=\xa9\x98\xc9<8`\xa6F\xc1\
\xbb\x0903P\x15I(\xd99\xba\x1b\x9cp\x9a*\
\xd0\xf8\xf4\x0e\xc8\xebz\xa4;\x1a\xb1\xc7\xd9y{M\
\x19\x18X\xc2\xc1\x1c\x92G \x95\xb3\xf7\x10\x03+\x88\
\xf9$\xa7\xae#\x8e:\xb0\xd2\xa7\xb7c.\x1b\xb2O\
z\x0e\xcf\x5c\x84\x8d\x7f\x9a\x1c`\xf1\x86\xc5V$/\
\x0b\xe2P\xb8\x07\x8a\xb4fk\x06\xe0;\x10\x8f\x0b\xc2\
u\xa2\x8f\x0d\xc2\x97uk\x05\xe5\xed)\x15\x03\x81u\
\x86bCp\x8d\x91\x8cUx\xec\x14\x85e\x0cLd\
Kb\xc3\x9d,I\xdc\x88(\x0b\xc0\x07[\xae\x04\x81\
%\xe4\x90\xb7dD\xf1\xd5Sl\x7fy]b\xd1\xc2\
\xd0\x09_\xb1VL}\xcf\x5c\x88\x11c\xe7\xae\x94\x87\
\xd3^9\xa2\xd92\xab\x5c7\x8a\xa1V\xb0\x8dp\xd8\
\xa4gg\x90T\xba.\xbf\x00\x94\xda\x03/\xb9U\xc1\
c'\xe80\xe8DC\x05\xb0\xaa\xa2Q\x96\xc3\xdc\x15\
\xfd\x12\x96m`\xdf\xc8C\xbb8 \xd5t\xe6\xa6\x9b\
\x05\xf3p\x1e\xcd\xb34\x5cP\xea\xce~\x92\x866\xec\
I7j\xe7\x84\xf6\x16h\xc7^\xdac\xd0\xb3?\xdb\
\xdd\xa5\x05\xda\x07\xfb\xd3%\x19\x9d!O\xb3/I\x12\
\x17\x9d7\xbb,\xbe\xb7\xeas\xf4\xfa\xdd\x87\x94\x1a\xdb\
!\xe4V,\xe7\xdd\x183\x12\x0b3#(A\x95\x0a\
\x82bT\x92\xc0\x97V\x12\xe4\x0f\xe7\x18\xd6s\xc7U\
b\xa5\xdb\x07\xe9\xafTn\x97\xa8\xearG_\xaf\xae\
(\xa4\x96\x09D\xacO\xdcu\xc3v\x1cG\xc9fn\
\xb0\x8a8\xea\xeb\xa9>\xf2\xfb\xbd\xf1L{\x02H\xda\
\x88\xb2\xe2\x1e\x9bQ\x92Q\xd9\x86\x93\xb29\x0ao\x89\
B\xe3<\x08\x11\x99\xac\x18\xe7lg$/\x0bkU\
\x03\x0d\xc6KH\x0d\xb1\xc5{\xb9\x5c\x01\xc0\x04h|\
\x86\xe7\xd1\xd1\xed\x86v\xba y\x04N\x88\xf1\xac\x9c\
\x11\x14\xec\xb4\x86E<\x8c\x89\xa3\x91\x11\x12&\xfe\x10\
\x00\xe1$\xe4\x91\x99\x84m\x1d\x15~\xb4u>\xbf\xe4\
d\xaa\x94\xb1o!~H\xfd\x80/\x1b\x0a\xaa\x1c\x02\
J1pW\xf5\x142\x10\xa3\x0c\x14\xa2\xb6\xcf\xd7\x17\
\x8f\xe3\x18\xe3T\x10\x1dr\xd1<\xb0vD\xb1\x1a\x9f\
\xa6\xfdU;\xddc\x0ca\x97\xb2X0Eueb\
\x1e7\x1f\xbb\xa2\xa8wfFe\xe2\xbe!):7\
\x0a\xba \xc3;\x0f\xa9:\xcb\xea^\x954aN\xc0\
\xb9\xfc~(\xc1\xce\x7f\x00{M\x07\x9f\xc2\x0d\x83$\
\xdb\x22\xbf\xaa\xd6\xfe??Jg\xfdb#\xc4m\x89\
\x86\xcf\x09)_\xf2\x13\x05\xf2\xa7\x8a\x0au\xbf\xdc)\
\xd7S$ uP\xe2]jPvQ\x8c\x9fY\xc5\
\xd8\xfbv\x95\x83hJ\x92u\x83c\x95O\x94\x1c\x10\
J\x8d@\xe0\xd2\xc3fm\x89.m\x9a\xae0\xda\x81\
\xb4y\xb2\x09m\xccJ\x161\xd4\x12ia\xd7=\x9c\
Im\x89\xf7\x0c\xcf\xf7BA\x12cK\x9e\x9e\xd3#\
\xe0\xc4\x87\xb7\xb6\xfe\xbf7g\xaf\xd1c\xd32\xac\x08\
\x16\xfe3e\xb1\x0d\xb35\xfdS\xe2\xcf\x1b\x04)\x90\
\x90}\xfb03E\x08\x19\x8cd\xd8e\x90\xed'\x04\
\x94A\xa8\x9c\x10\xa5\x81bm\xe9=\xc9\xfbp\xc3\xb0\
\x9dq\x94\x8a)$\xeb\xb9\x91\xd9\xb7\xf5\xc3v$+\
\xc9'h\x04i\x01\xcak\x8b\xef<\xcavon\xd2\
\xcd\x1c\xa4\x22w\xc0\x83\xb7\xd8X\x9a\xca\xde\xf4R\xe6\
\xbc\xd8D\xa1\x7f (B\xcc\xadb\x0e\xc8\xc8\x7fo\
\x18\xebE\x0b\x86\x05C:\x9bT\xab\xdaB\xb8\x03\x80\
kF`Cp\xfc\x91\x83\x90\x9cg\xa1\x0a@nS\
\x12\x96\xb8\xe7@\xec\xed\xc4\xb8T\xe0\xc7[\xae\x07\xc7\
7$\x8b\xee\x04N\x1a8\xc6\xf5\xfb\xba\xeb\x5c\xc7\x16\
\x85\x95\xe4h\xe4\x5c}\xcf_\x0a\x12.z\xeb\x08=\
1\xe2x\xd2Y\x02\x1d\x96\xc8\xe2\x95{*(R\x06\
\xb8\xfd\xd8`Sb!L\x01e\xda\x01_*\x85\x0b\
\x17#\x03\xdf\x19\x11\x8a\x96\xc2*\x89\x05\x89F2\x06\
\x07\xda\xa5X\xb0\x8dp\xd8\xa4\x7f(\xc8`YWW\
\xeaJ\x09E\x86YU\x81s'\xea0c:\xb3\x9f\
\xa6\xa0\x8a\x0fH\x8d\xfb\x0a\xe6B\xbd\x8d\xe8\xddp\xda\
c0\x09\x9f\xed\x83\xed\x01\xd6\x06\xfb\xdd\x94k\xe9A\
\xd2\xd9I\x04\x07\xb0\xbfqq/\xd5\xdd\xae\xc7c\xd4\
\xfe\xdab\xf5\x1e\x15\xb5f\xcd\x82\x83u\xb2K\x86A\
\x10\xf6\x01\x1e\xe3L\x97\xf726\xec\xd4\x06\x08\xa2\x0c\
\x9e:\xab\x95,p\xe5\x98\xcaF\x0d~\x9c\x9d_\xd2\
\xb7\xc0\xec\xd3\xb1\xdf\xd7\x0d\xdbvC$\xb2u\xf5'\
\x5c\xda=Q}\xe6v6\xd8\xe5y\xd6T\x98\xd5\x0b\
}\xbf_=g\xbf>\xaa\x8b\xff\x00\xe2\xdb_\xd9\xcb\
\xb0\x96\xb8\xf0\xa0!f\x0dc\xfd\x10\xd8\xe3\x84\x98\xd5\
B\xfb\xb8P4\x80\x96\xc1\x0eY\xd9O\x80>5,\
\xa4?>\x8eA,\x133H\x91\xf1\xa5\xd3\x22FU\
\x1f\x8b\x16\xbe\xcb>\xd0\xc66\xdf\x14\x89\x88\xe3\xe1\xf8\
 \x03\xe3\x97\x8f\x1e\xedn\xac\x88>\xb2\x93?P\x10\
G\x11)\x96$\x1e\x0f\x922\x06\x13\x8ch\x15H\x0f\
\xc2\x8cd\x0c1\x80T\xb1\x0a0\xc0QX\xb6\x18\x15\
\xba\x0ax\xe3T\x10\x18d\x84\x22B\xcc|z\x7fe\
\xba\xbd\xb5\x96\x1fo \x93o^\x1b\xaf\x92\x1a'\x05\
CH\xaa\xab$\xac\xcbe*\xe5!e\x99\x0e\x0a\x18\
\xd0P\xb3q\xab+\xa8`\xc8\xdd\xde\xb9\xeaz\xa4\xf0\
y\xa9\xfc\x9f\xfe\x84eM|s\xc0P\x18g\x95'\
\x05\x7f\x02\xb68\x1e~\x95\xcf\xfa\xc4_\xfdU\xad\x1e\
\x1e\xdc\xc9Z\xe3\xc8\x5c4\x99\x07\x06\xba\xe1f\x98\x06\
\x88\xae\xd8WB\x00\xb2\x98\xd0\xa2\xf6#\xbc\x9fY\xf5\
\xe6\xd2\xd30\xcci\x86\xc8\x8dp\xdf\xaa|\x8b\x9e\x10\
X\x0dc\xdaJ\x07\x17\x19!\x5c9-\xf8\x5c\x10\xc2\
%!\xba\xfe\xd9\xa1\xda\x0f\x19$\x90!\xea\xab\xe9'\
\xaf\xf7X\x91M\xe3I\xc3H\xdd\xb0\xfa\xa3\xc3B\xff\
\x00f\xae$p\x16$\xfb\xa5{\xfdM\x1c\xed\xe9\xb2\
}\xb8\x93\xed\x96\x97\xf0\x0d\x85\xb0v\xda\xa3\xf4\xf8m\
\xc6\xc7\xb7nm\xf2\x09<f\xabL\x9dy\xb0\xcd\x0e\
\xec\xe3\xc8A\xa6\xd8!\x0b\x8b\xe6\xde\x9b\xf5$\x9dN\
\xbau\xe5\x8aG\x86\x1f\xaa#\x89\x1c\xf5\xe1\x9bk}\
R\xb2\xc6\x83\xb5\x14\xf6?V\xb2,i\xd5\x8aU\x8c\
}M\xd4\xfb\xbd\x9a{\x19o\xaa\xf7\xa4\xd1\xf6\x92m\
}\xc9\xc4\xb3\xc9,\x16\xc3a\x95L\xacA\xbb\x09\x02\
\x8f\xd5B\xab1F\xc9\x07b\x1d\x87\x00\xb1\x8d\x00\x8c\
\xe4\x15V\x94\x12\xd8!\xd9\xdd\x95\xbc\x05\xc4h\xc5\x1a\
\xdc?\x22\x02\xed^3\x94*\xa0\x06\x15\x0b!ky\
\xf4\xf6\xd9\xdc\x89N\x14\x02:\xddq\xac\xa4\xbc\x961\
>\xa7.\x91\xf3~{t\xd69\x1cc\xae\x92\xc9x\
\xe5\xe7\xfeg\xaf\xe7\x5c#\xd7\xa4\xd1\xe9\x8f\x0d#\x90\
\xaa|\x80\xdb\x8a\xd7\xb2\xd4/\x07\xc7\x1f\x9c7\x19v\
\x04e\xc2\xf0\xba\xed\xadFUJY\x9b\x04\x0f\x96\x22\
\x17\x0b\xc74UWP\xc4\xa3\x19\x03\x020\x85X\xb0\
U\xc3\x01H\xdbg\x90\xca]WX\xc2\x96A \x0c\
\xbe\xe0\xac\xac\xcd'\xea\x9f \xack\x83\xd6\x89z}\
\x0e\xac=\x98\xcb\xca\xd1N\xdd\x84\x92\x1f\xe5\x1bBe\
\x90u\x91\x84\xaa\x8d\x0f]\xfe\xf1X\xa3+\xcb\x0a}\
\xa2\xb0\x8eV\xeb\x8e\xc2\x8e\xc8;;\xf3I\xda\xf5.\
\xd4\xf3y\x09\x82\x87H6o\x08\xbb\x81$\xec\xb2\xeb\
\xcd\x056\x1a\x03l\x1a6\xec\xe3\xcd\x06\x8ba\xe8Y\
v\xe4?\xc9\xb0\xd8\x1a}\x15=b\xed\xa7^\xc6V\
\xf7u\xd4\xf7L\x81\x9d\xe6\x8bP\xea\x17\xd5\xae\x01\xdc\
8g2\xa3\xcb*J\xbd\xa6a\x18&.\xbez\x8c\
\xed\xcf\xae\x22\xd9\x17K\xb36D\xb6}\xb5\xc7\xb5\x02\
\xa5\x8a6Nn\x87a\xc0$\xa2(BH*\xad \
%\xb0\xca\xec\xceCx\x03\xd8\x85\xa36?G\x22<\
\x13<\x92\x88\xcbL\xd0\xc8\x91\x80\x19V5\x8f\xb0\xcc\
%\xb3#\xef\x8aEb\x883\xf6\xf0\x0a\x94\x90H\x9b\
\xb5\xbd\xd19\xf5\x8c\x84\xfd@F9\x1a\xd3,\x187\
\x01\xd9\x1f\xf8^1\xa0Q\xe1\xb9\x5c\xc9k\x0e+\xdd\
\x88\x0a\x07\x17\xe3\x8d\x89\xc3p\xfb\xd0\x11\x85\xe3\xbe\x1b\
\x0c\x015;I\xc8\xc0\xc3\x03Q\x83\xf4\xac\x9b=\x22\
\x04z\xf0\xa1\x8aAE.\xaa\xa9,\xae\xde\xe5ev\
\x8e\x12\xb2\xc6Hh\xe8\xa3^O\x1b\x0e\xca$\x0c\xad\
\xf5t:}u\x98g\x16\xf2x|\xa9\xc7\x0bU@\
#&\xa5\x98\x10y\x91r\x07\xe7\xe9A\x8fX\x8b\x18\
\xca\xe4\xa6$\x0d\xcf+\x8a\xe4\x84\x01\xa4\x07\xf0\xc5t\
\xc4\xcf WF]\xf0\xae\xa0\x88\xb2\xbaDQ&\x8c\
H\xff\x00ZA \x88\xcc\xc5\x0a\x82\x1b*\xab\x82\x05\
\x13\xde\x01\xe1R\xe1j<\x12\xa1\x80e\xcf\x11YX\
\xb3\xfe\x06\x19XF\xb8+\xf1R\xe3<\xa3\xf6\x12'\
\xeb\xaf\xc4^\x0f\xba\xc3\xc7\x97H\xa5\x8d\xa4~\xd0\xf8\
\xd3\x12\xc0\xeb\xd5B\xae\xe0G\x12/e\x0b?\xaa\xf4\
\xe6\xeeu\xca\xf5\x91\x8c>\xd1)\x5ca\xc0e\x0d\xb7\
5\xfd\x93\xe2\x04p\xd4Wh6\xf9/\x91\xfa-r\
u\x83o:\xfel\xe0\xe4\xaa\xe9\xce\x0d./\x9b|\
\x977\xcd\x17\x18mY\xb1\xfd>kd\xdcW^k\
\x84\xdb\xfel\xb66\xdb\x9a\x8f\x08t\xdb\x8d\x82\x10\xca\
Hk\xb8\x97\x035P\xaaX\xa1%\x81.\x87i8\
$\xa2(\x88\x92\x08C ,\xc40wg*\xdf\x81\
\x84F(\xd9>$@dj\xf1\x9d\x91\x82\xaf\x95\xa2\
\x89I\x0d\x93\xe9\xcd\xb3\xbb\x08\x7f\x0a\x18u\xfa\xe3C\
\x87\x12\x22O\xa9\xe4\x94F\xc3\xb0\xe7\xb8c\xa8\xacJ\
\xb0$\xb2$\x8b)\xcf\xdcu\xf3#$C\xd7\xa50\
zl\x90\xa6\xb7\x0a\xa2\xf9\xb7\x94m\x96\x5c\x05\xe0\xf8\
\xa3\xf1\x87\xe3\xa5\xd5\x1b!y\x7f\x9a\xb5\x1cU\xd7f\
,\x1b\x9f\xd2#\xf8^3\x08\xd5T\x80\xc6\x85\xa5V\
\xb0\xe20vp\x14/1\xae#l7\x18l\x0aW\
\x0a\x0b(\x94\x02\xb9!J3\xb3\x10G\xa4C\xf7}\
\xe8!@\xab\xc6\xaf^\x18\x92h\xc4\xae\xd0\xcb'e\
%\x89\x94$rE$\xb2'Z*H\xa9\xf6\xddv\
\xfb\x81ux\xdb\xb1\x14g\xae\xb5\x8f\xd7;1u\xfa\
\xb3\x99#\xb4\xc8\xac\xa5\x99\xff\x00U\xf7\xc6\xc2%\xc1\
l\x22(\x94d\x95\x90\xba\x98\xff\x00E\xa6\xc3A\xee\
\xc1X\xdbvjA(\xbaA\xc3\x98\xee\xbbA\xb6$\
\xb9\xbf\xe9\xf4\xac\xed\x17\xa9\x95\xebX9\xf1\x02\xfd\xf6\
\xcb\xbe\xf1\xaf\xec\xef\xa4\x08>\xec\x85\xb1\x9572K\
\xf7\x86MC#\xaf\xfe\xcbo>\xab\x8d%\xf4\x9bv\
-\xf7 \xc9\xb0\x7f\xf6\xa5\x05\xcce\x8b\x9f1\xfc\xd9\
\x1c$\xa8]Y\xadP\xc82}\xc1\x99\x89\x0f\x90\xa3\
\xda\x84\xc4I?G\x04~\xb4\xad4\x85\x18\xcd$2\
\xa2G\xe5\x168\xd2v)!gI\x0c\xf1H\xb35\
T\xb6\x88WS\x5cH\xab)\x8d\xda@\x8d\xf5\x83\x93\
\xf5\x0b\xae\x0f\x15B\x06*l\x7f\xa4~\xf2\x17\x85\x8a\
\x05\x03\x07\x85A\x937\xc1\x0fv+\x808\xbf\x1a\x93\
\x90\xdc\x22\xe8\x0eB\xf1\xda\xac\x01Py\x5cHNG\
\x01\x0e\x0e\x00\x07\xe8I\x07\xdbK\x0b\x9c\x8a\x98\xa4\x1a\
\x80!U%\x91\x8b.\x183\xc5\x09\x0e\xa1\x91\xa3\xa2\
\x83\x17\xe5\xb0\xc4,\xab\x83\xf5\xd4u\xeet\xdd\x7f\x00\
\x8c\x9c\x1e~P\xff\x00\x8e\x1f\x00\x0f\xcf<\xd8\x1c\xf0\
yo\x1c\xfaS\xff\x00\x9cE\x8f\xd9r#\xc4\x80\xe3\
\xc8\xc52B\xd4\xb8\xff\x00\x0c\xdf\x14O!\xa4\x8a\xe3\
|)]q\x89\x18DQ\x1e4\x90\xfdg\x11\x11\x99\
\x9aX\xdb\x8a\xd7\xc8U\x0a@\xa2y\xc3q\x96\xe0\x15\
\xc0\x16\x01\x86Td)W$\x9c\x81\x86VU\x01O\
\xe8\x9e\xec\x1ezxn\xe7\xa6\xf4\xa6\x8e\xb4/\x1a\xce\
\x0bF\xa5\xa2\x89\xa3fy\xb0T\x0d\xb0:@\x826\
 E\x12$\xd1\x87i\xe0\x96fG\xeb\xe0/\xd4\xdd\
T\x83\xd5\xe5\x96\x14\xf8\x95J+\x17\xf2\xa7\xdc\x9e\xc1\
\x8e\x100\xb6R\xc7\x0d\xb4\x1f\xf0\x00\xcbP\x10@\xc4\
g`\xc8 \x95]@\x80ku\xba\xfb\x80{\x9b\xfe\
\xab\x82\xad\xa8\x10\xc7\xc2\x0d\xd9\xc9\xbeWVk\xf1\xed\
\xff\x007\x17\xf7m\xcd\x7f\xe9\xfc9\xe3\xd7\x0b\xb6\xd6\
\xcc\x9bF3E\x08\x0bk\xcd\xbf(w[\x86\xc1W\
VjB\x17\x16\xcd\xac\xe5\xc8|\xd5p\xaaLY,\
\xde\xe4\x06RAfu`\x135\xc2\x89\x09V%\xbd\
8\x96\xee\xc2$\xc8Um=u\xfbW$J\xa91\
\x8d\xe7\x92\x8e&\x95\xbbf\x22\x08\x8e \x90\xa4\x92C\
&\xc7'|\x00\xf6\x1e\x9c\xf5\xf9^\x0fL\x92\x18H\
1\xaa-\xf3\x7fr\xb9\x902\xb7\x81\xfc\xe346\xe3\
\x01 B\xcc\x17\x97\xf9\xab\x81\x80\xba\xeeC\x06\xe7\xf4\
O$/\x19\xb5\x85\x5c\x06\xe1@e\x0do*\xf7\xb2\
\xe0\x0e\x7f8\xff\x00!\xb8\xc3`S\x90\xbc\xbf\xcc\x14\
\x81\xca\xd1\x9c\xd87>\x93\xeb\xfd\xd7y\x88\xa2\x07a\
\xd6\x86\x18\xca$\xcc\xd04\x9d\xa4\x99$E\xe4R\xac\
\xd2H\x90\xc4\xb1\xb2 \xebu\xdbe%W\x8f\xeea\
\x88\xc7DO\xad{*\x9de\xeb\x94\x06UFVb\
\xe4\x100\xf1\x91\x12\xe0\xb6\x11TH\xb6b\x8cdV\
O\xd5J\x19\x18\x22\xe1\x80\xa4gg\x90\xc0\xba\x0dC\
\x01\x8a\x87Q \xcbU\xc4\x8c_\xf5\xe8\xc9N\xcco\
\x10!\x87\xc7\xd5A\xdcVft\x9d\x9a&\xea\x06\xd4\
\x0f_\xee\xc8\x8dN\xd4YV9~\xf3f\xa0\x0bu\
\xff\x00\xd9\x099\xea\xa9\x14\x9dFN\xd0s8\xb8\x93\
\xff\x00jW\xdcb\xcd\xbf\xe9\xfc\xd9\xe1\xb2\xaa\x88\xb3\
\x5c&\xdf9\xb2\x966\x12f\xa3\x01\x0e\xabg\xe8\xe1\
\x11\xebJgg\x0c^h\xe5E\x86\xc65H\x92v\
\xd4\xcc\xce\xae\xd2\xc2\xe3\xb2\xcc\x12\xc6\x18W\xed\xd9\x88\
\x90\xa4\xb3.\xd2\xe8\xff\x00W\x19\x0f\xd42-N\x16\
:X\x83\xe4\x8b\xc66\x128\xcc\xd1\x85\x0b\xe4QL\
\x80\x96\xc1\x0c\x5c\xb2\x9f\x1cO\x8a2T\x86\xe31u\
\x04\xb5x\xcdV\x0b\xca\xe2BC\x0e)\x0c\x08\xf09\
\xf4\x1b\x01$\xf1\xbe\x18P\xa3\x83\xd7\x11\xf0\x08\xe5\x91\
\x8c\x8a\xb7\x05\xe2\x83\xc8V\x8c\xc6\xa0\x0d!T\x9cd\
,\xca\xb9\xfa\xf4a\xfa5\xc6\x01\x01\xbcs\xf2\xa7<\
\xce\x14s\xfc\xe4\xf0y\xfdy\xf4\xa7\xff\x008\x8b\xfc\
2\xe5S\xe4\x1e1\xf8\xd7\xe7\x8b\x82\xe2\xde\x1e\x9a\xe2\
\xbf\x86\x13\x19,\x825\xf6\x81\x10\x98\xa8\xcb?\xd5i\
3A\xb6N`\xe7\xc8\x0b\xc49\xc88\x03\xc6\x0d\x0e\
H\xfd3&xA\xf1\xaf%}\xa5\xb1\xf8 6?\
\x5c\xf3\xe9Wi}0)\xc1\xe1\x17T{F\x85\x9c\
/j\x85F\x0cTY=\xe8y\x1f\xc9\x06*\x99\x9f\
*\xc9\x9cg\xbf\xe9\xf1z\x80dh\xd0\x0fR\xf4\xc9\
}>F\x0e\x99\x8c\xd6\xa2\xeaG\x1c6E\x01\xaf\xb0\
\xc9\xfel\x99\xf7\x17\x04\x003\x1f\xc6\x09\xe1\xc0U\xbe\
A!\xb6\x0c/\x81R\xc6\xa4\xe5p\xd9U\x158\xac\
~\xfc7\x08,\x14\xa7\xb4e\x16_#\xddVR\xd7\
9Q\x87B#\x15-\x85U\xd82\xde\xe2\xc1\x97\xf5\
\x0av{\x01\xc0\xabeFI\xf2\x88o\x90\x18d)\
\x8c\x12\x09[\xe1\xc9\xca\xab)>\x08\x1e\x1d<d\xb6\
J\x81k\x0e`\x86\x05\x01<\xf4\xf2>\xfa \xcc\xd8\
\x88\xea\xeb\x16\x85\x8dJ\x8e\xd2\xdd\x88Wi$Y\x02\
9\xca@\x02\xdc\xc0\xc7c\x92\xf1\xa6\xf6\xb3z\xe3M\
\x1f\xa5J\x91\x12\x22\xae\x1b+\x92sbU\x8f\x17(\
\xa7\x19\x1c`\x1c[>o\x82-\xe3\x8a\xa5\x1f\xdb\xe7\
\x8d\x86S\x93\xc58@\x01\x18|,\xa0\xf3\xc9$\x12\
9\x19\xf0\xd5\xe4\x83\xc0$\x83\xcc\x92W\xf0\x00\xc2\xc8\
y\xf4o_l=\x97b\x10+\x05\x85R%YK\
\xc2\xdb\xbe\xe2F\xa0G=\x85\x90A\x12\xa7\x06:\x91\
\xd6@\x1d\xa7\x85\xa6\x08p\x88\x9fZvU\xbdF\x08\
\x00\x04\xa2\x15r\xcd\xe4\x0f|d(\xaf\x0e\x11\x148\
\xb1(\xc6`\xc3\xf0\x0a\xb1j\x80\xa5E\x14\x86\x16\x0e\
\xb7P\x13\x03\x99\x5c\x8b.yR\xaff9U\xf2\xa4\
\x22\xd5\xbd1\xc7\xfaO]\xa7M\x8c\xe1\xe4dxM\
@xD\xecR,<HcF\xfb\x8c\x94#l!\
z\x88\xcb\xc9\x8c#_\xdc\xab<\x9d\xf8Z\x0fR\xec\
/\xfc\x17\x04\x1dC\x07\xf0\xb5\x97\xcf\x08`\x05r\x17\
\xdaZ\xc0\x12FG\x89s\x8c\x10\x0e\xb0s\xf4~\xaf\
\xb6\x93\xee/r\xd2\xab\xa6\x8b\x18\x82\xc3\x1c\xe6\x96\xd8\
\xb7tt\xec\x97\xa85\x8b\xfd\xb3>\x1cF\xf5y\x99\
\x95\xfe\xaci\x07\xaf\xbf\xe4(#\xdcS%\xb2J|\
\x84\xaf\x0b2\xaa\xd3$\x10\x19\xf3\x93\x90\xcc\xc4\xab~\
\x07\xb1\x09RO\x0f\xbdA'\x06\xc5H\x1f\xe0.$\
$\x1e\x03ua\xf8\xe7\xd0b\xa3\xb1|\x15\xc6\x1f=\
s\x1f\x01\x8d\xe4c*\xa5\xc5\xe2\x87\xfe-\x19T\xff\
\x00\xa0\x11I\xff\x00\x0b\x22\xa9\xe7\xd7\xa3\xcfF\xa4\x01\
\x9c\x7f\x8ex>3\xc5\xf09\xf8\xf3\xfe\x07\x955\xf1\
\xcf\xa5\x7f\xf9\xb4C\xf0\xea\x0a\xa7\xbc\x0c~@\xd7\xc5\
?\x22\x82=\xec\xa9\x1c%\xed~l\x90\x0419X\
\xdfLS\x92\xa1\x8b}e\x11\x11^I\xef$g/\
\x9f\xc7.J\x9b\x1f\x0b\x802\xa7\x04\x9f\xf0\xf9<9\
\x1f\xa18\x14-\x93\x9c\x96`?9\xe7\xd2\xdd\xcd=\
\xf4FuQ)\x12\xce\x14\x9c\x1d\x85$?\xa3\x08\x14\
%\xdc2\xb7\x1b\xe5\x87\x1f\x1c|f\xd5\x1cHV9\
\x0bFd\xec\x07Y\x15y\xdb\x8a)\xa1\x98\xcd\x1co\
\x1f{\xe9\xb9\x1a6\x93\xa8\xeaGj\x0e\xc7V@\xb3\
F\xc8@[\xe4~c$\xd8>p\x7f\x9f\xb3\x86\xac\
\x05\xf3\x92\xcc%\xff\x00\xda\xaa\xa0\xe5<q\x1e\xe4\x8c\
\x01\xcf\xe6\x9eJ\xb7\x08\xda\x8aF\x17\x97\x02P\xa5s\
\xc0\xa5]\x9c\x90x>H\xc8P\x17\x84\xeb@\x18\x06\
,\xb9`\xdf\xe3\xdce\x05\x7f\x1e\xd1\x9a\xa9\x05A\xa7\
\xb8d7\xfcD~\x03\x05\xb6]|\xad\x8b\xb19\xaf\
\x80\xa7X!\x88\xf6\x0d\xa0\x92mp#\xfd}9W\
\xef\xe3\xf0y\xd7\x01a2\x0c:\xb7\xcd\x0e\x0e\xb8y\
\xfc\xa8\x85RB\xad\xb9%U\x09\x1f\x0f\xc1\x0a\x8fd\
\xa7\xd6\x1aE\xf4\xb9\xca \xd6\xe7-\x88\xc69\xec\xd9\
\xe4\x1b\x0b\xfb\xb6f\xa3\xc2\x1dY\xcbc\x0b\xb76\xf7\
\xed\xf1\x9a\x8a\x0b\x94\xcd\x8f\xbe?q\xaf\x0b\x94*\xab\
\x83\xca\x0d\xb6\xb7\x90\xc5\xc3\x03\x80?\x9cc\x047\x19\
C\xd4\x93\x83\x7fy\xf09\xf4\x92\x03\xe9\x9e\xf1\x88\xa2\
)\xad\xfe\xd5_j#G\x1b7hd\x7f\xe6:\xc5\
z\xe8\x13\x92\x18\xe2X\x96x\xf6I,,g\xd8\xcc\
\xa2/\xa8\xe6\x8eO\x5c\x98\x00r\xaa\xc2\xc6L\xd7\xf3\
\x1f\xc2\x0f\x1a\xb8]\xb9\xb6$\xdd\x90=\xabCjf\
\xc1\x9dJ\x8cx\x0a\xa1\xd8\xab\x12\xc0\xd9\x0e\xdf\x1c$\
\xaa\xae\xb3\x90UX\x8c\xb5O\xd3l\xb2z2-\xd7\
3?\xdb\xacC\x08\xecb2J\xa4H\xa3\x8b\xaai\
kj\x01#\xcd9\x8a\xb5LB#i-\xb4\xfdK\
\x15}JY\x09\xe1\x17A\xaf\x00\x12\xa1\x948\xcb\x00\
@m\x9f\xa0\xf2\x9f\x17\xe5\xb0+\xb36*\xf7\xf6\xfe\
\xbfI\x08B\xc9\xb4\xb6HzG\xf6\xbb5\x91\x0f\xdc\
\x00\xf6\x12&\xe6w\xfb\x80\xe25\xf1\x0b\x9e\xb6\xc2\xd2\
7\xf2\xde\xb2\xe7\xea\xd5o\xf5\x8bg\xda\xa0\x15m\x7f\
\xb50\x98\x93\xc9\xc1\x0b\xff\x00\xd0\x15\xce+\xc0=\xc6\
\xdc\x01\xbc\xe7\x988\x18<9\xf1\x93\xca\x9b\x9cr\xae\
r\x1cc\x9fGu\x9a\x0fO\xb7\xe7\x8a~B1V\
\xc1\xcf\x90\x0f\x14\xd3\xc1#\x0c*\x09\xc6\x01\xcf\x9fm\
\xf9\xf5\xba\xdf\xb1\x00\xf28r?\xc7\x05K\xff\x00\x9c\
\xad\xb1\x87\xcf\x07\x8c\xf3\xf6_\x1e9\xf4\xb0\xafy\x0f\
\xf9Uo\xff\x00\xe79\xf0\xbe\x00\xa8+c\x9e1\x10\
\xc4d\x84\xe5\x98\x89\xa2G\x9aMfIZ\x07D\x8f\
\x05~\xb5\x8e$\x84\x916dV.\x08nf\x89\xed\
6\xe6,\x01f\xaf\x0b\x10\xc0\x0f\xc0P\xb9!\x81\xe0\
;\x14\x83\x81\xc2h\x82\xa47\x0f\x9a\xb5\x82\x9fA\xf5\
s\xdf\x8a\x22\xca\xbb\x22A\x05\xdcJ\x92\xf1\x0e\xf8X\
\x12\x91\xf2V\xd5\x14k\xec~\x14\xbbG\xefE\xe2\xc9\
\xb7\xb4\xcb\x80\xbcQ\xaa9\x1e\xd1\xc8\x08\x13\xc0\xa71\
\xc7\xce\xc2\xc6\xa9\x1c2\xc5\x14\xe3\xbb\xf4\xafS\xb13\
4N =\xbfD\xee@\x1e\x91\x89\x13\xf9\xa7\x9c\x1e\
\x11\xb1T\xfbW\x97\xc4\x80`\x1e\x05\xab\x96,\x0f\x03\
lV\x00*\xf3\xf9G\xe7\x0d\xc6]\x95 \x81\xcb\x8d\
\xb8\xc0\xc8R\x96bA\xe7\xf4\x8f\xda\x02\xf1\x88\x8c*\
\xb2\x86&62\xe7#\x0aU\xd9\xa8\xb8`\xb4O\x90\
q\x90\xba\xae\xbf\xd4\x94\x0e\x15\x97$)Vf\x7f\xc0\
\xf7\xa9\xa0\xc18E\x01\xc7\x92\xac\xcc\xa5?\x5c\xae\xc2\
\x14{\xbd(\x15\xf5\x086\x83\x84S$+\xf6\xa8\xd5\
\x91\xa3\x065\x9c\x1b\xa4R\xac\xf6u\xf6+o\x8aD\
\x85}\xf8\xd1\x06'S\x9f_\x13\x1fM\x94\xf5\xc3\xfd\
\xba\xd2\xde3d\xcf\xb8\xc8\x08\x1f\x94\xf6d\xf0\xd4\x00\
\x09*\xc41\x93\xdc\x0e\x15\xbf:\xf2O\xe8\x0b6A\
{\x1a\xe3${D\x81A9PIk\xe4\x03\xfc\xfd\
\x99<8\x00X\x95,I\x93\x188\xf6\x8b\x146>\
\x82\x0f\xfa,\x22v(\xb26\x95Q\x07\xe1#A0\
W\x7fr9\xecZ2\x164%\x13\xae\x1917'\
\x0b*\xa4\xb3J\x22=\xb9o\xea3\x1f\xc8\x1e.K\
X\x0c\x18\xcd}\x9c\x90\x80\x12\xde\xe3\x83\xb4{\xb1\xc4\
\xab9\x0a0l\xd1\x8c\x86\x04.1ppY\xbf\xe0\
\xfey\xfa\x02\x11\xb9\x9d\xb9?\x83\xf4\xa7d\x0e\x83\xc2\
\xc1X\x8c\x84\x89SQ\x04\x09{\xb6W\xc1p\x8d\x97\
\x92\xa0G4\xb3\x97\xb3b,\xa7P\x9ae\x9f\xeb\x18\
\xe4OTG\x91\x83p\x11'\x81\xe3\x84\xd5E\x80&\
\x85\xbc\xaf\xeb\xe35Q\x8e\x15\xc0\xcc\x83<\xf2\xf9\xa7\
>\x90\xd4\xbdW\xdd\x19gh\xe5b\xba?\x95\xa2\x92\
\x7fj\x92\xd8u\xb9\xec\x16\xacc1\x9f\xb7\x0d\x97+\
\xec\x13X\xbf\xd5\xb7\xff\x00]p\xdf\xaaU\x83\x08\xc7\
\x9f\xd5>\x5c\xf3\xc9\x03\x00\x955\xb0\x03\xc7?\xe4n\
\x0f3\x90k\x9e\x7f\xc4[ \xb7\xe4~y\xe0\xb9\xc1\
\xe2\x1b\xf8|\xf3\xd1\xba\xff\x00i\xe9\xbd`\x0f\x8fd\
\xad\xee\x00\x90J6\x0b\x0eZ\xa2\xd9\xc8W\x040\xce\
U\xb1\x12\xfbI\xe7\xd5}\x91?\xabJ\xaa\xdc6\x03\
\xc7\x9e\x0a\xec\xf1\xfb!o\xf9\xe7\x0b\xe38\xe7\xe4\x7f\
\xf4\xe7\xd3\x0d\xfe\xfd\x13\xfc\xaerI>\x01\xb0+\x9c\
\x01\xec\xfc\x1c\xf0=`\xdb\x01c#\x91,H\xfd\x97\
eg\x96X\x1a4\x80\x9d\x7fZG\x0a@k#\x19\
\x01.\x08\x93\xf1\xfa'\xc6I\xe3a\x80gl\x1b\xb2\
\xc8\x00\xfc\x05UbU\xacA.\x8c\x1f\xc0\xcd\x10k\
9\x0c\x03\x15,\xd5>\x87\xea\xaf\xe9~\xa2\x1f\x04\xc3\
\xd2xDFn\xbc\xe2`\x1f\xee:\xed\xb5\x82\x87s\
\x04Q\xacl\x18<k,\xca\xcd(FY\xda^\xc3\
FT(\x8c\x08b\x92Du\x93\x84\x8e\xc4\x01\x99\x96\
>I&\x8di\x85q\xa8}\xd5\x84\xbeQ\xf7\x09P\
\xaa'=K\xd1:\x93u\xd9\xd8\x06\x93\xd5=\x0f\xb3\
\xd5\x8cJ\x05\xe1\x0f\xf2\x05\xa8<U\xa3\x13`x\x0e\
\xc4a\xe1xN\xb8\xc0\xf6\xb7\x19nT\xe4\x0el\x06\
J\xd4qWXrJ\xb7\x0f\xc9\x1f\x8a\xaf\x19\x84u\
R\x03\x12\x87m\xec8\xae\x1c\xb0U\x0a\x7f\x9cf\xd8\
`\xcb\xb1T\xa6\x14YD\x80\x15\x04\x84(\xccX\x82\
\x07\xc9\x19\x08\x02\x93\x84U\x12-\x8b#3+)\x15\
\xb2\xb3\x90\xab\x86\xf4\x80S\xd4:\xfb\x06@S?]\
>\xdd*\x924I\x22\x0e\xc2\x16\x90E0\xec4\x92\
\xff\x008\xeb$r/Z2\xb2\x15\xd5\x02\x8e\xca3\
7\xd41\xca\xfe\x99+\xf5\xc3}\xbaR\xfe\x07\xb9C\
\x05m\xb9\xa8\xfd>\x10x\xd5\xf6\xed\xcd\xbeM\x9es\
AR\x1bP!\xbf\x09\xf3g\x86\xd8]Y\xaf\xc7\xb7\
\xfc\xd8Z\xad\xb75\xff\x00\xa7\xf0\xe7\x8f\x83]\xb6\xb1\
\xd9\xb7\xff\x00b\x04\xb7\xc7\x92\xdd0\x7f\xd3\xa3^\xd9\
u\x12<\x91G\x1a\xf5\x0bk1\xc0{\xa2\xce\xc2X\
\xe5\x9a}\xab\xd8$D\xa4E\xd7-\xd4vc\xeaL\
\x8d\xd3\x13v\xa4) v\xdb\x8f\xf0\xa1R\xc5\x1a\xc7\
;#75\xe3\x13\x1a\xaa\xa7\x90UL\xa0\x96\xc1W\
.\xce\xa4`\x7f8\xc9Cn6$E,k\xc6\x90\
\xa4\x8a\xa0\x02\x15B;\x10\xd6 \xecF\xb6\x17\x9fH\
\xcf\xf6\xf2L\x80F\xfcx\xb7\xcd\x1b\xedX\xcaO\xb7\
\xb2\xe8\xb1\xaaq\x14u\xe1\x92KG(?\xee\xba\xca\
m\x1c\x22YG]\xe3\x8d\xa3IO\xd6\xd0k\xeeC\
+H\xacP\xdc2\x80\x17\x9f\xce?8~2\xde\xa4\
\x10\x00u\xdd\x8a\xf9\x0bK\x16 \x81\xefB\x14\x05\xe7\
\xd2\x0d\x1c}&Y\x22\x121\x8aG\x9dd\x88\x8aF\
\xf1\xbc\xae\xb0\xc7WT0\xc2\xfb\xd7(T\xcd\x0a\xfd\
\xba\xe1d1\xab\xa2\xce\x84\xbf\xd5\xaa\xe3\xea)\x8bc\
\x09Sa\x18\xc3b\xa9\xf2\x8c\xf0\x83\x85\xd7\x9a\x9al\
\xfcy\x16\x19\xd8\x0dG\xe8u\x03\x96\xf2\xab\xb366\
\x0c+\x9a\x80\xb65\xcf>\x9b\xf4\xd7\xf5\x0e\xdf\xcba\
\x07\x98i\xe5\x99\x1b\x12\xb5\x91\xca\x95\x92\xae\xc8\xe0\xe4\
\x02\x91\xe67,\x0bm\x18\xb1\x1c\x92_\xb6K3{\
;2\x9e\xcfji\x98\xfb\x88a\xf8\xf3\xc0V\xfe\x07\
\xb9C\x01\xef\xe0\xf1\xf8\x1c\x1eG>\x93\xf3\xea\xc8\x9c\
AD&\xc1\xb9\xfd\x13\xf6\x0b\xcc\xd1\xd5N\x0f!\xf6\
\xf5\x15\xba\xd7\xd8\xf8h\x91\xbbf@\xee\xf3F\xc8\xbd\
k\xea\xfa\xcdz\xeb\x01\x114\x86Qb\x18I\x9a\xfe\
\xa9\xf1\x13\xc6\xc1\x00\xc8Hl\xbd\xc0\x5c\xd7\xd8\x18\xd4\
\x92\xc3%N\xdc\x81\xe5Pk$\x86\x0a\xd5\xbb\x10\xd6\
m\xb5\xff\x00\x8f\xd3\xbe\xb2}2b\xa4\x97\x86\x0e\xc0\
\xeet\xef4\xbf\x1bH`\x8a1\x0b\x92\xaf\x1cr\xcc\
\xa6I\x0a:\xcc\xf2\xce\xd1\xbf\x85\x8c,1<\x90\xc9\
rH\x9e\x15i^\x9cyZ\x0dh\x98e\xd6\x9fs\
\x9d\x86\xd1\xcaf\xd8\x92`\x01\xf0\xc0Z6\x0f\xc9\xd1\
{\x11\xc6\xf28\x8d\xbdo\xd0b\x97\xb3\x8e\xa2\x88\xe5\
\xecu\xa4\xe9v\x1d'\x18pv#\x03\x85\x16\xd7\x18\
\xc6\x1b\x85nT\xd8/6fZ\xe3\x80\x04V`\xc1\
\xb9\xfdc\xf2B\xf1\x9b]W\x01\xb8S\xe6\xb5\x87\x11\
\xb6Yp\x17\x9f\xce?\xf8\xb7\x0a\xecU9U\xe5\xc0\
\x97\x18\x1cT\xa1c\x90x>H\xc8\x15^1\x11\xa2\
\x86\x01\xb8P\xb3\x86\x04`0g!T\x06\xf4\x81O\
P\xeb\x96\xc3\x0a\xfd\xc7]\x0cJ\xb1\xa4\x8f\x1cr\x22\
K\x18v\x11H\x9d\x87\x96VZ\xa1\x12\xc5\x22A\x18\
\x8d\xc8\x10\xc0\xab:\x07?Q\xc4\xf2\xfad\xb2\xc4\x06\
\x84+|\x05\xf2\x14\xa2\xb1\x93\xc8\xc5\xa3\xf8\x868\xd5\
\x056\x0c\xb6\x1ffO\xe8\xb86\x11\x0c7\xeb\x1f\xca\
3\xc2\x18\xd7W\xeb\x94\xdd\xf8\xf7(`\x1bo\xeb\xf9\
\x8f\xe2\xe3W\xdb\xb4\x1ba\xf6\x7f\xec\xea\xaa\xb4\xea#\
\x0de\x04u\xb1\xdd\xd9\xc72\x84\x8f\xec\xf6j\xac\x1f\
y\xee\xb6\xe5i\xa4\xdb\xf7[\x04)\xed\xeb\xb1\xe8\xec\
\xcf\xd4\x0c\x9f\xe9N\xfd\xb6q82\x07\xc7\x9a\xc7U\
,P\x92\xdf\xb4gq#\x85\x8a\x22\x88\xbc\x82\xaaf\
\x05\x98\xd9Y\xdc\xb0\x7f\x0a\xa6\xb1\x93\x11\xc9|:\x03\
#`\x97e\x90(\xf2\xa8\xaa\xae\xcc\xadf\xc9\x923\
s^}/9\xebz\x87\xc6A\xe3\xc4\xb3\xcd\x1b\xbc\
\xa27I\xdan\xcb\xc7P\xa1\x02\xf5\xe0\x92H\xddf\
\xe3c\xb3\xd6F\x91\xd2\x1eK7\xdb\xbcq\x84I\x07\
\xd6\xbdp\x94\x93r\xb3\xa92\x06\x5c\x05\xe7\xf3\x8f\xfc\
7\x19vP\xe4//\xf3V\xa3\x8a\xba\xec\xc4\x86\xe6\
vF\x7f\x0b\xcf\xa4]b\xe9:\xb4I!13\xf6\
\x16Du\x1c\x8eD\x96WX\xa3Te]\x10\xb9\x96\
\x8e\xa5wB\x86 \xaa\xb22#\xa2\xcd\x18v\xfa\xb1\
X}E9b\x0f\x17\x0c\x18\x22\xd4\xfe\x91\xe1\xc0<\
!\x88]C\xdb\xed\xd8<{\x940\xb5\xff\x00U\xc3\
)\x11\xf8-\xf8]\x80\xd8\xd88\xaf\xeb\xe9\x1e\x937\
\xa9\xf61\x0a\xd5=;\xa9\x0fK\xa2:\xe27Pm\
\x1d\x0a\x97u8\x95\xec\x19\xe3q#\x07een*\
\xd2<\xc2\xccx\xcd\xb5}\xf7^}Y\xdc=?F\
u\x8d\x898_\xf9\x1c\x1f9\xe7\x8b~<\x80W6\
\xe6H\xfc\x0e\x00?\xff\x00\x7fH\xfb\xbdYT\xe7\x0b\
\xf1\xa1`\xd6\xe7\xf4@\xc5\xab\xcb\xd1\x91|\x1e'\xfe\
_\xfd\xb5\xb6\xc9\x8di\xf7bM\x8f\xbc2}\xae\xcd\
_Z,\x03\xaf\xf1\x096\x0b`\xed\xb5\x7f\xe1\xf0\xdb\
\x8d\x82\x06\xcc\xdb\xdfp\x175\x15\xb1\xa6l3C\xb6\
\xd8>\x10j\xce\x1a\xa7\x1b\x0b\x06\xf7\xec\xc7\x9a\xad}\
\xda\xf2[\xd3=N~\x97\x86,\xd0t=Z.\xc4\
\x11\x8fO\x91\xf8\xc2'\xec.\xe7e\x91e\x9aIY\
%\xb0\x8e<G\x1b\xbc\x0e\xcc\xecwB\xad\xd8fR\
\xf2I\x0e\xb4\x84\x92\x9a\xe3=\x9f\xd8\xdd%y\x04\x8b\
14\x1f\x0c\x05\xa0rL\x95\x95#i\x98\xa34\xb2\
G\xd8X\xd3%;\xde\x93\xd4\xedG2\xb3\x99\x1b\xd4\
z\x12\xf5\x09Y\xbf\x91&4\x149\x0c\xaa\xec\x09j\
\xb5\xd8\xcbS\xe0\x0c fV\xb1\xfe\x91\xfb\x88^3\
\xeb\x08\xa3\x04Pm\xb5\xfc\xabl\xba\xf8P>4\xca\
\xb0n0\x12\x05f`\xa4\xc9\x89\xab\x8e*\xd1\x98\xd8\
7\x01\xd8\x878^\x13\xad\x14x~\x14\xb4\x81\x83\x01\
\xc5{\xb3\x00\x00\xe7\xa3\x8d~\xa1\xd7>\xd7\x18\xfb\x8e\
\xbcm\xf1D\xaf*\xc5*#\xc6\xb2\x15\x84\xc7\xd8y\
\x1eDn!\xdf\x14\x89\x1a$Lq\xd7\x81U\xd5%\
?RDe\xf4\xd9fR\x824`_\x01pUh\
\x8c_\x04b\xf1\xfc~8\xc4-C\x8c\xb5\x18HX\
\x91U!\xc3*(RE#\xc4\x83<*\xcdC\x1f\
\x85\x056\xf8\x1eQY\x03_\xf5\xfd\xe3\xf8\xc68\xc5\
V\xa2A\x96\xab\xed\xb7\xfc}1VN\xfc)\x12\x9b\
\x051\xf5\xff\x00\xde+\x93\x22\xca\xc9\x19\xea\x07\xd6~\
\xdf\xef0T\xedE\x9b\x12\xfd\xe6\xcdK\xee\xeb\x9f\xb2\
\x12\x06\xfa\xa9\x95}\x1c\xfd\xcd\xfe\xe0l\xd81\x9a\xa5\
\x05\xf5f\xfeLg}\xb8K*.\xac\xe0\xd0\xca,\
M\xc1f\xb8\x934_j\x13\x11$\xbe\x19T\xcaH\
%\x9dd\x01G\xb1B+\xb1F%\xb2^3\xb7#\
\x9fN\xca\xf0z\x9c'\xaex\xd1\xc74\xf1\xb4\xb2\x18\
\xe5Y\xe5\x9aw\x8d\xfd\xb1\xc7X!\x96N\xb3\xecg\
#\xb1\xd7G\xecI\xaf\x92N\xfdw\x8e8\xc0t\xfa\
\xca\x08\xd3\xade\x96\xd2).\xac\x1b\xc73\xae1O\
w\x1c\x07\xa9-S\xb0\xed\xad|*\xeb\xb1\xc8n\x7f\
D\xf3\x85\xe7\xd22\xe9\xe8\xb2\xeb\x8d\xf8b\xd9\xd9W\
\x12\xaa\x98\xe5\x13H\xea\xb1\xa4eG\xdb\xc0\xecLr\
\x86\x1b\xe1FS\x1cbI\x169\x11$\x8d\x5c\xfa\xc7\
\xd3R\xf7\xbdJn\xd1\xedF\xa2/\xa4\xe4\x940N\
\xccj\xcf\xf4\x8c\xd1\xa2\x87\xec\xc4\xdc?G\xf6\x98)\
\x8f\xb1\x09\x1f\xf8R]\xa4}\xc49?Hw#\x12\
4\x93\xc3Q\xf4\x97i\xd1\xb5O\x0e\x7f\xf0\x97`\x15\
^\xc4\xf1)\xe8\xfd+\x0c2+\xc9n\xc8\x828P\
\x15\xea\xae\xbe\x02uVte\x5c2T\xc5w\x06\xb2\
>X\xba8i\x04\x8c\x19\x18\xaa\x80\x130\x16\xcb\x1b\
\xaf\xcc\x1dy\xf5\x7fw\xee}DA\x0b\x16\x89\x82\xd8\
\x16\xce}\xd69\xfcx?\x8eb\xb9\xcf=\xc3\xf5\xfc\
\x00\xb65\xfc\xfd#\x96\xf5P\xad\x9a\xa6#B\xd1\xb1\
b\xb9x\xc1\x96C\x9d\x9a\xd9W\xfe1\xa9~\xa8X\
\x14\x89\x5c*F\x83\xb2\xacdd\x99\x99\x1b\xac\x1bW\
\xd6\x8d\x07\xdb\xe2%k\x80\xc06\xdc\xd4yO\x88\x1e\
6=\xbbA\xb7\xc9pT{E.i\x9b\x00B\x9d\
\xb9\xc7\x9a\x8d9\xc3W#fm\xf2l\xff\x004Z\
\xe1\x8cy\xb7\x9a|\xb6\xe4rK\x0b$\x9dWto\
O\xfa\x8dw\x8f\xf5Ew>\x9d\xea_\x7f#\xfc\xb6\
\x86\x07MN\xddS!\x91\x8d\xe1S\xda\xd8\x19\x9aH\
\xf5\x8e\xbd\xf5\xd6/\xb9\xfc\xb5\xd1\xe4a \x9c\xbe\xb5\
\xf6@OY\x9f2U\xd23\xd8,\xae^T\x9dR\
<\x98\xe3X\x92G0\xb33\xf6\xe1^\xf7JH\xbb\
\xf91z\xc7\xa7\xc9\xe9\x8e5\x92\xfdr\xaa\x5c]\x88\
!\xd8\xc9\x86\xfdW\x0a\xacc$\x92o\x1ed8\xe3\
1J\xaay\x15]\xd9\xb7\xb9X\xb8`\xd8\x03:\xe3\
\xf6\x1c\xf1\x85\xd5Y\x9a\xa7a\x12\x01\x8f\x0a\x023\x10\
\xd96\xd9\x19\xb6\x07\x0bkU\x0b\x86\xe5-(k`\
\xab\x99\x0b.\x00\xe7\xa3\xfc~\xa3\xd7`U\xb9\xff\x00\
\x98\x827f\x8e \xf3i\x99\x10\xc6\x92qb\xd3;\
\xc8\xd2\xab\x94m\xf0\xc8\x80G\x17\x09\x1dxQq\x1c\
\xa7\xeah\xf6\xfal\xb3]\x14#\xe5\xf1P8\xa3Z\
1\xc8n\x7fH\xc6*\xbcf\x09P\xc0\x13B%-\
`x\xa48`\xa0/\x0f\xc6\x98`\x1b\x8c\xa5\xca\x94\
 \x00\xcb\xb7\x00yPc\xb1\x7f\xc7\xef\x1f\xc61\xc6\
*\x95\x12\x0b1F\xdbo\xf8\xfa\x22\xee\xf5X\x12%\
\xf7*h\xeb\x01\xd9[rH\xe4\x99cn\xa8\x22;\
\xc1\xf7u\xa7\xc8\x91K\x18\x94\xf6\xc3kQ\xb7\xaeG\
M\x19O\xd6\x05S\xd2Q{\x0a\xc7\xb1\x896\x83\xff\
\x00\x14\xaf\xbbVm\xe4Fwg\x86\xd5]9\xa9\xa6\
\xc1l\xdc_/\xb75\xf0\x10\xe9\xce^\xa5Wq`\
\xcc\x5cJ\x02f\x8a\x10;j$\xb7\xed\x11\xdcN=\
\x0d\x9e?S\xea\x9e\xb9l\xb2C$\xd1\x9e\xc32L\
\xb2\xcf,\xf2$\xd6\x11%b\x86G\xea;3\xb9\x12\
\xc0\x8f\xdcvFy\xa5\x81\xe3H2c\xfa\xba(\x13\
\xa9%%-*\x92\xea\xc2O\x034\x8f\xe39\xe3\x05\
j\x17j\x9b\xb6\xda\xe3\xda\xaa\xa8X\xabX\xe7d~\
\xe3^}%9\x87\xa2QU\x18\x18\x83\xf6Cm\xab\
G6\xf7\x91*\x89\xc5\xc4\x10;+$\xa1\x80\x9e\x18\
\xdc\xb2E\xc7\x94E*#\xa2?\x16#\x1fa\x9c\xc8\
\xad\xc8\xc8\x967UT\x8d\x8f\xc5\x10\x0e\x12N4f\
J4tU\xbc\x7fq\xe5\x05\x95\x0cA\xdaJ\xb2\x85\
\x12DDJ\xa8_\x08\xa8\x93 g\xa4\x86P\xd1\x80\
Q\x0cn\xcd\xa9j\xde\xe5\x88\x89\xd3\xd9\x83\xed0)\
!\xa8\xee6\x06Y\x06\xc1!\xf6\xe5\x14-N\x8b[\
\xea\x0fP\xff\x00O\xf4\xc7iA\x12\xfb\x9b\xca\xe4\x93\
\x5c\x8b\xe7>\xe0\xc7\xff\x00\xa7\x82\x06N8N\x0dy\
\x86\x0d\xed\xfc-m\xe3\xf3\xf4\x80-\xea\x98a\xedA\
D-\x19bO\xbdA\x90\xb0'\xc1T\xf2c\x8dZ\
N\xa0H\xc0\xda\xf8\x8a8\xd6x\xee\xed\x14\xb2:?\
\x5c|\x7fZ<\x07\xaf\x88\xa3\xf7U\x941q\xed\x1e\
\xe4\xf8\xc68\xf8\x01D\x83,C\xdc\x15\xfdV\x964\
\x06\xc0\x10\x87h8\xc1e\x1a\xc1\xc3T\x10\x1c\x12\xd5\
q&O\xea\xb5\xf3\xac\x1b~\x13\xe6\xcf\x08%WV\
pi\xb0_9]\x89!>\xe5\x1d\x0f_\xeeu\x95\
\x82\x1d\x9c\xe9}I\xd3\xecD\xa9\xde\xdd\x1c\xab$\xad\
\xa9\xbawx\x17CvN3t\xd9\x87\xfb\x8d\x9a\xc0\
\xf8O\xda\xdc\x19jR?\xb9\xbd\xfea8\x11\xd8\xc7\
\x18\x88H\xfa\x0b\x99=\xcd\x0b}\xd1\x92\xbe\xa5\xd4^\
\xc7DC\x12\xb3E\xea]'\xe8\xf7\x0c=\x8c\x86\x0c\
\xe5\xc8l\xd5p\x15\x8cD\x96>c\x1b\x8b\x02\xcc\xea\
\x14G\x9a\xe16\xfeM\x81fV\x12\xe6\xb9\xac\x7f\x09\
'\x8f\x86\x0adj\x9b\xb8\x92\xa3\xf5P\xaa\xccQ\xb2\
\xd9\xd9\x19\xd8q\xc2\xc64P\x9eEA\x90\x1ba\x84\
\x85\xcb)\xf0=\x17\xe3\xf5\x1e\xbb#\x02|v \x8e\
I]c\xe3\xcea\x9d#\x0a\xac\x16%\x86w}\xa2\
FG=\x98dV\xa4`\xb7\xdb\xc0\x8a\x85$\xe7\xd4\
\xc8\xb2zt\xb3\x19\x11\x0a=\x9a\xb8\x03\x8a\x04h\xc5\
Hn\x7fH\xc1\xc8^3\xd0\xaa\x90\x0f(D\xa5\xac\
8\x1bb0\xc0^\x7f(\xc7\xe1\xb8\xcbr\xa4\x10\xbc\
\x0c\xa6\x5cTeV\x8a\xc5\xb0\xc3\x1bS\x0a\x00\xe3\x10\
\x85U\xd4\x13C\xb6\xc5\x87=\x00m\xf5xQ\x15T\
\xaa\x8e\xb7X\x09BK\xc9!~\xc0\x89\xe1\xaa\xa6\xd8\
\xbe\xf2\xba\xc5\xe3\x85\xe0Y_\xb0\x01\x8f\x1fq\xd6#\
\xae\x819\xf5\xa6#\xf4\xc8#\x95s-_ns\xed\
B\xa6\xe25\xc3b\x91\xfc\xa0\x9e\x10Y\x17W\xeb\x98\
\xf7\x0b\x0fr\x87\x05\xcc\xb9\xa8\xf7E\xf0\x83\x97\xa8U\
\xda\x0d\x88\x93`\xa7\xe8\xb4\xb3j\xcd\xfc\xeb;\xf3\x8f\
G\xb7\xfa\x8fW\xed\xef\xc2 i\xa3\xfb\x9b\x89\x94\xf6\
\x1ei\x07b\xe2\x18\xea\xb0\xc8\xdd-\x86I0\xd0#\
w\x8c\x81\xdeI\xe2\x925\xea\xd8\xc3\xf5Zu\xd7\xa5\
8\x8d\x9c\xca\x84\xb2\x1b\xe7\x1f\xa4cVx\xc1X\xa9\
rCY\xf6\xe3\x1e\xd0\x15,P\xd8\xe6\xd1\xfc\x87\x1c\
\xfaJy!\xe8\x15\x88\x8a\x98\xd1\xfb \x99\x0a\xbcs\
\xbc\xef$o\x85U\x22\x08\x1d\xe2q'\x1f\x13\xc3\x1b\
\xc8\xeb\x1f\x1ec\x04\xa9\x1dU\xc2\xc6#\xec3m\x0c\
c}\xd1\xba\xfb\x13\x84\xe9\x88\x03I8\xe9\xb6\x8c\xac\
\x89\xcd\xab\xf7\x15(\xb9D0\x87fdp1,D\
 H\xcb\x91\x1a\x22H\xa8\xe4\xc6\xed(h\x8a\xe1\x1a\
9\x1d\xb5\xa0WPc\x89\xb7\x05)[*\xe9\x00\x06\
\xa1`\xb3/\xc8\x04\x82\x5c\xf8\xa4\x92C\x17^IG\
\xc6=o\xd4\x1f\xd4\xfbfG\xf1\x0e,\xa3X\xf0k\
\x9c8\xf7{\xc1'\xfc\x1c2\x82\xc7\x04\xb6\x0d\x7f\xc6\
\x1a\xde\xce-s\xe0s\xe8\xef\xfeg\x87\xfdW\xda\xa4\
\xc5b\xdf\xb0\x1b,\x1a\xcc\xac\x02\xe6\x8a\x9b:\xa28\
@VlC\x1ci*+\xbb\xc5$\xae\x8f\x0e\x02\xfd\
i,M\xd7\xc4Q\x00UJ\x06/\xfa\x8fr\xfb\x06\
8HP\xa1\x97,U\xb6g\xc7\x14\xa9$\x22\xe0\x81\
D;\x06F.\x83X\xc0b\xa0\x80\xeb\x93W\x12d\
\xfe\xab\x86\x0c\x11p\xdf\xac\x7f \xcf\x0a\x97\x0b\xac`\
56\x00\xc0\xd8+\x86b\xff\x00\xaa\xe0\xabk\x18'\
\xda\x83`9\xe9\xf7{\x9d)\x11\xfaR\xba\xaf\xa3\xfd\
C\xd3\xed\xf6\x02O\x1f\xdb\xf6`\xda\x88\xe7\xb2\xaf\xad\
F\xc8\x0f\xdb\x06\x06L\x04A\xd8\x0dr\xb3o\x060\
u\xc7\xabc\xe8\x0f\xb0\x06X\x1b\xee\x83\xd5\x83\x18S\
\xedD\x94\xfa\x93\xa1\x0fv/}\x87s\x12\x09\x18I\
\x90\x17\x15mY\xb3\x7f1\xba\xd97\x15\xd5\x9a\xfb6\
\xff\x00\x9b\x0b\x15m\xb9\xa8\xf0\x9f\x0d\xb8\xd5`\xa6R\
CfM\x98\x19\xa2\xd4\x161\x92[\xf7\x8f\xe5\xc8\xe1\
%\x15ug\x04!\x90X\x90\xc1\x99\xd9\x95\xfc/\xa2\
\xfb=O\xac\xd11$\xe2hc\x93\xb3%\x19\xa6\x92\
\x19\x928\xbc\xa2G\x1c3;$\x9b\x1d\x1d\xbb\x10\xc8\
&z\xab?\xdb\xc0\x82\x16\x0c>\xa7T\x7fN\x96W\
\x92\xb2#\x96j\xfe\x02\xe1\x11\x99\x0d\x89\xf9#\x05\xcd\
x\xcfFU\x03  \x12\xe6\xd9*\xdb\x15\x94\xe1x\
N\xa8\xc60\xdcu\x0e\xc8mS|\xcaW\x1cQ\xad\
Y\xb2\x1b\x87\xe4\x88~\x17\x8c\xc1\x0a\xab\x00\xdc\xa7\xcb\
k\xf3\xe9\xff\x00\x97\xd5\xa2U\xa2q@\xebu\x80:\
\xe6\xe4\xb1\x1e\xce\xa7B\x887!\xeeTF\xb9\x8e#\
\xd7I^R\x8e\xb8\xfb\x9e\xb6\x11R.}jD^\
\x99\x04N\xa1\xa4\x08\xdb\xad\x91\x84!\xc3\x84P\xa7\x14\
\x8b\xe4\x01\xb8U\x9dP\xc5\xe0\x16M\xc0\x15\xf7*\xb2\
\x962~\xa3\xdf\x19\xd20N\x15TJ2\xc5\x5c\xc8\
\x19\x7fU\xa1f\xd6=\xd8\xa4_0<\xf4\x95f\xf5\
\x1e\xa6\x8bs\xe0\xde\x83\xb2\x1bj\xafcl\x87\xb2\x1b\
Txhd\xfb!&\xd90 O\xbd\x12l\x7f\xb8\
\x12G\xf6\x97\xd3\xf5H\xeb\x8e\x8c\xeb\x15\xf6-\xa8\xdb\
s_!\x06\x9c\xf1\x82\x9a\xec\xc8o\x93n<\xd1j\
,c$\xb7\x96O\x94\x91\xcf\xa4\xa5\x9a.\x81X\x0b\
P\xc7\x13v\x85\x9d\x84\x89,\x934\x899!\x14\x88\
`g\xeb9b\xf8\x9a\x18\xdew\xa3<\xef\x0c\xa9\x1a\
{\x91cH\xfb\x0c\xcb%\x99$3\xc6\xea\xe5W\x85\
\xb4D*\xcb u\x12\xeb}\x8a\x9c\xdd\xfe\xe6\x85G\
\x114\x87{\xa4\x9c\x07|'\x14\x8f\x8e\xda\x91\x11\x84\
rp\xc6d\x982H\xab\xc5u\x92F\x0a\x8a\x8c\xa0\
\xc5\x11/G\x5clA\xaa\x89\xc7**\x92\xa2\xb39\
13J\xee\x82/\xa8=k\xfdJC\x07Qu\xf5\
\xb1X\xfd\xc0\x11\x8b(\xa0\xc05\x04Xd\xe1\xf2O\
\x0dH\x17\xc8>m\x8f\xf1\x8f>81o\x03\x9fH\
x\xf5/\x7f\xe8\x84\x14:CX\xe2\x83p`\xde\xf0\
WXb\x98\xdd\xd6\xa0\xaa\x17\xc41\xc6\x8e\xa9#<\
-,\x88\xe8\xe8\xa3\xebI\x92HB\xa4H\xbcQ@\
I\xc1\x1f\xba{p\xbc$(P\xc07(vd\x11\
\x85!\x8b\x05P\x08\x1a\xd4\xdc\x02\x08\xba\x8a`\x06e\
\x0c\x03\xaeM[e\x89\x18R\x1a\xc1\x17\x07\xf9\xa6\x1c\
g\x8c\xa5\xc2\xd3\xc2\x92\x9b0G\x90\xac\xac\xc5\xff\x00\
\x0b\x87R\x10\x05\xe1\xc2 \x0e,Y\x0b\x15)\xe0e\
\x0b\xe0/\x9fB\xf5\xc9}84=\xc53u:\xb2\
'w\xa6$\xe9\x8fc\x90\xa8\x8b:\x12\xc697\x87\
O\xd23\x19\x91\xc4(D\x81Lp\xb7\xdc+T\xa9\
\x92\x14\xfbejL 2\xaf\xdc+_\xea\xcfM\x9e\
\x0e\xcbw^2\xb1\xae\x0a\xb6\xa0l| \xdc\x0eH\
\x7fn\xac\xd0Sg\xb76\x01\xb0\xdbs_\xfa\x7f\x0e\
x\xd5\xf6\xed\xb5\x8e\xcd\x9f\xfb\x16\xa0\xb6\xac\xdb\xce\xbf\
\x9b#\x86\xc1WU\xaaBl\xf2M\x81rXI\x9a\
\xfa\x17\x8fS\xeb\x98KY\xb0\xf1F\xfd\xb6q!\x92\
x\xe7D\x86\xda\x91a\x8aW0\xbb<\x81\x9eh\x1f\
\xee\x9d\xc2\x97haA\xd5c_\xaa\x04m\xe9\xf3<\
\x8eVufbC~\xab\x85Bc9'\xdf\x1a\x97\
8\xe1fVU_*\x15D\x84\x86\xcb\x06.\x8d\x7f\
\x1c'\x5cb\x86\xdc`\xacT\xb1\xc1\x0e\xc6B\xa4`\
.\x11Y\x95\x83p\xfc\x91\x82\xc4/\x19\xcce@\xc3\
p(\xdaM\xbc\xfa\x01\xdb\xea\xb1)*\x9c\x5cu\xfa\
\xa2\xa69\xb9$\x7fq\xa9\xf6$|\xdf\x9e\xde\xb1\x1a\
\x8eG\x18\xeb\xa4\xae^9\x07\xfeg\xad\xff\x00N!\
\xf5\xa1\xd7\xe9\xd0DB\xb9\xa1\xddk\x0e!\xd9`\xaa\
\x14\xff\x008\xbd\xd8n2\x99\x02\x15!E\x86\xecT\
eP\xa5\x8b\x90@\xf9\x22:\xc0^>\x11T8\x0c\
J1\x942\xe3\x0aU\x99\x82.\x1b\x14\x88\xec\x19\xe7\
\xa3\xa3K\xea=Q\x08<-\x0a\xce\x8b\xd8KJ\xb1\
N\x92\xc8\xfd\x9c\xebLK\x04\x8b\xd4FY$\xc4P\
 \xee#4\x8e\x93\xb4\xb1\xb7T6\xaf\xaa\x9b\xad\xf6\
\x13\x88U\xee\xa1\x82\xb6\xd0k\x8c\xc65\x03\xc6\x08J\
\xec\xcd\xbd\xf7\xff\x005Z\xfb\xb5\xe6\xdf\x94\xf9s\xcf\
\xa4Zt\xe8\x11\xd7\xd9\xac\xac\x07\xb4/m\x88\xf3H\
d\x1d\x9b\x88\x90\x84\x81\x9b\xa8\x5c\xb4\x98\x92(\xdb\xb2\
\xec\xae\xd2\xcb\x14\xa8\x91d\xc6\xa9\x1av\x18\xc6\xe5\x9d\
$i\xa3u\x99\x88[i\x84ik\x09\x02\xcb\xad\xde\
J6\xe6\x1d\x9dx\xf1\x1a\x88\xb62H$\xe0m\xf1\
\x1b\x95N;\xe9\x8d\x14Q\xf8c\xd9*\xb0\x95P\xa4\
\xa2IYj\xaaTj\x8d\xda\xc9 ?,@\x8aG\
\xcfQ\xf5\x1e\xbf\xa7\xc6\xa7\xb7C\xcf[\xf5y\xfdR\
f\x0a\xda\xfa\xc8A\xc8\x00\x0e\x05\xa2\xfb\x88a\xfb\xa8\
\xae\x07\x09\x01\x80a\x92U\xacNxj@\xb89\xff\
\x00>3\x5c\xfeq\xc1\xe7\xcf\xe3\x9fI\x10=P_\
\x14\x8f\x0d\x1b\x08\x17\x0c}\xa8\x04\xe0\xdb\x0eJ\x98A\
(F\xe8+\x94NHt,q\x95I\x0c\x904\xb3\
+\x87T\xe7\xd6\x93\x89bP\xb1F\x81E\x03\x1c\xab\
s\xfa'\xfcW\x8ciU 7+\xf2[#\x8a\xd7\
\xb0\x0a\x07\x00\xd6\x86\xd8n\x11u\x05p\xa0\xb0V\x00\
\xa8&\x84HX\xb0\xe2\x90\xe1\x82\xa8S\xfc\xe3\xf7\x00\
\xdce2T\xae\x00\xb2\xec\xc1Q\x95R\x85\x99\xb0@\
\xf7\xc6B\x80\xbc8DP\xe01d.\xc0\xae0\x19\
L\x9e\x17\xc8R\x81\x8b`\x8fF\xf57\xe9\x1a\xff\x00\
\xfd4\x1d\x98\xdf\xad\x03\x00%]m\xbcH\xb8\xe2\x15\
vu\x8e:\xb8]0\x1d\xcbet2\xc5\x19\x81p\
\x8e\xd1\x09\x94L\x99oP\xf4\xf7\xec,\xe3\xb3\xe2&\
\x8c\xa1x\xabY\x0e\x161\xb4d\x90\xe4\xa9\x8f\xf5\x05\
\x0c\xa7\x0b\xeeP\xc06\xdc\xe3\xf6\x8f\xe1\x07\x8d_n\
\xd0KbM\xb9\xff\x00\x8a\xd4\xdbP6>#\xf9A\
\xe1\x0cUt\xe6\xbe\xcd\xbeA\xb0\xbe[vi\xe8#\
>\xa9\xd6\xd1{5uD{{v\x938\xec(\x84\
6\xa8\xc4)#\xfd\xb5\xdaOs@\xdfxd\xa9.\
\x91 \xe9\x99)\xf5P\x8b\xfd>c!q\xd8R\xe4\
\x90\xd9\xaa\x90#mD\x96or)\x94\x90X\xb2\xba\
\x84\xcdT(sRl\x09t;2\x01%#\x1a\xbc\
\x86\x0a\xcc\x0b\x92\x1a\xced \xfe\xab\x84Vh\xceI\
\xf7\xa2\x975\xe39B\xaa\xbeE\x17nm\xee\xf46\
\xbf\xaaB\x1d\xaa\x15\x87[\xac\xba\x1cH$\x8dg1\
<\x92\xacL;\x0c\xfd\xb3\x15@\x11*\xf5\xe3\x96E\
\x91%\xe1?s\xd6\x06FH\x87\xd6M\xaf\xd2\xa3\x84\
\x05p\x13\xe6\xb5\xc7\x15\xb6\x07\x5c\x05\xe7\xf2\x8b\xfc?\
\x18l\x0a\xd9\x0b\xcd\x9f5p8\xab\xae\xc4\xb0n\x7f\
H\xfca8\xc7Z\xaa\x90\x1b\x85\x09\x948#\x8a\xc1\
\xcb*(S\x8dQ\x1b\xfb\x87\xa1\xc4{\x1e\xa5\xd6\x11\
\x05\x1c\xd9\x12v\x15e\x8c3\xa4\x12E,\x92v0\
Q1?^D\xeb\xc6#w\xac\x10F\x9d\x88\xf6;\
\xc34\x92\xc7'_\xc4\x7fV\xc9\x01\xe9H\xb0\xc6A\
PUN\xcf\xd4\xe5\xa3\x1a\xb2\x03\x94\x05v\x82X+\
\xec\xc9\xfdF\x0a\xb6\x90C~\xa9\xf2\x83\xcf\xa4W\xb0\
z\x07\xed\xf6P\xe8\xfb\xac8;\x13q\xd9\xf7[5\
'\xf1c\xd3\xd9i0b\x8c\xf6\xf6\x09\x0bN\x92\xa0\
\x86\xfa\x95aY\xdbQc\x22\xbb\xbcN;%\xe8\x1b\
\x5c#\xed\x99\xc8\x92\x8fF\x95\xca>\xd9>\xe3_\x9a\
GH\xee\xd1Iv\x12n\x84\xedj\xf1\xe4\xd3\x1a*\
0edI&Re\xa3/`\xc93#\x00\xa2\x7f\
W\xe8\xf4cs\xf7qH\xfe\xa5\xf5K\xf6#\x0b\xd4\
\x8cE\xce\xcc\xf2\xc9 i\x9d\xa5j\x0d\xb9\xb7\x95k\
ep\x07\x07\xb1I\xf0\xdc\xfd\xd4~\x17\x85\xaa@ \
\x13Sl\x829\xed\xc0\xc8\xf3\x8f#\x1f\x8c\xe35\xe7\
\xec\xa0\x93\x83\xf4\x93\x01\xea\xbe\xff\x00\xd51$l\x22\
@\xac~8\xc0\x99lJ\xb3U\xa2\x1e\xcc\xec\xeb\xa8\
.#\xe3>\x85\x8d\x05\x1f\x8f\x16\xd9\x94\xee\x0a~\xb5\
\xecn\x8d\x16\x88\x80\x0a) \x86\xe7\xf4O$/\x19\
\xa9U\xf0yO\x976\xe2\xb5\xec\xb8\x03\x9f\xcd\x0f\x95\
n\x11\xb1\x14\xe4/\x0b\x85`\xa5A\xe0Z\xc8Z\xc0\
\xf1M\xd5\x87\x85\xe1\xf8\xe3\x1f\x86\xe3-\xeaA\x0b\xcb\
\x8d\xb8\xc0\xca\xad\x0b1 \xf0|\x88@\x01x\xc6\x8a\
\xa0\x80\xc4\xad\x9c5\x80\xe2\xb8g (\x05E\x14\x93\
\x86\x1f\xbcb\xb8^}1\xea\xff\x00c:\xf5;\x01\
\x1f\xae#\xff\x00s`\xca\x0a\x10\xec\xe8\xb1\xaa5t\
\xc0n\x15\xc4\x89\xba8\xccUUi#I\xd4I\x18\
c\xa5\xe3\x96G\x98\xa9O\xaa`Q\xd9\x13C\x10\x89\
N\x11\x00p\x09*\xcc\xca\xc9\x80\x15\x90\xc8B\xaf\x90\
\xa5\x15\xaf\xe4b\xe9\xf1\x0cq\x8a\x82\xa2A\x96\xab\x89\
m\xff\x00\x15*\xd6\xd4\xb88\xa4\x7f(\xcf\x0a\xb3\x05\
\xd5\x9a\xfb6y\x1e\xe0\x18X\xcb\xfa\xfa\x00\xbf\xaa\xf5\
\xc4 \xd8\xa8Xc=\xa5\x90\xc8V}\xeab\x07T\
b0\x5c\xf5\x91\xefF\x107\xdel\xab\x094\xc7\xf6\
\x82A\x1f\xd5k\x18\xf4\xe9\x8c\x8b&\xe5\xbf\xfc\xf3U\
\x1f\x191Z\xcd\xfa.\xeb\x02\xdb\x03\x80\x80\xd4\x05\x12\
\x1a\xe6\xc3%\x08\x9786\x085[\x0c\x14\xb2\xdf!\
\x81s!\x0c=\xab\x85F1\x92K{\x90\x19I\x1c\
%\xd5\x94F\x09Z\xa6\xdf\x04\xdb\xd2\x1b>\xa3\x06\xd2\
T#\xe8\xeb/\xda9a\x22$\xcd\x1bO.\xb7\x13\
\xcb'l\xc4A\x11\xc4\x12\x08\xe5\x92\x196\xb1;\xfa\
\xe1\xa7}|\xfa\xb5\x8azN\x94\xc3 @%\xc8o\
(\xdbU\xc3a@\xf8\xa3\xf6\x90\xfcq\xb0!,\x17\
\x9b10LqWYv\xb0n\x7fX\xfc\xe1x\xed\
\xac*\xe1[\x94\xcc\xd6\x0c8\xad\xb2\xe0\x00\xbc\xfeq\
\xf9\xc3s\xe9\xc8~\xe7\xd4\xa2\xa9D\xe1\x95c\xec\xaa\
<j\xe5!he\x96IY\x18/\xfb\x8e\xbc\x89\x1a\
$E\xf1\xd7\x824\x95\x12Vx^i\xa3\x92&U\
_\xac&\x8d\xfa\xd4\x86 \xbcU\xa2\x9b\xf9\x18\xbcc\
_\x8e5V\xa2E\xcba\xb6X\xfe\xab\x83a\x18\xab\
\x11T\xc4\x9ey\xf4\x94SI\xe9\xf6\x806\xb2a\xfb\
\xa0\x19}\xe8\x92\xae\xc6\xed\x06\xd6\x82\xf07\xda+\x86\
\x92\xa24\xfb\xa0\xfb*\xe1\x91\xa2\xd9O\x5c\xf5^\xcf\
O\xd7%\x8b\xa8\xe0(\xfa\x87\xd5\x1a6Y\xa5\xb2\xaf\
\xd4>\xa2\xb1\x11\x14\x98\x12\xfdA\xdew\x06V[\x0f\
\xa9}R\xf8\xb0\xac\x9e\xbb\xded\xc42Q\xdf\xeao\
Ph\xf11F\xe0\xfa\x9b\xd4\x960\xb0\x98\xd1{\x1e\
\xb7\xdf\x9aV\xb4\xe1Z^\xf7o\xb3+\x1e\xc4\xf2\xb7\
\x00\x0a\xa4\xa9\xb1\xfd\xd3,q\xc6b\x98\x03\xc8`\xa5\
\xd7\xfc2\xbd\xec\xb8\xc7?D'!\xb8}\xea\x0ek\
\xc2\xd4 ~y\x5c16\xe6A\x18 p\x83\x9f\xff\
\x00L\xff\x00\xf6s\xf3\x8b\x1cs\xe93_T\xc9\xfd\
#\xc4\xb1\xb2\xa2\xaa\x13\xf1F\x04\x81\x5c\x94.Q\xa3\
\xc0_\x12u\xc0\x91\xa8\xb2Ha\x11\xaceJ\xb4i\
'`\x16\x92\xaf\xf5\xa7e\xe7X\xc3\x05P\xbe\xc5%\
Hn~\xe8\x0b\x1a\xf1\x9a\x85G\x83\xc0\xa0I\x9by\
\x0d{)\xc0\xe6u\xa7\xb4\x86\xe1\xc3\xaa\x92B\xf2\xf5\
p0\x0f\x02Q\xc9\xb0<S\xb1\x19N\x073\xad<\
U\xb8\xca\x1e\xa7!y\x7f\x96\xb5\xe0Q\x1d\x9a\xc1\xb8\
\x0e\xc8\xcf\xea\xbcc\xadT{[\x85,\xe1\xac\x07\x03\
\xdd\xc8\xc0\x1cQ\xad\x18\xe40\xc6\xc8\xff\x00\xc2\xf1\xcd\
p0\x0f>\x93\xee\x0e\xefQr\xe3\xeec{\x99\x12\
\xa8\xa4\xfc0\x13\xf1\xc8$]\xd1\xc6\xcbDV\x95S\
\xb0\xaa\xf1\xabqb1K#\xc8\xe8\xc3\xea\x0e\xba\xf7\
}\x1b\xb0\xb1\xc5\x1cr\x12\x11\x00 1(]\xd5\x94\
\x80\x15\xc3H@P8\xab\xad\x09l0?\x22\x0a\xe0\
p\xb2\xa9P\xcbcV\x12\x96$a\x08`\xe25\xa9\
\xc5#\xc4\x83<*Z\xa6?\x0aY6\x80W\xc8V\
[\x19?\x1fO.\xdfU\xeb\x88\x97\xdc\xe1#\x821\
\xd8\x8e\xd2k\x94\xc9t\xfd\x16\x86\xff\x00l\xa4;\xae\
\xa8_\xeeA\xa4\x88\xf2@\x0fX5>\xae\xd6\xbe\x99\
\xd9\xb2\xb6\xd0\xac\x03_\xf5\x1eb\xf8\x81\xcb\x7f5\xdd\
\x9c\xb0p\xebL\xd4\x05\x0f\xe36\x00\xd3\xe5\xce\x08j\
\xae\xac\x8eI[&\xcc\xdb\xdfs|\xd1p\x15\x8cV\
\xb3b\x83u\xb2n\x19i\x9a\x80\x9b\x0dsn\x8b\x1f\
\xb9\x88\xcbj\xa7\xc5\xd7_\xb22\x11*\xc5#\xc6\xdd\
\x97d\x90K;\xf6Z7\x0c\x22\x8a\x91G$\x9dg\
g\x91\xbeX\x15\xbbN\xca~\xa4.=*Ha\xc9\
\x85\x02\xec\xc8o*\xc6E`\xfe\x00\xf8\xe3\xf8\xcex\
\xc0=\x0b\xb5N\xc6\xdd\x5cxU\x09fV\xb1\xfe\xb1\
\xe5\x88^3\x18\xc2(\xc3p\xa0\xddk\xf9W\xd9q\
\xe1y\xfc\xe2\xf0Cs\xe9X\xbe\xe3\xbaK:G\xcd\
\xe2>\xd2\xc6Q[\x91\xc3\xa2Idi\x12N)\xfb\
\x8e\xbc\x8b\x88\xe2\xe3\x91\xd6\x824+\x1c\xa5\xe0i\xa7\
\x8eD\x91\x13\x9fY\xce\xb2\x88\x928\xd5\x02\x8dh\xc4\
\xe1\x866F+\x85\xe3\x10\x94V\x01\x88F\x12\x16$\
ap\xc1\x82-N)\x1f\xbc\x03\xcf\xa4\xa0\x96_O\
\xb4C\xd9x\xbe\xeb\x05\x05\xe3\x8aH\x8c\xad\xd8\x1f\x1a\
\x8d\xb00\xeb%L\x95\x8e8\xd7\xb0\x8c\xd2\x15\x98\xc8\
\xad\x0af?\xa9\x9a3\xf5\x07cX\xf0\xa0\x85m\xb9\
\xc0\xf3\x18\xd6\x0f\x18\xad\x96\xe0\xdb-\xb3\xf0p\x95\xb1\
\xa6s\xf9C\xb7<o\x01k\x9c\x15B\xfe\xe3\xeeV\
b\xc47\xea\xb8U&3b}\xca6dq\x99\x97\
\x01?\x15]\x9eI\xca\xb35\x83x\x03\xd8\x84\xa9\xb7\
?uR\xc6\xbc/F\x0b\x8c\x8a\x80\xe7\xdd\xcbX\x10\
G\x08#\xf1\xf8\xc8'\xdb\xe3\x8b\xf9\xf7s\xe9?g\
\xa9\xd8\xf9\x11\x9d\xb1\xb2\x80\x88I\xd5\x1a\x86\x0a\xfct\
2\x14d*\x01\xc4\x9du\xde\xc5C\xc8\xd0\xack\x0b\
{\x1a8\xdf\xb5\xee\x90\x87\xfa\xd7\xb1,\xe2!)\xc2\
\x8fj\x92\x87<>\xf5\x05\x8e\x09b\xa4\x05\xf2*\xbb\
2\x1b\xc8b\xf9V\xf0?D\xf6\x1c\xf1\xb0\xea\xa5\xda\
\xa6\xe5\x5c\x0f\xc8\x0a\x15\xc9\x0d\x92\xa7b08\x1c'\
\x5cb\xa4\x1e0\x0eT\x96\xa9\xd8v\xd7\x1e\x14\x04\xb3\
+X\xe7d~H^3kU\x1e\x1b\x85m 6\
\x03\x81\xeeJ\xf8\x01~5b\x187\x0e\x1e0I\x0b\
\xc6j\x100\x0f>\x97\xee}\x8f\xac\xc6o\xec\x8d\xee\
dF\x11\xaf?\x97\x5c\x90RA\x22\xee\x8e6\xb2G\
\xc6\x9b_h!Ec\x1czd\x91\xcc\x89'%\x03\
\xb7\xd3\x963\xaa\x11\xdaO\xb6\x9eHM_\x85.\xca\
\xd6\x03\x81\xec\xec\xa1@\xe0\xf8\xd0\x93V\x18\xd8\x80\x8c\
/\x1d\xa8UH\x07\x94\x22R\xd6\x1c\x04H\x19UB\
\x9f\xe7\x18\x0c\x03q\x94\xb8R\xa4\x01a\xb4\x0a\xf9\x0b\
\xae\xec\xc4\x11\xf4\xe8\xdb\xea\x90\x04\x0a\xbc5\x89\x22I\
c\x12Ha\x90\xf6\x84\xa1\x96\xb1\xb29\x91z\xd1\xd1\
\xc2\x08 ;\xd42\xbcm<Q\x98\x17\x11\xfdX\xd1\
\xfd\x8c\xcb\xae\xd3*\xb2\xe4\xbf\xea\xbe\xf8\xc8\x8c`\xb6\
\x15TH2\xc5\x5c\xc8\x0a\xfe\xaaSa\xa06\x00\x84\
m\xc0\xe0\x82Pi\xce\x09[\xae\xc1\xee\x01\xc3\xb1\x7f\
\xd4b\x8d\xa768\x086\x82X\x87\xb0\xd7\xfa\x8al\
4\xcd\xa3\xb09\x978\x84\x96\xea'\xd8\xed\xac\xa2\x13\
\x22}\xd5\xc4\xa0\xf6\x1f\xb0\xc2`\xc2\x18\x8a,r7\
Sa\x95\xfd\xd0\xa9\xee\x19\x03z\xc6\xef\xb1\x92.\xbe\
\xcf\xb7@\x9b<d\xb2\x96ea.B\xe6\xb1\xfcD\
\x9e8V\xa9\x91\x88k>\xea\xe0\xd1*\xb61\xb5\x98\
\xfb\xe2\xcc\xa7\x1cg1\xd0'\x91U3\x03opv\
\x92\xea\xfe\x07\x88\xe3\xca\x1bs\xe9\x18R]\xb2I*\
\xc5\xc39\x8f\xb6\xb1\xd4\x11\x1ck\x03\xc8\xfbVB\xad\
\xf7=w\x0dH\xb9#}\xbc1\xa2\xeb\x97\x8f\x0e\xe9\
\xd1\xf6\xaa\x1f\xab\xe6\xfb\x9e\xe4h\xaa\x91\x805\xa1>\
\x1b\x87\xe4\x8dO\x85\xe35\x0a\xa9\x16\xe0B%,H\
\xc2\x90\xea\xca\xa2\xbc#\x5c~\xec7>\x93\x81\xe6\xf4\
\xf0\xe8W\x1bPvjPZ8\x9a\x1d\xaf6\x0a\x81\
\xbf\xae\xcb\x0a\x04/\x88\xa3\x8d&@\xee\xf1J\xf3\xac\
\x91b\xbfR4m\xf5\x07gP\xc0U\xc2\xfb\xc6x\
\xc9\xedZ\x02\x16J\x0a\x97\x1e\xec>\xcc\xff\x00\xc5q\
\xe7_\x86?\xcf\x12\xe7\x99`\xab\xaf%HC'\xbb\
6\x16\xb1\xbej\xb8\x00\xeb\xcd\x8f\xea6g$\xb0\xae\
\xbc\xd7\x0b\xb7\xf3\xee\x0c\xcd\x90\xf9\xc05_\x88\x93\xc3\
\xeeP\x5c\xe3\x85\xd9X\x05\xfdj6xo!\xac\x08\
o\x1c>\x00\xc1\x07\x9e\x0f\xfe\xde+\x11&\x08\xe7\xd2\
\x7f\x1f\xa9\xdb\xf3\xc8\xdbtl\xa6\x89\xcc\xe9\x8dG\xb5\
\xf8\xe9\xb0\xa3\x86E\xe3\xfb\xa0\x1fpX\x07y#\x11\
\xaf\x5c\xbe\xb6H[\xb3\xeff\xd9\xf5\xa4\xb3\xca\x22\xde\
^\xa3\xda\xa7Q$\x9f(\x0c\x84\x82Y\x94\x80\xb9\xa8\
\x0b\xb3\xc1\xf7\x06f\x0c$8\x1f\xaa|d\x9e6\x18\
\x03!!\xac\xea\xe1G\xe0\x05V%\x0eNK\xa1\xd8\
q\xcbkA\xac\xe7\x8c\x03\x15,\xd8!\xd8\xcbS\xfa\
\xa8\x0a\x18\xa3Y\xb3\xb2?\x90\xe3\x85\x8caBy\x04\
)\x90\x1b`\x87.\xc5[\xc0\x1e\xc5b\x8dn\x1f\x91\
\x01s\x8e3\x14\xaa\x8f#\x18\x93!\xbd\xde\x8f\xdbn\
\xe7E\x19\xd9y\x9d=rQ\xc3r@\xb3$n\xf2\
,d\xceS\xb4#\xa8!#X\x1aG\x12\x89\x09\xff\
\x00u\xd5uvH\xc7\xd4\xb0\xfd\xaf\xa9\x9a\x95u+\
wV\xb6\x0a\xc9i\x0a\xe0\x0e/\xc6\x8cA\x0d\xc3\xf2\
F\x09!x\xcfR\xab\x80\xdc\xa6$-l\xf1\x0e\xc0\
\xc3\x01x~8\xc7\xe1\xb8\xcbz\x9b\x05\xe5\x81\x93\x15\
\x1c\x0b\xac1$7>\x9c\x1b}R\x00(\x9cfX\
R8\xdd\x12V11\xed\x09v.\x22u\x9bbC\
\x1a\xc6\xc1D\x10|\x81$\x12F{\x11\xc6c\xaa'\
\xd5\xb2'\xd8\xcc\x9a\xc1\x91V\xb6-\x82\x07\xc8\x84(\
\x0a[\x08\x8a\x1cX\xb21\x942\xfe\x14\xa9r\x11p\
@\xa4g`\xc8e.\x8b\xaf\xc2\x92\xa1\xd4:\xe5\x82\
\xb0v/\xfa\xaf\xb9\x0e\xa1\x82\xd8T]\xa3$\xab\x97\
\x05?U(d!\x07\xb8\x02\xa8\xdb\x7f\x1e\x98Z\x7f\
J\xeb\x1e\x9a\xbe$\xd2%O\xba\x0d\xb0/`\xf6\x1c\
\xce\x18C\x15Lr}\x9a\xc9\xb9\xc5a_\xbc\x12_\
\xb0\xb3\xb5\x17\xab\xb3EU;\x0e\xbel\xb6*\xdb\xb3\
Q\xfa|6\xe3\x04%v\x92\x1c\x17\xdb\x82\x0d\x12\xa1\
X\xc5\x9b\x1ft\x7f6x\xcc\xc8\x14G\xe5J\xa6\xec\
\xe7\xdc\x0b8}\x9e\x14\x1aFLg<\xfaR\x08\xdb\
\xd3\xb6\xcd.\xb63\xc8\x9d\xa5\x89G\xb2$HZG\
\x8e]\x8c\x1c\xf6:\xef\xb9\x82\x07\x7f\xb7\x865\x88\xab\
\x89\x22Y\xbb\x08\xcd(F\xfa\xaf\xb0{>\xb4\xe0\xa8\
P\xbf\x1a\x12\xa47\x1b\xe4@I\x0b\xc6z2\xae\x03\
p&%-n\x03\xb1Y|/?\x9a\x7f\x86\xe7\xd2\
pm\xf4\xfb\x06\x8dy\xb5~\xea\xa5\x171\xc4`\xd8\
\xeeQ\x80\xf9\xfa\xec\x14$||C\x1ci\x22,\x8c\
\xf0\xbc\x93\xac\x91\xb2\x81\xf5)W\xf5\xfe\xce\xb5\x0b\xc5\
\xcchn2<\xb2-\x07\x89\x19l\x03\xaeZ\x8d\xb3\
?\xf1Z\x9b\x08\xd7\x0d\x8a\xa7\xca3\xc2\xa5\x95u~\
\x0d6\x0b\x0fp\x0f\x93q\xed\x18\xc3k\xceO\xe86\
\x03\x93on\xb0k\x84\xdb\xff\x00\xb8\x17\xf7_5\x1f\
\xa1\xd5l\x9f*\x0c\x99\xc9fR\xa1?\x5c&\xcf\x04\
\xe4\x12\xc1\x83\xfe?U\xccg<l0\x05\x8dX9\
\xd9\x8f\xf1\xf4\x97\xc7\xea\xb6\x19c\x1b\x99\xe2`\xe4/\
\x0bi\x8djC\xf1\xd4KG\xba\xa7%\xc6\xbf\xf77\
\xe3\xed\x1a\xfe\xdbf\xa2!=\xac5\xb6}h\xfd\x86\
0\xfd\xce\xda\x8f\xd0\xea\xb6O\x95\x1bm\x92\x5c\x11\xaf\
5\x01.k\x92AfS\xb78\xc9\x11\x8dD\xf1\xaa\
jd&\xd6q'\x8c\xd4T\x13\xac\x92\xd9,\x87n\
y\x92\xa85\x93\x82\x14\xb0.H`\xeed!\xbfU\
\xaa\x86h\xc9-\x9bG\xf2\x13\xc6,\xa1Dd\xe0\x84\
2\x8c\x92\x1831!\xf3\x81\x85BcbI\xc3\xa0\
2\x12\x0b3)\x01?\x00-\xcf\x93o\xa1\xbb\x0d'\
\xa6\xf6:\xeeH\x16\xd5\x05\xa1|\xf2Z\xca\xb1\xbc\xb2\
Q\x8c\xf2/hD\xa3+\x1a$-#\xc7.\xc6\xbf\
\xdc\xf5\xdb{\xd4}g\x10\x82N\x9b\xc4\xd7Z\x06\x90\
\x12\xdeVB\xec\xc0\x80\x02\xfchJ\xb0n7\xc8\x8a\
Y\x82\xf1\x9c\xab\xa8\x03 (W$6Hm\x8a\xe0\
\xe1xN\xb8\xc6\x08n\x10\x1c\xa9-^\x09\x0bI\x5c\
q@\x8c1\xb0n}7\xf2\xfa\xa4 \x95N3\x88\
\x16(\xe9\x1c\xbc\xd5\xfe\xeff\xd1\x98\xdfx\x91\x11#\
\x8f\x9e:\xf0\x1f\xe7/$O\xb8\x8e&\xccq\xaf\xd5\
\xd3\x0f\xb2\x961\x1aeV\x96bA\xe0\xf9# U\
x~5P\xe0?\x0a\x13(l\x80\x15\x95\x99\x82\xa8\
\x07\x1a\xe37\xc3\x06]\x8a\xa5p\xa1\x98,\x81YA\
\xe0FWfb\x08_z0\x8c\x05\xe3a\x11D\x82\
\xc4\xa3\x17\x05<*\xb2\x99\x08U\xc1\x00\xa26\xcf\xc7\
\xd3\xc1\xfb^\x89\xd6\x1du\xf6\xc8\xd0\xa4\xa8;)i\
\x04S\x8e\xc3\xc9\xd8\xfeQVH\xa4^\xacl\xb2\xb8\
\x11B\xa3\xb6\xac\xcf\x22v\x1d\xa3n\xa0m^\xae\x91\
\xc7\xeb]\xc4\x8cqA\x08\xdb\xb3_&?\x84\x11\xc6\
\xa5\x93nl6m6\xfd\x17\x15m9\xb7\xfd1\xbf\
9b\xe0.\xac\xd7\x09\xbf\xfc\xdcX\x87\x12\xe6\xab\xe2\
?\x8f<\xf48\x22_H\xea\x1e\xc34o\xb6e\xed\
\x08\xd46\xa8\x968\x9aG\x86B\xee\x18\xcf\xd7o\xba\
r\x03\xbbA\x0ck\xd7bVH\xe3\x97\xb0\x86IJ\
I\xeb\x93\x9e\xcf\xaew\x0b\x0c\x04\xc2#\x146\xe1\xf9\
\x10\x175\xe39B\xaa\xbeyP%&\xdeT\xddX\
\x1c/?\x9c~\xd2\x1b\x9fJD%\xf4\xf5c*'\
7\x7f\xba\xa5\x07#A\x06\xc7\xbaI\xc1\xf3\xc0\x7f\x9c\
\x5cv\xd3\x1chV9\x0b\xc4d\x9d]dU\xe7\xd4\
\x8e$\xf5\xfe\xd5V\xbc\x02\x8a\xc4\xe0\x8c]\x05p\x01\
!YC\x0c\x92\x8f\xb79\xf0\xa41`\x83\x07\xf4O\
\x90g\x84\x17\x0b\xaf\xf5%v\x00\xc3\xc8W\x0cK\xfe\
\xab\xe5N\xbf\xc9\xf0\xa3`9`\xd9Z\x03_f\xdf\
\xc7\x90\x1f\xce\xdc\xd7\xfe\x1f\x1098\xa8\xdb\x9c\x9b\xd9\
u\xe6\xb8M\xbe\xdc\xd8X\xabl\xcdG\x84\xf8\xb3\xc6\
\xc1\x0b\xb0\x90\xd6a-q\xe3\xe9?g\xaa\xd9=\xc6\
9\x0c\xd10\x99\xb0-\xa6!\xad\xac\x1dVZ;=\
\x0c\xb8X\xc7\xdc\xab\x1eH\xb2\xb5>\xd8>\xa3\xa0\xf6\
\xbc\x83\xb3\xebE\xec\x07\x84\xf6\x84\xb8\x1eP\xea\x07-\
\x8a\x8d\x99\xb1\x12XS5\x14\xb9\xa6m\xe6\xa7m\xb1\
\xe9\x9d\x19;\xf3\x08z\xa5\xb3'\xd2\xd3\x0an\xec \
\x7f\xfc'\xdd\xddA(\xac\x7fKJK\xe9\xec#1\
\xfa[\xb3\xa5\x9ai\x82\x83\xf4\xaflF\xa6\x19C/\
\xaczCzq\x8c\xf6$\x05\xc1r\xe6\xd9\xaa\xe0+\
\x18\xb3o\xca|\xb9\x1ck\x00\xa2+T\x84\xdb\xe76\
R\xe4\xb0\x935\x1e\x10\x98\xad\x93\x82\x80\xcb\x90\xcc]\
X\x04\xcd}\x9b\x0dso\xa1e\xff\x00q\xdc\x8aB\
\xc1A\xa4\x19\xeb\x17\xe4\xb4\x90F\xd3\xbb+\xed\x98v\
u\x80\xda\xe2\x11\xc5\xb1\xe0vw\xb1\x9b\xae~\xe5\xdc\
\x0f\xadF\xbe\x97SNZ2\x14\xca2Hevf\
e\x7f\xd4a#b\x86\xc5\x88\x91\x03Hk\xc2\xec\x8e\
\xaa\xbf\xaa\xaa\x89\x09\x0d\x92\x18\xc8\x8c\x1c\xe3\x84\xeb\x8c\
S\xc8 3)f\xa9\xb9i\x0a\x91\x80\xa0 f\x0d\
n}7\xf2\xfa\xa47`\x81\xa5\xfbq\x14J\x11\xc6\
\xa1\xf7w\xdb\xee\x8eC\xd8YS\xd8\x9c\xc8\xeb\xf5\xfd\
\x8c\x92\xf2D\xfb\x84\x89\xd9\xe3\x8c}_6zr\xc4\
\x118\x8b@\xc7!\xb9\xe2H\x8f\xe18\xc7Z\xa8\xf0\
\xdcd\xcc\xa1\xac8\x8c\x1c\xb0\x0a\x17\x9f\xca3\x9c7\
\x19v\x22\x91\x85\xe38Y\x02\x95\x07\x81(\xec\xc5\x81\
\xe0\xf9#`\xb8^6#E\x0c\x03p\xa1w\x0c\x08\
\x1cVVr\xa8\xa0\x10\xba\xd1\x8b\xe1\x87\xd2a\xfb>\
\x99D\xa8G\x92(\xe6E\x9e0\xee \x92>\xc3\xcb\
9Z\xc7\x89\xa2\x92>\xbcB7` \x85\x17\xb0\x97\
i!\x9aW\x8d\xfa\xde\x13\xea\xa5\x88z\xdb\xb4\x0b\x80\
\x01H\xdbg\x91\x82\xf1\x8dC\x01\x8aYD\x83\xdc\x15\
\xf6\x12\xff\x00\xaa\x15!\xb5\x02\x18\xf8\x8cn\xb6Z\xf8\
]V\xa7\xc7\xbb\xfc\xd8_\x0f\xb75\x8cX\x01\x06I\
\x82(\xe3\xeau\x87kb\xcb\x9e\xc0\xec\x85@\xdab\
\xd4\x8d#u\x99\xdaL\xb3\xf5\xdb\xef\x1a@\x19\xde(\
c\x1dVzL\xb0\x19\xc1\x99\xd9\x1eY^~\xcc\xcf\
&p\x98Dc\x19\xb1>\xf4\x06RAfd*\x13\
\xca\x85Q)!\xb2\xd9.\xa4?\x81\xfc\xe3\xf6\x1c\xf3\
\xe9H\x92N\x80g\x95Q\xb77\xddk\xaf\x88\x91a\
\xd8\xeb\x22\xc9\xcc\xef\xeb\x9b\x14\x8f\x8e\xdac\x8d\x06\xb9\
8\xf1l\x9dXH\xaa~\xa4\x93g\xaf\xf6\xb0\xb5\xe2\
\x8a#\x1c\x86\xe1\xf7\xc6?\x0b\xc6p\x85A\x00\xf2\xa7\
fl8\xa45\x82\x80\xbc\xfd\x13\xdc\x03q\x94\xba\xa9\
_\xc1*$\x16_!J\x92[\xf5\x06\xcaB\x0c\x13\
\xedQ\xb0d\x90\xc7\x06?\xd7)\xb7\xf1\xee\x0a\xcbm\
\x9f\xaf\xe5> x\xd8\x0a\xbbs\x93{\x0af\xbe\xcd\
\x86\xa0\xe5m\x86\xdb\x9a\x8f\xe7\xf0\xe7\x8dR\x17e\xad\
\x97\x12\x7f\x9a\xfd'\x85\xf5[G\x96dv\x96&\x1d\
\x82\xd5\xb1\x8a!\xa1\x89\x0e\x16J4\x8eQ\xa6\x02$\
\xc4\xe9nI\x1c\x92\x18\xdb\xae\xa7]\xa0\xfb\xa2+\xf2\
}e\x14\xd1\xc9\x13vU\xf8\x05\xa3\xf8\x868\xd8\x00\
\x09A,U\xf6\x02\xa3\xda\xb4,h=\xd8!N\xd0\
q\xf4r;\xfa\x8bh\x0d\xc9uf?\xb9\x12\x19k\
\xd8\xfb\xac\xe0\xea\x8bW\xbf\xedC\xed\xa9\x10\x1f\xbc\x12\
a\x83\x98\x90u\x04\x9a\xfe\xb81\xe2\x00\xd6\xde/s\
|\xd5qV\xd5k\x1f\xd3\xe6\xceZ\xfe\xddY\xae\x13\
o\xf9\xb0\xb9\xb6\xdc\xd4~\x87M\xb2\xd8\xa0\xdb\x9b\x1b\
\x86\x14\xcdE\x03\x9a\xfe\xdfF1\x1e\xaa\xe2[\x85\x19\
\x1dq\xf6\xbb9-\x1bY\xec\x97\x12Z\x7f\xba\xae\x1f\
TB4\x127X\xc8\xd2\x1c\xbf\x5c\xfd\xe1\x93\x1fX\
\x82=&1\x05\xcc$!\x94[\xf6R\xccXI\x9a\
\x8c,d\xc2I-\xeeE\xda\xc4\x12\xce\xb2\x05\x5c\xd5\
B\x87b\xa4\x96\x04\xba6\xdc\x80IH\xc0\x88\xe42\
\xab:\x97$0vg`\xde\x14\x00\xaa\xc66\xb1\xfa\
g\x12z\xac[Z\x9ci\x9b\xae\x22\x8e,2j\x8c\
v\xcbl%\xe3\x95\xbb\x09*HB\xad\x87^\x0c\xc2\
\xe1\xf9\x22\xac\xeb\x14\x92\xca\xb1\x9f\xab\xe7f\xeaI\x0e\
\x00E\x01\x03\x10\xd9?\xd2?v\x17\x8c\xda\xd5B\xf9\
\xe3&e\xcd\xf0C\x5c\xb2\xe0\x0e~\x91\x9f\xc3q\x86\
\xc5S\x90\xbc/Y\x02\xe0\x1e\x04\xa33X7\x07\xcb\
\x1b\x0f\x09\xc6:\xd5F\x03p\xa5\xa4\x0d`8\xafy\
\x18\x05\x0aq\xad\x18\x9c7>\x93\xf9d\x96+F\x81\
\xa5H\xa6D\x925\x91\x96\x16\x8ay$\x99\xd1\x82\x1d\
\xf1I\x1ch\x913c\xad\x04k\x22\xa4\xad$2O\
$rBUW\xeb-rI\x1c\x90D\x13\x8a\x0ch\
\xc5\xfc\xae\x0c\x91\x8d~8\xcc\xaa\xca$\x5c\xb0W\x12\
\xb31\x15R\x19_R\xe1\x8f\xb5\x00\x98\x13\xc6W%\
L_\xaec\xdd\x8c{\x80e\x0d\xb4\x1a\xfa4\x07\xb5\
\xea\x10G\x02\xb6^\x8a\x91}\xe0\x93v;\x1fr\x0a\
\x83\xa6-@\xc9\xf6\xbb\x0c\xbe\xed\x07\xef6a\xae\x22\
\x8ct\xf6k\xf5\xc7\x86>\xafa\xe4.'K\x92\xd7\
\xcdS\x01X\xc5\x92N\x0a\x0d\xb9\x05\x9d\x95\x94&j\
\x15\x04\xa7\x07\xdc\xac\x5c0\x97 ~\x91\xfcd\x9e}\
(\x91?@4\x92\xebm\xb2}\xce\xbc{bT\x88\
H\xf1\xc9\xb1\xb3\xbe\x03\xb5\xc2\xf1\xdc\xc1\x1ch\x85Y\
^5\x92u;h\xdfR9\x93\xd7\xbby\x15\xe2\xfb\
\x11\x980<\xfe\x88\x0b\x10\xa5\x9e\x85W\xc1\xe0O\x97\
6\xe2\xb0{\x01\x85\xe7\xe9\x1f\x9c7\x18lPF\x07\
,\x03\x80@%V\xa5\x8b\x10x=\xeaB\x80\xa4\xfb\
\x14\x07\x01\x89\x0c\xd8)\xf8\xca\xed\xfcyUe\xb1\x7f\
\xd4{\x90\x88\xc6\x0b`*\xec\x19b\x1e\xc0\xc7\x9a\xfb\
6x\x1eFB\xb6\xcc\xd7\xfe\x1f\x10<8\xc2\xec\xcd\
\xbd\xfb?\xcd~\x93\xff\x00\xe6\xd9\x88e\xd0\xbbD\xc3\
\xb3z\xe4\xa4C\xed\xcba\xc2=ZR\xc1\xfb\x18\x88\
bd\x0ed\x8aI\x9a6\x80\x0d{\x22\xfb\xa2\x02\x0d\
\x9fW\xc1$\x13\xc4g^b\xf1\xfb\x068p\xa0\x09\
\x17&\xaf\xb02\xfe\x16\x85\x88A\x86\xc5\x10\xec\x1e>\
\x93\xcbz\xaa, \xf1\xccj\xd1\x8e\xc23I\xaeq\
\xda20\xf8\xe2(\xc2A\xd6F\x12\xd7T\x18\xed#\
bDyc\x8f\xed\x91\xb5\xfdl\xb1\x98\x93*L\xea\
\x1e\xc4\xc9\xfa\xae\x19\x08\x88\x1b7\xb5\x00\x94y!\x89\
\x1a\xb3_f\xdf\xc7\xb8Xgh4\x1ec:\xb3\xc6\
\xc0U\xd8\x0d\x8a\xbd\xc1A\xed\x14\xb9\xa06\xfa13\
\xeaR4\xd6\xae\x09\xeb\x8f\xb5\x12b]Y\x8f\xeev\
l\xc7c\xee|\x86\xd3\x16\xbcI\xf6\xa2M\xac\x08\xeb\
\xff\x00\xbc\x12s\xebI\x19}7\xae\x9d{\xe84\xda\
3\x9b-\xf2\xdbsQ\xfc\xce\x9be\xb0Uv\xda\xc4\
\xbd\xc0\x5c\xd5h\x1c\xeb\xcd\xbc\x94;\xb3\x82HE\xd3\
l\x10\x8c\xebrn\x19\xcb\x90\xf9\xa2\xe1U\x8cD\x96\
\xfac\x0d\xea\x91\xef,\x03K,:\xd3\xaf\x93\x16\xb8\
\x97\xb4j\xecdI\x1f\xb1\x1c\xab;\x90\x97\xd1\x00=\
f'\x92\x04\x94G'bJ?\xd63\xcazo\x11\
\xc8\x8d@@\xc5\x1b'7\x8f\xe45\xe31\x8c(O\
\x22\x80\xcd\x9byV2\x5c7\x80>8\xb2\xa47\x08\
\x12*\x96`\xbci\x08\x90.2\x14\x08\xdd\x88l\x9c\
\x99#6\xc2\xf1\x8e\xb5Q\xe1\x81KH\xadlq^\
\xee\xcb\x808>8\xc9\xc8nz\x03\x03\xea1Y\xd2\
53\x08fH\xcci!Ht\xcf$\x8f*?\x11\
\xb7\xc3\x22\x05\x8e\x1e1\x1dx#B#\x99\x9e\x16\x9e\
X\xe4I\x119\xf51N\xd7G\xb0\xb1\xc2\xab\xc4\xf6\
!-\x86\x18\xdb\x18\xae\x17\x8c\xca\xac\xa1\xd7$!\x13\
\x16$aq\x22\xb0\x8dB\xb1\xf6F6\x00\xdceg\
*\xd1\xfe\xb9M\xa7\x0b\xee\x08\xc8\x1bg\x95\xfaK\xa8\
\xfd\x9e\xc4\xb2B\x9e$\xa4k\x1a\xf6Q\x9a]s\xfd\
\xd0\x90\x0f\x86#\x112\x0e\xaa0\x96\x868\x08\xee\x07\
\xc3,\x8f\x14\x7ff\x1f_\xd62\xc4\x9dJ\x1boP\
\xf67\xcdW\x1a\xd8\xc3k>(\xbbmf.\x08\xa6\
k\x84\xdb\xe0\x9b\x02\xc46\xdc\xd4xO\x8b<\xfaQ\
aoO\x06Weq$\xbfs\xaf\xdd\xae0\x91\xec\
x\x5c\xbb[l\x07{\x91\xc7v\x85#X\x9b*\xf1\
\xa3\xce\x0bIW\xfa\x91\xdaO^\xed\xd8W\x8b\x84F\
*m\xc3\xf2 $\x85\xe5\xe8UG\x9e\x05\x1b\x7f\x7f\
#\xde\xad\x8f\x03:\xd3\xfc7\x18]U\xb2\xab\xc2\xe1\
d\xa9^\x05\xab\x92H<\x1e\xf5`\x02\xa9$\x22\x00\
@n2\x97\xa9L\x01d\x12\xe0\xaf\x90\xa5\x09-\xf8\
\xfd\xe34\x18\xe3a\x15C\x8c\x92\xacX\x14\xfce6\
\x9c\x0fpR\xa0\xec\x1e\xd0-\x1f\xc61\xc6\xaa\xd4H\
\x09`$\xd9\xe3\xf5\xfaO\xff\x00\x9a\x8dC\xde\x81\xc4\
M\xf7A\xe9\xe7P\xfbk\xe1\xe8jf.$\x9c\x88\
T,\xaa\x92\x19\x22i\x9e7\x88\xa2\xa8\x966\xed0\
X\xc0\x7f\xab\xa1=y\xa2\xd9C\xcf\xde?`\x03\x8c\
B\x05\x0e\xa1\x89F\xd9`F\x14\xab1\x08\xb5 k\
Cp\x08\xf4V\xaf\xa9u\x190\x03\xb4i\x22$\xf1\
\xdd\xc4R\xafi\xa5r+\x11I\x12E\xeb\xc7I+\
\xa3\xaf\x8e\xc2\x06\xe4\x91<\xf1\xc7\xf6\xeb\xf1}I\x1c\
3u\xa6\x8d\xa2\xb4\xe8\xa4\x12_\xf5\x1e\xf4a\x18\xa9\
>\xc4\x02A\x92\xca\xccA\x8f\xf5\xb2m\xfc{\x80e\
\xb6\xcf\xd4{\x93\x11\x0cq\xaa\xaa\xa2A\x96e}\x80\
\xaf\xea\x0a\x164\x18o\xa2z\xba\xba]\xae\xcfe\x0d\
J\x99`_\xb5CYLA\xa3\x1d\x85c%'\xfb\
\x92\xec>(\xa8\xcb \xea\xab\x09Yu\xf5\xf1\xdbV\
\xe7\xd6\xb2\xdeN\x9c]\x7f\xe4u\x89|\x83e\x0e-\
\xb75\x1ec:A\x05\xab\x85\xdd\x9b\x1d\x9b\x05sE\
\xa5\x8e\xbc\xdf\xcd\x1bnpmE\xd3l\x10\x9b\x05\xf3\
pd\xb9\xbeh1S\xab9\xfab\xa7\xd5\x13\xee/\
\xc2\xf3!\x8dz\xd7\xd4\x16\x05\xec\xb6\xb2\xc6Ui%\
\x8aA\xdb.#\x0cc\x80}\x99~H\x22}o\xda\
vY>\xb1\x96s\xd3t{\xac+\x80\x18\xc6Io\
\xda<\xcaO\x19\x99j#\xcdj\xbb\xb3or\xb1{\
\x07\xc8\x00\xd2<\xc6s\xc7\xc3\x852\x1a\x9b\xb8\x90(\
\x1e\xd0\xaa\xac\xc5\x1b';\x10\xec8\xe1mj\xa1}\
\xc0\xa8i\x01-\x82\x8e]\x99H\xc0\xfehJ\x90\xdc\
\xeb\xbe%\x86R@\xe2\xf6uM\x1cj\xa1\xd5\x22X\
f\x91\xf6\xac\x8c\x8c{\x10H\xad\xae.;}\xb4\x11\
\xa2\xeb\x97\x8f\x0e\xf9\xa3}\xab\x19\x91\x87q\xa6\x80D\
\x88+\xa7`8n\x7fH\xc1\xf0\xbc.\x15\x95J\x83\
\xc0\x85ef,\x0f\x15\xb6+\xa8\x018q\x14B\xc0\
7\x19\x0b\xd1\x94\x85\x17S6*2\x10\xc6\x18\xb6\x08\
\xfaO\xaad\xf4\x961\xd5y)H\x84i<{$\
\xd5/\xdd\xed\xca\xeb\x89\xa3}\x8b\xd7\x8a\x92\x04\xd3\x01\
\x1d\x95\xb0x\xdeh\xa3=U:\xfe\xb5\x99\x0f~\x08\
O\x99\x148f2~\xab\xfa6\xa1\x82\xfe\x11v\xe6\
\xc6\xf6\x1a\xff\x00AM\x86\xb9\xb0\xb5N\xdc\xd7\xfe\x1f\
\x16y\xf4\x9e\x93\xe9\xeb\xb8\xc8\x1e\xd3}\xc5p\xda\xa3\
\xa2\x87n\xbb;I\x92\xf0\xff\x00\xb9/\xc6w\x89#\
\x103Q\xd27\x9c]\xca\xbf\xd4\x8c\xd2z\xf7k`\
#\x89\x84V(s\xc3\xee@d$p\xbb!P\xbf\
\xa8U\x12\xe6\xd9+!b\xc38\x0c5\xa6C\x06\x18\
\xb5I`\xbc\xbdd\xae3\xc0\xb5bl\x0f\x01\xba\x91\
\xe1xN\xb5\x03\xc3\xf1\x96\xf59\x03\x97\xf91^*\
\xd2\xc5\x88#\xfa.\x16\xab\xc2Dj\xa1\xc0n:\xb3\
\xba\xb2c\x01\x97i\x0a\xbeUJ\x06/\xf8\xfd\xd3\xe3\
\x18\xe3\x10\x15C\x8fu_nG\xeb\xf4\x9e?\xd5\xb1\
\x10\x17\x8d\x1a8\x9b\xeeU\xa9\x82\xd1\x0f\xb6\x0d\x87\xd7\
\xed\xdfm\x9d\x96\xd0*\xca\x92\x19!3\xc9\x1b\xa3\xa2\
\x012\xbfe\x95cUo\xab\xa2\xfby\xe2\xcbD\xfc\
\xfe\x89\xe3\x0b\xc64UR\x03\x1a\x16\x900 p0\
f`\xaa\x14\x81\xae3l0\x1eh\xcb\x85\xe4\x1d\xa8\
dN\xbb\xbcbN\x08dN\xcbI#)\x11\x91,\
r$1\xacn@\xeb\xf5\xf12\xac\x9c\x92&\x9db\
hB\x88\xe5x>\xe8\x09\x22\x0e\xde\xb7\xe9\xf2zo\
\xa8\xc8\xb3\x01Q\x87F\x08\x02\x93\x84@\x1c\x06%\x19\
\x99Jb\xb6C/\x85\xf2\x15\x92\xc6O#\xfaG\xf1\
\x80\xbcb\x15TH,\xc5X\xc8\x18~\xbd8\x0fo\
\xb2\xb0u\xe3\xcc\x9d\x1e\xa8\xf4\xff\x00O\x10\xca\xa0\xc4\
\xc8f\x81~\xdd\x00Y\x1a$x\xd6x\xef \x8ea\
\xd9/&5\xc5I\x12E\xebGI\x1ch\xebc\xb2\
\x96\xe7\xd4r\xfd\xd7\xaa\xb1\x81k\x19)\xb3\x04yU\
e.d\xfdG\xbe?\x88c\x8d\x80\xaa%\x04\xb6\x1f\
fW\xf4J\x16:\xc7\xbb\x15\x8c\xee\x07\x0c\x0b\x22\xe9\
\x06\xadK\x8d\x83\xde\x04\x977\xcd\x06\x0a\xb6\x90s\xf4\
\xbdG\xa9.\xf0\xdc;\xed\x1f\xda\xdfJ\xe8\x1d\x96\xd2\
\x18\xc8\x04\x86)>\xf3f\xbf:G\xd9\xec\xc4\xa2\x22\
c=\xa2\xe2_\xac\x8fc\xed\x1bhu\x85q\x861\
Z\xdf\x98\xfekp\xdcWVi\x88\xf7~M\x94\xb3\
_nj<G\xf1[\x8c\x14\xd4\xcaHk8\x94\x00\
\x0dT ,c$\xb0\xf7Fv\x928IEQ\x17\
\x90U\x0c\xa0\x96\xc3\x06g,\x1f\xf0=\x91\xb1\x8c\xdb\
\x8cl\x8a\xccp}\x13\xd4%~\xb7L(\xca\xa4q\
\xc3#\xba\xcb\xb1\xd5\xcfb\x07\x12\xb2\xa0w\xfbxc\
XJ\xb8x\x96i\xd1\x9aa\x1b\x89\xdb\xb1,\x91\x85\
T\x1fP@:~\xa3)\x89\x96D?$k\x92\x17\
\x86B\x8e\xab\x80\xdc\x09YI\xb8<V\xda\xac\xbe\x17\
\x84\x88\xe3\x03\xda\xdct\xd8U\xac\x17\x9b\x01\x98\x8a\x8e\
E\x19\xcf\xe47:\x10\x7f\xfc.(\xa3\x11\xc5\xc9]\
a\xd6\x92\xc6\xb2\xb6\x97\xfb\xcd\xd7LD\xe9.\xc8\xe0\
\x88F\xe1>\xdf\xaf\xf3*\xb8\x96'\xecE\x19\xeb\xa8\
\x09\xeb\xfd\x81?\xaeN_\x0cQYY\x8b\xfe\x17\x0c\
\x8c\x22\x18-\x85@\x1cd\x90\xe5\xd4\xa7\xea\xb5\xd8h\
=\xc2\xca\xad\xb4{H\xca|9\xc7\xd2z\x7f\xd3\xd7\
u\xef\x89\xbe\xe3\xc8:\xa3\xa0\x12\x1e\xbd\xf6\x1f\xe3\xfe\
\xebg\x1c\xba$\x7fn_[,M\xd8\x17,\x1f\xea\
##z\xf7knG\x13\x01I\x8f$\x9c2\x03&\
x\xcc\xe8@O\xd4*\xec\xf0|\xa3\x17\x0e$\xfc\x06\
\xa2e<\xf1\xb0\xe01j\x93!Y1\xc0\xa1X\x9b\
g\x8a\xd7V\xce\x07\x09\xd6\x83\x04\x1e2\xde\xad`\xbc\
\xd86\xe0\x8f\x01u\xe5\xac\xac?u?\x85\xe36\xb5\
P@~2\xdd\x83\x82\x07.6\xe3\x00p.\xb5b\
\xd8#\xf7A_\x1c5\x18\x12(b\x15\xb6\xd8~>\
\x92!\xbdW\x11`<ha\x89\xb7\xaf\xb6\xa6H\x87\
\xdb\xa9\xc3\xd3\xd8'V2v\x1fF\x17\x11\xc9\xc9!\
\xdd28\x91\x13\x82q/e\x91QT\xfd[\x18\x86\
x\xb1$Rs\xf7O\xf0\xbc-J\xa9\x0a\xdc\xa7\xc9\
k\x0e+\x5c\xb0\x00/?\x9a\x1f*\xdc#b)\xf6\
\xaf>\x94\xef\xabt#\x8eH\x91\xd9ah\xbb\x0f#\
\xc8\x8d\xc8\xd8M\x14\x89\x1a$L\xd8\xeb\xf5\xc0q\x1c\
\xbc\x9638\x89\xe31\xa2\xeeA\xdb\xa9\x8dI\xf5\x7f\
E3\xc11\x96H\xf3,N\x85\xa2u\x08\xc7\xe3@\
\x18\x06\xe1B\xcc\x19H\x1c\x0e\x0c\x98\x0a\x01U\xa0b\
\xd8#\xfaG\xed\xc2\xf1\x88@\xa1\x941\xd6\xcd()\
\xe4\xfd)\xe9c\xab\x1b\xbb\xa8\x1d\xb5]\x109\x96\x8e\
\xae\x9b\xe0C\x10DI\x1e8\xe4D\x9a0\xec!\x91\
;M,\x8c\xa5c\x22X\xe4H#\x11\xbf\xa8L\xbe\
\x9f\xe9\xcc\xdd\x84Ix\xe1\xa6k\x8e\x16M\xd8\xaf\x94\
R\x972y\x1f\xd2?\x8c\x01\xc6\xc2\x05\x12\x0c\x9a\xbe\
\xcb\x0f\xd5J\x96a\x1a\xe1\x80\xa4g`\xc8 \xba.\
\xaf\x00\x95\x0e\xa1\xc6X#\x06f\x93\xf4Qd:\x81\
\x07\xe9j\xaf\xa9\x0d\xe8[\x94\x99\xa4\x8d\xba\xc1\xb5)\
\x83{\x08\x14\xecTt\x86O\xbb\x0f\xaf\x0c\xf0\xa8\xe9\
\xab\xd6M!\x93\xee\xaf\xb7\xeb%\xec}\xa9i\x83\x08\
\x97\x15m@\xdb\xf1\x1f\xcd\x9e\x1b\xfbuf\xbf\x1e\xef\
\xfd\xebl6\xec\xd7\xfe\x9f\xc1\x9e5H]\xb9\x0d\xf2\
m\xc0\xcdT(,c\xc9o\xcc\x7f6x\xd6P\xba\
\xb3R\x10\xca,M\x94\xb9,\x1f5\x04,d\xc5\x93\
\xc6\xf7\xaa\xb4\xa7\x07\xe8\xee\xec\xe9\x19\xeb\xc7b\xb1\xa4\
P\xbc\x8d\x0c\x86I\x034\xf0?\xdc9Uy\x0f^\
\x18\xd7\xac\xd9W\x8a9{\x08d\x94\xa4\x8b<\x9d\x89\
d\x8d\xbd\xa9\xf5\x1f\xa7\xa4\xbe\x98\xd3u\x9fl\xad\xef\
U.\xd5\xe1\x90\xa4\x8a\xa0d\x05\x0b!`\xd9em\
\xa8\xe1\xb0\xbcc\xae0\x17\x0d\xc6]\x8c\xad`\xbc\xd9\
\x99\x8a\xd4\x0e}'\xd0\x0d+\xf7$\x0a\xf1\xff\x00\xe6\
:\xc3\xf9B%\x90A\xae6\x8d%:O\xdem\xda\
\x9c\x89\xc4\xc2H\xe3\x8d\x22`\x07_\xaeo\xaeQ\xea\
M\xfe\xc7\xee\x16\x89\x1bH\x0c\xe4\xb0\xc9T*\xcc\xcd\
\x8c\x0f\x926\x08*[\x0a\x8a\x1cd\xb21u)\xfa\
\x82\xa6CQ\xe4\x02\xaa\xdb|\xa9\xf7'\xc6<}(\
a\x1d\x05\x13#\x97\xa4\xdfqb>(\xe8C\xfd\xb0\
}\xb8\xac\x1f\xee\x83\xf1\x83\xd1>\xd4I\xad\x84&q\
\xb2\xc1\xfe\xa4\xd8}{\xb7\xb7<_\x0aL9\xb1\xc5\
\x06\xdc\xe5\x8b)]y\xae\x10I\xe0\x9b\x02\xc46\xcc\
\xe35\x8f\xe2$\xf1\xf0\xe1Y\xda\xa6\xec\xb2W\x1e\x00\
\x0a\xccU\xb2A.\x86\xfe\x01mh)\xe4:\x87*\
K\x057;k\x8e*\xd2\xc40ngb\x1b\x1a\x82\
\xda\xd1G\x86\xe3%\xd9H pH\x0c\xb8\xa8\xca\x8a\
+\x13\x82\x0f\xc8\x9e0\xbcb\x14(`\x18\xd1\xb6\xd8\
\x11\x8f\xa4\xcd\xfdW\x11a^40B\xdb@d+\
\xba!\xa5@\x0eQ*\xb3\xa5\x9f\xb1!\xeb\x80\xaaU\
\xf9$Bi\xd5\x8c\xa26Y\xcc\xd3\xbcuU\xe7\xd5\
\xaa\xb1vb\xd7,r\xf3\xfa'\xb8\x85\xe350\xb8\
\x0d\xca\xfc\xb9\xb0\xe2\xb5\xcb\x0c\x05\xe0\xf8\xd0\x90Cq\
\xbeES\x90\xbc\xfaS\xbe:^\xac\xb1\xba\xab\xa4p\
\xe9\x9eGiQ\xf9\x1b}\xc42 X\xe2\xe3\x1f\xb7\
\x81A\xd7/%\x8b~\xa7\x0f\x1ccx\xfb\xca\xeb\x5c\
\xc7\x16\x8d\x8e\xef\x1c\x83\xd4}.\x0fV\xea\xb7\xb2\x18\
%\xf5?G\xedzqP\xca\x93F\xcbg\x07!x\
\xafg \x008\x06\xb5bHn\x7fH\xfcay\xd4\
\xe9v;ER\x18\xad\xcfD\xfau:3\xa4\xcf$\
o<N&\xda\xb1\xc6\x91\x95\x1fo\xd7b\xda\xe5\x0e\
\xbb\xe1\x8d\x97\x5cj\xf2\xacs\x22I\x1a\xc8V\x16\x8f\
\xb2\xf2<\x88\xdcB&\x86T\x8d\x12&\xfa\xc3\xb5\xf6\
\xfd\x08\xfa\x96I\x18\xa9z\x15 \x0b\xae\xdcW\xca\xa9\
K3\xe0\x8f\xe9\x1f\xb4\x05\xe3\xe1\x02\xab\xad\x8d\x18\xc9\
l\x8c)W,\x11j\xd8\xd6\x9e\xf0\x18\x152*\x94\
\xc0\x05\x90H\x01\x5c\xb0FVf\x7f\xc0\xf7\xa1\x11\x80\
\xa7\xe9\x5c'\xa8\xfc\xc9~\x18\xa5\x92T\x92\x0f\xe6\x8f\
\x11\x9d\x87]*\xeb\x19\x86\x19>\xe5}\x85\x0c\xd0\xaf\
\xdb\xa3\x04\x90\xc4\x8e\x83\xb2\x85\xa4\xfa\xca)\xc7[d\
\xe3\xd80U\x84`\x86\x22\xb1\x8d\xa0\x92C\x9ak\xcd\
r\x9b\xbc\x0fr\x86\x0a\xdbsA\xe6?\x84\x1e=}\
\xbbA\xb7\xc9\xb7\xfc\xd1+\xee\xd5\x9b\x7f\xd3\xf9\xed\xc6\
\xb0\x0b\xa75\x223/\x9c\xd8\x17%\xb6f\xa3\xdb\x19\
0\xe7\x8d\x82\xaae$7\xd3\xbd\xd9z~\xaf\x16\xb3\
\x88\xe0\x10\xc6\xf2}\xb3;\xc9\x96\x92\x06\xfb\xb6z\xbb\
\xbcQ \xea3Q\xe3\x86N\xca\xeevY\x12i\xa7\
\x92D\x9b+\x18\x22\x18$\x93\xa8\xec\xcf\xeb\xde\x8c\xfa\
\xfe\xf2/\x1c22\xb8P<(UrU\xb2\xc1\xcc\
\x88\xc2C\x80[\x5c`'\x90\xea\x1d\x94\x96\xc1\xf4\x7f\
N\x9b\xd4\xbb\x8b\x18\x15\x8b\xa5\xd6\x87\xd3\xfa\xaf\xa1\xd2\
E\xcf\xdcu\xc1vH\xb9,\xbfo\xae:\xc7/4\
\xff\x00\xbc\xd9\xb8f)7\x89c\x09\x1c\x5c\xf1\xd6\xeb\
\xfec\x9b\x9fXvA\xe8\xc0\xabU7\xc4\xd8*8\
\xa9Ffb\x0f\x07\xc9\x19\x0a\x02\xf0\x90\x88\xa1\x80b\
\xca\xcc\xea\xca@\x01\x94\xc8B\xae\x08S\x1a5\xfc\x83\
\xee\x8f\xd80>\x94h\x97\xa0\xab4Wq\x1c\xbfs\
\xb0\xe2\x91\x94a \xeb\xa1Y+\xae\x0cvT\x9e2\
\xb3\xa4g\xae\x1b[i\xde\x04\xa0\xdf\xea0\xff\x00\xeb\
\xdd\xbd\xdcS\x94m@\xe4\xfe\x83nl\xd7\xca\xeb\xcd\
}\x9b<g\x22\xc6\xc2L\xe0\x1c'\xc5n>\x18)\
\x90\x90\xc5\x9d\x5c(\xcdT*\xb3T\x92\xc3,\x8c$\
&\xa4\xd2?\x8b\xcf\x18+\xd4\xbb`\xdd\xb6\xd7\x1e\x15\
BX\xabX\xe7b\x1b\x9cp\x9dj\xa0a\xb8R\xee\
\xa6\xe0q^\xd2W\x18\xe2\x8d`\x9c\x86\xe7\xf5\x8f\xc6\
\x17\x84\xd1UN\x1b\x95\xf9\xb2\x18s\xe93\x7fV\x0a\
\x9e\xd6\x894D\xe5\xe8\xeb\x8d\xd0\x8daP9T\xaa\
\xcd\x18w\x9eF\xeb\xd5#l\xab\xc4\x92\xf6\x15\x9eZ\
:\xf6\x1ey\xa4\x8d\xfd\xab\xf5X\x8e>\xd4ze\x12\
\xf3\xf7L\xb9\xc7\x19\x8aaW\xc8\xa8\xd9\x9byV/\
\x90|p|i\x95kp\xfb\xd5K0^mh\xe6\
Z\xfe}\x03\xb2\x9d\x9e\xa8\xed\x09CI\x1b\xfd\xcf^\
Dmq\x87a\xd6\x81B\x94\x97\x92F'h\xa42\
\xa4|\x1d\x8c\xf75\xd0r$\x1dq$\x9b\x12^g\
\xeez\xc7:\xe2\xe4\xa4A\x14q\xe29y\xdb\xf4N\
\xa7w\xb2\xae\xcb\x0cg\xff\x00\x0eu;\x1d\xa2\x91\x19\
\x22\x03\xe9N\xbcp\xbc\x8d\xda2\xf3\xab\xf4\xf7CB\
\xbe\x06M:\xab\x14+\x14L5\x7f\xbc\xbe\xe1\x98\xa4\
\xde%@\xa9\x1f\x07\xfb~\xbb6c\x94H\xbb\xe2\x89\
\xed\x1cA\xe6\x11N\x88cG\xe2C\xa6y$iU\
\xf9$\xea\xddI\xed\xaa\x05\xefvL\xfd\x87\x99\xb0\xdc\
e\xb9V\xb0\x1c\x0f\x99qQ\xc5\x1a\xc35\x95\xb9\xfd\
\x22\xff\x00\x0b\xc6a\x1d\x14\x80\xdc\xa1\xdbk\x0e+^\
\xc1T)\x1f\x1c~\xec7\x18\x19\x15J\xe1E\xd4I\
\x8a\x82U\x0a1f \x81\xf2!\xa8\x0b\xcf\xa4\xc8\x8f\
\xd4\x0e\xc4Y8a\x92Y\xd2H\x8a\x84I#\x92g\
\x10D\x11\x954B\xe6p\x19\x19L\xf0\xa6\x95\x0a\x92\
<Q\xc8\x8b<w\x7f\xac\xa1\x99:\xfbf\xc1\xe2\xfb\
\x95\x82\x0c\x13\x84\x8cm\x19%]\x8a\xb4\x7f\xa8d\xda\
B\xaf\xb8+*\xb1\x97\xf5\xc5\xa2\xf8\x868\xd5\x15\x12\
\x8fud\xdb\x93\xfa\xa5M\xb5\x03|b?\x98\x1e5\
\xb0\x9a\xb3S\xafo\x90l/\x96\xdb\x9a\x0f\xe6u\x06\
\xe3\xd7\x09\xb76;\x04\x82\xa0\xd7\xe9\xfe\xdc]\x8e\x98\
\x92\x00\xe7\xb5\x8607\xdel\xab\x17X\xa3\x1d=\x9a\
\xdd`n\xca\xee,%W\x9eWu\xec\xdcD\x84$\
N\xddC!y\x94K\x0co\xdcwW\xf5_E\x8b\
\xb1\xd9\x02\x18\xcas\xb1\xf4\xdc\xf1O\x22\xf5eI\xcf\
\xfaG}\x91\xaf\xd7|E\xe8]\xedh@\x0a\x9d\x1f\
\xa6:\xc1\xe1n\xefd\xec\x81\xce\xd3\xd7T\x11\xc3\x1d\
!\x8aI!\x93c\x13\xf7\x1dp\xd3\xb8\x8f\x92Lz\
\xfa\xe3J\xba\xeaQ\xdc-\xbb\xdf\x14\x87\xb0\xb2\xc6B\
 f\x1dn\xb1(\xc9/={\xb7\xfe\xa5\xdf2\x12\
\xaa\x86J\xca\x05A\xe2\xad\x19\x9a\xc0\xf0|\x91\x91\xe1\
x\xc7Z\x00p\xdcd,\xe1\x81\x03\x81\xd4\xc8@P\
\x08]j\xc5\xf0A\xf7\xa7\xb7\x00}&\xf1/\xa7\xa8\
\x92 \xe4D\xe3\xb1\xb0\x95\xaa\x15\x91dX#\xa4\x89\
\x18\xeb\xf5\xeb*\xd824\x89\x19\x81}\x8ca\xde\x04\
\x8b\x96\xfa\x8d\x5cz\xf7ow\x14\x02\xad\xac`\x91\x84\
\x02@I6\xca\x98\xf3QM\x86\xa3\xdc-\x86\xd9\x9a\
\x8f\xe7\xf1g\x8d\x82\x17flK\x89\x05sP\x11X\
\xd0\xe5\x97%\x1bnpIT\x1a\x89\xe3\x85b\x0b\xb6\
\x1a\xee%\x0b\xff\x00\x15\x0a\x96(\xd98/\x1f\xbc\xe3\
\x8ch\xaa\x17\xcf\x0a\x86pm\x82\x1c\xb4\x85q\xe1E\
\x15\x88`\xdc\xfe\x89\xe7\x0b\xc2u\x85_\x0d\xca\x9d\xb6\
\x0c9\xf4\x99\xd9\xea\xd5_i\x89t\xc2\xecJH\xa4\
n\x88\x15\xa4a\xd8GD\x91\x15\xdb\xb1#\xc1U\x81\
\x9a\xaf\x1cRvA\x92B\xb2\x09\xa5\x9eI#\x9b*\
\x9fUkN\xe2h\x90\xc9\xcf\x0e\xa0\xc8q\xc6vZ\
\x84\xfcUv~\xc7!\xcb\xd89\xf1\xfaG\xec9\xe3\
a\xc2\x97l\x12\xec$\x0a\x07\x8f\xa7}Dzg\xa8\
X\xb5\xe2\x86o\xbb\xea\xb8\x95\xc2\xab?\xdb@\x9a\xd8\
8\x925\x99\xe3w\x94F\xc3\xb0\xcd\xdc1W\x02%\
^\xbaI\x22J\xb2\x9b}\xcf[\xe4q\x18\x92O\xb7\
\x8e$B\xae\x1e%\x97\xb2\xac\xd2\xd1\xa3\x9c\xcf3\xa1\
UP\x98\x82\x09$GY8q<\x0a\xd2:\xc7\xc9\
f0\x18\xe3\x01\x1cjQ\xdc\xb6\xdftR\x9e\xc2J\
\x86\x88\x01\x1d~\xb9du\x93\x92\x01<qH\xf2$\
|i\xcc=\x95\x8e\x8a\xdcX\xc4\x12\xc8\xfbD\x87\xea\
oXn\xd27J3\x1a\xc7\x9dh1\x86\xe3(v\
V\xb5x$\xcc\xa5q\xc5\x1a\xd5\x8d\x83s\xfaE\xe4\
\x85\xe36\xba\xae\x03r\x9f-\xac8\xad\xb2\xcb\x80\xbc\
\xfeI\xff\x00\x17\xe3.\xc0\xac\x0a\xaf.\x04\xb8\xa8\xe2\
\xa5\x0b\xb6C\x01\xf2F\x7fU\xe7\xd2dE\xdfl\xaa\
I\xc3\x0bK\xd8I\x15\xd5BJ\xb3I\x22\xc3\x1a\xa1\
U\x1dx\x1c\xc9I\x15\xd4\xcf\x0ce\x02F\x8f$q\
L\x89,bF\xfa\xca\x07\x8a\x1b\xca\xca\xc5}\xe8\xc1\
\x00R~8\x948\x0d\xc2\x8c\xec\xac\x84\x01\x94\xda@\
\x18eR\x8a\xdb\x07\x8c^?\x8cc\x8cUJ\x89\x16\
\xcdF\xdbo\xf8\xadX0\x8dp\xc4R/\x94g\x85\
Y\x82\x98\xbc.So\xeb\xee\x0a\xeaX\xc9\xfa\x8ft\
gP \xb5@]\xa0\xdb\x12m\xc8\xfd~\x9b\xf5\x01\
\xd2\xee\xb2\xaf\xea\x81\x97\xae~\xf4>\x18;G\x1f\xda\
\x095\xb0\x83\xeeF\xe0\xdb\x13{<\x9fuq\x12c\
K\xfd\xa0\x96\xf2WTm\xdc\xd9\xb1\x9b\xb0\xb3 \xeb\
\xdfR$\x11\xcc\xe6\x0b\xb4\xa2\xf2@\xe3\xb6\xd2S&\
(\x10t\xcb\xd5\xd2)%C\xd8vY\x04\xb3K\xd8\
x\xe4\xb0\x8a2\xb1G$\x9dwgv;\xa0V\xed\
;)\x92g\x83ZBr\x9a\xa3\x1d\xb2v\x93$r\
\xb4\xeb\x22H\xc1W\xeaOQ^\x87\xa7\x18z\xb2\x89\
%*\x1c)f\xc76\x11-q\xe0-\x0b2\x90\xc7\
;\x10\xe7\x0b\xc6:\xd1@\xc3p\xa1g\x040\x1c\x0d\
i\x08\x0a\x07\x14\x18\xd4\x93\x86\x04lO\x18^})\
*\xa7\xa7\xaa\xbc(\xfc\x11\xb0\xec\x19\x0b\xae#e\x95\
dH\xa3X\xdf\x02\x18>UW\xe3\xc6fH\xcc@\
\x04g\x88N\x04\x89\x96\xfa\x8c:z\xf7ko\x17\xdc\
\xa4F0O\xb5\x148\xc9`\xd9S\x1f\xe3\xd9\xb3\xc0\
\xf2\xaa\xca\x1b`5\xfc\xc7\xf1\x03\xc6\xae\x17`k{\
\xc3\x8a\x83Q@\xe7^n2c;\xad\x8f\xc2\x0d6\
\xc3*\x92\x0c\x84\x86\xcb\xec\xc6\x0dT\x04\xc9\x8c\x92\xdf\
\xbcgi#\x8cJ\x22\xeb<eVqf\xc3\x09\x19\
\xa4\xa9\xfc(\x08\xa5\x95\xad\xcc\xec\x8f\xdck\xc6ma\
T`\xf2\xbf.m\xe7\xe9\x22d\xf5`\x9f\xaf\x22]\
1;\x06IG\xf6\x84\x1c\xa4|w\x11Q\x19\x12N\
L\xd2EQ\xd6/G\x8e\x17\xed\x0d\xac\xc2A$\xd3\
4\x89\xd8\xb8\x8b\xea\xadk\xddO\xb7wn\x1f*\x0c\
\x84\xe4\xb3\xa9P\x99\xa8U\xd9\xe0\x9c\xab3\x06\x0eN\
3D\xccLx\xd5`\xad#`\xdd\xc4\x81G\xea\xa1\
C\x1a\x1c\x9f\xa7=k0\xfd\x87\xa8\xca\xcb\x19\x90\xf5\
\xe0A\xd7rVD\x8eY\x11\xe5\x96\x92,\xf2\xbfi\
\xa2`BD\x12\x08\xe5\x92\x1961o\xb8\xebg\xb0\
\xf4\xe4\x937]\x22H[*\xd1F\xfd\xb0ZZ\xbc\
s\xc9<\x92G'\xb5S\x10A$\x90I\xb0\xb9\x1d\
\x88\x11\xe7\x92\x86I\xdf\xae\xd1\xc7\x1e\x0a\x88\xa3^\xe1\
\x22R^)[\xb1\x1c\xab+\x05[}\xbf\x5c\xb4/\
~H\x16h\xe2\x92i5\xb3v\x1e\x1e\xd2\xc6\xa3+\
\xf5\x0f\xaa'\xa7\xc8\xf0\xf4\xbb\x1b; \x99\x11\xaeq\
\xc2u\xa0\xa7\x9e\x15\x0e\xc1\x99\xaaD\x8ce+\x8f\x0a\
\x02\x06e6?\xbcb\xc6\xbcf\xa0U\x18<\xa0\xdd\
\x9b\xfb\x95\x8c\x81\x94\xe0s\xf9\xc7\xe0\x86\xe3\xa8p\xac\
X//\x89+\x8e*\xd0\xb3\x06\x0d\xc1\xf2F\x7fU\
\xe7\xd2m\xa7\xbc\xfe\x11\xf8a\xd9\xd9Y\x04\xaa\xbc\x8e\
Q<\x92\x22F\x91\xf0\x01\xd7\x81\xd8\x98\xe5\x0e\xbb\xe2\
\x8d\x81\x8e%yV\x19\xd1\x1a5s\xf5\x94&\x18\x94\
\xbc\x91\xbb\x03t`\x00^\x13\xae0\x0e\x1f\x8c\x85\xca\
\x90@\xe0pe\x22\x83*\xb4V/\x86\x07\xe4\x8f\xdb\
\x85\xe30R\xa1\xd6\xc6\x87u\xb20\xa48`\x8a\x14\
\xff\x008\xfe@\x0f\x08/S\x1f\x81d\xdb\x82\x05\x95\
Ynd\xfd\x7fx\xbe1\x8e1\x0a\x13j\xe5\xaa\xfb\
r?U*Kk\x18o\xa6\xfdQe\xea\x1e\xbfw\
-!\x0f<Q\x9e\xaa\xb6\xa60\x0e\xc8\x12\xa9.\xa9\
0i\x1b\xb4\x18D\x98h_\xed\x11\xc3\xc8\x15b\x8f\
\xef\x04\x86R;\x1b\x90\xf5\xc3i\x8fB\xcc\xff\x00n\
\x1c\xca/\xa1\xfe\xefn\xb3a\x0a}\x9e\xca\xb8\x85\xa5\
O\xb9.%\x0d\xd8~\xc3\xac\xd7\x11FU\x22\x91\xfa\
\xa6C#{\xe0V\xee3\x82\xf2\xcb\x0e\xb4\xeb\x16\xd7\
\xae\x11\xdb8v2v\xbb\xfa\xba\xb3\xb7q\xc8\x8b\xb9\
\xd9~\xc4\xaf99,\x03\x84.\xd5k\xb0\x9a\xb8\xf6\
\xa8\x08Y\x95\xacA\xd8\x86\xe7\x1c-DP\xb8n\x15\
\x0c\xe0\x93\x82\xafg#\x18\xe0\x1a\xd5\x88`\xdc\xfe\x88\
\x0eB\xf3\xe9i\x84^\x9e\x8ab\x8d\xf9\xac\x8e\xc9\x90\
\xca\xbc\x8d\xc4\xab\x22\x22$g\xf8\xc1\xee\xa4\xbct\xdc\
\x91\xb2QU\xa4\x8d{\x00:\x02~\xa4VO^\xed\
l \xf1Hd!\x00R}\x88\xa1\xc5\xb8T\xb1V\
L\x01\x95\xd9\x8cy\x0aV\xdb?\x5cZ?\x8b\x87\x00\
\x0d\xbf\xb6\x1f`\xaf\xe8\xb4\xb1\xd7\x9b{\x82\x9d\xd9\xaf\
\x9a\x0d9\xc3\xd7#fm\xef\xbf\xfe\xc4\xa8\xce\xbc\xd9\
\xb3O\x97<\xc9T]y\xc3\xaa\x99\x01bC]\xcc\
\x98l\xd5p\xa1\x99M\x8f\xf4\x8f\xdeq\xc6c\x1a\xa8\
_\x22\xa0\xcb\x9by\xfaL\x99}X!\xf6\xf2\x10!\
\x89\xdd\x1de\xe6w\xc2\x0b2\xc7\xc7\x93M\x10\xaa?\
&\xda\xb4\xfb]\x9a\xd9`=\xaf\x92\xdb\x01\x99\xcc\xbf\
u\xb0C\xf5U>\xf9~\xdbg\x0e*6\xdb&\xf9\
]y\xa8\x09\xb7\xdb\xf9\x16!\xb6\xda\xa3\xc4y\x8b<\
j\xb0S!!\xac\xe2@\x06h\xa1\x03\x9dd\x96\x04\
\x94;s\xcfC\xfa\x8aN\xacK\xd7\x95\xd8DL\x13\
\xc9\x1b\xcb6\x1df\x9eN\xcbG a\x14T\x8a9\
$\xeb;<\x8cw\xf5\xc1\xed\xbb)\x92I X\xd3\
\xae\xcd\xac\xc5\x0bw=\xce\xc2H\xe6\x96v\x91g$\
F\x98\x86\x07~\xb334\x98\x9a\x08\xdf\xb2\xec\xac\xf3\
K\x03\xc6\x90\x92cX\xa2^\xd9\xab\xb3:H\xf3\xc5\
*\xf6\x18\xd2\xda:\xf9\xeb;\x1eNct\x8aN\xcc\
\xa5\x1f\xd7>\xa5\x96\x09\x9b\xad\xe9\xb2g\x83\x16f\x0c\
Y\xc1/\x19\xd8H\x04\x94A\xa8\x92\x19U\x98\x17b\
\x18;\xb4\x85O\x85\x5c\x22\xb1\x8c\xd8\x93\xb21\xb0\xd7\
\x8c\xcd\x1dU?\x15Q)6\xf7+\x19\x03\x07\xf03\
\xae?i\xb7\x08\x12P\xbbc\x86C\xb6\xa0{UD\
vek\x10vG\xef!y\xf4\x94\x86\x1e\xeb\xd6\xad\
\xc3\x08\x93\xb2\xaee\x0a\xd1\xca{\x0f\x22U\x10\x0cu\
\xe0vVIx\xeb\xbe(\xdd\x9a8\xc3M\xab\xb0\xb1\
\xebW\xe7\xd60\xe8\x893*H\xcav#\x0f\x09\xcc\
\xea\x8d\x7f\x0d\xc6[\xba\xb5\xb1\xc1%\xa4\x22\xa0p\x0d\
j\xc7!\xb8~X\xc60\xbcf\x09Ue\x0cB|\
\xa5\xac8\x1a\xe1\xd5@S\xfc\xe3\xf7\xe1\xb8\xc0\xc9R\
\x98Qt\xdb\xe5}\xc02X\xc9\xe5\x7fx\xfe1^\
9\x0a\x14H,p\xe6K\x0f\xd5J\x92\xc2!\x86\x85\
\xdf\xaf\x87\xff\x00\x97\xa4\xfa\x8f\xfa\xac1G\x08\x08\xe6\
HGd\x09\x13.\x91J\x8d#\xf6\x87\xc6\xa3l,\
\xbdX\xca\xbc\x81b\x8e1\xdaVi\x19'3\xa3\xc0\
\x0e\xa8\xcc;\x5cu\x95\xb6\x04d\x85\xbe\xec=\x08g\
\x85>\xccII\x04;S\xeem\xb4\x0e\xc1\xec>\xe0\
\xc2(\xaa#\x90\xf5D\x9b\x5c|*{{,\xe6d\
1\x8e\xad\xf5v\xa7\xe9\xf4\xe4\x92Y\x1c\x83\xea\xfe\xab\
\xd8\xf5II\x9d\xe4\xd1\x9cG\xf1g\x8c\x14\xd4\xcb\x90\
\xd6}\xb8\xff\x00\x8a\x05R\xc5\x1a\xc4\x13\x22\x1b\x9cp\
\x9dh\xa1\x0exUY\xd4\x96\xc1\x0cY\xd9O\x80\x00\
\x8d\x18\xa9\x0d\xcc\xdd\x01b\x17\x9fKO\xa7\xd3\xd1h\
\x8d\xcda{%\xf6\x82c}\xeb\x22U#\xe7\xf0\x83\
\xfe\x9c\xbcu\xdc\x91\xb8(\x81\xa5T\xec\x05dV?\
Q\xa3G\xeb\xdd\xab\xb0n/\xc8\x84(\x0a[\xd8\x80\
0\x0d\xc6R\xc5J\x11\x8b\xae\xecW\xca\xa9[\x17\xc1\
\x18\xb4x\x8cc\x8dU\x0a$\x19b\x8c\x5c2~\xab\
B\xe7Z\xfb\x82\x95F\xda=\xb8\xb2\x01\x10\xe3\x15\x0c\
\xa1\xc7\xbb\xdf\xb385Z\xfb\xb5\xe6\xc4{\x0e\xdc\xf1\
\xd1\x94*\xc7\x9c0C'\xb8\x90\xc1\x9c\xc8m\xfa\xa8\
\x0a\x18\xc6I?\xba|\x84\x8e\x12P(\x8f\xf1U2\
\xfe\xde\xef\xa5s/\xab\x04\x7f\x02*\xc3\x13\xbcRl\
9\xdf\x10i\x1c'\x1eC\x05\x10U\x84\xab/\xb3\xed\
D\x9a\x8e\x83\xdb\xc3\x86\xd9\x89\xbe_\xbc\x12\x08~\xa9\
(}@}\xb0\x90\x03\x8a\x8d\xb6\xb1\x0f\x91L\xd4S\
g\xb76P\xd8m\xb6\xaf\xe2?\x8a\xdcz\xfbv\xda\
\xc7e\xfd\xb9\xa2\xd2\xc7^m\xe6\x87u\xb0s@\x22\
\xb1_O\xf5):2/\x9b'\xa5\xfa\xf2z\x84\xe5\
%\x93R\xc2\xc8\xb1H\xdd3#J\xde\xf8\x14\xf7\x0c\
\x80\xbb\xcb\x18\x8dz\xb7\xd4R\x03\xdc\xf2\xcd\xb27\x9a\
]\x83\xb4\x5cF\x9e\xc8\x19\xbafB\xd2U\xe1\x8d\xbb\
f@\xec\xf3\xc7,k\xd7\xbe\xa5X\x17\xb2\xda\xcb4\
\x82G\x92\x09>\xed\xa4\xd7\xea\x1e\xb1\xd5\xf4\xee\xbf\xc1\
3_\xd6=r\x7fQ\x22\xe4\xc4\xa2\xe2\x5c.j\xa1\
\x031BK\x0c\xb4gu\xb0r\xa8\xba\xb3R\x11\xa4\
\x17&\xc1\x9c\xbb\x07\xcdW\x0a\xa4\xc4I'\xdc\x80\xca\
H%\x99\x0a\xaay\x01PM\xe1\xb2\xca\xcc\xe1\x83\x9f\
ni\x17\xc6s\xc7\x0a\xc5\x0b\xb5N\xc6\xdb\x5cxP\
\x10\xb1F\xb3gd\x7f'\x8e}##C\xdd}G\
\x86$~\xd0f\x96\xae\x937a\xa4G\xc2\xaa\x91\x04\
\x0c\xf18\x93\x92\x014Q\xc9,\x8b\x1f\x1as\x17e\
\x22\x0a\x18}e\x12A\x1cafY\x18\x1d\x91\x90\xd8\
^\x12bE\x03\x07\x85/\x22\x9bc\x81\xed!\x5c\x01\
\xc05\xa3\x1c\x86\xe1\xf9#\x07!x\xcfB\xab\x80\xdc\
\xa6&\xb5\x87\x03\xecW\x5c\x05\xe7\xf3\x8f\xfe-\xc7[\
\xd4\xe4/.6\xe2\xa3*\xb4\x0cX\x86\x1f\xbc~0\
\xbcb\x12\xaa\xc07*\xc6[XqHk\x04\x01H\
\xf6'\xb8\x06\xe2\x96\x05$\x88\xd4\xfaG\xd4PK\xd8\
H\xfb\xf1\xa2\xcf\x0co\x1e\xc9;\x15(\xbf<\x0c\xb0\
F\x10\xbda\x8e5\x9d/!\x8aW\x9dd\x8b\x024\
x\x8c\x8e\xbdh\xf1 \x8c\xc3\x0b}\xca\x92\x85\x1ah\
S\xedU\xa8\xfaD\xaa;\x0aL\x829\xf7;N\x0e\
\xa8\xea\xd1\xb8\xea\xab\xec|G\x0a\xfd\xe0{z\xb7\xaa\
'CY\x8d\xc8\x1e\xa3\xdfoP\xed\x16oj\x8bU\
\x84\x99\xaf\xfd?\x847\x1a\xa6\x9bsl\xbe\xdcy\xaa\
\x85R\xc5\x09-\x9bFv\x92\x01%\x11Dg\xc1\x0a\
\xce\xb6l\x15r\xeeT\xfe\x17\x08\x8cP\xdb\x8d\xef@\
\x5c\xd7\x9fJ\xf6\x1e\x0fODZ\x95\xd2\x83\xb5m\x99\
x\xdfz\xc8\x86\x883\xa2\x0fiY8\xea&H\xdc\
\xbaG\xc6\x98'`)En}H\x9a\xfdw\xb5\x96\
\x0d\xc5\xf9\x11\x80\xaa\xf1\x8d\x10\x03\x86\xe3)r\xa4\x10\
9q\xbb\x15\x1c\x0b@\xc5\x88a\x8d\x91\xe1\x00^\x1c\
 P\xe2\xc5\xa3{\x82\xbf\x80T\xb1\x08\xb8!J+\
l\x1e\xd6\x17A\xacxfPT8\xc9\xc4\x9b3\xfe\
\x16\xbe\xed`\xdb\x18\x8f\xe6\x07\x86\xc4)\x8b'\x8eT\
\xb0\xd8N}\xe6Cl\xd10\x011f\xdf\x94\xf9r\
8K\x00\xa2,\xd7\x0af\xfc\xe1\xbe\x92\xcc\xde\xac\x12\
O\x020 Gh\x5c\xb3gtA\xa6j\xf1\xe5h\
\x02\x22\x10Vd\x95\xe8z\xca\xda\xb3\xd7\xfb\xbc\x15\xf7\
\xeb\x95\x04\xad\xdbV\xd5\xf5=\x1b\xd4?\xdb\xa3'\x0f\
\xb5F\xc0lU\xae\x0a~\xa0\xa6\xcfh\xf7(*\xad\
\xb0\x1a\xfeS\xe1\x07\x86\xa2\xbbC[\x12l\xc8\xcdV\
\x99m`\xd8\x0c!\xda\x0e0\xd4]9\xc1\xa6\xcf\x93\
6\xab\xdc\x97\xcd};\xd6{\x9d<\x8e\xac\xacy\xd6\
\xfa\x9e\x09#T\xf58\xa7V\x8f\xd5\xa1\x99\xa3\x1d\x0e\
\xc7\xc6\xad\xd5n\xe7\x8c\x97\x8d\xa5a/\xdel\x11)\
\x1fn\xdfe\xb2\xd3\xbcb(\x8fsf\xde\xe7\xab\xc5\
\xd4\x9dBvTE\xda\xfa\x9b\xd3\xe1\x9c\x9e\x8cSM\
's\xd7}G\xb7\x13$\xd3:BrW1\xd8\x96\
\xaf\xb7e\x83|\x9b?\xcd\x16\x99mV\xb7\x9dgu\
\xb0r\x11t\xdb\x06\x86A|\xd9n]\xb6f\x8b\x80\
\x87M\xac|\xc66\xe7%\x9dJ\x88\xf2T*m8\
$\xb0,\xc1\xb7f\xbf\xac\x7f\x16O\x1c+T\xc8H\
k6\xda\x8f\xd5j\xb61\x92\xcd\xfbG\xf2\x929\xe8\
\x1e\xa2=3\xb2\xcfvP~\xa0\xf4\xa6\xec\xdd\xa7\x98\
\x11\xf5GVm\x8b\xd8\x99\xc4i\xf5\x1f\xa7\xc3\x13}\
\xbfe\xd9\xdf\xea\x0fN\x9c#v;l\x92\x7f\xe2\x8e\
\xa2L\xa29\xbe\x1f\xa8{}I\xd5\x07O\xb2g9\
\xbcd9\xc0c\xad\x14'\x90T3\xa9-\x83r\xee\
T\xf8\x0b\xf1\xc6YHn\x1f\x925,B\xf0\xb9F\
U\x1e@P%$6M\xcb\xa3\x8f\x03\x9f\xce1\x8c\
7\x1dnT\xd8//\xf2\xd7\x1c\x02\x81\x8eCs\xfa\
G\xfe\x17\x8c\xd4\xa8 \x1eS\xe5\xb5\xb8\xa6\xe1\xd4a\
x\xbf\x1c~p\xdce\xd8\x14\x8c\x00Xl\xa9^z\
g\xaav}=\x8f\x95\x96\x1e\xa7\xafu{\xb0k\x14\
\xea\xc8eH`\x89dU\x99\xb5<\xbd\x84\x966P\
\xb1\xc9\x1c\x92:\xf5\xe3\x08\xea\x9a!m\xea\x19Y\x0f\
b\x14\xd0\x98I\x1e\x14\x99D\xe9g\xd7*M$\x93\
\xff\x00>\xd7\xaat\xfa\xfdy\x00mrz\x8f\xd4R\
4\x228S\x02C$\xb2\x092[\x99M\xb8\x03\xdc\
\xa1\xb0wf\xb8\xcc\x7f\x08<lav\xe6\xe7f\xd1\
\x80h\xa1Ac\x1eKy\xa1\xdd\x9e5\x82\xae\xac\xd4\
\x85.,Hk3HCf\xab\xedV1\x12K{\
\xe3\x06BA\xfaW\xb1,>\x9f\x1a\xc6}\x81b^\
\xd1\xc4\x84\xc9\x1c\xe7\xb0$Y\x18\x05\xd8!\x8318\
~IYc\x8eI$X\xcb\xf65\xf6\x16:\x86\x1f\
Q\xa6\xaf^\xed{\x83qM\xd0\x83\x81\xc6:\xe3P\
0\xdce\xd8U\x83\x01\xc5\x932\xe2\xa3\x8a\xba\xd5\x8b\
`\xf3\xfaG\xe0\x05\xe3\x90\x81U\x941*\xc6@\xca\
F\x01R\xe4\x22\xe0\x81\xae6\xb8\xc8#db\x80\x00\
\xd5Z\x89\x17-W\xd9\x93\xfa\xa9Sa\x18\xc3~#\
;A\xc3\x06(\xba\xb3V\xa5\xc0\x937\x1b6\xfb\xb3\
U\xae\x1b^m\xff\x00O\xe6\xcf\x0d\xb0\xba\xb3R\x13\
o\x9c\xdb\xe9L\xbf\xab\x85\x935\x86\xa9\x1b\xc9\xd7g\
g'l@\xf6\x19\x81y\x1e\x10\x8b\x11%%\x86I\
Lm\xd7_\x8a\xf0}\xdf\xe8.\x22\x92\x15\x95\xfbk\
\xf1}NVOQ\xf8#\xd6\x0e\x14\x01\x22\xe4\xd5\xcb\
\x82\xbf\xaa\xd0\xbf\xb0y\x00\xaa\xb6\xd0H\xc5\xa3\xf8\x81\
\xc3\xd0\x11pI\xab\xed\xc8\xfdR\xa6\xda\xc1\xb60\x87\
vxU\x99WP5%6{\x86X+\xdc\x97\xfd\
W\x0c\xad\xa8\x1b\x1fj\x0d\xa0\xe5\x94\x92\x0c`\xd69\
\x9a)~)dFOW\xf55G\x12v\xa6h\xff\
\x00\xd6=A\xe3a\x0ffE\xe4\xfd\x89\xa5\xc7\xdd\xcd\
4\x8eQ\xae\x0a\x03U\xa5\xcd\x01\xb0\x04!\xdb\x9a\xe0\
\x98\xfe\x1c\xe1\xa9\xed\xd9\x9b\xfc\x82\x5c\xe3\xd8\xb5\xf7j\
\xcd\xb1\x88\xce\xec\xf0\xda\xab\xa45M6\x0b\xe6\xcb{\
\xb6\xcc\xd5?F\xd3\x9b\x1f\xd5w[$Ie\xd7\x9a\
\x0al5\xcd\x96\xd5m\xd6\xaf\x9a\x0d6\xe3\xd7+\xb3\
6\x0d&\xcc\x7f\xc1p\xa1\xb5\x12[\xf3\x1f\xcd\x9e5\
\x80MY*Bm\xf2M\x81f\xb0\x935\xfdP\x98\
\xff\x00$\x02\x8ad$\x1c\xb0\x90\x00=\xaa\xaa\xa5\x8a\
\x12[%\xe3;\x0e8\xccQTG\xe42\xa9\x90Y\
\xb0\xc1\xd9\xe4*\x7fU\xc2#\x18\xceI\xf9#R\xe6\
\xbc.\xca\xea\xab\xe4\x05U\x94\x90\xd9`\xc5\xd5\x83\xf8\
\x19\xa4b\x87<`\x1c\xa9f\xa9\xb9\xdb\x5cq@K\
\x10\xd6\xe7\xef\x18\xc9\x0b\xc6jTxnW\xe5\xcd\xb8\
\xad\xb00\xf0\xbc\x07\x5c\x7f\xe1\xb8\xe3`V\xc8^l\
\xc4\xc1q\xc5ZY\x89\x07\x80\xecC\x80\xab\xc4\xedM\
\xd5\x0a\x22\x90\x8eG\xeb\xbd\xd12H\xcc\x8e\xd1\xfdV\
\xa6\xeb\xf6+\x1bC\xf5'Z\x18d\xd9\x0b\xc8;?\
SG<h!\xeb2\xa4\xff\x00S\xceY@\xeb\xc5\
~\xc7\xa8\xf7\xa6\x92G\x9av\xc0\xf9\x15\x82\x8fs{\
\x10\x09\x17%\x95\x98\xa9\x8f\xf5\xca\x19\xbc\x0fp\x05U\
\xb6\xfe\xa3\xdd\x1f\xc4\x08\xe3\xd4\x05\x12\x02[\x0f\xb7?\
\xf0Z\xfb\x8cy\xb7\xfd?\x9a\xdcl\xd5uf\xa6\x9b\
\x05\xc9\xb6\x5c\xb9\xbej\xbe\x15\x8cE\xac|\xc6\xa6R\
A\xeb\xfa\x97{\xa4\x82>\x9ffT\x8cz\xa7tM\
\x91\xda{\xff\x00\xae\xfa\xa4\x8a\xcb/m\xca\xaf\xaez\
\x8cI\x98{G\x8f\xeb>\xa1 \x0d/g\xc8\xfa\x8b\
\xd5Q\xd5W\xb1\xe2G2N\xf2\xbc\x97\x901\x91\x18\
7\x8e\x13\xae1\x5c7\x0a\xdc\xabX/6|\xd8\xc0\
\xe2\xfca\x8eCs\xfa\xc7\xff\x00\x15\xe35\x15F\x03\
p\xa1i\x03\x06\x03\x81\xc3HB\xae\x08\x1a\xd1\x8ba\
\x866F+\x85\xe3\x10\xb5WP\xc6\xad\xb6\xf9\xf0\x84\
5\x82-[\x14\x8c\xec\x19\xe3\x02\xe8\xba\xc6\x03\x14\xb8\
\xb8\xcbbM\x96o\xd5H\xc3j\x06\xdf\x88\xfe`x\
\xd9\xc2\xeb\xcdML\xbeso\xa5r\xfe\xac\xa2o\xe7\
\x0d\x16'n\xae\xcb\x9f|@\xf6K\x82\xcf$a\x04\
\x05\xa9,/3F\xf0\xd4 \x96#\xdb F.\x22\
n\xbaJ\xfd\x80\x1a?\xa9\x8a\xcb\xea'Tb0p\
\xa1C\xaeIV.\x19\x7f\x0aT\xb1\x08\xb8`(\x87\
`\xc8\xc5\xd3\xe3\xf0\x18\xaa\x95\x12.Z\xad\xb6\xde0\
\xa45\xb5\xae\x1b\x14O\x90g\x85K\x85\xd6=\xa4\xa0\
\x93\x0c<\x85eb\xcf\xfa\xae\x1d\x18D\xb8o\x0a\x80\
H2YY\x8a\x98\xc7\xb7)\xb7\x0a=\xca\xac\xb62\
\x8fn-\x19\xd4\xbcl\x00\xbbFX\xab\xec\x05\x7fU\
\xa5\xda\x83\xdc\x14\xaa\x1d\xa0\xe0\x8b \xd4\x0e\x1e\xb6Q\
 \xf7VM\xb9\xff\x00\x8aW\xdd\xa85\xb1X\xfee\
<`YWVk\x94\xdb\x86\x1e\xe5W\x05\x8c\xbf\xaa\
\xe0\xa3kR\x19\x80\x0a\xa2l\xd8\x87\xba\x94\x06\x82\x9b\
\x0d3a\x9a6\xe0k\xe7X\xd3\x9c5r\xbb3o\
~\xcf \xd1k\x86\xd5\x9b\x7f\xd3\xf9\xad\xc3l.\xac\
\xd7\xd9\xb7\xfc\xd8X\xdbnj\x06\x10\xe9\xb6X\x03]\
\xb9\xb6\x5cJ\x00\xcd\x14.I\x8c\x92\xdeL\x7f-\xb0\
IU]Y\xa9T2\x8c\x93\x95gg!\xff\x00U\
\xc2\xa3\x18\xc9%\xb0\xc8\x0c\xa4\x82\xcc\xca\xca\xa9\xfa\xaa\
\xaa\xc8J\x9c\xb5\x99\xd5\x83\xe6\xa4\xd21\xac\xe7\x8c\x03\
\xb2\x96l\x1b\xb6\xca\xff\x00\xc5@[\x146?\xbc~\
\xf3\x8e\x16\xa5@\xf7\x0a\xfc\xb9\xb7\x95m\x81\xc1\xc0\xe0\
:\xe3\xf0Cp\xae\xc0\x84\xb0^_\x13W\x1cU\xa5\
\x9a\xc1\xb8>H\xff\x00\xc2\xf1\x9bZ\xa8\xf6\xb7\x0a\x13\
(!\x87\x15\xc3\xb9P\xa0p\x0dq\x93\xe1\x83\x0d\x88\
\xa4axX,\x81YA!\x19dfb\x08\x18\x91\
\x18 \x0aO\xb1\x00qb\xca\xccT\xc7\x8cY6\xf8\
_r\xa9@\xc6O\xc6/\x1f\xc61\xc7 TJ2\
j\xfbm\xff\x00\x14\xaf\xbbP6\xf3C\xb8\x1e\x10J\
.\xa0jiqq\xee\x01\xeeo\x9a\x8cQ\xb5f\xc7\
\x05\x06\xdc\xe4\x97\x05u\xe6\xa1Si\xc6l\xb6k\x09\
3Pk\x1f\xc5\x93\xc7\x01\x82\x99\x1a\xadf\x12\x85\x03\
\xda\xa1\x15\x98\xa1\xcb\x02^6\x0f\xe3\x8cu\xc6*r\
\x19C\xd4\x96\xa9\xbef\xae8\xa0F\xaeA\x0d\xcc\xed\
\x8f\xce\x17\x8c\xda\xd5@\xc3p\xa0y\x01\xb0\x1cW\x06\
B*\x071\xadX\x9c0\xfe\x91\x8caC\xb0J\x82\
\xa1\x8d\x0e\xdb\xd8qHl\x84P\xa4\x0dq\x9ba\x83\
\xa9\x91\x14\xc7\xe0\x12\xa1\xd4:\xe5\x828\x97,|)\
R\x1bZ\xe0\xfe#\xf9A\xe1\x0dU\xd5\x9a\x9am\xf7\
f\xdfJ\x82}\x5cn\xfepS[\x9e\xae\xcd\x87\xf9\
\x0f\xba\xbeX\xc8\x81\x07^\xfa\xe5\x85\xa6x\xde2\x8a\
\xbbP\xf6\xca\x88\xd40\x8c\xf5\xa2\x95\xe5\xd6\xe9\xf5+\
n\xf5\x12V4\x88\x12\x14*\xb0\xc9(\xc5\xc3\x020\
\xa4\x16!T\x02\xa2\x88m\x86\x18\xd9\x18\xae\x141\x0a\
T:\x864m\xb6\xc8\xc2\xe1\xec\x11jO\xc7\x1e\x1c\
\x06\xe3)p\xa5<-\x97`\x0c\xa0\x90\x8c\xac\xcc\xd8\
 {\xd0\x84\x00\x13\xec@\x1cd\x94g*S\xf0\x0a\
\x99N\x17\xdc\x14\xa0c'\x91\xfb\xa6#\x18\xe3\xd5B\
\x89\x17,Q\xcc\x81\x97\x15R\xa5\x88E\xc3\x05\xd7\x19\
\xd82\x08\xbccX\xc0b\xa0\xa8\x91r\xd4}\xb68\
\xaa\xd5\x83\x08\x97\x0d\x8aE\xf2\x8c\xf1\x94\xba\xae\xa1\xed\
\xb2m\x00\xaf\xb9Q\x94\xb1\x93\xf5\x1e\xf8\xce\xb1\x82\xf8\
EQ\x22\xe4\x95r\xe0\xa7\xea\xa5\x0b\x9a\x0c0\x05Q\
\xb6\xf9R\x0b \xd4\x0e\x1a\x80\xa8\x90\x1ba\xf6\x12\xdf\
\xa2\xd4\x86\xd4\x0d\xbfX\xfePx\xc1\x8duf\xbe\xcd\
\xdf\xfb\x85\xf0\xdbsP3\x1f\xc4\x0f\x1a\xb8]\xa0\xdb\
\xdf\xb3\xc6h\x95\xcbk\xc9o\xfagvpsU\xd3\
\x9a\xe16\x8bf\xc2\xe5\x9bfh\xbf\xa3\x18\xb3f\xc1\
E\xdaM\x89ue\x11\xe6\x8a\x10HJ\x1c\xb6Y\x95\
\xb6f\xa7\xdb\x18\xd5\x9e0V`X\xe1\xac\xe6B\xa7\
\xf5\x18P\xc62I\xfd\xa3\xf9\x09\x1c,V\x81?\x15\
]\xa7\xcf\xb9M\xc3\x07\xf0\x17\xd9\x17\xb0\xdb\x8c\xa1\xc2\
\x92\xd5\xe1s\xb6\xb8\xf0\xa0%\x985\x8evFs\x85\
\xe1mj\xa0a\xb9L\xca\x0d\x80*\xf7f\x00\x01\xc1\
\xf1\xa1\xfd[\x84lE \x81\xc2\xe1dU*\x0f\x02\
VFbA\xe2\x91\x220\x00/?\x9cj\x18\x06,\
\x85\xca2`\x0b.\xd2\x00\xf2\xaaP1\x7f+\xfb\xc7\
\xec\x01x\xc4-D\x83-F\xd9\x9f\xf8\xa5M\x84c\
\x0d\x8a!\xda2\x08.\xab\xacx&=\x808\xf7\x00\
\xe1\xd8\xbej<\xa3j\x06\xcc\x05\x06\xec\xe4\xdf+\xab\
5\x1a\xf6\x9c~\xcaX\x86\x12\xe6\xb9\xc2|9<l\
\x1a\x99I\x0cY\xc4\x80.p\xa1C\xb1BK\x02^\
6\x12~2Q\x06\xac\x90\xe1X\xa9bA\xb3m\xa9\
\x1e\x14\x04\x0e\xca\xd69\xd9\x1f\xbc\xd7\x8c\xda\xd5B\xe0\
\x86[\xb8%\xb0U\xcbHE@\xe2\x8dj\xc7!\xb9\
\xfd#\x07\xda\xbcv\xd7U\xc0bc;CXqZ\
\xcc\xc1T)\x02\x89\xef\xc1\x0c\xbb\x11i\xe03*8\
\x0e\xa0\x9a\x11%\xb20\x85X0E\xc3\xe2\xa9\xf2\x0e\
\x10YT\xc6<{6\x8b\x0fw\xd2\xd9\x1e\xac\xbb\xf1\
Hh\xd1\xbf\xdb+\x89\x08\xacC\xee\x83\xe5\xb6a>\
\xda\xfa\xe4\x84\xcf$r+\xa2\x05\x9d_\xb3P\x8a\x0d\
~\xde\x19]\xb5\xc8\xbfR\x9d\xde\xa4\xcc\x11#\x0cj\
\x15H\x0d\xca\x93%\xac8\xac\xae\xc4\x05\x0b\xc1\x88\xe3\
$\xe1\xb8F\xc4\x05j\xbc,\x15\x95J\x86\xe5\x08\x90\
\xb1a\xc5!\xc3*\xa8S\x8aG\xee\xc3q\x94\xc8\x14\
\xae\x00.\xa2L\x15\x19T(K\x12\x0f\x07\xc9\x19\x08\
\xa0\x13\xf1\xa0\x0c\x03\x16B\xe5Yp\x05\xd4\xcb\x80\xa3\
 QZ\xe0\x11\x8d\x91\xfb\x00^6\x10(u\xb1\xa3\
\x19l\x08\xc2\x95b\xc1\x16\xa7\x1a\xe3\xf7\xe0\x82\xbb#\
S\x18\xc2\xb3*\xb0\x0e\xb6!\x18KbF\x14\x87\x0c\
\x11j\xc4k\x8f\xde\x03p\xa9\x90)\x8f\x00Y6\xe2\
\xa3!\x0a\x5c\xbe\x08\x1f$dF*X\x84U\x0e\xb9\
%X\xb8e\xfc)Vr\x11pT\x14F\xd82\x0a\
\x97A\xac`5C\xa8u\xcb\x05a!f\xfdW\x0c\
\x1bR\xe0\xfe\xb1\xfc\x83$\xab5\x0c\x7f\xaf\xb3i\xa8\
\xf7*\x90\xad\xb75\x031\x9d@\xf1\xf0\x02\xed\x06\xc4\
>\xdc\xaf\xea\xb5\xcbk\xcd\xbf\x11\xfc\xb9\xe3\x02Uu\
\x03_f\xd1\x9c\xd9o\x96\xdb\x9a\xaf\xf3:m\x96\xc5\
\x17m\xacn\x1di\x9a(A!\xa6l\x0b4o\xb7\
8>#]Y\xe1\x0a\x5c\x5c\x9b\x02\xfb=\xd9\xaa\xe1\
U\x8cd\x96>\xe8\xbe\x5c\xf0\x96Z\x88\xf2EWw\
\x82l\xa4\xb2\xb0\x90\x9c\x03H\xfe2O0\x1a\xa5\xdb\
\x0df\xdb_\xf0\x00K\xb2\xb5\x8evE\xef8\xe1c\
\x1a\xa8_<\xa02\x83o*\xe6Fe#\x1c\x1f\x1c\
d\xa9\x0d\xc3\xf2\x22\x92B\xf0\xbdd\x03\x19\x0a\x94v\
6\x07\x80\xed\x8d\x86\x15x~8\xc0\xf6\xb7\x19K\x95\
*@\xe0`e /\x95\x1a\xd5\x8b`\x8f\xe9\x1f\xb4\
\x05\xe30J\xab-\x8d\x1bu\xb20\x845\x82-H\
\x14\x8c\xdcd\x15.\xab\xacx%D\x802\xe5\x82\xb0\
f2~\xa3\x0c\x8c\x22\x18c\xe1\x06\xe0I75\xd5\
\x9a\xfb6\xe0\x03e\xb6\x1bnk\xff\x00O\xe1\xce_\
\x18]\xb6\xb12l\x14\x06\xab@\xe4\xa1%\xb2Z6\
\xdb\x9c\x12U\x06\x9c\x90\xd5j\x99\x09\x0c\x19\xf6\xd3\xcd\
P\x05\xb1\x8c\xd8\xe7b|\x87\x1c,cU\x08r\x0a\
\xabH\x09j\xb2\xc8ZB\xb8\xc0P\x11Y\x81\x0d\xcc\
\xec\x8f$\x85\xe3>\xba\x8c\x06\xe1O\x92\xd6\xe2\xbd\xd8\
\xa8\x00p\x0dq\x9c\xe1\xb8\xdf\x22\x020\xa1\x9c#(\
*\x18\x84a%\x89\x1cV\xbd\x82\x80\xa7\xf4L8\xb7\
\x18\x16U\xa7\x80Y6\x0c\x8f?K\x8a\xfa\xba\x99\xb1\
HJ\xbcn:\xf1\x95\x92\xba\xe2\x03\xb2\xa4\x96Y\x18\
!\xeb\x06\xd7$BiQ\x96TN,\xfb{\x0c\x81\
\x15x\x88 \x8aG\xb4r\x8fW\xf4\xd8\xbdW\xa4\x0f\
\xc3\xd7n\xec\x12\xf4f\xd3:\x82i\xf2\xe6\xc3\x8a\xd7\
\xb2\xe1W\x83\xe3C\xf8n0\xba)\xc8^3Q\x82\
\xe07)\x89\x0bX\x1e)\xb8e\x00/?\x9c~j\
\xdce\xd8\x10\x8c(\xb8\x12\xd6\xa3\x8a\xb4,\xc4\x83\xcc\
\xecC\x8a\xaf\x0f\xc6\x80\x10\x1b\x8d\x19wR\xac\x07\x03\
\x86\x94\x80\xa0qWZ\xb1j\xb0\xc6\xc8\xfcUC0\
J\xab(cC\xb6\xd6\x1cV\x0feU\x0aq\xae?\
v\x1b\x84lU+\x85VeW\x01\x94\x1eQ\x84\xc5\
\x89\x1cL:\xb0U\x0aO\xc7\x18\xb0V\xe3)\x90+\
.\x00\xb8\xdbR\xa3*\x85,[\x0c?x\xc8@\x14\
\xb7\xb1U\x5c\x06%\x0bH\x18\x10\x02\xb0.B(\x05\
F\xb4%\xf0\xc0\x8b\xc6(0\x18\xa8u\x0e\xb9!\x19\
\x5c\xb3~\xab\x87V\x11\xadI\x1a\xe3\x02A\x9e2\xb3\
P\xa7\xe0\x142\xe0/\x90\x0a\xab\xdf\xc8\x1e\xf8\xfe1\
\x8e5T \x90\x12\xd5}\xb9\x1f\xaa\xd5\x8b\x08\x87\xb8\
\x8a\xa7\xc8<2\xb3\x05\xd4\x0d}\x9b\xbc\x8fr\xab\x82\
\xdb3Q\xe63\xa4\x1c\xb6*\xbbsc}\x8b\xac\x1a\
\x8dw4\xcd\xf2\xc5\x0e\xec\xe0\xe6\x83Vp\xd4\xb8\xbe\
l/\xb3\xdd\x9a\xa60\xda\xb3c\xfc\xc6\xdc\xe4\x96Z\
\x88\xf3_f\xd3\x8c\xd9\x0b\x15m\x99\xa8%c\xf8\xb3\
\x82\x15\x8a\x97$5\x9fn1\xed\x01E\x8cd\x96\xfd\
\xe3\xf9N8X\xa0A\x1f\x91E3\x03l2\xbbH\
Y_\xc0\x1f\x1cd\xa1\xb7\x1b\xe4@\xccB\xf1\xa4)\
 \x5cd\x04\x0a\xec\xd6\xcf\x14\xecF\x1e\x17\x87\xe3\x8c\
\x01\x86\xe1[\xb2\x9b\x05\xe0{JW\x00qF\xb5b\
Hn\x7fH\xc7\xe1x\xcc\x12\xaa@nP\xed\xb6G\
\x14\x87,\xaa\xa1H\xf8\xd0\xdf\x042\xecU+\x80\x19\
\x94H\x03\xaeHVWf\x7f\xc2\xe1\xd1\x84b\xac}\
\x91\x81(\xc9eg*c\xfdA]\xa7\x03\xdc\x03\x00\
\xdbA\xaf\xed\x1f\xc4\x0f\x1b\x18]\x99\xb9\xd9\xb0W\xf5\
JY\xb5\xe6\xfe\xe6B&\xce\x1b\xda\x83U\xb0\xd55\
\xb9!\xae\xfb\xb1\x83T\x0a\xb6(Io-\x1f\xc8O\
\x19\x8cj\xa12U\x95ZA\x96\xc1\x0e\xcc\xe5H\xf0\
\xb8EfV\xcf\x0f\xc9\x1e\x5c\xd7\x8e\xda\xea\xa3\x07\x94\
\xcc\xa1\xad\x82\xad\xb0\xb2\x80\x07\x07\xc7\x199\x0d\xc3\xf2\
 9U\xe38B\x14\xa8n\x04\x22[dqM\xc3\
*\x80\xa7\xf9\xc7\xee\x01\xb8\xc2\xea\xa5p\x05\x97`\x0c\
\xbe~\x96\x05=]L\x9f\xa4%e\x8d\xd6\x18\xe9&\
5B\x04\xeb\x9e4o C\xd7\x07\x5c\xb0\x07\xec\x0b\
J\xa8\xc99\x96vJ\xaa\xf1\x00\x82)$GIx\
\xe0vz\xea]\x92>}C\xd2Iz\xf1A\x84c\
\xda\xeaI\xd5\xed\xb4s\xfb\x1dZ\xf6R\x02\x85\xf8\xe3\
$\x10\xdc`\x1dT\xd8\x0e\x17\xa3\x85\xc0<\x0bG&\
\xf9*\xdb\x15\x97\xc2\xf3\xf4\x8f\xfc7\x18^\xa7!y\
|I\x5c\x0e*P\xb3\x16\x0d\xc0v!\x07\x0b\xc6:\
\xd5G\xb5\xb8R\xf2\x03`8\x1e\xf2\x11P8\xa3Z\
\xb15n\x7fH\xc7\xe18\xcc\x12\xab\x85nW\xe6\xb5\
\xb8\xad{\xa8\x01y\xfc\xa3\xf3\x86\xe3|\x91\xa9\xf6\xaf\
\x0b\xd5\xc2\x95\x07\x8a\x95\x91\x98\xb0<S\xb5\x19@T\
\xe1\xf8\xe3\x1f\xab\xf1\x97eH*\xbc\xd86\xe2\x83\x8a\
\xb4,\xc4\xab\x0f\xe9\x19\x00\x04\xe3\x1dj\xa0\xa8nP\
\x99,\x18qX;\x10\xaa\x071\xad\x0e@n\x11\xb1\
\x01\x5c\x00\xcc\x15\xd5YA!\x0a\xbb1 \x85\xc3\xab\
\x04Z\x93\xf1\xa0\x12(n\x15,U\x93\x00\x06S!\
\x01FUu\xab\x16\xc1\x18\xd9\x1f\xb1k\xc2T\x05\x12\
.Z\xace\xb7\xf8R\xaf`\x8b\x86\xc5\x22\xf9\x06C\
)`\xa6?\xd7)\xbb\x04{\x82\xb2\x962~\xa3\xdd\
\x1bj\x18/\x85\x0b\xb4\x12Z\xe6PS\xf5\x14.\xda\
\xc7\xbb\x05c;rA\x04\xc6\xbasV\xa6\xc5\xbf\xed\
\xef\xd8\xd6\xfdW\x15:\xb3o\xfacnro\x95\xd5\
\x9a\x8am\xf1\x9b\x0b\x15m\xb9\xc7\x91\x18\xd3\x9c{M\
\x0b\x92\x1a\xcf\xbb\x1ej\xb5P\xc62K\x1f|\x7f)\
#\x8c\xcc\x81Dg\xdbT2\x8c\xb1\xb2\xbb9`\xfe\
\x14{#,\x86\xdc>\xf5Vs^3\x94uP2\
\x15UdfV\xc9\x0d\xb26\x0d\x81\xc2\xda\xe3\x14\xf3\
\xc2\xa1\xd9Ij\x90\xf6\x94\xae8\xa0\x22\xb1\xc8n\x1f\
\x921\x92\x17\x8ciQ\x80\xdc+\x99-n+^\xe0\
\x00\xa7\xf4\x8c\xe7\x0d\xc2.\x8aW\x00\x16\x0b \x0c\xa0\
\x90\xa5\x1d\x99\x88<\x06\xeaB\xa8Rp\x88\x03\x8bq\
\x95\x9c\xa9O\xd7)\xb4\xe0{\x82\xb2\x86\xd9\x9a\x81h\
\xfe x\xd5\x01D\x80\xd8\xab\xec\x0c\x83\xda\xb4\xb9\xd6\
\x0d\xb0h\xdbA\x0b\xe7X\xd3l0RWfm\x97\
\xdb\xf85J\x8b\x18\xf2[\xf6\x8f\xe6,8\xc4\xa0A\
\x198*\x8d %\x88evw*\xdf\xaa\x80\x88\xcd\
\x1bX\xe6\xf1\x83!\xc7\x19\x8a\x05\x09\xe4P\x19\x01\xb9\
\x05X\xb9`p80\x91\xb1V\xb7\x1b\xe5\x8c\x12B\
\xf1\x9e\x95R\x03r\x9f-\xad\xc5k\x86P\x00\xe7\xf3\
\x8f\xfc7\x18lU#\x03\x9dx\x8c\xfd\x85DL\x9f\
D\xf4c\xe9\x84\xbc\x866h\x88\x967H\xa3\x11\xbe\
4\xc2\x04\xca\x1b\x8c\x86Q\x1bB1\x1fw\xa8\xb3a\
\xbf\x05fygx\xdc\x05\x09\x88!y\x22\x90H[\
\x1d\x88\x15\xa5p\x9c\x96S\xd7\xd7\x1a\xd5\x87\xacz$\
=\xe9d;\xf14\x88\xf1\xc8\xd1K\x85\xe6u\xa1\xa9\
\xb7\x08\xd8\xaaY\xab\xc6\x91\x96J\x81\x9e\x04\x0b!!\
\xb2U\xb6\x06\x07\x03\x99\xd7\x18\xa9\x0d\xc6\x1b\x0a\x92\xc1\
y\xb3\xe5\xae\x06\x15B\x16k\x06\xe0;#6\xc2\xf0\
\xb6\xb4P0\xdc(\x1e@l\x01\x0fwe\xc0\x1cQ\
\xad\x19\x81\x0d\xc3\xf2 $\x85\xe35\x0a\xae\x15\xb9O\
\x9a\xd7\xf2\xad\xb02\xfbW\x9f\xce/\x05[\x8c6*\
\x9c\xaa\xf0\xbdd\x0bPx\x12\x92\x16\xb0<S\xb5\x18\
{W\x84\xeb\x8c~\xad\xc6M\x85\x0d\x82\xf0I\xf3V\
\xa3\x8a\xa2;5\x83p|\x91\x1f\xd5x\xcd\xadUp\
\xad\xc3\x1d\xa5\x0da\xc5k\x96P\xaa\xa4\x0dQ\x12p\
\xdc#djAU\xe1`\xb2\x05*\x0f\x02U\xd9\x8b\
\x03\xc5\xf9\x15\x82\x80\x9c?\x1a\x00\xc01d.\xcaW\
\x00\x07S!\x01@\xe0S\x1a\xb1l\x10\x06\xc8\xfd\xa0\
\x0e6\x12\xa1\x941\xa3\x09KdaHp\xc1\x00S\
\x8dq\xfb\xf0\xdcu.\x16\x83\xdaYv\x80W$)\
K\x97\xc1\x03\xdf\x19\xa0\xc1|*\x81*\xe4\xb2\xb9\x90\
2\xfe\xaaT\xb3\x04\x5c0\x14C\xb0d\x15,\x8b\xac\
`5.\x03\x8fu^\xe4\xbf\xea\xb8*\xda\xc1\xb1\xc2\
\xa0\x12\x82K\x07%u\xe6\xa3^\xdf\x1f\xb0\xb5[v\
q\x9cG\xf0\xdb\x8dS]\xb9\xb8\xbe\xdc`\xd2:\x8b\
k\xc9c\xe6?\x9a\xdc%\x95TDI\x5c&\xe1\x9c\
\xd9K5\x84\x99\xaa\xe1c&\x22Il2)\x90\x95\
b\xee\x92\x05_\xd5UVBT\xe5\x95\x8c\x91\xb0s\
\x80\xc7Z\x0a\x1c\x86Uw\x05\x9b\x0492\x15\xc68\
\xa0F\xae\xc1\x83s\xfaD2B\xf1\xdf]T`\xf2\
\x99\x9b7\xf2\xad{.\x02\xf3\x1a\xe3\xfc\x86\xe3\x0d\x8a\
\xa7!x\xce\x15\xc2\x90\x0f\x02\x15\x91\x98\xb0<S\xb1\
\x18(U'\xd9\x18\xcd[\x8c\x85\xca\xb2\x90\x05\x97i\
\xc2\xfb\x95Y\x03\x17\xfdG\xbe<D1\xc6\xc0\x0a%\
\x19b\xaedR\x9f\xa8\xa5\xd8 \xf7\x05*\x87p8\
\xc1d\x1asW\xaf\xb7`6\xf96\xff\x00\x9a\xad}\
\xda\xb3o\xfa\x7f6p\xc5\x82.\xac\xd5\x82\x16\x17\xc8\
egi\x08l\xd5p\xa8\xc63\x93\xfb\xc6\x0c\xa4\x8e\
3\x18\xd5B~\xa6#\xed\x90\xd8(vr\xca\xde\x00\
\xf6#2\x1bp\xfb\xe3R\xc6\xbcg\xa1U\xc0<\xa8\
\x12\xda\xdcSp\xcb\x80\xbc\x18H\xcf\xe1\xb9\xd4\xea\xbf\
vX\xd2,\x0ez_F\x1fKa\x19\x89$t\x84\
\xc7;;H\xad\xc8\xd8J\x8e\x88\x89\x1bcL8\x90\
,\x9c\xef\xf6\x04i\x06\x98\xcc\x92s\xb5\x0d\xa3p3\
P\x07^)\x1e\x17\xbb?\xcf\x0a<\xf2\x142L\xfd\
s\x1cq\x1c\xa6\x98\xfe\xec\x9d\x86\xfe\xa7\xd2\x1e\xae\x92\
\x0e\xc1\x0af\x89\xfa\x8c\xc8\xdf\x96\xc3\x85.\xd5%\xd9\
%\x0a<\x80\x15X\x95l\xb2\xb6\xc5`\xde8N\xb8\
\xc5\x0ex\xc09B\xcdR\x1d\x8c\xb5\xc7\x15BY\x95\
\xacs\xb2/y\xaf\x19\x8caB\xf9\x05\x01\x94\x12\xd8\
+!we>\x00\xc4h\xcc\xadn\x1cH\x80\xbb\x05\
\xe3HP\xaa\x8c\x11E\x12\xe6\xdeU\xcc\xb6V\xc0\x1f\
\xce,\xa1\x0d\xc6\x02EFf\x0aL\x95\x90.\x01\xe2\
(Gf\xbeJ\x9d\xa8\xc0\xe1xN\xa8\xc60\xdcd\
\x122\x92\xc1x$&j\xe3\xc2\x01\x18v\x0c\x1b\x9f\
\xd6/s\x05\xe36\xba.\x03p\xa6f\xb5\xbc\xab\xec\
.0\x17\x9f\xca\x22r\x1b\x8c6*\xb6B\xf1\x9e\x93\
\x05\xc0<\x0bGf\xb0<_\x926\x1e\xd5\xe1\xf8\xd0\
\x0f\x0d\xc2\x97e!\x80\xe0p\xd2\x90\x14\x02\x05\x15\x89\
*F\x04\x89\xe2\xab\xc6}eT\x80\xc6\xa4Mk\x0e\
)\xd8\x19UB\x9f\xe7\x1f\x9c?\x19n\x10\xa6\x00\xb0\
\xda\x06\x07\x02\xd2\xcc\xd8#\xfaE\xed\x01x\xf8EQ\
 \x0cYX\xca\x18c\x0aC3\x04\x15\xe0\x1a\xe27\
\xc1\x0c\x0c\x88\xa50\x01e\x0e\xb6\x5c\xb0V\x121\x7f\
\xd5p\xe8\xc21\x82}\x91\x81 \xc9efe1\xfe\
\xa0\xa6\xd3\x81\xee\x0aB\xb6\xcc\xd7\x04\xa7\xc4\x0f\x1a\xbe\
\xdd\xb9\xb0\xd9\xb7\xcf\xeb\x1d}\xda\xb3lb<M\x9e\
5\xb0\xba\xb3_f\xdf9\xb2\xdf\xdd\xb7!W\xc2\x13\
\x0er\xe02\xa9\x94\x90\xd6q \x0a2\xaa\xa8\xb21\
F\xcb\x02^6\xd9\xe3\x8cJF\xba\xceC*\xb3\x0b\
6\x0d\xd8\xc8T\xfe\xab\x84Ve6\xe1;#\x16!\
x\xcec\xa2\xaf\x90\x13\xe6\xcd\xbc\xabl\xb2\xf8^\x7f\
4$\x10\xdca\xb1U\xb2\x17\x85\xab \x5c\x03\xc0\x94\
b\xd6\x07\x8av#\x0c*\xf3\xf9\xc7\x8fkq\x97e\
X\x109q\xb7\x15\x19U1\xd9\x9f\x04\x0f\x92?`\
\x03\x87\x0a\x15d[\x16G2\x06O\xc0eg`\x8b\
\x86\x0bH\xdb`\xc8\xc5\xe3\x1a\x87\x1a\xb9\x02@o\x89\
6\xe7\xfe+_v\xa0m\xe4Fwg\x074]9\
\xabS`\xb96\x1b\x0b\x91&j\xb8Uc\x16K\x1f\
r\x0d\xa4\x82\xc5\x93\x02<\xd5\x80-\x82\xed\xc0\xcc\xe4\
\x87\xf0\xa3\x0a\x85\xa3$\x93\xef@d8,\xe5\x18(\
\xf2\x02\xa8\x93\xf6\xc9V2\x02\xa7\x03\x9d>\xb3\xca\xf4\
\x8b\xdf\xcfK\xf4\xa8\xa0\xeaF\xc1\xd5\x1d\xa5\xd32\xa1\
E~$:\xa6g2+r6\xdc\x8e\x81R3<\
\xc3\xa9\x12F\x15;=\x8fI\xf4\xef\xb5\xb4\xfd\x96\x12\
\xf7?\xfe]\xa8\x0a\x87~\xbf\xb5\xe4\xf9\x22F\xed;\
+I,\xb0\xb2$\x04\x98\xc4P\x8e\xd1\xab\xb1\x91d\
~\xc4r\xa7a\x8e\xbfZ\xf4\xa8f\xe9\x06\x86\xcf'\
f\x16\x8a@\xbd\x8c\xa3]\x96@\xa3\xf5P\xaa\xc4\xab\
d\x82]\x18Hp?D\x14>\x18+2\x97l\x1b\
\xb9\x90\x8c{W\x0bb\x8dc\x9b\xc7\xf2\x1cq\x99\x91\
TF}\xa5T\xca2\xd8*\xec\xecU\xbf\x0b\x84F\
(\xd6\xe1\xf9\x13.\xd8\xe3;!U_\xd4*\x09O\
\x9c\xb2\xb9\x92\xca\xff\x00\x8c\xeb\x8f1\x9c\xf1\x80p\xac\
\xedS\xb1\x84\xa11\xc5UFb\xadb\x09\x926\x0f\
\x81\xc2uF\xba\xcd\x83(vRZ\xa4H\xc6jc\
\xc2\x81\x1a\xbb#\x5c\x9f\x96/q\x0b\xc6c\x18U\x5c\
\x11A\xba\xd7\xf2\xaed\xba\x90\x14\x7f8\xb2\xa4?\x1c\
lTb\xc1x\xceVP\xb8\xcf\x02Q\xd9\xac\x09\x07\
ll=\xab\xc2u\xc6\x00\xc3p\xa5\xddZ\xc1x\x1e\
\xd2\x95\xc0\x1c\x03Z\xb1\xc8n\x1f\x920|/\x19\xe8\
UJ\x86\xe5\x0e\xd2\xd6\x1cV\xd8\x1d@\x0b\xcf\xe7\x1f\
\x9a\xb7\x1dn\x10\x82\x17\x97\x1b\xabQ\xc5\x060\xec\xd8\
#\xfaE\xed\x01x\xe4\x22\xa0e\x0cJ\x16\x940 \
\x05a#2\xaa\x85 j\x8c\xdf\x07\x84lE\xa7\x81\
eW\x01\x97$#+\xb39\x18St`\x80)?\
\x1a(qbQ\x99\xd5\x93\xf5\x0c\xbb\x08Q\xee\x0aU\
X\xc8<b\xc9\xf1\x8cq\xab\xed\xd9\x9b(\x93nO\
\xea\xa5M\xb5\x03lV?\x94\x1e5\xb0\xa6,\xd7\xd9\
\xbb\xfc\xd9C\xe5\xf6\xe6\xa3\xf9\x9d9\xcb\xe2\x8af\xce\
Iq \xa6j($j\x12Xy\x8c\xed\xce\x09+\
\x1a\xea'\x0c\x15\x9cY\x88evi\x08?\xaa\xd5U\
\x8a\x1b\x1f\xe9\x18\xb9\xa9f1\xd5W\xc8\xaa\xee\xcd\xbd\
\xca\xed%\x95\xbcp{#%Hn6\x1dT\xb3W\
\x85\xe9 \x5c\x02\x15)!6\x07\x80\xecB\x0e\x17\x84\
\xeb\x8c\x0c\x06\xe3\xae\xca\x9c\xaa\xf3`\xdb\x5cqP\xc7\
r\xc4\x10>X\xfd\xa0/\x18\xd1T2\x86\xe1Fi\
\x03)\x18\x0e\xad!\x08\xa1H\x064m\x83*\xc2\xf1\
\x8dk\x80\xc5V\xa1\xc6[\x0f\xbb?\xe1\x0a\x9bj\x18\
lR?\x94q\xb3U\xd5\x9a\xb5.\xbb3a{\x9b\
\x03\x85\xc5\x18\xc5\x9b~Pm\xcf\x1c\xb2\xaa\xea\xcdp\
\x9b|\x93`\xcc\xccC\xe7\x03\x0a\x85\xa2$\x93\x87@\
\x5c\xe3\x8e\xe5\x0a\x84\xf2(\xbb\xbfo=\x0e\xb4\xbd\xe9\
\xb4\xa2\xe7\x9e\x95\xd0\x8b\xd2\xfaD\xc0\xe93\xb0\x13\xc5\
\x1c\x8e\xeb\x1f\x1em3*UX,B9\x99\xb6\x86\
=\x8e\xe5PB\xb0\x86\xeczG\xa6}\x9d\xa6\x9d\x84\
\xbd\xdf\xff\x00g\x7f\xa6\xaf\xef\xf7VW\x9e\x19\x11 \
\xbe\xb5HGi\xa8X\xc8\x8f$\xb1\xc8\xbd\x96}y\
\xd5\x06z\x86Nz\xff\x00\xa7E\xea\x1dx\xe5\xec;\
\xafk\xb5\x1c\xfd^\xd1\x82E*T\x22\xb1(Il\
\x96F\xdb\x9c\x13X\xc6\xa2p\xc1Y\x94\xb9!\xac\xe6\
R\x085Z\xa8c\x11k~\xf1\xfc\xa4\x8e1(\x14\
FN\x0a\xa1\x94d\x9b+;3\x07\xcdW\x08\x8c\xd1\
\x92I\xc3\xc6\xa6BAfd*\xa9\x9a\x85M\xa7\xc9\
\xb2\xb3H\x19d>\x01\xd7\x17\xc4I,\x03\xaa4\x8c\
U\xae\xe2Z\x8f\xd5UQ\x9d\x91\xacm\xb23\xb0\xe0\
3kE\x11\x9c\x87UwR\xcd\x86\x12;JT\xfe\
\x17\x08\xae\xd1\xb5\x89\xf9\x22\x06C^3\x98\xea\xaar\
*\xbb\xbfcev\x92\xca\xfe\x00\xf8\xe2&3n6\
\x1d\x11\x9d\xaaL\x85f\x0b\xfe\x15B30{\x10v\
F\xc1\x88\x1c'Z(B\x0f\x0a\x86u%\xaa\xc2K\
HW\x00p\x01\x1a\xb3\x02\x1b\x9f\xd1\x01$/\x19\xf5\
\x95\x5c\x03\xcabk_\xca\xbe\xc0\xcb\xe1y\xfc\xe2\xff\
\x00\x8b\xf1\xd6\xf4k\x05\xe5\xfej\xe3\x8a\xba\xc3\xb6C\
s\xfa\xc7\xfe\x13\x8c\xda\xc2\x8f\x0d\xca\xe6`\xd6\x03\x8a\
\xf7.\x15B\x9f\xe7\x1f\xbb\x0c\x18lE+\x80.\x04\
\xa1J\x82U\x0a31`@;\x11\x82\x80\xbc?\x1a\
(`\x18\x94fee\xf0\x03)\x90\x85\x5c2\xa9D\
b\xfeA\x17\x8f\xd81\xc7*\x0a\x87\x5c\xb2\x87\x12\x16\
?\xacd0q\x1a\xe1\xb1X\xbeQ\x9e0%SV\
k\xf1\xee\xf2=\xea\x1c\x5c\xcb\x9a\x8f1\x1d@\xe5\xf1\
U\xdb\x9b|\x9b\x16\x99\xa2\xd3ck\xcd\x86u\xb6\xdb\
a\xb2#\x1am\x86\x08\x5c\x17$0g2\x10\xd9\xaa\
aU\x9a2K\x1ftci#\x8c\xcc\x95\x11\xe4\xad\
Sw\xe4\xd839e\x7f\x00\x1aFLg<8\x91\
\x01\x90\xd4\x99\x0a0\x1f\x91@\xaeM\xb3\xc0\xc6T`\
p\xbcc\xaa1\x8c7\x1dv\x156\x0b\xcd\x99\x9b\x18\
\xe2\xa6\xbb3\x10\xca>H\xb00\x9clF\xaa\xac\xa1\
\xcb!iC)\x03\x8a\xca\xd22\xaa\x85*\xba\xe3k\
\xf9\x05vF5\xe0\x06*\xa5U\xd7-W\xdbo\xf0\
\xa5M\x84jC\x01H\xce\xd1\xe1\x81d]^\x15\xa9\
u\x12~\xc2\xfb2\xd9\xc2\xe3\x0d\xa6\xd6\xff\x00\x86e\
\xb7\x18\xb0\xae\xac\xe3\x09\xb3\xcel\x0b\xb1!\xf3_\x0a\
\x8cb$\x93\xee@e$q\x99\x92\xa1?^\x8fE\
\xfb\xbd\xb5\x8a\x10K\xfa\x17M`\x82HO\xe11\x07\
\x5c\xb7]\xef\xc6\xc4\xd1F\xf2\xc8#/3C* \
\x01\x97\xb9/\xd9\xce\x8b\x01\xfb\x8e\xef\xa3\xfag\xd9^\
i\xdfww\xff\x00\xdd\xdc\x86H\xfeH\x18\x84\x0b\x00\
\xec\x9dV.64n;FM~V\x0f\xf6\x9b9\
2\xc6\xe26\xed\x19\x04\xbe\xbd\xe9rw\xe6\xaaFy\
$\x07\xaf3\xa1\xce\xc1\x92\x87m\xb0K*\x0dV\xc3\
\xd2\xcad$6d\xdb\x83\x9a\xad@c\x11%\xbfd\
\xf9I\xe3\x16P\xa2,\xd4\x84\xdb\xe4\x9b)r\xcd\xb2\
\xd5_j\x13\x16Il\x14S5\xacK\xab\x00\x96\xaa\
\x84\xdb\xe0\x9b)fV\x12\xe6\xbf\xac\x7f\x11<p\xad\
S+\x10\xc1\xe4\xdb_5\x8c\x22\xd8\xc6K6KF\
wdp\xb1DQ\x115eGpY\x88`\xee\xd2\
\x15o\x0a\xb8Ef\x88\x96bm\x10\xdcq\xc6vJ\
\x08\xf3Z)\x9b6\xf7+\xb4\x96\x0f\xe1s\xae<\xc4\
s\xc7\xc3\x84.\xd5c#\x09\x82\x8f\xd5B\xa31F\
\xb1\xb6\xc8\xce\xc3\x8e\x161\xa2\x84\xf2\x19\x03\xc8\x09|\
\x11!w`G\x17\x11\xab\x15ks\xfaF\x0b\x1a\xf1\
\x9c\xc6UF\x0f(\x04\xc4\xdb\xca\xb1\x91X7\x81\xfc\
\xa3\xf6\x9bq\xc0z\xb1`\xbc\xd8w\xd6\xbcU\xd7r\
\x187\x0f\xc9\x17\xbb\x0b\xc7ma\x17\x01\xb8S3X\
\xb7\x15\xb6]p\x17\x9f\xce3\xf8n0\xd8\xaaF\x17\
\x85\xc2\xca\x05A\xe2\xa5\x19\x9a\xc0\xf0|\x91\x91\xe1x\
N\xb4P@n\x14.\xea\xca@\x01\xc3H\xd8\x00\x15\
\x1a\xd1\x8ba\x83\x0d\x91\x8a`\x07!J\x87\x5c\x90\xac\
%-\x9f\x11a\xc3\x08\xc5X\x8aE\xf2\x0c\xf1\x94\xb0\
MC\xdb\x94\xdd\x8c{\x95Ynd\xfdG\xba3\xa8\
\x1c\xb0\x01Wh6!\xf6-3E\xa5\xdbX6\x00\
\xeb;\xb3\x8f\xcccNp\xd4\xba\xec&\xdf&\xd3|\
\xd1p\x03\x18\x89,pc\x1b\x89\xc9,\xb5\xd5\x9a\xd5\
\x0c\xdeI\xb0fr\xcb'\xeb\xfaFLG%\xf0\xe8\
\xac\xe7\x05\xa4d\x91T\x0c\xa8P\x923\x06\xc9V2\
\xa3\x06\xc0\xe1:\xa2\x15\xc3q\x96\xe5X\xb0\x1c\xd9\xf2\
\xd6\xbcU\xd6\x1d\xac\xad\xcf\xe9\x19\xfdW\x8cu\xaa\xa9\
\x0a\xdc1\x97\x902\xb0\x1cW\x0d#\x00\xa0qF\xb4\
b\xd8`F\xd8\xc5@^HBT:\xd8\xd1\xf7_\
\xc6\x10\x86\xb0\x8dp\xc0R3\xb0x`]\x17_\xea\
j$P\xe3\xc8Y6\x16o\xc2\x90Cj\x047\xe1\
>`x\xd9\xf6\xeb\xb5}\x9b<\xe7+rN\xcc\xd7\
\xfe'Vl\xdeTm\xc8=N\xac\xdd\x99\x16>\xba\
\xb3\x0fJ\xf4\xae\xafFEEvi\xe2\x92Y\xb6$\
\xech\xa4C\x09~\xbb\x92_\x12\xc4\x8f<\x94n\xe7\
rN\xac\x91A\xd7]\xd2\xfaO\xa6\x8e\x9e\xc9\xe7a\
/w\xff\x00\x81\xdb\xeb\x08\x18\xf6\x11r\x14>\xa7\xfb\
\x9b\xea\xc1\xd0>\xd0I\xc95\x9d\x7fs\xb3i\x1d\x8f\
\xb9\xf6\x86\xd5\xea\xde\x91\xd5\xee\xc3/\xdam\xfb\x8e\xc4\
\x12u\xd9\xe2\xed\xa3\xab`\x94\x1a\xadV\xa1q\xb36\
\x1b6\x9c\xe6\x89P\x18\xc5k\x1f1\xfc\xb6\xe3\x5cW\
U\xab\xec3y\xcd\x85\xf2\xdbsA\xfa|6\xb3b\
\x8ae\xb6N\xcb.\xbbUu\xed5\xcd\x96\xc5XK\
j\xf9\xd64\xdb\x8fSS+\x10\xd9\x93v<\xd1(\
\x0b\x18\xac_\xc9\x88\xef\xb6\x1b*\x8b\xa6\xd5a\x19\x90\
]\x88`\xd24\x8c\x1f4\x5c\x223DIc\x86\x8c\
\x19I\xcb3!Q\x16kT\xdapIefp\xc2\
C\xed\x1e\xc8\xbe\x22O\x18+\x0426\x1a\xee%\x0a\
?\x00*\x961\xb1-\x9b\xc6v\x928X\xa2\xa8\x8b\
\xf0UZPKa\x95\xd9\xdd\x94\xfe\x14Q\x19\x90\xd8\
\x9f\x920dlp\xb9B\xaa\xbe@P&$6Y\
\x18\xc8\x8c\x1c\xe0g\x5ccY\xcf\x18\x09(\xcc\xd5;\
\x0e\xfa\xe3\xc2\xe20\xec\xadn\x1f\x92?\x90\xe0Hu\
UW\x04Po\xc9|\x15c!u\xc0\x1c\xfeq\xe4\
\x10\xdca\xb1Q\x89\x0b\xc2\xf5\x94-A\xe2\xa5\x1d\x8d\
\x81\xe0;##\xc2\xf1\x8e\xb4Q\xe1\xb8R\xf2+\x06\
\x03\x81\xc3H@P8\x83Z1$0#dB\xb8\
^3\x05(\x1dA!XJX\x91\x88\x9a\xe1\x82\x80\
\xa7\xf9\xc5\x87\x01\xb8\xead\x0aS\xc0\xb2n\xf2\xbe\xe5\
VK\x99?U\xf7\xc4Dc\x1cl*(\x94e\x88\
}\xa1\x93\xf5\x05.\xc21\xee\x0aDdJ\x0e0Y\
\x06\x9c\xe1\xa9u\xdb\x9b{\xf65\xf3D\xc0\x0d\xab%\
\x8f\xf3\x1b\xb3\x93q]Y\xaf\xc7\xbb\xf2r\x0b\xb1a\
&j=\x91\xb1\x88\x92[\x0e\x8ad$\x12\xee\xb2*\
\xaeJ\x85U\x90\x95l\xb0c\x220s\x8e\x13\xae1\
B\x1b\x8e\xa1\x8a\xb35N\xc3\xba\xb8\xe2\x80\x81\xc8`\
\xdc\xfe\xb1{\x88^1\xd6\x88<7\x19- `\xc0\
p=\xe4 (\x1cQ\xad\x19\x8dX\x11\xb61\x8a\xa8\
r\x14(qcF\xdbl\x8c+\x06\xb0E\xa9\xc6\xb8\
\x8d\xfc\xf1\x86\xc5\x05?Vd\x0e\x03\xaeJ\xab+\xb1\
o\xc2\xe1\x91\xb5\xae\x1b\x15O\x94\x1e\x1b\x10\xba\xf3_\
f\xdfvl/c\xb35\x18\xabk\xcez}Y;\
r\x22\xe0\xe7\xd3\xfaG\xd3\xe3\x8ct\xafP\x90\x0e\xd7\
\xfc\xb6F\xf2\xcbu\x9d\x9bZ\x91\x1c\x0c\xddfb{\
r\x93\x0cYV\x93\xb7\xe9\x1e\x9b\xf6`\xcb;\xee\xee\
\xff\x00\xf0\xbb\xb0\x08U\x8dY\xba\xcc\x8ca\x03\xaa\xaf\
\x895\xfc\x7fr\x1fn'\xfb\x9bT\xebM\x7f'\xda\
\xab\xee\xf5\xafH\x13t\xa4~\xca\xb2\xcb<RDu\
\xe0\x8e\x1al\x1b\x01\xb0\xbd\xce\xcc\xd1qS\xa6\xd6?\
\xa7\xcdn\x10\xfe\xddA\xab\xf1\x99\xbf\xcd\x94?\xbbh\
5\x1f\xcc\xe9\x07&\xb4]\xd6\xb1\x12\x5ck\x06\xa2\x9b\
\x0dA\xb2\xda\x8d\xb6\xd5\xf3\xaci\x0d\xc7\xaf\xb7u\xaf\
\xf2\x89q\xe6\x89_q\x8b6\xff\x00\xa4w\xdb\x86\xd5\
]\x16\xa9\x08d\x17&\xcad.\xdb2\x11p\x11\x8c\
6\xb3`\xc6\xa6{d\x97\x0e\xa2,\xd4\x04\x12\x1a\x13\
`\xcc\xca\xdb\xad_\xd6?\x86\xdcp\xadC)!\xb2\
\xfb\xbf\xcd\x16\x82\xc6<\x96\xf2\xc8wdp\x96DQ\
\x16pU\x0c\xa2\xccC+;3\x06\xfdW\xdb\x1b\x18\
\xc9$\xfb\xd1L\xa7\x1c,\xc8\xca\xa9\xe5B\xa8\x94\x95\
l\xb2\xb1\x91\x18I\xe1\x7fH\xc6\xa2O\x1c\x07*]\
\xaa\xc1\xd8\xccW\x1e\xd4\x01\x15\xda6\xc9\xce\xc8s#\
W\x92\xbe\xba*y\x15\x06l\xdb\xdc\xaed\xb8>\x07\
\xf3\x8b*Cq\xb0\xe8\xac\xcd^\x19\x0a\xca\x17\x1e\x02\
\x88\xcb0kp\x1d\x91\x90p\xbcc\xad\x14\x0c7)\
y\x01\xb0\x1cW\xbb\xb2\xe0\x0e\x01\xad\x18\xe47\x0f\xc9\
\x16|/\x19\xa8UJ\x86\xe51)k\x0e!\x12\x06\
\x0a\x02\x10Dq\x80\xd8nH\xa6J\x94\xc0\x17]\xc3\
+\xc5FB\xc5\xf1U\xf9#\x221^6\x15TH\
\xb6b\x8ee\x0c\xbf\xa8(\xd20E\xc3(\xa26\xd1\
\x95ax\xc6\xa1\x80\xf4\x12(\x90e\xb0\xe2B_5\
L\x15a\x086\xc5b\x02\x5c\x92\xd6\xf6j\xcdM7\
\x0c\xe6\xc2\xf9m\xb9\xaf\xe1\x09\x8a\xd9\x7f(\xa6BC\
\x17tu\x09\x92\x8a\xaa\xb2\x1a\x92X1\x91XHp\
3H\xc6\xb3\x9e8W\xab;U\x8b\x9d\xd5\xc7\x84\x01\
.\xca\xd79\xd9\x17\xbc\xd7\x8c\xda\xd5\x00\xc1\xe3 i\
\x14\xdc\x02\xafyJ\xe0\x0e(\xd6\x8cr\xad\xc3\xf2E\
\xfe\x17\x8e\xd4\xaa\x95\x0d\xc2\xa7m\xad\xe1X=\x82\xa8\
R\x06\xb8\xcd\xb0\xdcat\x050\x01e\x0e\x03.J\
\xa3\x09\x0b7\xe1p\xca\xc21\x86\x22\x886\x0c\xf0\x86\
`\xa61\xed4\xdb\xe4y\x01\xecv\x0fo\xa7te\
\xefK\xaf\xaa\x8cO\xa7\xfat=\x1e\x9a\xafb7\xd8\
\xdbTG\xf6\xbb5V\x0f\xba\xc1\xb6\xc4i\x5c\xb8\xec\
\x17\xd77e:\xc8\xab\xd4\x12I\xda\xf4\xce\x81\xeb\x17\
\x9f\xb2\xfb\xbb\xbf\xfcN\xff\x00T\xf5\xd0\x98\xbf\xf2\xf2\
\x18\x83F'B\xd2k\x9b\xeeK\xb0\xf8\xe3(\xe2A\
\xd6F\x12\xb4t\xeb\x11\xdbF\xc7\xaez/\xdf\xc3\x1b\
t\xa2<\x9e-=\x93\x14\xe8D\x8a\xae\x19\x8c\x9f\xaa\
\xf9F\x11)\x0c|F6\x82K+\x92\xba\xc1\xaec\
\xdd\xe0{\x942\xd8\xc8\x0d\x07\x94\xf8A\xe3`*\xee\
\x06\xc4I\xb4\x14\x1e\xd5)\xb0\xeb\x06\xc00F\xdc\x1a\
\xbeLk\xab8jev\xda\xff\x00.\xdc\xe0\xd1+\
\x87\xd3k\xfe\x22\xc4\xd6\xc3\x06*\x9aCT\xeb\xdb\xee\
\xfd\x85\xec\xdbsA\xfc\xce\x8be\xf1D\xdd\x9b5\xf6\
\x0dy\xa0\xd7\xb4\xd76[Q\xb7Z\xb9:\xbe\x0c\xe1\
\xeaJm\xc8o\x93v<\xd1(-\xab7\xf2c\xf9\
\xad\xc3eU\xd5\x92\xa4!\x9b\xdd\x9b)r[fj\
0#&\x22r\xd8dS! \xda@\xea\x135P\
\x9bX\xa1%\x81f\x8d\x84\xd9\x0b\x9aF4\xe4\x86\x0a\
\xec\xa5\xc9\x0dw3\x15?\xaaa\x15\xda\x22I\xfd\xe2\
\x06C\x8eH\xc60\x8b\x1f\x90To\xcd\xbd\xca\xe6K\
\x07\xf0?H\xbd\x87<|:\xab;T\xdd\x84\xa1@\
\xc8\x0a\xa8Y\x83X\x83\xb22\x18\xe3\x8cu\xa2\x81\x83\
\xca\x86\x91M\xb0U\xee\xec\xb8\x03\x8b\x88\xd1\x98\x10\xdc\
?$`\x92\x17\x8c\xf4e\x5c\x03\xc0\x98\x94\xb5\x81\xe2\
\x1d\x81\x80\x01x>4\x00\xd5\xb8\xeb\xb2\x8c\x08\x02\xeb\
\xbb\x15\x19U)b\xf8!}\xf1\xfb\x14/\x1b\x11\xaa\
\xac\x8bf*\xe6P\xcb\xf8R\xac\xec\x11p\xc0kF\
\xd821tS\x18\xf0\xe5\x03\x01\x22\xe5\xaa\xfbI\x7f\
\xd50\xc8\xc2 CW\x11\x81(\xc9`\xd8MY\xc6\
#\xdb\xf89P\xd9m\x80\xd0\x7f3\xa6\xd9lUL\
\xb6\xb1\xd8\x1di\x9a-6\x9ad\xb0%\xd1\xf6\x93S\
\xed\x8cj'\x8e\x15\xaadj\xb5\x9fu\x7f\xe2\x81R\
\xec\x8dc\x9d\x91{\xcdx\xcccDU\xc1\x0c\xa1\xa4\
\x06\xf5!\xcc\x922\xe0\x0e/\xc6\x8c\xc0\x86\xe1\xf9#\
RH^3P\xa2\x90\x1b\x94\xf9\xadn#^\xca\x00\
S\xfc\xe3$\xe1\xb8\xc2\xe8\xa5p\x01`\x1c\x07PH\
F\x12\x168\xc2a\xd5\x82\x8a\xb6(\x9e\xf1\x9e\x15,\
\x14\xc7\xfa\xfbv\xfb\x87\x9fN\xe8v;\x93\x95Q\xed\
\xf4\xae\x94=~\xa3G\xd3\x8d\x84\xc4k\x81Gi\x5c\
\xb3\x89M\x0fX>\xbf\x83\xee\xb0Cl\xecv&\x8b\
\xe3dy\xa7\xf4\x8fM\xfb0\xd3N\xc2^\xef\xff\x00\
\x1b\xb5\xd6\x8f\xa7 f\x8c\xbfWT\xcb\xd9i$\x02\
\x91\xd6D\x91z\xd1\x95\x94\xae\x9e\xbe;)\x9eM\x0b\
\xcd\x1c\x7fl\x87W\xd4^\x9d\x07no\x09\xfe\xeeH\
d\xeb\xce\xe9\xd8R\xac\xbe\xf4mc\x0c}\xa8\x04\xab\
\x93WfR\x83\xda\x0al\xf6\xaf\xb9U\x901\x935\
\x02\xd1\xfcJG\x1b\x0a\x14J\xb9b\x8f\xb2\xc3\xf5Z\
\x17:\xd4\x86\x0aU\x1bp5 \xb2.\x90p\xf4\x0e\
\xbbT\xda\xb2m\xcb\x0fjT\xab\xe9\x06\xd8\xac\x7f0\
9ef\x08b\xcd~=\xc2\xc3\xdc\xaa\xe0\xb6\xd0h\
<\xc4t\x83\x96\xa8E\xdc\x0d\x9be\xc6\xbc\xd4k\xd8\
h\x0d\xd6\xc1\x1bvk\xe4\xc44\x03\x86\xa6Wh7\
\x1b6\xf9\x06\x91\xd7\xdd\xa85\xff\x00\xe9\x9d\xd6\xe3X\
*\xe9\xb5>=\xdesu\xb9\xb6\xdc\xd4\x7f2b\xce\
[\x14]\xd6\xb12\x09\x053E\x11\xecjf\xc3&\
6\xddj\x9c\xack\xa6\xd8`\x8c\xead$6\x5c\xcc\
\xc1\xb2\x150\xaa\xcd\x11$\x9f|@\xcaH\xe4\x8cR\
\xa2<\xd4\xaa\xee\xfc\xfb\x94\xb3\x86\x12~\xb9\xa4\x7f\x19\
\xcf\x18+\x84.\xd57a-G\xea\xa1P\xb1V\xc9\
\xc9\x923\xb0\xe03kU\x09\xe4T4\xa0\xdb\x05\x5c\
\xbb\xb2\xfe\x00\xf8\xd1\x8a\x9bp\xfc\x91\xa9b\x17\x8c\xf4\
e\x5c\x03\xc0\x81d-|\x94;\x03/\x85\xe6u\xc6\
?\x0f\xc7]\x94k\x05\xe5\xc6\xecTq\x17]\xd8\x90\
\xc3\xfaE\xed\xc2\xf2CD@\xc01(ZP\xc1\x80\
\x0a\xca\xcc\xc25\xab\x01H\xce\xc1\x91\x8d\x91\xae\xb1\x80\
\xe5C\x80\xeb\x93G\x12\x96lUp\xc8\xc2!\x86\xfd\
#\x1b\x06IVb\x8c\x99\xd6\xc6=\xbeA\xe2\x86\x16\
2\xe6\xbf\x98\x8e\x90x\xf8\xc2\xed\xcd\xc8\x93b\xeb\xcd\
\x16\x9b\x0d3e\xb1\x8d\xb7Z\xbeD\x7f\x0ep\xc1Z\
\xa6BCY\xf6\xd4\xe6\xa9U\xb1\x8c\x92\xd9\xbc\x7f)\
\xc7\x19\x8ch\xa1<\x82\xaa\xf2\x82Z\xa49ve>\
\x02\xfb#fCn\x7fX\xfd\xc6\xbcv\xd7U\xc0n\
W\xe5\xb5\x86U\xb6Yp\x17\x9f\xa4G8`\xc3b\
\xa9\x18\x1cg\x0a\xe02\x82B0\x96\xc4\x8e)\x0c\x18\
*\x858\xa2{\xc0<e.\x14\xa7\x85\xe8u>\xef\
\xb4\xb1\xe3\xc7\xa5zSzvC\xaf\xc7\x18\x12D\xeb\
\xd7\x8c\xac\x8c5\xc2\xa3\xb2\x84\xb3\xa4\x8e#=`\xda\
\xfbs\xc3\x0c\xea\xa9\x0bM\xdb\xf4\xce\x87\xdb\x17\x9f\xb0\
\xfb\xbb\xbf\xfcr\x01\x04\x11\x917[\xecg\x0d\xff\x00\
\xf4i\x89\x12T\x82*H@\x83\xae\x07a\x03rX\
\x9ea\x13@\xbf\x1b4?y\xee\x8c\x17\xf5\x9fB\x96\
X\xe6\x9e@\x03\x94`\x19\x02\xd5\xcf\xb5@u\xc9(\
\xec\xc1\xa3\xfd,\xa6R\x02\x8b*\xd1X\xbf\xeb\x8b\xc7\
\xf1\x8cq\xca\xa0Q \xcbQ\xf7X~\xaaU\x99\xb5\
\xae\x18\x02\x91\xb6\xd1\xe1\x81t]C\xc1*\x19D\x8b\
\x96\x08\xe2B_\xf5\x5c2\xb0\x88\x10\xd8\xa4\x7f0\xcf\
\x19\x19\xeab\x1e\xdc\xc6f\xc62\xca\x1dle\xcdq\
h\x88\x85H-\x85T\x12\x8c\xb1Y6\x02\x9f\xa2\x94\
26\xb0l\x01Tm\xc0\xd4\x82\xd1\x0d \xe1\xa8\x19\
v\x02Z\xb2\xee$\x83U\xae\x1fP7\xc6\x22\xf9\x83\
p\xdb\x0b\xa45~=\xdesu\xbf\xbbnh?\x9f\
\xc3l\xbe*\xbb\xadc\xb3`\xa6h\xba\xee\xda\xf3a\
\x9dm\xba\xd89\xa2\xe9\xb6\x1a\xb7]\x84\xdc\x19\x0c\xad\
l\xd5p\x11\xb4\xe6\xcd\xe6!\xbb#\x92\x16\x055f\
\xa4.\xe3\xe4\xdc\x16`\xdb3_\xd6?\x8b'\x8f\x86\
\x0ae$6\x5cJ\x07\x9a\xadV\xc5\x18\x96\xc9x\xce\
\xd2G\x19\x8cj\xa2?\xd6\xa1\xa5\x04\xb6\x19]\x9d\x8a\
\xb7\x801\x1a1F\xb1>\xf4R\xed\x82\xceQ\x95p\
\x0f\x02\x85\x90\x9bd\xa9\xd8\xac\x0e\x17\x99\xd7\x18\xc6\x1b\
\x8c\xbb(\xd6\x0b\xcd\x9f5j8\x8bK\x1b\x06\xe7\xf4\
\x8f\xc6\x17\x99\x09E 7\x0cd\xcc\x1a\xc3\x8a\xe1\xcb\
\xaa\xa8R=\x91\x9ba\x866\x22\x15\xc2\x87eW\x01\
\x94\x12\x11\x96R\xcd\x8c.\x1dX\x22\xd5\xb0\x12?\x98\
g\x9e\xe2Q\xa3\x1e\xd2\xc8f><\xa8as.k\
\x8c\xc7\x88\x81\xcb\xd6\xab\xb8\x1b\x1b\xed\x053E\xd7\xb0\
\xeb\xcd\x96\xc5\x1bm\xab\x9cG\xf0\xdb\x0fRSa!\
\xac\xe6L\x1c\xd5j\xb61\x92[7\x88\xed'\x05\x8a\
*\xeb>\x0a\xabH\x09|\x10\xec\xf2\x15>\x00\xc2#\
\x14k\x1c\xec\x8f.\xd5\xe39J\xa8\xc1\x14\x1b\xb3\x7f\
*\xfb\x0b.\x00\xe7\xf3\x8c\x90Cp\xfb\xd07\x85\xe3\
=X\x02\xa0\xf0&%\xb1a\xc5m\x81\x94(R\x05\
\x13\xce\x1b\x9e\x9d\xe9\xd2\xfa\x8c\xca\x90\xa8\x03\xa3\xd6\xea\
\xf4\x1d!\xd2\xa4\xc5\x04\x91J\xef6+\x1e%\x8d\xd6\
\x18\xea\xf8\xd3\x02\x8e\xc2X\xf7f1\x98\x07]\x0c\x92\
zW\xa7}\xad\xe7\x9d\x84\xbd\xdf\xfd\x0b\x00\xcaU\x80\
#\xb9\xd7=\x151\xaf\xfe]\xc7\xdb\xc0\xa9:+\x99\
ay\x8cm\x08Q\x1e\xd8\xbe\xf3\x14\x17HZ\x11+\
\xf6@1\xfa\xcf\xa3\xa7\xa8\xf5\xdaN\x94+\x1fbE\
\xd5\xec\x95=\xec\x8c\xce\xac\xbf\xa8eiX*\xe0\xaa\
\x98\xd5\x8b\x80W\x17\x8b\x08\x02\x86!*\xae\xb6j6\
\xdb\x0f\xd5J\xb5\x84k\x86\x03Z|\x83!\x94\xba\xad\
\x07\xb4\xb2\x89\x00u\xc9\x08\xeb!g\xfdW\x0c\xac#\
Z\xb1\xf6F\x04\x83<dg\xa9\x8f\xc2Y7b\xbe\
\xe4VK\x99G\xb7\x1b\x22\xc4C\x1cl*\xa2\xca\xb9\
j>\xd0\xcb\xfa\xa9B\xcc\x22R\x1c)\x8e3\xb9N\
\x0a\x97\x8du\x0fk\x14\xb2\x89\x06Z\xb2\x09K7\xea\
\x95!\xb4\x82\x1b\xf5\x8f\xe6\x07\x8c\x18\xd3P5\xf8\xf7\
~=\xebqc.h<\xc6t\x86\xcbb\xab\xbb6\
\xc4\x9b\x01\x8f4ZY\xb5f\xfeDgu\xb0T\x98\
\xd7M\xaa\xd4\xba\xec\xcd\xc6\xcd\x8d|\xd1qF\xd1k\
?\xf3\xf9\xad\x99-\xec\xd5\x9a\xfb6\xf8\xcd\x96\xc5[\
nk\xff\x00\x0f\x87<`\xa6\xbbK\x07&M\xde3\
U\x0a\xb61\xb1-\x92\xd1\x9d\xa4\x8e\x1b*\xa8\x8c\x9a\
\x95S/\x92C#\xb3\xb3\x06\xfc\x0c\x22\x12\x86\xc5\xb0\
\xe8\xa6F\xc1i\x0a:\xa8\xf2\x02\x85\x90\x90\xd9!\xb6\
#\x078\x19\xd7\x10\xae\x1b\x85D\x959\x0b\xc1.e\
\xae8\xa0F\x19\xac\x1b\x99\xd9\x1f\xe4/\x19\xb5\xd1p\
\xad\xc2\x84\xcc\x1a\xc0qd\xd8\xcc\xa0\x05\xe0\xf8\xa39\
\xabp\x8d\x88\xa4\x15^\x17\x0a\xe1YA\xe0FY\x0b\
\xb1\x18Cu`\x8bS\xfc\xe2\xc3\x80\xc5\x95\x9e\x850\
\x05\x93q\xf6\xfb\x95YCm\x1e\xc1\xee\x8c\xea\x5cq\
\xb0\xaa\xa2PKa\xf6)O\xd5i\xb0\xeb\x06\xc34\
m\xd9\xa9\xfd>\x00x\xd4%vd6d\xdb\x8f5\
Z\x8b\x18\xb3l\x96\x8c\xee-\x86%\x15DD\xd4\xaa\
\x19\x05\x98\x86Wg\x90\xab~\xab\x84Vd9'\xe4\
\x8f.\xd8\xe31\x8e\xa0y\xe1U\xdd\xfbyW.Y\
[\x03\x83\x11\xa1 \x86\xe3|\x88\xa4\x90\xbcf\xa3\x05\
\xc0<\xa7\xcbkq[`e\xc0\x1c\xf4\xfe\x93\xf6\x18\
(\x19^\x9f\xa6\xc6\x9dXtQ\x15\xa4\x8d;\x0a$\
\x8dX\xa4\x0f\x14\xce\xf2\x95\x222&\x8eD\x8a1\x1b\
\xcf'\xdb\xc5\x1cM\x16\xfe\xd7\xa5z\x7f\xda\x06\x96g\
\xdb\xdb\xff\x00\xd1\xba\x87R\xae\x01^\xd4G\xa1\x88\xdd\
\x04\xbdi`y\x9e6\x8e\xaa\xa2X\xcfo\x025\xb4\
Q7]ey\xaa\xc8\xe9\xf7]B\xb1*G\xcf\xa8\
\xbd%5\xc5U\x07\xb2\xd1\xb6\xef>\xde++9\x0a\
\xa0\x15S\x1a1p\x08#db\x80\x0e1\x09\x85u\
\x0ch\xdbm\xe3\x0aC\x86TZ\x905\xc7\xef\x01\xb8\
\xeadU)\x80\xa5\xd4J\x03.J\xa3+\x96\x7f\xc2\
\xfb\xd1\x84j\x14\x9f\x8e5\x0e\x03\x16Fr\xac\x98\x00\
2\xed\xc0O*\x860\xe6L\x15\xc5\xe2\xf8\x96\xbcl\
 A\x22\xd9\xa8\xe6P\xc3\x15FR\xcd\xa9p\xd8\xa4\
\x7f(\xc8*dE1\x8c\x06(\x1c\x07\x5c\x90\x8e\xb2\
\x96o\xd5p\xca\xc2%!\x88\xa4`L2Y]\xaa\
b\x1e\xcf\x8c\xccp=\xca\xac\xa1\xf6\x83LZ?\x84\
c\x8dP\x14J\x09j\xc9\xb4\x15\xfdR\x85\x9bP7\
\xf2#;\x81\xc3\x06h\xd7H5jl\x02@l\xbb\
.vf\xab\x8a6\x8bY\xf0\x22\xf9\x81\xcc\x96\xca\xea\
\x06\x9e\xcd\xa6\xb9\xba\xd8\xabn\xcdFu\xfc6\xe3T\
\xd3m\xaf\xef\xdb\x8f4P\xa2\xc6<\x96\x1f\xc8\xed\xb7\
\x180U\xd5\x9a\xd56-\x89\x0c\xb6b\xc1\xff\x00\x19\
\x0a\x84\xc4I-\x87Ei\x0e\x0b;#*\xaf\xe0*\
\xac\x84\xabd\xablF\x0ep\x09\xd7\x18\xa7\xbb\x85C\
\x95b\xd5!\xc9\x98\xadx\xa0F\x18\x86\x0c\x7f\xa4^\
H^3k\xaa\xf8<\xaef\xb5\xf8\xafr\xcb\x808\
1\x1cG\xf0\xfce\xda\x8aF\x17\x85\xc2:\xa9P\xdc\
\x08RFf`@;\x11\x95@S\xfc\xe2\x01\xc0n\
2\x19(c\xc0\x16]\xa4TYT\xa0c'\xea=\
\xf1\x91\x18\xc1l\x22\xa8\x91r\xc5\x1c\xc8\x19?U*\
\x5c\xeb\x18`\x08\x8d\xb7f\xa4f1\xa7<z\xfbv\
\xe6\xff\x00&\xef\xf3E\xae\x1bU\xad\xff\x00H\xee\xb7\
\x18\x95U\xd4MHS \xb1!\x95\x9d\xa4*\xf9\xc2\
\xe1U\x9a2I>\xf8\xc6\xc3\x8e32T'\xe2\x8b\
\xbb\xf6\xf2\xac\xcf`\xdf\x81\xecF*m\xc2.\x8a\xc4\
\xaa\xf1\x9e\x8e\x06\x01\xe0LK\x9b\xf9\xf4\x9fO\x97\xd4\
\xa61\xc6\x15\x07G\xa6\x9e\x9d\xd1\xacz\xa6\x0e\x9b\xe3\
\x89\xc1\x8e0\xd2\xacs\xaa\xba+q!h\xa6w\x91\
\x94\x89\xbbAb\x11E\xd7\x0d\xd9\xf4\x9fM\x1d;\xcb\
3m\xee\x7f\xe9dE\x966I\x142v\xba\xb2u\
g\x8e7\x90\x98D\xa1\xfbL\x16 \xa68O]$\
y(\xeaT\xf6z\xd8\x8dR.O\x88\x928\xa4\x85\
&o\xa8}\x06N\xdc\xcf\xda\xebR\xff\x00\x97e\xa8\
VU\xd6\x8c[\x0c1\xb1\x05p\xbcf\x08\xca\xac\xa0\
\x9a0\x96\xc4\x8e)\x12+*\xa8S\x8dq\xfb\xaa\xdc\
t.\x14\xae\x00,\xa2`\x0a\x82De\x1d\x99\xc8!\
~D!\x14)?\x1a*\xb0\x0cZ6v\x0c\x98\x00\
:\x99|&\x0a\xa9\x8d\x5c\xb6\x18cd^\xd0\x17\x8e\
DtWP\xc7[n\xbeF\x10\x87\xb0D\x0a\xc0j\
\x8c\xec\x01\x83.\xc8\xd7^\x00b\xaa\xea\x1drDl\
\xb237\xe0a\x91\x84K\x82~8\xc0\x91lY\x19\
\xe8\xd1\xfe\xa1\x93q\xc2\xfb\x95Y\x03m\x1e\xdc^\x11\
\xa8c\x8dU\x0a\xb2\xaeZ\xaf\xb87\xfcR\x8d}k\
\xee\x02\x91\x9d\xab\x9e0,\xab\xa4\x1a\xb1\x8fj\xdc{\
\x82\xbd\xd8\xcb\x9a\xae(t\x83g\xfecvr\xd7\xca\
\xea\xcd\x06\xbd\xa6\xb9\xb2\xdb\x0d\xb75\xc11\xfc!\xb8\
ji\xb3!\xfeM\xd8\xf3U\x0a-\xa8\x92\xdf\xf4\xbe\
kq\xac\x15DY\xa9\x08f\x16&\xc8]\x8b\xdf8\
8\xa3\x18\x89\xb3{\x91L\x84\x82Y\xd5\xd5S5U\
Q!\xa9\xcb+\x17F\x12\x13\x8c\x98\xe3\x1a\xcex\xc1\
\x5c\xa9f\xc1\x0eL\xa5O\xe1@\x8c;+[\x9f\xd2\
<\xbbW\x8e\xe6:\xa8\xc1\x14\xcc\xd9\xbf\x95c!e\
\xc0\x1c\xfeq\x13\xe1\xf8\xc3b+\x0a\xa8/I\x02\xd4\
\x1e*RF%\x81\xe2\xfc\x8a\xca\x00B}\x91\x80@\
n2\x97\xa1L\x01u\xdd\x8a\xf9Uh\xd5\x8b\xe0\xa8\
\xf9#\xc2\x00\xbc8DP\xebf(\xcc\xea\xc9\xfa\xad\
6\x10\x8b\x82\x01Dm\xa0\xd4\x8b\xc64\xae\x03\x94\x15\
\x12)-\x87\xdd\xe4{V\xb8}Y\xb7\xfd/\x96\xdc\
k\x04]V\xc1\xa1qrl\x19\xcc\x84>j\xb8U\
c\x11%\x8f\xba1\xb4\x91\xc2\xe6:\x84\xfdj\xbb\x7f\
>C4\x85\x95\xbf\x00\xd22P\xe7\x8d\x87\x8dY\x8d\
x\xce\x12@\xa8\x09_I\xf4\xc7\xefv\xaa\xa7\xc7\xa5\
\xc0\xa9\xd5n\xb2* _\xf6\xfdsR\x92\xf1\xd7|\
q\xbd\xa3\x8f\x8d0\x8b\xb0\xaa\xd1\xabr{\xf5gP\
\xb8\x9f\xb1\xe9^\x9c:v\x96V\x12\xf6\xff\x00\xf4\xf3\
D\x93D\xd1\xca\xa1\xd0\xc6\xfd9\xd7\xae\xe31\x22\xfd\
\xbcR;4r\x06\xff\x00q\xd6\x14\xd7\x17%\x94u\
\xc4Q:G)~\xbb\xbfs`\x99@\xf5\xafN\xff\
\x00P\x9aI:\x90$R`\xc4\x1a\xd8<a\xb1\x14\
\xe5T3\xd5\x95YA\xe5\x0a\xc8X\xb0<S\xb1Y\
@\x0b\xcf\xe6\x9ep\xdcu/V\x0c\xab\xcd\x98\x97\x04\
\x03\xc5]l\xce\xcc\x1b\x80\xec\x8c\x80\x02\x92u\xa0\x0c\
\x15\xb8\xc8]\xd5\x83\x01\xc5\x92\xd2\xb0\x0a\x01Q\xa9X\
\xb6\x18\x7fX\xbcax\xcdJ\xab\x00\xc6\x8d\xba\xd6\x18\
F\xd9eE\x0aG\xc7\x19\xb6\x1b\x8c\xa6DR\x98\x00\
\xb8Y\x15X\x02\xca\xae\x8e\xcc\xff\x00\xaa\x9b\xc6\xda\x85\
X\xfb\x11D\x82\xcc\xc8\xccT\xa7\xe02\x99\x88U\xf7\
\x00\xc8\xace\xf20d\x8ck\x00\x07!(\xae\xb6b\
\xaf\xba\xdf\xf1R\x1a\xe2%\xc3()\x19\xda3\xc7\x0c\
\xca\x9aG\xb4\xb2m\x16_ 8v2~\xab\xe66\
\xd2\x0eO\xb61\xb4\x12X=\x94\xc4\x0dAM\x86\xa3\
\xde2\xaa\xdbA\xaf\x96\x8cj\x07\x84\xa6W`\xf7|\
\x9b|\x8fb\xd7\x0d\xa4\x1b\x7f\xd3\xf9\x81\xe3\x16\x015\
\x03O\x8fw\xfe\xf0\x5c\xdcJ\x0d=\xb5:rY\xb0\
Uv\x92\x18\xb3\xab\x80\xb9\xaa\x84\x125\x0eX\x12\xc8\
\xc2\x5c\xe2\xc5#\x1a\xb3\xcc#\xb2\x978evi*\
G\x81TVd6\xe6o\x1ed5\xe3Hc\xa8Q\
\x91A\xbb7\xf2\xb2\x17,\xa7\xc0\xfeq\x920\xdc \
J\x8ar\x13\x86Mr\x05\xaex\x12\x92f\xd9\xe0;\
U\x97\xc2\xf3\x228\x808n2\xec\xa1R\x17\x81\xd7\
~+\xe4!\x8c;6\x08\xc6\xc8\xbd\x80/\x1f\x08\xaa\
\x1f\xdcJ\xb3:\xb2\x1fh(dj.\x18)Dm\
\xbf\xae/\x18\xd41\xc6\xa7\xb7g\xedW\xdb\x93\xfa\xad\
p\xda\xb3l\x11\x19\xdb\x9c5\xaa\xbasR\x10\xc9\xef\
\xcd\x86\xcb\xb6\xcc\xd5|+\x18\xb3c\xee\x8cm\xc8.\
J\x15\x11\x9c\xadSh\xc9\xf7\x06gf\x0f\xf8L\x22\
1C\x9e\x11\xb1\x01c\xcfO\xe9I\xdb\x99U\x17)\
\xd1\xf4\xd8z2\x81\x14\x991\xbb\xcc\xb2#U@\xf8\
 \xca\x15\x93\x92.\xe8\xe3vd\x8f\x9d\xbe\xdbu\xe6\
\x8e\x18\xa0\x13\xf6=+\xd3\x87R\xf3L\xdb{\x9f\xfa\
\x99\xe2I\xe2h\xe5P\xc8\xe8}:C\x1c\xff\x00*\
\xb0\xfb\x9e\xb2\xb6c\x88K&\x83\x14E#\x93\x9a\x0f\
\xde\x997/\x11\x87hM\x12\xc7\x14'\xd7}\x12\xbd\
\x7f\xb9\x85\xa3\x91\xe4[\x81\x92\x13\x85\xea\xe1J\x83\xc5\
J\xb9b\xc0\x95;\x15\x97\x01y\xfc\xe3\xff\x00\x0d\xc7\
M\x95 \xaa\x8d\x9f \x15\x1cU\xd6]\xac\x1b\x80\xed\
\x8c\xfe\xa9\xc2u*\xa9\x01\xb8T\xbb\x82\x0a\xf0:\xbb\
\xb0QR\x17R1\xca\xb0#dc\xf5@\xcc\x10\xaa\
\x95\x0d\xca\x1d\xb6\xb0\xc2\xb0\x92\xca\xaa\x14\xff\x00(\xfc\
\xd5\xb8T\xc8\xaaW\x00YD\xa0\x15\xcb*\x14fg\
 \x81\xf2F\xc1\x00N\x1cF\x8a\xae\x03\x16\x8d\x9d\xd5\
\x93\x00\x07V\x94\x85QeS\x1a\xb1p\x08#db\
\x80\x0e1\x09Q\x22\xd9\x82>\xeb\x9f\xd5\x08`\xc25\
\xab\x7f8\xb1 \xcf\x19L\x8a\xa61\xed,\x82l\x15\
\x16\x01\xd5\x9c\xca=\xa3\xdd\x19\xd2\x08-\x85\x8dD\xa3\
,\xca\xe5\xd4\xa7\xea\x0al4\x1e\xe5\x05Q\xb7\x03Z\
\x96\x8ck\x07\x06\x80\xae\xc1\xee\x0b&\xd2O\xea\xa5H\
m \xd8\xf8\x8f\xe6\xc9\xe3[\xd9\xa6\xd4\xf8\xf7\x7f\xef\
K\xfb\xb6\xe6\xab\x8a\xfcY\xcb~\x8b\xba\xd9%\xc3\x80\
\xb9\xaa\x84\x0e\xd4&\xcb\x93\x1b\x09sRi\x18\xd4N\
\x08Vd.\xd8egiJ\x9f\xd4a\x15\xca\x1b\x1f\
\xde<\xc8q\xc6v\x8c(O\xd6\x8b\xbb\xf6\xf7X\xbb\
2\xb7\x81\x9dq\x92\xa47\x0f\xbd\x14\x96\xa7\x1aB\x92\
\x01\xf9\x14\x0b!6\x07\x80\xedF\x18\x0b\xcf\xe7\x18\xfc\
7\x19vQ\x81\x0b\xcb\x8d\xd8\xa8\xca\xa9\x8dX\xbe\x08\
\xfe\x91\xe1\x00\x1cl\x22(\x90X\x94fud\xc0\x01\
\x94\xc8B.\x0a\xa9Em\x83\xdb\xfb\xc7\xf1\x8cq\xea\
\x0a\x89\x06Z\xaf\xba\xdf\xf1Z\xfb\xb5\x83p+\x19\xda\
\x0e\x1b%WP5:\xf6\x0b\xfe\xc2\xf77\xcdT\x00\
\x8d\xab6>c\x1bm\x96,\xa1Dy\xa9T\xdb\xe7\
9Vg,\x1c\x90\x17\x0a\x84\xa3g\x9e\x99\xd1n\xf4\
\x8bf\xa4p/\xfap\x8a\x0e\xb65\xacQ\xa7d\x91\
!/\x1c\xad:\xc9\x1b\x95\x00\x11\xd7\x80\x98\xdcI\xce\
\xe4\xa5\x92\x1dk~\xcf\xa5\xfa\x7f\xda\x06\x96g\xdd\xdc\
\xff\x00\xd5\xf6\xba\xf1v\xfa\xef\x07a\x03\xc5\xd9\x89\xe1\
\x9a.\xa7fL,\xb3}\xbbE\x15c~i\x03\xba\
d\xdc3\x14\x9fr\xb2\xc7X\xe2\xe3\x7f\xb5\xea\x92\x0c\
s\xf3\xea?H^\xc4\x09\xde\x83TNX\xac\x95+\
\xc0\x94r\xd6\x07\x8av#\x0f\x09\xcc\xea\x8f\xfe-\xc7\
M\x956U\xe6\xcf\x96\xb8\x1cE\xa6[*\xdc\xfe\xb1\
\x9c\xe18\xc7Z\xaa\xfb[\x85- k\x01\xc5{\xb9\
P\x02\xf0\x0dh\xc7*\xdc?$@\xe4/\x19\xe8\xca\
\xb8\x0d\xcddKk\x0e!\x12\x06P\x15O\xf3\x8f\xcd\
[\x8c\xbb\x15J\xd5E\xc0\x94\x0a\x82U(Y\x98\xa9\
\x03\xe5\x8c\x85\x0a\x9c?\x1a\xa8`\xacY\x0b\xc8\xac\x08\
\x00:\xb3\xb0U\x00\xa2\xeb\x8d\x8b\xe1\x81]\xb1\x8a\xe1\
x\xc4%U\xd41\xd6\xdb\xcb\xe4UJ\xb8uE\x0a\
q\xae/x\x0d\xc6S C\x1f\x85.\x82l\x15\x05\
\x80egi?\x1f\xba\x11\x18\xc7\x0e\x11U]lJ\
\xb1\x902~\xaaP\xb9\x08\xbe\xe5\x05#m\xa3*T\
\xba\x0dC\xc3\x14\x0c\xa2U\xcb\x05}\xb6?\xaa\xd7\x0d\
\xa8\x1b\xb0\xacch<k\x9a\x98\x81\xa8\xa6\xdf\xc7\xb9\
C\x8bn\xcd@\x1a\xf3\x0eO$\x18U\xddl\x9b\xec\
\x15\xcdT%\xce\xbc\x96\x19\xa3m\xb5NV!\xa7<\
j\xb3)rC\x87c!V\xcdR\xaa\x19\xa3$\x9f\
\xde<\xc8\xd8\xe39\x8e\x8a\x87\xc5\x10\xcd\x92\xde\xe2\xc5\
\xfc1\xc0\xce\xb8\xc9\x8c\xdb\x8c\x04\x88\xac\xcc\x14\x99)\
\x22\xae2\x02\x84vk\x03\xc0v#\x03U\xe1\xf8\xa3\
\xff\x00\x0d\xc6\x1b*r\xab\xcb\x8d\xf8\xa8\xe2\xa6\xb5f\
b\xac\x07\xc9\x19\x00*\xf1\xb1\x1a\xa8 9(Z@\
\xcaF\x03+HB\xa8\x05T\xc6\x8cd\xc1\x5cl\x8b\
\xe3\x00q\x88Z\x89\x06Z\xaf\xba\xc3\xf5Z\x9bj\x04\
0\x05c\xf9A\xe1\x05\x95u\x03V\xa5\xc6\xcc\xdb\xdf\
spj\xb8\xabk\xcd\xbf\xe1\xf2\xe7\x86\xc0.\xac\xd4\
\x84\xdb\xe76R\xccX>k\xe9^\x9f'l\x93\x10\
4\xe9\xf5a\x8b\xa5\x18l\xc7\xc7\x99\xfa\xec\x89\x0b{\
\x168\xd7\xb4q!/\x1c\xad8\x91$`\x16^\xc7\
\xda\xc6\x89\xd4\xff\x00s\xd9\xf4\xbfO\xfb@\xd2\xce\xfb\
\xbb\x9f\xfa\xde\xc41\xf6\x22h\xe5P\xc8\xf2vzs\
\xc7\xd6\xec*\xc9\xc1\x00N\xe3>\xe0Z9\x0ff9\
cmq\x82~\xdb\xad\x94d\x97\x9d\x98W\xb4\x91H\
\xd2G\x17>\xa3\xf4\xd0\xbd\xb6=d\xf2\x16\x8c\xc7 \
\x90v#\x03\x85\xe6u\xa0\x03\x0d\xc7[\xb2\x9b\x05\xe6\
\xcf\x9a\xb8\xe2\xae\xbb6Cs\xfa\xc7\xe7\x0b\xc6mJ\
\xaa0\xdc\xa0i\x03_\x04=\xd9\x97\x00p|h[\
!\xb8~TS\xed^3\xebeR\x03p&$-\
px\xad\xb1Yp\xab\xcf\xe7\x1f\xf8~2\xec\x08C\
\x05\xe6\xcf\x94-G\x11u\xd9\x89V\xe7\xf4L\x0a\xaf\
\x09\xd4\x8a\xb8W\xe3FZ@C\x01\xc5p\xd2\x15\x0b\
\x8eF5\xa3\x12Cp\xfc\xb1\x82\xb8^3\x05eV\
[\x10\x84Kb\xc3\x8aD\x81\x95\x14)\xfe1a\xb0\
\xdcu2\xd4\xc7\x80\x0b\xa6\xdcT\x16\x5c\xa5\xcb\xe0\x81\
\xefO`\xc7\x0f\xb1\x00q\x92Q\x8b\x86_\xc2\x95g\
!\x06\x0a\x8dhv\x00A\x05\xd0k\x18\x0cP\x15\x12\
.Z\xb2n\xb3~\xab\x82\x18B0\xcc1\x18\xda8\
\xca\xc6\xba\xb3_\x8fo\xe3\xdc\xa1\xfd\xdbsQ\xfc\xce\
\x90y/\x84]\xb9\xcbl\xd8\x0af\x8bK53a\
\x9a6\xdc\xd7\xcd\x06\x9c\xe1\xaa\xcc\xa6BCZM\x85\
Nk\x18\xc2\xb1\x88\x96c\xef\x8f\xe6$q\x99\xa3\xaa\
\xc7\xe4Q7~\xc6\xca\xcd%\xd5\xff\x00\x03\xe3\x8c\x98\
\xcex\xd8uR\xedRd)(@2\xaa\xa1\x19\x88\
k\x15m\xa8CaxN\xb8\xc6\x08n0\xd9F\xb0\
^l\xf9\xf1\x81\xc5]a\xdb!\xb9\xfd\x22\xff\x00\x8a\
q\x9bZ\xaa\x90\x18\x94-(`\xc0q]^B\x15\
B\x95\x1a\xd1\x8b\xe0\x8cl\x8f\xd8\x00\xe3\x15Z\x87\x5c\
\xb5_u\xb20\xa5M\xb5\x82\x18\x0aFv\x0c\xf1\x81\
eC\x10\xf0\xc5,\x03\xaf\xb8\x096\x1b\xfe\xab\x8c6\
\xa0l\x7f\x9f\xcbn5\xb0\xba\xadR\x13g\x9c\xe7\xd1\
\xbd6oQ\xec\x10\xf9Xz\x1dh\xba]6\xfb\x03\
&[\x12B\x8f\xd9g\x0d$\xd2@\xd1\xac,u\xac\
Q\xafg\xc3\xb1y\xfb\xb2\x11\xa2\xa6i\xbd\x1f\xd3\x07\
EZY\x98K\xdc\xff\x00\xd7\xf7:\xd1w:\xed\x0c\
\xeb\x94\x8a&\xe9\xf7\x84]\xb7f\x969Of)R\
B\xa8\xac\xdfk\xd6\x1a\x99d\xe4\xc8\xb3\x88\xa5yR\
&n\xc3/tB\x10\x15\xf5\xcfB\x11m\x9f\xa92\
J\xde^6\x0f\x85\xe6u\xaa\x85\xc1\xe3\xa5\xd8\x1b\x05\
\x22L\xcaW\x1e\x14\x08\xd5\x980ngdyb\x17\
\x8c\xda\xc2\xaa\xe0\xf2\x80\xca\x0d\xb1\xc5s#2\x9c\x0e\
\x0f\x8d\x09\x047\x0f\xc8\x8aIU\xe1z:\xae\x01\xe0\
Z\xbb5\xc1*\xdb\x11\x87\x85\xe7\x88\xa3\xfc\xabq\x97\
m\x1a\xc1y\xb7\xe6\xc6\x07\x15u\xd9\xac\xad\xcf\xeb\x1f\
\xfcS\x8c\xda\x95W\x01\xb8c\xb4\x80\xd8\x0e\x09/!\
P\xa0p|H\xc7!\xb8~X\xd4\xf8^1\xab(\
1\x864\x22[\x16\xe0;\x15\xc0P\x9c|E\x10\xba\
\xd8\xb82T\xa7\x81a\xb7\x15\xf2\x14\xa5\x8b`\x81\xef\
\x8f\xda\x02\xf1\x88EP\xea\x18\x94c `F\x15\x95\
\x99\x82.\x19~4;\x00 \x8b\xc6\xa5\x06\x032+\
\xa8\x91r\xca\x8e%,\xdf\x85!\xd5\x84k\x86>\xc8\
\xf1(\xcf\x19Y\xaab\x1e\xdc\xa6\xecc\xca+\xad\x8c\
\xb9\xaa\xfb\xa3\xf8A\xe3\x10\xa1v\x8c\xb3\x87\xda\x0c`\
\xd5)c\xaf7\x03\x08v\x86\xc1\xcd\x06\xac\xe1\xe8Y\
v\x13`d\xd8Cf\xb1\xf8V0\xe6\xc7\xf9\x8d\xf6\
\xe33-5f\x94M\xff\x00\xb1\xb2\xb3Ia'\x85\
\xcd#:\x98\x92\xd8\x91\x15\xa4b\x0b;$\x8a\xab\xe5\
B\x84v!\xecC\x19Q\x83\x10\x01:\xa3\xf6\x90\xdc\
e\xd9V\xb0^m;\xeb\x8e*\xeb\x0e\xd6\x0d\xc1\xf2\
\xc6\x7fU\xe3\xb6\xb5E!X\x95-(`\xc0\x05{\
;(P\xbcU\xd7\x1b\x13V\x07\xe5\x8cV\xab\xc7`\
\xb5WP\xccQ\xf6\xdb\xc6\x10\x86\xb0E\xa9\x03\x5cg\
`\xcf\x082*\xeb\x1e\x18\xad\xc5\xc6HW\x0eK\xfe\
\xab\x82\xad\xac\x10\xc7\xc2|\xa1\xb8\xd6\xf6\xeb\xcd}'\
\xd3\xbe\xff\x00\xb6\xab\xfa\xaf\xa6\xf5[\xae\x8d\x0b+\xac\
\x09U\x85\xdb\xaad\xbb{\xe1V\xed\x17\xb3\xcb,-\
\x1a\xc0[\x5c\xed\x1c3\xa8\x8e\xf2\xf6=;\xa3\xf6\xec\
\xf3\xce\xdb{\x9f\xf6\x1e\xefV.\xe7\x5c\xc50\xf0\xc6\
Uf\xe8\xfa\x8c\x80;?\xda\xf5\xd7C\xdf\x93\x22N\
b\x96IDn;.;\xba@\xf6\xc7\x12u\xc4\xb2\
\xc5*\xca\xde\xb5\xe9o$r\xf6\xe3\x00\x02\xc6%\x01\
x\xea\x19\xc6[\x049iJ\xf1p\x8a\xcc\xac\x1b\x87\
\xe4\x8c\x175\xe31\x8e\xaa0A@f\xcd\xf8$\xd8\
YN\x00\x1f\x1cd\xa9\x0d\xc6\x17Eb\xc1xd\xa3\
\x85\x1ex\x14+\xb3Z\xc5[b\xb08^gT~\
\xdc7\x1dvT\xe5W\x9b>j\xe0q\x17Xf\xb0\
n\x7fX\xfc\x95^11\x05_kp\xa5\xa5\x06\xe0\
\x15{\xb3.\x02\xf0|Q\xb1\xca\xb73uV\xc8^\
4\x94`\xa4[\x98\xc4\x99,\x0f\x04\x9b\x15\x80\x01x\
\xedH\xfd\xd8~6d\xa9R\x17\x9b\x01\x97\x18\xe2|\
a\x89 \xf0|\x8b\xe2\xab\xc7j*\xab(cF2\
\x86\x07\xc2\xb2\xb1`\x8b\x82\xbf\x1a\x1d\x80\x10F\xc4Z\
aC:\xac\x80:\x86*\x8c\xb23\xb9\xc8\x1e\xf4a\
\x1a\xd5\x8f\xc7\x10\xd8\x03q\x95\x9e\x8d\x1f\xeb\x94\xdd\x8a\
\xfb\x91Yle\xfdG\xba3\xa8\x1c\xbdB\xae\xe0l\
\xe1\xcc\xa0\xa8\xf6\xadC6\xb0l\x01T;\xb3\x83\x9a\
.\xac\xe1\xa9q\xb36\x1b6\xfb\xf3T\xc6\x1bM\xac\
\x7f\x98\xddn1`\x14C\x9a\xe2=\xfeI\xb2\xb3\xbd\
\x84\x99\x0a\x08H\xd8\xc4I\xe3a\xd1L\xacA22\
H\x14~\xa1U\x1d\x8a\xb5\x9a\xc6Da#`\x13\xae\
!Ow\x1dD\x85X\xb0^l;\xa9\x8e\x22\xeb\x0e\
\xd6\x0d\xc0v\xc6A\xc2\xf1\x8e\xb4U\xf0\xdc)i\x03\
\x06\x03\x88\xe1\x9c\xa8P\xbcQ\xad\x18\xe5[\x87\xe4\x8c\
b\xa9\xc6eJ\xab(cF\xddl\x8c#+YQ\
j\xc0k\x8c\xec\x19\x04lU\xd6<1P\xea$\x5c\
\x90\xac$b\xdf\xaa\xe0\xa3\xeb\x046*\x83h<\xf4\
\xbfK\xecw\xdchG1uz\x9d>\xb3$4`\
\xd1\xee.\xff\x00r$\x11\xa6\x04N\xddm\x97ot\
*{[-4\xd2@\xd0\xa7^\xed\xcfM\xe8\x0e\xb1\
i\xa6!\xfb_\xf6?P\xe9E\xdf\xeb\x98\xa6\x07\x82\
N\xc7H\x9e\xa4\x9f\xf9\x89\x929\x9a9&\x9b\x5c\x83\
\xb1)\xeei\xc1\x09\x12\xa4\x0b$\x90\xcb\xb5\xe4\xff\x00\
w\xd4?u%\x07\xd4~\x93\xf6\xb4\x97\xa8\xd7FU\
i\x06[\x05\x5c\xbb\x958\x01p\x88Y\x0d\x897\x8c\
\x19\x0dx\xcec\xaa\xaf\x91E2\xe6\xdeU\xf6X\x1c\
\x0e\x7f8\xf2\x87<l:\xa33T\x97) Q\xf8\
\x0a\x11\x98\x86\xc9\x0d\xb26\x0cq\xc2\xda\x90T\x86\xe3\
\xa8z\xb1`\xbc\x0f\x99J\x7f\x85\x024fSng\
dyb\x17\x8d&\xba\xaf\x86\xe1@f\xcd\xf0VK\
\xb3\xae\x00\xe0\xf8\xa3$\x15n7\xca\x8a\xc4\xaa\xf1\xa4\
\xa4\x8a\xb8\x07\x94\xac\xa5\xac\x0f\x01\xda\x8c\xb8\x0b\xcf\xe7\
\x18\xfd_\x8c\xbb\x0a0 r\xff\x00/\xeb\xc5ZX\
\x92\x0f?x\xfcax\xc4 P\xca\x18\x94;C\x06\
\x1cV\x0eX*\x85#\xd9\x19\xb6\x1b\x856\x22\x95\xc0\
\x05\xd5dUe\xb1X\xd9df|`a\xa3!\x14\
+\x1f\x8e0$P\xdcdi\x0a\xb4\x7f\xad\x93v*\
,\xaaP9\x93\xf5\x1e\xf8\xbe%\xc7$\xa8\x0b\xb4\x1b\
VM\xa0\x8c\xd1jKk\x1e\xecV3\xb4\x1c\x10J\
.\xac\xd5\xa9u\xd8\x0d\x86\xcd\x84\xb0\xf6\xae\x02\xb1\x8b\
6\xf0c\x1b\xad\x96\xb8\xae\xac\xd7\x11n\xff\x006\x05\
\xda\xfbsO\xd62a,x\xd8dV\x99\x88b\xec\
\x92*\xaf\xea\xaa\xaa\xecU\xb2\xca\xc6Da#`\x13\
\xae!C\x90\xe0IFg\xa9\x126\xea\xe3\xc2\xa8K\
\xb0`\xdc\xce\xd8\xcd\xaa\xbcc\xad\x15}\xad\xc2\x96\x94\
0`8\xafv*\x14\x0e(\xd7\x1b\x13V\xe1\xf9#\
\x04Ux\xedJ+(cF3X\x11\x85!\xcb\x04\
\x5c5uE\xee\x19\xe3\x0b\xc6\xb4\xf1\xc2T~\xe3-\
B\xaeY\x8f\x8c\x02\x8dL\xdf\xd3=6N\xc9\x05\x94\
\xeb\x8f\xa3\xa7\xad\x12\xf4U\xb5\xb2B%S \xf7\x88\
\xe5\x05\xcf`\xb50\xab\x1b}\xb5\xf6Nk\x1cb`\
\xf2v=3\xa3\xf6\xc0\xc91W\xec\xff\x00\xd9{\xfd\
8\xfb\xb0\xd2\x5c\x82\xa0\xb7p\xc1\xeaM\xaf\xb6&\x98\
\xf6\xccG\x228Dp\xac\xb2u\xe429o\xb8\xeb\
g\xb5!^L\xed\x0aE\x1c\x0f\xf1\xfdM\xe8\xf1\xc3\
\xd9\xdd\xd75\xe0vve>\x02\xe1\x11\x8cmbM\
\xd0\x19\x1b\x1cgd*\xa9\xf8\xaa\xee\xf0\xdeU\x8b\x86\
\x0d\xf8\xce\xb4\xca\xb6x\xd8p\xac\xedSr\xb2\x05\x1f\
\x85P\x85\x88{\x10vFlp\x09\xd6\x80!\xb7\x19\
C\xb2\x96`\xa6\xe4\xcaW\xfc&#Veks;\
#\xcb5x\xcf\xac*\x8c\x1eS3f\xfeRC!\
e\xf0\x00\xf8\xe2%X7\x1f\xe5EbB\xf0\xc9\xae\
E\x5c\x06\xe0@\xb2f\xc0\x95!\xe3+\xe1x=\x90\
\x8f\xc3\xf1\x93c)\x0c\x07\x04\x9f.*8\x05.r\
\xad\xcf\xe9\x1f\xf8^3k\xaa\x95\x0d\xc6Be\xb5\x87\
\x15\xaeY@\x0b\xc5\x1a\xe3'\xc3\x82\x86DR\xb8\x01\
\x9c$\x8a\x0a\x82V2\x8e\xcc\xcc\x08S\xb26\x08\xa1\
I\xf8\xe3\x02E\x0d\xc6Fr\xa5<-\x97o\xea2\
\xa8\xc8\x1c\xc9\x82\x00\xd9\x1e\x22\x5cr\x5c(A*\xe5\
\xb0\xfbl\xa3\xda\xb5%\x84`\x86\x19H\xd8J\xbe\x08\
-\x18\xd4<1@\xcb\xb0\x1b\x00\xfb\x0d\xb3U\xc5[\
M\xad\xe0\xc67[-q]V\xa6#\xdf\xfen\x85\
\xcd\xf7Z\x80\xd6,\xc3n>\x19\x15\xa6$1\x91\xd2\
UU\xfdUQdj1,\x09\x91XH|g\x5c\
CY\xcf\x1c\x09(\xce\xd5;N\xea\xe3\xc2\x81\x1d\xc8\
k\x1c\xed\x8c\xd8\x85\xe36\xb4P0\xdc)y\x14\xdc\
/\x03\xdd\xd9p\x07\x17\x11\xc4\xc7!\xb8~H\xc7\x95\
N3R\xaa@~P\xee\xb5\x87\x14\x86\xb0U\x0a[\
\xda\x84\xb6\x1b\x8d\xf2B\xb5\x18\xe32\xa9\xc3\x0c\xb6\x08\
v'\xf1\xe9\x1e\x9a\xfe\xa3#,\x0b\xe6\x1e\xb4}\x1e\
\x96\xa7\x8c\xd6Ei\xa1\x0d\xd7V*\xc6\x0d\x81d\x1e\
\xfa\xbe\x1fu\xf5\xcb*,?\x09\x91\xe5\xf4\xfe\x91\x80\
\x99\xbb\x0c$\xed\x7f\xd9\xfdK\xa3\x17~\x0aI\xedx\
;\x1d\x9f\xbd=.\xe9\x02X\x82D\x92I\xd6vy\
\x18\xee\xeb\x83\xdbv\x1ci$\x87Ju\xd9\xb5\xcb\xd6\
\xeb\xcd\xdb\xf9]\x83\xfa\xcf\xa6\xc8\xb2K4q\x91\x1f\
\xe8\x84\xc6NO\xb9\x01\x90\x90Y\xd9\x0a\x88\xf3P\xa8\
$\xf0\xc6\xca\xc5\xc3\x07>3H\xfd\x87<l8B\
\xed\x83r%\x0a?\x0a\x15\x0b\x14k\x10vFnq\
\xc2u\x22\x849\x0e\x03:\xd9\xaaD\x8c\xf2\x15>\x15\
@DfCb~D\x05\xcdx\xeec\xaa\xae\x08\xaa\
\xee\xcd\xfc\xab\x99C\xabx\x1e\x22\x8c\x95kq\xfeD\
V,\x13\x9b) Z\xe4\x05\x08\xec\xd6\xc9\x0d\xb1\x18\
\x1c/\x0f\xc4\x83\x18n\x14\xbb)\xb0\x1c\xbd\xa5\xc0\x5c\
qV\x81\x9b!\xb9\xfd#\xff\x00\x8a\xf1\x9b]W\x0a\
\xdc)\xf2\xda\xc3\x8a\xd7\xb0\x00/\x07\xc5\x17\xfc\x5c:\
\xedD*UCH\x16@\x0a\x86!\x0a9bA\x0a\
vF\xc1\x00R~8\xd48\x0d\xc6C!VL\x01\
u\xdb\xfa\x8c\xaa\x98\xd5\xcb\xe0\xae/\x1f\xc61\xc7\xaa\
\x05Y\x05\x8b+n\xb2\xfe\xaaT\x96\x11\xae\x18-#\
;G\x86\x17U\xd4<1[\x01 \xf7\x01 \x90\x96\
\x1e\xd5\xc6\x1bP9>#\x02`\xd9%\xfd\xba\x83W\
\xe2\xdd\xfel\xb7\xf7n\xcd\x07\xf2\xf8-\xc7\xc1E3\
\x16\xb9gY\x00L\xd1B,\x8d\xac\x92\xe1\x99\xd1\x84\
\xa4\xd74\x88j$\xf1\xaa\xf4i\x1b\x0dv\xddL{\
T\x04\xb3#X\x83\xb23s\x8e;\x18\xd1B\xe0\xf1\
\x96\xf2)\xb5J\xbe\xc7e\xc0\x1cP#\x8d\x8eCp\
\xfc\x91\x8f*\xbcv\xa5T\xa8nP\xee\xb0#\x88\xc1\
\xcb\x85P\xa7\x1a\xe36\xab\x06\x1b\x11i\x80\x18\x85u\
\x0e\xa0\x9fF\xf4\xa9{\xdd\x86v\xf1\x07B\x08W\xae\
\xf0\xf4\xe0\xd4\xf4\xd1\xd7\xac\xe9n<o2\xc6z\xe8\
u\xb1\x87\xee\x00\x91}\xeee\x8aO\x95\x19\xdb\xd3z\
?m\x99&!\xfb\x1f\xf6\x9fU\xf4\xf8\xfdB\x00\xac\
JM\xd4ia\xdf\x14\xa8c\xf5\x06\xf9:\xea{l\
\xe0\xb3\xc9\x11\x89:\xec\xda\x8cP\x9e\xdf\xb9\x9b`i\
{Bh\xfbE\xb5z\xe7\xa4}\xaa\xb7g\xa2\xcc\xf0\
\x9c2\xa9\x91\x88%\x9d\x5c\x04\xcdB\xa6\xd3\x82K+\
\x19\x15\x84\x87\xc6h\x80\xc4I\xe3a\xea]\xaaC\xb6\
\xe0\xa3\xf5@\xabfF\xb1\x0cd\x8c\xec8\x05\xa8\xaa\
#>\x1d\x15\x9c\x12\xf8!\xd9\xdc\xab~\xab\x84Vh\
\xda\xc5\xbeH\xc1\x91\xaa]\xda2\x11|\x8a\x0d\xd9\xb7\
\x95s-\x95\xbc\x0c\x88\xa2\xf65\xb8\xdf\x22\xa33\x05\
\xe1\x95\x92P\xb8\xf0\x14+\xb3\x06\xcf\x14\xec\x8d\x83\x10\
\xa1\x8e\xb4P\xa4\x1e\x15\xbb)-R$-!\x5c\x01\
\xc4]a\x98\x10\xdc'l~H^3R\xab\x80\xdc\
\xa7\xcd\x9bd\xc6vYp\xab\xcf\xe5\x11\xfd_\x8e6\
\xc6\x8d\x90\xbci\x02\xcc\x01Px\xb1\x94vb\xcax\
\x0e\xd4`\x02\xa1?\x1caHV,\x86FVR\x07\
\x16Eip\xa8\x07\x15u\xab\xb3\xe0\xaf\xf4\x8f\x11\x80\
\xbcr\x12\x81\xd6\xcc\xc8\xc6{\x0f\xc2\x956\x08\xb8a\
\xec\x8c\x89\x07\x82.\x8b\xacxb\xa1\xd48\xf7\x05q\
!/\xf8\x5c\x15m@\xd8\xfbc\x02`ro\xed\xd5\
j|Fo\xc1\xb2\xdf-\xb74\x1e\x22\xf8-\xc6\xa9\
T3X1i\x16@\x134\x01\x04\x8cc$\xb2\x92\
\xc8\xc2b\xd8&\x91\x8dD\xf1\x82\xb9B\xecClm\
\xb4\xf3U\x0a\x96dk\x1c\xec\x8c\xeclq\x9bZ\xa8\
R\x08d\x0f\x22\x92\xd5\x22B\xeeS\xc0\xe0\xf8\xd1\x88\
e~\x1f\x96<\x92\x13\x8c\xfa\xea\xa4\x06\xe5\x0e\xebX\
q\x1a\xf6U\x01y\xfaFsV\xe3\x0d\x88\xa4aW\
\xd3:_s\xd8M\x8b\xf1\xf4=8\xf4\xa4\xcf\xb0G\
\x11Y\x12H\xe0\x88$\x95\xd1\x06'@\xdcx\x9ad\
\x8c\xf5\xd3\xe3\x91\xe2Y\xc6b2K\xd1\xe9\xe9f\x9a\
b\x1b\xb3\xff\x00k\xf5.\x97\xdd\xc45\xc8a\xec,\
\xbb\x83C\xea\x16\x8f\xb6\xcd$m\x12\xf5\xcb\xea\xd7\x0f\
\xdd~[do,\xa2Q\xd9g\xd72(\xe9\xb8\xea\
\x96nz\xe7\xa4\xb7R\x93y\xa5\x980\x09\x9a\x80\x82\
CBK\x02Y\x18JMsX\xfe\x22x\xe05L\
\x84\x86\x0e\xfb\xeb\xe6\xa8\x15l\xd1\x92\xc77\x8f\xe48\
\xe1%\x11DD\xe1\x95ZQf\xc3\x07wvW\xfd\
W\x11\xa1dks\xdb\x22\x03!\xc1\x91\xf5\xd5S\xc8\
\xa2\x89\x89\xb6J\xbbJ\x1d[\xf0H\x8a<\xc6\xd6\xe3\
\x00\xe1Y\xda\xa7a\x12\x85\xc7\x85P\x8c\xc45\x88;\
#6!x\xc7Z(S\x9e\x15\x0e\xe0\x96\x00\x87.\
\xe5p\x07\x17\x11#0`\xdc?$C%W\x8c\xd4\
\xaa\xfb[\x81\x06\xeb_\xca>\xc0\xeb\xed^\x7f(\xff\
\x00*\xfca\xb5\x11\xac\xab\xc3%e\x0b\x80x\xa8c\
fb\xc0\x81\xf2\xa1U\x0a\x9c'Tj\x0dX\x942\
:\xb2\xb0\x1cV\xb3\xb5T\x02\x17Z1l\x15\xc6\xd8\
\xc5\x00^9\x08\x11]C\x16G\xdfl\xf8R\x1a\xc1\
\x16\xac\x05#;\x06A\x06D]c\xc1d\x0e\xa1\xd7\
\xca\xab\x89K7\xe1p\xc8\xc21\x86\xc5c\x1bA\xe1\
\xbf\xb4\xc4\x0d\x17^\xdf\xc1\xba\x86\xf7\xee\x0d_\xfa_\
\x06x\xf5\xaa\x99\xac\x1c\x99\x04\xbe\xcc\xd5B\x07my\
\xb0%\xa3m\xa4\xe0\x9aF5\x13\xc6\x0a\xe5\x0b\xb6\x1a\
\xeef\xaf\xf8@\xb1\x86(\xd9l\xec\x88\xec$q\x98\
\xc6\x8a\x10\xf8*\x1a@Ka\x84\x85\xdc\xa9\xf0\x00\x08\
\x8c\xcaCp\xfc\x91\x0c\xb0^;R\xab\x80\xdc\xaf\xcd\
k\xf9G\xd9u\x00/\x14Q\x0ep\xc3\xd2\xbd.O\
R \xad#\x8a\x18\xe0\xe8\xea\x87B7\x16\x09#\xec\
\xb4\xb22\x91\x11\x12\xa4\x89\x0cj\x8fM\x10beW\
\xe4\xd8u\x89\xa3S^\x97SS\x19\xe7\xabv\x7f\xed\
\xbe\xaf\xe9\xab\xdfDdm]\xae\xafjv\x93F\xb6\
\x86zC\xf7'\x162)y\x16A\xd9/\xaf\xf4\x83\
=B\xf9\xed\xc1\x17b$=\xc3&\xcf_\xf4\xb9z\
\x1d\xb6h\x03\x9e\xb2\x84\x0cJd\x91\x96F\xda[\x1e\
V1\xab<`\xa4\xae\xc2CY\xf6\xd7\xcdT*\xd9\
\xa3$\xb6o\x17\xc8O\x18\x94\x0a#\xcdJ\xa3H\x0b\
\x13evv`\xf9\xa84\x8c\x98\xc9<>\xf4V\x91\
\xaaY\xd9]U?UU\x13\x1c6M\xcc\x81\x95\xbf\
\x04\xebO\x8d\xb3\xc6\x01\xea\xce\xd5-!\x12\xd4~\x00\
\x08Y\x95\xb2A\xd9\x19\xb1\xc7\x0bkP\x14\xe7\x85C\
\xb8%\xb0C\x97f\x5c`\x0cF\x8c\xca\xc1\xb8~H\
\xc6H^\x16\xa1U\xc0nP\x09\xb3\x7f(\xdb\x03\xa9\
\xc2\xf3\xf9DJ\x90\xdca\xb5U\xb2\xab\xcd\xb8\x98.\
\x07\x155\xb31`\xc0|\x91\xb0\x01S\x87\xe2\x8c\x02\
\x15\xcb!wV\x0c\x07\x16@\xd2\x90\x14\x02\xab\xad\x1d\
\x9b\x04cdb\x80/\x1c\x84\xa2\xba\x86fF\xdfl\
\x8c\x02\x1a\xc1\x17\x0d\xfaG\xef\x19\x0c\xb7E\xd6=\xa4\
\xa8p\x1dA!Y\x5c\xb3\xfe\x17\x0c\xac#\x18b+\
\x18\xd88C\x9a\x98\x81\xaa\xeb\xdb\xe36P\xe2\xfb\xad\
_\xfa_\x05\xb8\xf5\xaa\xee\xb5\x9b`\x94P\x1a\xae\xb0\
\xed\xaf6\x191\x9d\xb6\xc6J\xc65\x13\x86\xab\x14.\
\xc40v\xdd_5Z\xa0fF\xb3gd\x7f!#\
\x85\xccj\xa1\x1b\xdaQZPK`\xac\x86Ge>\
\x02\xfch\xcc\xac\x1b\x8d\xf2D\x0b0^;\xd2\xab\xe1\
\x85>{_\x8a\xf7\xb0\x00/=/\xd3\xa4\xecy\xc7\
\xc5\x07U\x1b\xa9\x08\x88G\x14o\x22\xc3*$\x91\xab\
\x95\x81\xe3\xec4\x92:\x91\x19\x12\xa4\x89\x14k\x1b\xa4\
z\xa1\x02T\x12\xf3\xa3\xd4\xd3\xf2KS?\xfd\xbf\xd5\
z\x07\xb5\xaen\xb4\x9a{\xbd\x19c\x9aF\xb4o\x17\
un\xf1\xbf\xdc\xdf_\xe9\x0f\xfb[\xf2J0\x8d\xbb\
\x05\xc4\x9d\x98\xe4\x96MTf\x83\xd6\xbd1z\x1d\x97\
n\xb9g\x87\xf6C\xb389T\x1a\x8ba\x82\x16\x1b\
\x09\xb0/\xb3\x0d\x9a\xadT3FM\xb3h\xfeb\xdc\
r\xca\x17Vk\x843y&\xca\xec\xf6\x0f\x9a\xaf\xb5\
\x09\x88\x92Z\xac\x8aeb\x19\x99\x96@\xa9\x9c\x05M\
\xa4\x82K\x072+\x07$\x02u\xc7\xf1\x9c\xf1\xf0\xe1\
Y\xda\xa6\xec%\xaf\xf8P\x16\xcc\xad\x93\x9b\xa1\xb9\xc7\
\x19\xa8\xaa\x10\xf0\xa8i\x06[\x04H]\xd9O\x80\xbe\
\xc8\xd8\xa9\x0d\xc3\xef\x8c\x165\xe1r\x85\x14`\x8a(\
\x98\xb5\xf2U\xcc\xa1\x94\xe1y\x9dQ\xfbX7\x18l\
Tb\xca\xbc\xd9\x89\xab\x81\xc4Me\x98\xb0<\x07l\
d{S\x87\xe2@\xbe\xd7\xe3\xa9wV\xb0\x1c\x12^\
R\x02\x81\xc5\x064b\xd8e?$b\x80/\x19\x82\
T2\x86-\x1b\x19\xeda\xc0\xc1\x8b\x84P\x0e)\x1f\
\xbc\x03\xc6R\xea\xa5\x06\x15\x99D\x800\x04\xaa0v\
g\xfc.\x19\x18\x22\xe1\x88\xa4x\x95s\xc2\x18\xd4\xc4\
\x0dV\x9b\xbc\x0fr\x86\x16\xdd\x9a\x8f\xe7\xf0\x06\xcb\xe2\
\x8b\xba\xd6\xc4\x82Q@j\xba\xeeu\xe6\xc3&6\xdb\
l\x1f\x08\xbam\x86\xa9(d$=\xdfu<\xd5j\
\x97h\xd8\x92M\xe2;I\xe31\x8d\x14F|`4\
\x8aKa\x96C#\xb2\xb7\xe0b4b\xa6\xdc\xfe\x91\
\x82\xc4/\x1eB\x95P\x01\x14\xf9\xadnz/\xa6\xbf\
\xa9v5\x8cF\xbd.\xac~\x9f\xd3+\x1e\xa9U\x97\
|Q\xb6c\x88<\xab\x0c\xaa\x8f\x1a?\x16\x16N\xc1\
\x91\xe4S\xc1\x22\x98HX\xaaz=M\x1e\xf90f\
\xff\x00\xb8\xfa\xaf\xa7\x9e\xc3'g\xa8\xcb\x1f{\xab\xd8\
\x1d\x84\xec'`\xb2\x93\xe2\x11\xf6\xa1\xc8\x97Y\xa1\xec\
\x5cI\x99\xbe\xe6\xa1[\x5c\xfd^\xb4\xb0\xcc\xb1\xabJ\
\xde\xb1\xe9r\xf4[2,\x9a\x1b!\x06\xbbT\xd4\xb8\
\xbel\x0b\xec!\xbfQUV1X\xb1\xf3\x1f\xcd\x9e\
1e\xa8\x8f5\xaam\xfc\x9b)w\xb0rj\xbe\x10\
\x98\x8bd\xe1\x95L\xa5\x81wup\xa9\x9a\x80\x8a\xec\
\xca\xd9`\xc6Ea!\xc0\xb6\xb8\xc6\xb6\xcf\x1f\x0fR\
\xcdSv\xd9Q\xf8\x5c%\x99\x1b'7\x8f\xdep\x19\
\xb5\x85\x11\x9f\x05U\xa4\xf2\xd8+!ve?\x81\xf1\
\xa1e9\xe1\xc3\xa0gj\xf0\xb9GQ\x81P\x80K\
\x9b\xe4\xa3mWS\x81\xcf\xe7\x1f\x82\x1b\x8e\x04\x94b\
\xc1xd\xc4\xc1q\xc5]vk\x06\xe0;##\xda\
\xbc-\xa9\x00\xf6\xb9d\xbb\xabX\x0e\x07\xb4\x8c\x02\x81\
\xc5\x1a\xd1\x8ba\x81\xf9c\x05p\xbcf\x09Ee\x0d\
\xc3\x19\xdfk\x0e\x02\x1e\xca\xaa\x01\xc5#6\x00\xf1\x96\
\xe1h<\x12\xa2@\x19}\xca\x8c\xac\xc5\xff\x00U\xf7\
#\x04\x5c\x1cQ1 \xc9erT\xc6\x0dE7x\
\x1e\xf4VP\xdb\x81\xaf\xed\x17\xc2\x0e[\x15]\xd9\xb7\
\xc9\xb4T\x1a-.\xda\xf3a\x9a6\xdbT\xf8\x8dt\
\xdb\x0c\x15\x99v\x12\x1a\xcf\xbb\x075Z\xa8v\x8d\x89\
l\xde?\x94\x9c3\x14E\x11\x93\x86P\xf2\x82\xcd\x82\
\xb23\xb9F\xfc(\x11\xa32\xb0n7\xcb\x10,B\
\xf1\x98\xa5T`\xf3\xd1}(\xfa\x8fs\xf6\xaazr\
.\x96\xeb\xc6\x91\xc4\xaa\x04\x103\x03\x1c\xbc\x91~\xe2\
$kG\x18yD2\xa24i'\x16\x07\x8f\xb0$\
g\x0f\xce\xa7XE\xefp6\x7f\xdc\xfdc\xd3Og\
\x1d\x9e\xadW\xbb\xd7\x9bw_\xfd\xaaH\x8f \x8c\x94\
\xfb\x8b\x89~\x7f\xb9\xfdN\xa4\x11\xa8s\xd6\xb9\x93\xb5\
\x02\xf6zm\x1f\xa8,\x94\xf5\x8fN\x93\xa0\xe3]\xdb\
\xaeh\x5c_6\x05\x8b5\xf2\x14`)1d\x93\xe5\
\x06\xdbe\x8b-Dy\xa9U\xd9\xed\xf2\xc1\x99\xee$\
\xcd\x07\xb63\xa4\xb6N\x19\x14\xcaHg\x91\xd5\xd4'\
\xe1B\xab\x12\xacK\x02][a8&\x885\x9e0\
\x0eAv\xa9\x0e\xc6J\xff\x00\xc5p\xb6(\xd99\xba\
{\xdb\x1c,c\x0a\x10\xf8\xa8i\x01-\x82\x1c\xbb2\
\xb7\x80=\x91\x92\x87<\xf0\xe8\xac\xed\x82]\x91\xd5G\
\x90\x10,\xa4\x87\xc9F\xd8\xac\xa7\x03\x87\xe2\x8f\xda\xc1\
\xb8\xcb\xb2\x8cX)\x12|\xd5\xc7\x15Dvk\x06\xe0\
;b9!xN\xa5U\xf6\xb7\x0a]\xd4\xd8\x0e\x07\
\xbb\xb2\xe0\x0e(\xd6\x8cIV\xe66F1U\xe30\
B\xaa\xca\x1b\x94a5\xac0\x185\xc2(\x07\x14O\
v\x0f\x18\x5c-\x07\x82\xcb\xb0Xd\x85eb\xcf\xf8\
\x1e\xe8\xcd\x06\x09\xc2 \x12-\x8b\xab3\x03\x18\xf0\xa5\
\x0c\xb8\x0b\xee@\xca\x1fh5\xfd\xa3\xc4 \x8e6\x02\
\xa6\xd56\x22M\x80\xa8\xf6\xad,\xda\xc1\xb2\xe6\x8d\xba\
\xd5\xf2#\x1am\xc6\xa9*d\xc8k>\xdc\x1c\xd5*\
\xb61\x92[7\x8c\xed'\x8c\xc5\x11u\x93\x86Ui\
E\x9b\x0c\x8e\xd29V\xf0\x17\x08\x8c\xc8\xd6\xe1\xf9#\
\xcb\x1a\xf3\xd3\xbaRv$U\x00S\xa7\xe9\xd0\xf5\xa6\
Q\x14\x81DR\x99\xef\x1dQ81\x04,\xc1\x92^\
8\xdf\x125\xa3\x8b\x99\xa4\x8a\x865~uz\xf4;\
%\xc1\x97\xfe\xeb\xeb\x1e\x9b$\xb2\x0e\xe7@\x84\xeeE\
\xd8\xebvQ$}\xbb\x06\xff\x00\xba6S\xae3\x1d\
d=[\x99O\x98?\xdd\x87\x03\xd4z\x83\xb1\xd5X\
b\x8d\xde\x0fV\xf4\xd6\xf4\xfe\xe5%\xf2\x12\xec\xc6\xf9\
\xaa\xf8S\xa79?\xa0\xdbl\xe5\x81]y\xa6\x13o\
\x8c\xd9K\x10\xc2L\xd7\xf0\x9f\x0d\xb8\xd8*\xbb\x09\xcb\
;\x89@\x5c\xd5B\xab\xb1BK\x02Y\x08\x94\x9c1\
\xa2.\xb2p\xc1Y\x81v\xc3]\x8c\x98?\xaa\xe1C\
\x1499\xbc\x7f!\xc7\x19\x8c`\x04>\x0a\xabI\xee\
8*\xe5\xd9\x83\xf8\x0ai\x191\x9c\xf3\xc3\xa2\xb4\x8d\
\x82]\xa3uU\xf2\x02\xaa\xcaM\xf2U\xb6+\x06\xc0\
\x1f\xce?i\x07\x8c\x04\x95b\xc1N\xc3\xba\xb8\xf0\xaa\
#\xb3\x06\x0cs\xb6?5^1\xd6\xaa\xa2\xad\xc2\x97\
\x91M\x80\xe0{\xbb\x0c\x01\xc4\x14BC)\xe1\x1b\x11\
O\xb5x\xee\x10\xa8 7(wZ\xc3\x8aC\x07U\
\x00\x1f\xe7\x1f\x9c7\x18\x5c-p\x05\x97`\xc8\xf2\xaa\
T\xb1r0\xbe\xf4!\x00\x04\xfb\x11D\x83%\x95\x98\
\xabG\xf8R\x86\x5c(\xf7\x22\x95V\xdb\x9a\xfe\xf1b\
\x10x\xf5\x0a\x9bA\xb1\x0f\xb4\x14\x1e\xd5\xa5\x9bX6\
\x19\x08\xc2[T\xe7X\xd5l0R\xcb\xb3!\x83H\
e\xc1\xcdR\xa09\x88\x92\xdf\xb4_1<bQT\
FMJ\xa1\x94\x12\xd8evweo\xc2a\x11\x99\
\x0d\x8f\xa4\xfak\xfa\x83\x06\x95\xb5E\x0a\xff\x00\xa7\xc5\
\x0f_\xafR\x9aW\xee\xed\xbb\xdd\x14\xad\xd82FB\
 \x5cA\x0b2\xb2K\xca}\xc4q\xbf\x84\x1d^\xb6\
\xbc<\x9ed\xff\x00\xbb\xfa\xc7\xa6\xb3H{\xbd\x15\x07\
\xb5\xd2\xec7q\xf7-\xb4\xc5JHz\x82M\xa4c\
\xaf\xfe\xf0H9 \x92\xb1\x8e\xa8\x93W\x7f\xa5\xd3\xee\
Hb\xec\x5cK\xdf\xe8\xf6:\x132vQ\xd5<P\
\xea\x06\xc7\x05F\xdc\xe5\xac\xac)\x9a\xd1D\x9e\xdc\xe4\
\x16`\xdb3\x8c\xe1~+q\xb0@2d1g\xbe\
\x175\x01\x01:\xc9,2P\xed\xb6\x09*\xa3Q8\
!Y\xc1rC+\xb3=O\xea0\xaa\xc5\x1b'6\
\x8cl'\x8c\xc5*\x10\x9cUL\xbf\x93`\xe5\xcb\x07\
'\x00\xd23\xac\xe7\x87\x0c\x8a\xd26\x09vI\x15W\
\xf1UW$>H&D`\xe7\x99\xd7\x18\xa9\x07\x8e\
\xbb*\xc5\x82\xf0Hv\xd7\xfc*\xd03d7?\xa4\
f\xc4/\x19\xb5\xa2\xa8\xc3q\x92\xf2\x03p\x08{\xc8\
\xc3\x00p\x0dq\xb1\x047\x1b\xe4\x8dN@\xe3\xb0B\
\xabUnP\x89\x8bXqM\xd5\x94\x00\xa7\xf9\xc7\xee\
\xc3q\x85\xc2\x94\x00\x0b\xa8\x93\xca\x82B\x14ff \
\x8f\xde6\x08\x02\x93\xec@\x1cd\xb2\xb32\xb2~\xaa\
P\xcb\xed\x1eQJ\x86\xda=\xb8\xbcx\x88\x1e>\x15\
PJ\xa6\xf8\x93nT\x1a\xad,\xda\xf3e\xcd\x1bm\
\xaaF#]V\xc3\x05,\xbb2\x1e\xcee \xe6\xa9\
Qs\x11b\xdf\xb4gia\xc6%\x15Dd\xd4\x84\
2\x82I\xb2\xbb;\x95s\xed\xf4\xafM~\xcd\x9d?\
\x9fO\xaf\x18\xe8F\x19\xb5\xac\x92\xb7_\x5cQ`\xae\
\x94=\xbc\xed7\x8eV\xec^3U\x11(\x8e2Q\
\x96^u\xa0\xa7\xbe@6\x7f\xde}[\xa3*J\xdd\
\xefO[M\xd6x\xa6\xeb;\xf46X\xadz\xe0v\
\xd5\xf3(\x97\xe3\xfbQ&\xa2\xbds\xdb\xc3\x06\xd9\xdd\
\xe97q%\x1e\xa0\xaf\xaf\xbd\xd5~\x9b\xb2\x8bp\xff\
\x005\xdbl\xe5\xc4\x8b@j\xa1\x03\x9a\xe4\x9fqV\
\xdb\x9c~\x10j\xb7\x1e\xa4)\x936\xf7\xec\xf1\xfa\xad\
Fi\x9by\xa1\xdb\x9c\x1fj\x8dY\xc3*\x96\x16$\
0f/\x83\xf8P\x15Y\x90\xe4\xfe\xd1\x83!#\x8c\
\xc5*#'\x15]\xbf\x9fr\xb1\x93!\xc9\xc04\x5c\
\xc4O\x1b\x0c\xaa\xce\xd8,\xee\x92\x85O\xc0UWb\
\xad\x92\x8cdV\x0ep?\x9c~\xd3`\xea\x1c\xa9f\
\xaf6\x1d\xd5\xc7\x85Q\x1d\xd80n\x7fH\xfd\xd8^\
3k\x0a\xa3\x0d\xc2\x96\x9b7\x00\xab\xecv\x5c\x01\xc5\
\xf8\xd0\xb6Cq\xbeH\xd4\xe4/\x19\xa8\xc8\xa4\x06\xe6\
\xb3\xba\xd7\x1cV\xba\xb2\x80\x14\xfe\x91\xf9\xc3q\x97`\
R\xb8\x00\xb0\x12\xe0\x81\xc5B\x8c\xc5\xf1\x85\xf7\xc6\xc1\
\x00\x04\xfb\x10\x09\x17%\x91\x99\x81O\xc2\xb2\xed\xf6\xaf\
\x98\xd4\xa5\x8c\xa3\xdb\x8b\xc7\xf1\x0e\x10\xaa\xaa$Sr\
\xaf\xb7*=\xa9K6\xbc\xd8\x03F\xddl6h\xba\
\x83a\xa8Yvd6d2\x90A\xaa\xe1m\xac\x92\
\xdf\x98\xfe\x5c\xf1\x8b\x22\xae\xac\xd5\x95\x0c\x80\xb1 \xfa\
/B_R\xee\x04|\xac]\x0e\xbc=\x0e\xb3\x9e\x9b\
\x96$\xef\x81_\xb1%L\x937_\x5cq\x10WR\
}\xd6v\x9b\xa4\xcf\xd8\x12!\x5c\x0e\x8fP@\x03?\
\xf4\xff\x00\xbd\xfa\xafBXe\x93\xbb\xe9\xaaL\x90M\
\x04\xfd\x18\xe5f2$\xab)\xd7\xf6\xc2MX\x80\xf6\
\xf1\x83\xb5\x16\x5cI\xf7a\xf5z\x97\xa7E\xdc\xe8\x15\
\xebF\xec\xfd\xfe\xa4\x9d9\xb5v\x91\xd5\x8d\xc4\x82\x99\
\xa8\xd7\xb0\xd3%\x85\xaa\xdb\xb3R}\x9f\x0ex\xd55\
\xd9\x9be\xf6~\x0dV\xa053o\xcc\x7f%\xb8I\
\x00k\xce\x08V\x7fvC\x02\xc5\xc8l\xd5}\xaa\xc6\
2I\xcd\x90l'\x85\x99j#'\x15]\x9f\x93e\
,\xe1\x83\x93Ph\x99\x88\x9e6\x19U\x9d\xaaK\xb2\
\xca\x15\x7fP\x15\x19\x8a\xb6J\x9d\x88\xc1\xce8M\x10\
P\xe7\x8c\x03\xd4\x96\x00\xec&j\xe3\xc2\x80\x81\x99X\
1\xfe\x91\xfb\x88^;k\x0a\xbe\x1b\x853.l\x07\
\x15\xee\xce0\x07\x07\xc7\x19 \xabs\x1b\x11NUx\
\xcfFU*\xad\xcab\x5c\xdcp5\xc3(US\xfc\
\xe3\xf3\x86\xe3\x0d\x95#\x00\x16Q \x05G\x02\x14f\
/\x82\x17\xde\x8c\x14\x00O\xb1\x00q\x92\xca\xccAA\
\xedR\x9bMG\x94R\x81\x8c\x83\xda\x05\xe2\xc4c\x8d\
P\x17`6*\xfb\xb2\xa3\xda\xb4\xb3k\x040\x04F\
v\xda\xa7:\xd7M\xb0\xf4\xb2\xec\xcd\xb2\xfb\xbc\xe6\xa2\
\xbe\xe3\x11k~c;m\xc2\xc5Uu\x93_G\xf4\
\xdf\xf5\x1e\xea+\xb1D\xf4\xc8\xda5=_)\x04u\
\x82'\x93\xae\xe5\x98\x9d\xf0+\xcf%y$\xcd\xd7\xd7\
\x1cl\x0a\xeaO\xba\xb1\x90\xdb\xaf\x0d}\xef\x8b\xff\x00\
\xdf}[\xd3\x9a\x09\xdb\xbd\xd3\x88\xc8\xb63\xac2\xf4\
\x0bI\xd6\x1fo\xf7f\xa0\xec\x89d\x0b/\xdd\x095\
b\xddc\xf6k&}s\xa3\x0fo\xa7\x18\xed\xac\x83\
\xb3\xdd\xebO\xd4\xedk\x91H\xe0\xad\x8d3p\xadF\
\xd9\x9a\x9f\xd3\xe1\xb7\x0d\x1a\xa5\xc9\xb6_g\xe0\xd4T\
[^m\xf9_\x93<9P\xba\xf3_i\x93\xdd\x90\
\xc1\x98\x92\x1f8\x04*\xb1Br}\xc8.O\x0b2\
\x15\x09\x9cU6\x1c\x13eb\xea\xc2Bq\x9aG\xf1\
\x92xp\xca\xac\xed\x82da5Fj\xa0#1V\
\xc9\x06\xf1\x9b\xb6\x01jF(\xdceW*Y\xaaD\
\x99\x94\xaf\x11B\x06ek\x1f\xe8\x9e\xe2\x07\x19\xb5\x85\
Q\x83\xc2\xa0\xcd\x9b\xe0\x86.\xcc\xa4\x01\xcf\xe7\x19 \
\x86\xe3|\x8a\xa7*\xbcg\xa3\xaa\xe0\x1eR\xb2\x16\xb0\
\xe2\xb5\xd5\x94\x05S\xfc\xe3\xf3V\xe3\x0d\x95e\xc0\x05\
\xd4I\x82\xa3\x8a\x85\x0b3`\x85\xf9#!@R\xde\
\xc4\x01\x86K+3)O\xc0d2\xe0/\x95R\x81\
\x8c\x83\xc6-\x17\xc48\xd5\xc2m\x06\xc4>\xfc\x81\xed\
R\x99m`\xd8\x02#a(8?\xa0\xd5j\xb1K\
\x0d\x99\xb6d\xdd\xe78Z\x80\xe6+\x16\x1ec\xf9m\
\xcfN\xe8K\xda*\x22\x0d\xab\xab\xd0\xea\xc2\xf1\xa6Z\
6\x8ei\xa7\x95\xd2b\xc1\x10\xac1I$\x0eY\x89\
\xdd\x0a\xbfbB\xbc\xb4\x88\xd1\xc5\x01\xca\xf5\xba\xcb\x19\
.G\xbf\xfe\xff\x00\xea\xbd):2\xb7w\xa2\x18\xc3\
\x0c\x9dY\xa5\x12u\xfd\xfc\x8d]RS\xda\x0e\x22\xad\
\xba\xf8\xe9\xab\xf2U\x8e\x91}\xd2\xc9\xb7\xd6\xfd&^\
\xfc\xdf\x1cf\xaf\xd6x\xa6t\x08\xc5\xb5KR$\x8d\
\xeabz\x01\x14rq\xa3$\xad\xd1\x81\xa4\xb7\xf2\x8d\
\x81\x19\x01\x8a+\xda\x8f\x5cJ\xaf\xc2\x92\x00\x02+\xe3\
^[\xca\xbeTHI\x0c\xad\x80\xa5T\xd0>H%\
F\xc0\xf9;\x14\x80\x8a\xd8\x09\xef\xf0\x1b\x22\xcd\x9b\xde\
\xbeQ~0\xdce\xb0V\x92\xd6%\xc4\x98\xf3\x80\x81\
I*I>]\x08\x90\x9cd\xc6\x82\x84\xf1\x949R\
I\x06\xe5\xa4\xa9\xfc\x0f`,\x0eI\xf9\x13\xdcq\xc6\
mxU\xc1\x14\x06\x5c\xdb\x1c\x0ed,\x0e\x07\x00\xa2\
\x1c\x10\xdco\x91A\xc8^\x17\xa3\x01\x80yLHZ\
\xe3\x8a\xd7V_\x0a\x7f\x9a\x7f\x86\xe3\x8b\x80A\x03\x97\
]\x98 \x1e*\x95ff#\x03\xdf\x1b\x05\xc0'\xd8\
\x8a\x18\x02YK0)\xf8VR\xfe\x17\xca\xadCl\
\x1e1h\xfd\x83\x00\xd4*\x07\x19b$\xdb\x95\xfdV\
\xb9m`\x86\x0aB\x11.psE\xd5\x9c5r\xbb\
3a\xb3a\xcej\xb5\x0a\xc6;[\xd2\xbd=\xfb\xa4\
n\xb8\x86\x18\xfe\xcb\xaf\x04=\x03\x22\xc0b\x85\xbb#\
k2\xc9\x1c\xd3M+\xa4\xc5\x82!Xbw\x81\xd9\
\x99T\xf6\xa2C+\x90\xddN\xb8\x85\x17?\x9f\xff\x00\
\x01\xf5\x0e\x9f\xfa\x5c\xad\xdd\xeaE~\xbc\x1ez\xee\xf3\
\x92\xddr/\xd7\xc7M_\x92k\x02/\xb9\x12md\
\x9f\xee\xc1\x8dN\xa8\xa1\xeb\x07\x90\xf5U\xf6\xaf\x5c\x0e\
\xb3\x8e\xea8I:\xff\x00\xed\xe3^\x9cnc\x9b\xab\
\xd5y\xa3\xfb\xa5q*A!\xee\xbe\xe8\xb1\x14]n\
\xb8\x8aV\xea+\xb4\xbfk\x11\xea\x8f\xbdF\x1c\x97\xae\
\x11b\x1dT:\x8fK\xa4\xdd\xdfzbX\xba\xfbL\
\xa3\xb3\x1e\x11z\xb0$,\xddd\xb3\x1e\xa7Y\xe3\x8d\
\xbb\x11\x85s\xd6\x89$E\x8a\x15(=7\xa4\xb31\
H\xd5\x99:p\xcb\x1b\x89\xa2J\x9e\x8fU#\xf8\xa2\
C\xc9=;\xa7 F\x91\x11\x18\xf4!\x1d\x8a\xaf^\
2\x83\xd2zQ\xdd\x91\x12V\x1e\x99\xd5\x96\x16\x13$\
j$\xf4\xee\xac1F\xb0\xc7\x1b\x07\xf4n\x94\xb2!\
a\x1cL\x9e\x9f\xd6\x97\xb2\xd1\x9e\xb4J\x8b\xe9\x1d(\
\xe3\x92EX\xe5#\xd2zsu\xc3:G\x19\x9b\xd2\
\xfa\x90\xebD\x82'\xe1\xf4\x1e\x8bv\x87\x84\x1c\x8b\xd2\
\xba\x9d\x86\x91>\xda$\xe1\xf4N\x94P3\x88\xe2\x94\
\xb7\xa1\xf4\xe5\x85$\x0b\x14\x5c\x97\xd2zPL\x91\x9e\
\xb28\xff\x00\xc3\x9d4\x9d\xcb\xebe\x8b\xd0\xfa}\x88\
\xe5Q\x02D\xed\xe8=(:\xe0\xb4q\xca\xd2\xfd7\
\xd5\x98G$J\x88\x0f\xa1\xfax\xeek0\x92\xb1\xfd\
1\xd7\x8bc\xf6\x00dO\xa6\xfa\xbd\x88\x0e\xa8\xcaH\
\xff\x00Mu`\x8d\x16Tgv\xfaN)$V\xeb\
\x83\xad~\x9c\xf4\xf7\xec2 \x94\x01\xf4\xaf^\x18\xdd\
\xfb\x22@\x83\xe9\x8e\xbc\xf0\x83\xd6Y\x09\x97\xe9\xce\xac\
4Yv\xec?Jfl\xa1c\x10\xfao\xac\xe6A\
\xd7\x92R\xff\x00\xf8]c\x85\xdb\xb2e\x8c\x1f\xa6/\
\x1a7Y\xa5u\x93\xe9\xa8\x11\xe3\x13\xcd\x22\xba\xfd/\
7\xdcU\x99\xc2\xa7\xd3jU\xcc\x13;7O\xa8\x90\
tDs\xac\x8a\x8e\xcf\x1aF\xbdV\x90FR\x16\xec\
\xae\xd6e\x929\xa6\x9agIK\x04\x80\x05V=W\
f\x93\xad\x0b*\xabJ\xd6\x93\xff\x00\xc0\xfb\xfd_\xf4\
\xdd\x92\xa0g\xf4\xd2\xb7\x81~\xcdX\xac\xa2?\x8f\xee\
\x16M\xb4\x9f\xee\xf2\x14\xea\x8bW\xc9\xf6\xa2M\xb5+\
\xd7o\xbc\x12\x05\x90>\x98\xc7Qd1\xb8\x80\xce\x9f\
qq*}\xc1\xec\xb6\xf5a\x14t\x11H\xddM\x86\
R\x07\xdb\x8f\xbc\xd8\x0c\x86T\xd4:\xbb5R\x0f\xbb\
\xf3m\x91\xb4\xb2l\x1d\x92\xfa\xc7\xb2\x12z\xa5\xec\xd5\
)\x1b\xf6Y\xf6\x19%\x8eEXKkU\x85$m\
E\x99\xc34\x91\xb0\xec9\xa0j\xc7\x98Y\xb8\xc1X\
\xab\xc8\xe48\x92M\xba\xc6h\x02F\x19\xa3r\xec~\
h\xfeV8bbEX\x9b\xc3\xc2\xb2\xca\x19\xde\xac\
%\x92YY\x1b\xc2(\x10\xc6\xf2F\xe1\xd8\xff\x00\xb8\
\x84\x19^\xbc\x92C\x00\x8e4\xab\x03\x0a\xb7f\xfbp\
c\x94\xcedB\x11@\xc7^\x06ed\x93\x8e\xbfq\
\x14nZ8\xf8\xf3h\x95#\xa2?\x16\x0d]\x96\x91\
\xa5V\xe26\xf8\xa4\x8c,Q\x1f\xfc\xbc\x00\x1dr\xf2\
X\x8f`F\xeacE\xdc\x83\xb7S\x1a\x93\x14M\x01\
\x91\xe5de\xcbv`e@\xb1\xb3\xe2\x08\xa3IQ\
dw\x82Y\xa6I!\xc0T\x92&\xed0\x8a0\x1a\
8O^9\x1b\xb0\xb9\x8c\xa1\xecu\xc2\xf5\xa3\xa8\x97\
\x5cb5\xecF^S\x0c\xe7\xb6%A\xec\x8c\xc3i\
\x07Q\x18H\xb1k\x81\xc7m\x18#\xa3<1\x8e\xa2\
>\xb9\x16\x0d\x89\xf7[6\xaa\xf6\x0fh\xecV\x11D\
#T\x90\xf56\x19q\x98?\xdd\xec\xe3\xb3\xa2F:\
\xc6A\x1bG\x0bv\x06\xd6e\x92)'\xecJ\xd1\xcb\
jt\xfa\xab\xd7_\xfe\xad\xff\x00\xe0\xbe\xa3\xd5>\x92\
\x8c\xd0\xdb\xfd9\xccCP\xec\x062\x84\x9f\xee\xecT\
\xeb\x8bV$\xfbP\xfbk^\xbb}\xda\xc9Y\x15\xf5\
F:\x82C\x1b,\x07\xb0\xbb\xef\xb17\x99\xdf\xee\x03\
\x88\xe3\xa0\x86C\xd4\xd9\xb0\x81\xf6\xeb\xf7{-&\xd5\
\xd6:\xdb5V\x0f\xba\xc7\x9d\x91\x99\x5cH;%\xf5\
\x83\x88s\xd4/\x96\xa9H\xdb\xb2_ayRe\x10\
\xdbZ\x08\x91\xdcBK8%\xe3a;\xb1K\xd5W\
C\x1c5K\x06\x9aB\xb2\x09$\xdb\xaf\xcd\x12\x88\x19\
\xa2{\xb1\xf9c\xf9\x9c\xe1\x9c\xc2\x8a#c\x82\xa9$\
\xa0\xbc\x94e\x99\xa5\x91\x91\xbc(\xacQ\xb4\x91\xbd\xc9\
;\xa3\x0d#W\x92I\xa6\x88\xb8#P=\x8bl\xf2\
\x92o\xba{W\x83\x10DH*\xfcu\xdc\x88\xf6T\
\xe1\x90C*\xa1En,\x06)\x99\xdaEn/\xcd\
\x13\xc6\x168\xc9\xf8!\x00\xeb\x94\xcb\x11\x9f[\xa9D\
]\xcb\xf7u\xa2\x93\x14&\x0d\x8f)FQ\xfe\xe2\x06\
X\xd5#/\x88\x22\x8d$E\x91\xde\x09&\x95d\x8b\
\x01RX\x9f\xb2\xc2(\xc0h\xe2=x\xa4n\xc2|\
e>\xe2\x00:\xd1\xd4IH\xd64\xecF^C\x14\
\xc7\xb4%A\xec\x8d\xa2f\x90uQ\x84\x8b\x19\x8a\x07\
\xfb\xa4j0g\x85\x07U^\x8f\xa6\xe9\xf77\xda\x04\
\xe7\xb4v+k\x8fXY\x0fWa\x94\x0c\xc1\xfe\xef\
g$gD\x8cu\x8c\x821\x0cRv\x80{\xec\x85\
\x08\x19\x90\xe5\xbf\xfc\x18\x8c\x8c\x1f!\xbd6\x14\x1e\x03\
PE?\xdd\xd9\x81\xa0\xeb\x88\xd5\xcc)2\xbau\xcb\
EY\x96S\xc9z\xd2\x00\x89\x06\xc5O\xb4Y$\x0f\
\x22Id\xeb\xf6\x1aF3\x12Pu\xccq1\xeb\xac\
\xa1\xcfY\x9e1\xf7\x01\xcb<3\x86Q\x01u\x8f\xed\
\xe3\x13\x17\xac\xb6Hfua\xd8fe=wD\xff\
\x00o`[\xae\x5c)\x9d\x9a\xf5\x99d\xf6=c\x1d\
u\x8b-\x15\x8b\x08\x9d\xd2\xb3\xc8X22\x0a\xc0\xf5\
\xe6\x90\xe6\xd27\xbcn\xbf\xe7\xe2\x10\xea\x16\x8c\x92\xf5\
iW\x139\xe3\x09!\x01\x22\xcf\x0f[c\xdd\xc9S\
\x89\xe4$:\x90\x8b\xd6xU\x9a<\xbb7^I\x90\
l\xca\x96\x8ah\x82\xaa-\x97\xed\x0e\xed\x9b<k\x96\
@\xe8\xd4\x01z\xcf\x0a5J\xb9\x97\xac\xf2P\x96D\
4x\xde1Te\x8f\xa7\x22Kr\xe1\x87\xdb\xcb$\
E*\x88~\xdeH\xa2\xc1U\x90\xc9\xd4\x96b\x19@\
U\xd6\xdb\xff\x00\x90\xe4]9b\xc9\x90\x06\x1fo,\
\xb0\xd5\x22\x11\x9f\xb7\x91\x22Ux64\xbd9\xdeP\
\xe8\xb8Q\x19\xdc\xfa\xfa\xe5\x0c]Y\x22I7DJ\
\xc9\xd7\x92X\x15`\x84\xa8h\xea\xb1\xac\xd0<\x8e`\
\xec\x1e\xdd\xd5}\xa8\xab\x99>\xda\x19\x15\xe3\x81\xd2\x17\
\x1d\x88\xdc\xac\x91HbA\xd7\x8e@\x8f\x1aZ3\xd8\
I\xae\xab\xd8=\xa3\xb1[Z*\xa2Hz\xc2]\x81\
\x19\xa0\xff\x00u\xb7\x81^\x88\x9dfu^\xbc\x0b\x19\
/\x81\x7f\xfb'\xff\xc4\x00C\x10\x00\x02\x01\x04\x01\x02\
\x04\x04\x04\x03\x06\x05\x03\x02\x07\x00\x00\x01\x11\x02!1\
AQ\x10\x12\x03\x22aq2\x81\xa1\xc1\x13B\x91\xb1\
 Rb\x043P\xd1\xf0\xf1#0@r\xe1S`\
\xa2\xc2\xe2\x144CT\x82\xb2\xd2\xff\xda\x00\x08\x01\x01\
\x00\x0d?\x01\xff\x00\x04D\xddm\x0f\x8e\x05\x0a\x9e\x1a\
)O\xb6p\xc5\x0d7\x99\x1br\xf7\xecT\x94\xc2'\
\xb7\xb7\xd0K\x8f\xa9MVq\x92&c%QWo\
\xdaJ\x93\xd7\xc26\x960&\xd62R\x95\xda\xbdE\
3Wn\xcc\xf7%\x05O:EJ\x15,\x9e\xde\xe8\
\xbc\xf2%\x0e\x94\xe4\xa6\xa9zL\x89\x9fB\xa8\xa9S\
7\x8fb\xa4\xfbj\x1c$\x93\x9b\x89\xb4\xd3\xaa.R\
\x97uRS.\xa57\x8fb'\xe2\xd0\xdc\xd3\xe6#\
\xcbOv\xc9\x8e\xf9\xdf\xb1\x10\xd7vX\xaa\xf3.\xe1\
-U\x10\x8b:o\xf9H}\x8d\xd46\xbbWv\xc5\
=\xcav(\xef\xa9U\x82\xfd\xd7\xd1\xebT\xd8\xee\xf2\
\xa5U\xc8\xb5\xff\x00rs\xdd\xe5\xee \xee\xf3&\xe5\
\x9f\xd2\xf5\xeaZ8\x82\x1fos\xb3%G2^f\
\xec\xf1j\xff\x00\x8f\xe1%?\xfe\x1a\xb7\xf9\x97\xf4\xbe\
\x0a\xd7u5R\xe55\xff\x00\xb1\xdd\x91\x1f\x0f\xecw\
y\xd4\xdc\x8d=\x0a;x\x81Od\x96js#~\
h\xcc\x95%\xdd\x03\xf2\xb5\xf9`J\xd2\xbe\xa55y\
^\xd9\x1d\xd3\xc9T7O\xaf\x124\xe6\xdf\x08\xdaN\
V\x0c+d\xa6\x22\xdf\x11D\xbe\xd8\xc8\xa2\xae\xe8*\
s-`\xa9DA=\xb8\xf3{\x94\xa8\xed)\xab1\
fD\xf75%QWn\xd1Rp\xd2\xc0\xdaQ\x94\
\x85*\x1d\x94\x94\xc4\xd4\xd5\xd9L\xba\xa9N\xec\xb3\x95\
e\x05NV\xd2\x1a]\xb4\xb7\x107\x0b\xc4\xdc\xf2D\
:S\x99e5y\x94\xc2|\x09fp\x8f\x89^\xea\
\x9fa\xa7\xdbT\x8d\xf9iN\xd2)\x9a[\xd8\xa1W\
_\xa9~\xfb\xe5\x1b\xf3e\x13\xe5S\x84G\x95N\x09\
\xb5sn\xefa\xab\xa9\xcb;\xbc\xea\x7fB4\xf0\x8f\
\xcb{v\x90\xfb\x1by'\xca\xa7e\xdb[\x92\xaa{\
|_\xe5~\xe8\xf1\xfcXQ\xe6\x7f\xd9\xdb\xc2\xff\x00\
\xb4\xaa\xe9\xaf\xfd\x8d\x8aj\xe1\x91u9d\xcdJ\x7f\
A-<\x22\xdd\xbcA\x0f\xb1\xb6J\x857\x92|\xca\
o$.\xf6\x98\xec\xff\x00\x97\xb4\x8bO\x1e\x82\xab\xcb\
\xcf\xa9\x13n}Gw\xc4\x8d>\xe9\xd7\xb0\xdaO\x94\
\x8c+]\xa2\x98\xed\xe1\x94\xcbK\x91C\x98*r\xdc\
}\x0a\x92\xb4\x1f\x0cp\xbd\xcaTD}Jj\xccd\
\x8e\xee\xe6\xb2U\x15vo\xd8\xa9;\xa5\xf0\x8d\xaaq\
d)\xa7\x16e0\xa5\xab\xb2\x89n\x9d\xb1E]\xc9\
B*m\xcbR\x91ZQK\xd7\xb0\xe6\x95Ty\xa7\
\x92;{U\xd4\xfa\x94\xd5}&%.\xa7\xc7\xa1\xf1\
\xc4\xf9\xa3\xd8\xaa\x97\x0d}\xca\xaa\xb2\xca\x14\xae\xd6\xe2\
\xfe\x850\xaa\xafr)u\xa4\xee\xcb7\xc3Cm\xab\
\xd9!\xa5\xd9Kq\x03p\xbcO^F\xa1\xd2\xaa\x99\
b\xab\xcc\xa6\xde\x82Ws\x84e_\xf2\xfb\x0d>\xd7\
#~ZS\xd8\xa6i\x9f\xcc(\xef\xaav9\xefN\
\xf2\xbd\x8f\x12\xa9\xbc\xd5_\xf6z\x9e\xbd\x8a\x94\xd3R\
\xc3\xff\x00\xd8|\x15a7\x81\xb8Uny\x22\x1d)\
\xc8\x9au^\x17\xa1\x1c\xe1\x0a\x1c\xd3~\xd5\xc1\x0f\xb2\
\xab\xbf\xa0\xe3\xb6\x8b\xe7\xdc\xbb\xaa\x9b\xe7\xdc\x85\xf8\x95\
]G\xf9\x8e\xa8\xa9\xc3\x8e\xdfc\x0b\xb9\xcc\xa1U\xe4\
\xa5;\xfa\xfc\x85L\xc4\xddU\xea8uU>^\xe2\
\xa4\xfb\xa5\xfe\xc3qRn\xf0]y]\xe3\xd4\xa6\x15\
>{?r\x89t\xb7R\xedlP\xd7\x9a\xf3\xe8T\
\xdfw\x99IZ]\xdd\xad4\xbd\xc6\xfb#\xbdBE\
*\x17t/\x9a(\xaa)r\x9brv\xf7\xcc\xab\x95\
EN\x99\xdebJ\x93\xbc\xaf)UJ\x876\xed\xf9\
\x17\xa5Zg\xd4\xa3\xb5k\xccxJ\xaa\xbb9)\x8a\
\xbb\xa3\xe8x\x8d\xd5\xdc\xd7\xd0\xf1R\x8a\x0a\x9b\xa3\x17\
^\xb2(\xa1\xa4\xac\xbd\xca+\x89\x8bT*S\xeej\
{\xa7\x83\xfb\xce\xcf\xcd\xc8\xe9\x9e\xe4\xa2\x17\xa9]V\
\xdaP9\xa5SU\xaf\xe8R\xd5\x0e\xa8\xf37\xc9\xe1\
\xa7\xddJr\xdf\xb9LT\xde\x14\x15MI\xe5%\xe8\
x\x94\xae\xca\x1b\x86\x8a\x9b\xa6\x9a\xe3\xcd<\x9f\x0fm\
.o\xeaSW\x9a\x5c&\xcai\xbdO\x8fC\xe3\x89\
\xf3v\xfb\x0e\x97\x0f\xd0\xaa\xaf*NP\xa5v\xb7\x17\
)\x85U~\xa2\x9e\xe4\x9c\xb6T\xbc\xf4\xd5\x8a\xa9\xf5\
<W\x8a|\xcf\xfb3o\xff\x00\xeaT\xa55\xbf\xfd\
\x82\x8a\xdb\xbcY\x15%\x09\x8d\xf6\xcc_\xdc\x88i\x5c\
\xa5\xdfI\x90\xd5^.{W\x08w9\x1fE\x93=\
\x1e\x0e:l\xdf]_\xa6\xcd\xf4\xd1\xaf\xe0\x9e\xba\x10\
\xc6{\x98\xe9\xeeg$r7\xc9\x88\x92s'\xb9\xee\
g%\xa2\xf8\x1c\xden=&\xc4\xe6%\xc4\x89E\xd9\
\x99\xeer5\x7f3;\xa7\xf0\xeb\xbd$v\xbf\x0d\xb8\
\x8a\x8ab\x97SWo\x92\x94\xfb\xa9O\x22\x86\xda\xb2\
h\xaesu\x1c\x1e>\xaa\xf8\xbf\xb3U\xff\x00\xf9*\
R\xaaX\x7f\xe3\xf1e\xc8\xbc\xc9\xc6=\x0a\x9b}\xcd\
}\x0a\xd2\xf2\xc0\xdfn.\xbdJTBV\xf7e-\
\xf7WM\x933&`c\xe9\xc9\xc7Fprl\xdf\
M\x1a\x18\x8d\xf5\xd1\xa3\xeel\xdfM\x1a5\xd1\xe7\xf8\
s\x1d\x1b\x1fE\xa1\x0e\xf2p>\x88[3\x06F;\
:y-M\xd7\x9ey(NiE-9\x88Lr\
\xe5\xa9G\x8bJO\xc3\xa9k\x82\xb7\xf0\xbb\xbf\xec\xcf\
\xfc\x8a\xd4\xd3U.\xcf\xfcw\x09\x22\x99\xedZ\x15\xd3\
\x8d\x959n>\x85iJ\x81\xf9#\x85\xc9\xda\xe9\xae\
\xb5LO\xb0\x8c\x99\x83\xf6\xea\xb6f\x0eFpbE\
\xae\xae\xe3\xdf]\xbe\xba4s\xeal\xdd\xfah\xd1\xae\
\x9b7\xd3_\xc17\x1a0!t}W\xd7\xa6`\xcc\
\x8f\xa6\x1d<\xa2\x9a/DD\x14\xb4\xfb\xbbG5w\
4V\x93\xed\x8c\x15\xcd-:\x7fr\xba\xbc\xff\x00\xcd\
\xfd\x95\xbd\xfa\xd2T\xa6\x9a\xa9r\x9f\xf8\xdf\x06\xa3\x10\
)\xec\x9c\x0a\x1a\x9c\xc8\xdf\x99\xac\xc9R]\xd1\xafV\
^\x8a\xbb]\xa3\xd0B}2?\xa1\xec`G\x07#\
\x1e\x8c\x0b]r<\x0f\x08\xf5\x16\xcd\x9c\x93cH\xe4\
\xd9\xbe\xba5\xd3f\xfah\xd1\xae\x93sg\xdb\xa4\xdb\
\xf81\xd3B\xe8\xdfL\x0aT=\xa2\x8a\x94U\x17\x97\
\xa1\xcd]\xd0U\x0d\xd3\x18*\x99\xfe\x92\xaf%T\xd5\
M\xa1\xfa\x1e7\x89uS\xff\x00\xf2\xad\xef\xfe\xd9+\
SMT\xb9M\x7f\x8c\xf0z8\x84[\xb7\x88/\xd8\
\xdb\xb4\x9a\xe6I}\xf1\x99\x22<Z\xff\x00\x98\xdfI\
\xb7F?\xe0Z\xe8\xd8\xf4`B989\xe3\xaa\xd8\
\xb5\xd1\xb3H\xc4\x9c\x13~\x994=t\xdb7\xd7F\
\xbaM\xcd\x9fcD\xdb\xa7\xdf\xa6\xfah\xd7I\xb9\xb3\
\x1d'\xe1\xe4\x8e\xea\xb9\x9fR\xa8\xeeK\x09\x8d9\xe1\
\x18r\xae\x90\xe6\x98j{\x97\xaa<G\xa5\x7f\xec\xf5\
7\xff\x00\xf5*R\x9a\xdf\xf8\xba'\xcdr9\xc2-\
\xdb\xe8\x87=\x8evi:\xbf1-\xf8\x8f\xbb\xe2\x7f\
\xe4l\xfbt\xd7O\xb8\xf3\xd5\x0b\xa4\xdcf\x05\xa1<\
\x99\x91\xe8}P\xb4fF\xc7\xa3\x12p&d\xc9\xa6\
<\x1c\x1bb\xcf]\x1ag\x06\xcd\x9fn\x93n\x9c\xfa\
\xf4\x9b\xf4\xd1\xae\x9b6}\xbahyI\xc4\x95\xc7\x7f\
\xf2\xaa\xb8\x1a}\xd3\xf60\xf9\x81J\x5c\xc0\xe9\x8e\xd6\
\xa5T\x9f%n\x15)K\xfe\xcdW\xff\x00\xe4\xa9J\
k\x7f\xe2\xb5Y\x11\x0d'\x22sV\x93\x22s\x848\
t\xdf\x0b\xd8i\xf6V\xd8\xdd\xff\x00\xa9\x9b6}\xba\
M\xba\xec\xdfM\x1a\xe8\xdd\xc6c\xe5\xd7\x91\xeb\xae\x05\
\xf5\x11\x99\x18\xf4c\xa5'&`{\x1b\xe8\xb6-\x7f\
\x06\x9fD,\xb3$\x13n\x9c\xfa\x9bF\xfah\xd38\
\xe9\xb6}\xbak\xa2jS\xc3\x1a\xf3\xf9\xb6O\x99M\
\xe0\xd2\x9d\x0a;oa\xa6\xa2\xaf\x86\xafB\xaa\x9b\xae\
\xfd\xd5\x7fe\x9fO\xe5+SMK\x0d\x7f\x89\xbcH\
\xe6\x99\x8b\xa1(\xedE5K\xd2dL\xbcG\xa0\xe2\
\xa5\xddT4\x89~e\xf1U\xeez\x13ql\xfbt\
\x9bt\xdb6l\xf74k\xdf\xa4\xdc\xd9\xf6\xe9\xae\x8c\
\xdf]\x0b\x08\xe4c\xd1\x81,\x08\xc9\x98\x18\xfa+\x0b\
B\xbfG\xa1\x9c\x08Fc\xa3g\x06$\xd9\xbe\x9a\x1e\
\x1f]\xb3}&\xc4Y\x1c\x8e\xd5\xd1?\x12%w\xd3\
\xdd\xa3\xdf\x08\xb7e\xf4_\xb1\xce\xca\xad\xda\xf6\xca\xea\
\xed\xaa\x8c\xd5\xfd\x96\xa7\xbfZJ\x94\xaa\x93\xb3\xff\x00\
\x11x+X\x81\xf9qt%\x11\x055f,\xc8\xee\
\xee\xa9Xp\xfb^NN:l\xc9\xc8\xdd\x8e\x0d\xd4\
l\xdfM\x1a}&\xe8\x83\xed\xd2m\xd3\xeel\xd9\xa3\
F\xba1\xf5L\xcc\x99\x8e\x8f\xa6\x05\xa1l~\x83\xd1\
\xc9\x82E\xe8+\xc7F5\x83\x13\x07\x02fGx\x1f\
N\x05\xb3}\x1b\xb7NM\x9f\x9a\x99\xb3E\xf7\x1d\xab\
\x82\xce\x9b\xe1\x0e{j\x91\xe2\x99\xd9u]\x0d\xd9\x95\
\xd55\xaf\x89\xff\x00d\xa9\xff\x00\xf4\x15\xa9\xa6\xaa\x5c\
\xa6\xbf\xc4*r\xd9Z\xba\x81\xf9`\xa5q\xf5<7\
\xf1\xc6gPSSj\xdf\x10\xf4=\xf4_Q\x19\x83\
\x91\x98\x83\x12m\x0b\xa3\xc1\xc9\xc4\x8b(\xd9\xf6\xe9\xae\
\x9fsf\xfd\xbah\xd1\xae\x9b\x1f\xed\xd3_\xc1\xb3\x1d\
\x12\x16\xce`z\x19\x83\x02\xf4\x15\xe0\xcc\xc0\xf65\x83\
\x02\x1393\x03\xea\x85\xae\x8cz1=$\xdd/\x0d\
\x0d\xda\x99\xf3S\xf2*O\xb6\xa1\xb8I;H\x9b\x94\
\xde\xc8\x8a\xdb\xd9]R\xfc5w\xfd\x93\xd5\x7fG\xec\
5)\xad\xff\x00\x86\xc5\x90\xae\x9f\xa8\xdd\xde\xca\x95\xe1\
\x0f\xcb\x1a\x83\xc3\xa7j>e\x0f\xca\xb6\xfa=uL\
F`\xe4o\xa6\x04\xb1\xd3&\x8eN\x04#?!\x8d\
\xe3\xa7>\xa4\x5c\xdd\xfah\xd1\xab\x9b6}\xbaM\x8d\
\x19\xbe:<\xf4\xc7\xc8\x8b\x0bp=\x8ci\xfc\xba{\
\x0b\xea-\x1c\x8d\x8fF\x04-\xc1\x99\x830{\x0d\xf4\
_Qh\xce\x065\x81\xd8\xd8\x9fD\xd3t\x95'\x0d\
+\xd3\xeeT\xd2Qu\x22\x95\x0e\xcaJb[\xc8\xa5\
\xd4\xb6\xd1\xe2U5S\xf1?\xec\x8d\xef\xfe\xcf\xd8\xa9\
M5')\xaf\xf0\xb6_\xb5\xbc\x19S\x99\x1b\xf3s\
#^h\x15\x9f\xf2\xf6\x94\xfc\x0a\xad\xfa\x8b\x1d\x1e\x7f\
\x870r7\x9e\x98\x16\x841\xe8\xf61\x02\x12\xcfV\
\xecpbE\x95&\xfak\xd0\xd386,\x9fn\x93\
k\x9a9\xf5\xe97\xbfO\xb1\xa2m\xd1\x8f=V:\
\xb7q\xa3\x1d\x1393\x037\xd3\x02\xd0\xb6=\x8dc\
\xaa93\x05J*^\x85MR\xd4|/\xd4\xba\x8d\
2\x98M\xb5vS-\xad\xb2/k5\xc3<Gz\
i\xbb\xfe\xca\xf9\x5c\xd1\xfb\x0e\xe9\xaf\xf0\xaf\xca\xe7E\
\xfb\x1bf\x94\xec\x9f2\x9b\xc9\x1ev\x9e?\xf2'\xe5\
\xf0\xe7\xca\x91\xa3]^zk\xaf<\x0d\xdf\xaa\xd0\x9f\
\x06f\x07\xa3\x1e\xc60!z\x19\x83\x91\xb3\x83\x12!\
\x19\x1e=\x07\xbe\x9c\x0b,\xd9\xf6&\xd75s\x9f^\
\x93sg\xd8\xd16>\xe2W\xf77\xd7F\xbaly\
\xe9\xa2m\xfc\x1b\xe8\x85\xd1\x95\x18\xe8\x99\x9301\xd9\
\xd2\xd4\xa2\xf4\xba`\xa6\x16.\xca%\xc4\x0a\x1ft\x15\
\xb7v\xad\xecx\xaf\xba\xaaf_\xf6_U\xfd\x1f\xb1\
R\x94\xd6\x1f\xf8?\xab3\x9d\x16t\xdf\x08s\xd9T\
\x9aS\xb2\x87\xe7]\xdb\xd1J\xedIp}\x88\xb16\
S\xd3f\xcfSF\x8f\xbfI\xbfU\x81\x0cyC1\
\x81\x1f\xb9\x989\x1b\xfd:c\x02\xd0\xb6fG\xa1\xec\
f\x05\x96mt\xd1\xa4rq\x22w\x22\xeeO\xb7I\
\xb5\xcfso\xd4\xd9\xee}\x8d\x1a\xe9\xb3f\xfd\xbaM\
\xba}\xfaM\xfah\xd162<\xf5\x9b\x7f\x04\x9b\x5c\
\xa1E=\xbb\xf9\x94KJ\x05\x0f\xba\x0a\x9c\xf7AZ\
SKR\x8a\xab}\xde\x1e\xff\x00\xb3>W\xf4~\xc3\
R\x9a\xdf\xf8*\xd0\x9d\xf4\x99\x13/\x81\xc3W\xba^\
\xc5S\xdbP\xe2\x9ah\xa6\xa9\x9a\x84\xed\xe1\xa7d,\
\xb3\xec<A\xa5'\x1e\xa6\xdc\x9b\xe9\xa3G\xd2zM\
\xfa\xe8\xd7G\x93f\x05\x82\x930F`o\x8c\x0c\xc0\
\x96\x05\xb83#\xbc\x0fc\xb1\x81lW\x81^F=\
\x0f\x0c\xc4\x09\x9c\x99=\xc6\xecprl\xdfM\x1af\
\x90\xb4l\xd9\xf64h\xfb\x9b&\xfd>\xc6\x8dt\xdf\
\xf0.\xaf=1U\x1a\xa9\x14\xd2\xdfmHM4\xe0\
r\xdb\x82\xa4\xa5@\xe5:^ w\xaa\x87\x9f\xec\xef\
\x95\xfd>\x9a*R\x9a\xdf\xf8\x1b\xe0\x88h\xa6\xac\xc5\
\x99\x13-O\xe8U\x15%\xb4UM]\x8e\x95\xe6\x93\
T\xe9\x0bB\xcb>\xa7#\xc1\xc0\xb2\xcd\x9e\xe6\xaeh\
\xe7\xd4\xf76l\xfb\x1a4l\xd9\xbe\x9a?s1\xd3\
c0!<\x99\x91\xde\x07\xf4\x1d\x8fa}E\xa1^\
F\xc7\xa3\x12b\x04\xc5\xb31\xd1\xbb\x1c\x18\x93hN\
\xfd4<1\xbc\x1c\x0b,\xdfI\xb1\xa3\x9f^\x9b\xe9\
\xf64h\xfb\x9b6}\xbah\xfb\xf4\x9b\x91\xd1hM\
E\xef<\x0e\xee3#\x8e\xe8\xc0\xe55\xa4\x8c4\xd6\
\x8a\x9f\x9e\x8d\xff\x00f|\xaf\xe8\xfd\x87t\xd6\xff\x00\
\xc0X\xfc\xb0%\x11\x1fR\x9a\xb3\x19#\xbb\xb9\xac\x8e\
+^\x14y\xbd\x8a\xa7\xb5R\xbe\x15\xd5l\xccl\xe4\
l\xc0\xb6,\xf4\xd1\xa4i\x9cI79>\xc4X\x9b\
t\xdb7\xd3F\x8f\xa7I\xb9\xb3\xec\x22lrf\x07\
\x9fC}\x15\x8at+\xc8\xf6=\x180&%\x930\
r6=\x18\x91hL\xcc\x99\x81\xef\xa7\x02\xb3b\xcf\
M\x1aG& N\xe6\xd9\xf6\x22\xc6\xbam\x9b7\xd3\
G>\xbd&\xe4\x5c\xfb\x1a&\xf4\xf2f\xa5\xb5W\xa9\
n\xe8v\x1c\xf7q\x07\xd8\xba^\xc5w\xaa\x95w\xfd\
\x99\xf2\xbf\xa3\xd3C\xbak\x7f\xe0\x15+\xa8>\x18\xf4\
\x12\x8c}Jj\xb3\x8c\x95.\xeam\xf1\x15\xbe\xe8Z\
\xf4\x1f\xd0\xc0\xac/L\x99\x83\x91\xb3\x81ZE\xa3#\
\x1e\x11\x898\x16H>\xc3\xc3&\xcazm\x9b\xe9\xa3\
G\xdf\xa4\xdc\xd9\xf64M\xba}\xcf\xd8\xd9\x83B\xc2\
3#\xbc\x8f'\xec`\xfd\xfaf\x0eF\xc6\xa0\xc0\x84\
rf\x06\xb3\xc0\xd9\x83\x12,\xa1\x19\x1e\x8eLA7\
6\xcc\x8fcvG\x07&\xcd\x9a4<>\x93~\xb0\
M\x8d\xa9!~#\x98\x8a\xbd\x8b\xf73jtj\xf7\
\x82-\xb2\xaa\x9b\xae\x95\x7f\xc0|\xaf\xe9\xf4\xd0\xd4\xa6\
\xb7\xff\x00\x5c\xdf\x99\xec\xa9y\xa0\xf8cP%i\xfd\
\xc4\xff\x00\xe1/\xcdS\xff\x00!\xdcw7\xd1`\xfd\
\xcc\xc1\xec7\xfatV\x16\x8eGq\xe8\xc4\xec\xe0L\
\xe4\xc8\xf6=\x1c\x0bf\xfah\xd1\xcf\xa9\xeeM\xcd\xdc\
\xfb\x1e\xe4\xd9t\xe7\xd4\xdd\xcd\x9fcF\x8dty7\
\xd5`W3#c\xd1\x81\x09\x9c\xf2f\x0f\xd8f\x0c\
\x0bB\xbc\x8fc\x8b\x0e\xc6 L\xe4\xcc\x11\x91\x9c\x18\
\x16\x85\xd3Hx}V_H&\xc7\x02~j^\x19\
~\xfb\xfd\x0bJ\x9d\x1a\xbe\x8bE\xc76\xd1U\xeb\xa7\
\xff\x00\xdb\xbeW\xf4\xfe\xc3\xbak\x7f\xf5qc\x5c\xc9\
>k\xdeH\xf3C0\xff\x00\x97\xb4\x88\xf0\xd5^\xbb\
0\xa5\xff\x00\x1eL\xc8\xd9\x81\x0a\xf0+\xc8\xc7\xa3\x02\
\xb4\x09\xfe\xa7&cc\x1b8\x16\xc4dc\xc1\xc9\xc0\
\x9d\xc8>\xc7\xb8\xf0ps\xeal\x9b\xf4\xd7\xb1\xa3F\
\xfd\xcd\x9b\xeb\xa3]\x1b\xb8\xf2c\xe4A6\xe9\x98\x18\
\xdfEah[\x18\xf4?\xa1\x811o\x930f`\
o=\x15\x84#&`xg\x07\x07=\x18\xdd\x8e\x0e\
H\x8a\xe8\xfed(uS:.\xd5\xf4Z/\x81\xcc\
\x0e\x17\xa1S\xbaW~\x07\xff\x00o\xec;\xa6\xbf\xea\
}G=\x95H\xf0\xa7d\xf9\x94\xecK\xce\xd5X+\
\xf8i\x9bUO\xf9\x0f\x92m\xd3f\xcd\x9a\xe9\xf7\xe8\
\xf3\xd1Y\x0b\x07#\x19\x8e\x89\x9c\xc1\x989\x1b0-\
\x8a\xf0fGq\xe8\xe4\xc4\x0bG=[\xb1\x881>\
\xa6\xc9\xb9\xeeh\xd34\x8e\x0d\xb3}4h\xd7I\xb9\
\x17>\x90A64}\xfaM\xc8>\xc2\x13\xb0\xef#\
\x87\x03\xc9\x83\xd8_S0fG\xe85\x880-\x09\
\x99\x91\xde\x07\xbe\x06!l\xcc\x1c\x8d\x9c\x18\x91\x16\xee\
Zd6\xd3\xd0\xe2/\x81\xcd\xf8\x1c)\x91\xcat\xb6\
e\xd2\xee\xff\x00\xb3\xb7\xff\x00\xd1\xfb\x0f\x0d\x7f\xd4;\
\xab\xde=\x8a\xa7\xb6\xa1\xda\x13\xd8\x9f\x997\xbf\x99\xd9\
\x7f3Q\xc1U\xdf\xb1\x06\x8f}\x9bd\x5c\xd9\xa3G\
>\xbd&\xfd4,tc1\xf2\xe8\x9d\xbaf\x0eG\
\xe9\xd1}E\xa1^`{*\xd0\xec`LFcg\
#\x1a\xc1\x891\x02\xcfW\xb1\x9c\x1bf\xcd\xfb\x1a\xf6\
4s\xea}\xc9\xbd\xcd\x9fn\x93cG\xdf\xa4\xdf\xa7\
\xd8D\xd8\xcfH\xb9\x81p!]\x19\x91\xbb\x8c\xc0\x84\
\xfa=\x0f\xe8c\xa2\x15\xe0\xe6\x06\xf8\x19\x8e\xbbU)\
L\xae?\xe1\xb7z}\x077\xda*\x85%\xfc\xa2P\
\xd1U^\xff\x00\xfe\x17\xff\x00\xb3\xf6\x1e\x1a\xff\x00\xa5\
N\x1bdL\xb2\xa8\xa9-\xc1T\xaaZWC\xf2\xc2\
r\xa4\x96\x9f\x87\xaf\xfb\x8d\xb6\xcc\x8fcv\x16\xa4\xdb\
7~\x9a4s\xea{\x9b\xe9\xafcF\x8d\x91s~\
\xdd&\xdd>\xfd\x1eL\x18\x15\xe0\xcc\xc0\xf7\x03\x8b\x0e\
\xd80'\xfa\x89\x0a\xf0FFpbv-\x09\x9c\x99\
\x1a\xc8\xd9\x88\x16\xcd\xf5\xd0\xf0\xce$\xdd\xcd\xb3\xed\xd2\
lh\xe7\xd4\xd97\xe9\xf6\xe9\xae\x9b\xe2M\x9b\xe9\xa3\
^\xe6I\xb9\xb3\x8fA(\x16?\x82`\x98\x13'\xa3\
\x1e\x8c\x7f\x06Z\x1c\xfb\xa1\xc2l\xbd\xb4(\xc9|\xfe\
\xc7\x88\xf3?\xfeY\xbf\xfe\x8f\xdb\xfe\x91}\x0a_\x16\
dOuK%QTm\x15\xcaM+\xa2\xb5\xdbO\
\x86\xae\x97\xadCw\xb1\xcb3\x1b\x1a\xc8\xce\x05\x96m\
t\x9b\x1a\xb9\xcf\xafM\x9e\xe6\x8d3\xdff\xeel\xfb\
t\xd7O\xa4\xf4\xdfU\x83C\xbc\xc0\xf4`\xf64G\
\x19\x15\xe0\xcc\x8d\xf1\x81\x98\xf5\x16\x84\xceGx\x1e\xc7\
\xd1Y\xb1e\x0a\xe6G\x81\xd93\x81\x1bf\xfaM\x88\
\xb1\xcf\xa9\xf7&\xe7\xd8\xfb\x1a&\xc4\x1b~\xa4\x5c\xd9\
\xf6\x16\x0dt\xd9\xbe\xb3n\x9fsc\xcfM\x1a9\x19\
\xed\xd1\x08\xe4\xe0v\xa9z\x12\xa9\xadD:_\xa9u\
\xe8(\xc8\x9b\xceF\xafl\xfb\xa2\xa7\xe5y\xff\x00\xf0\
\xcf\x8f\xfb?o\xfa,?A[\x11\x1e\xa5/1\x92\
&Z\xc9TU\xdb\x17\xf6<J]6Q\xf8c\x11\
\xc9\x98\x1e\xe0g\x02\xd8\xb2\x8c\x92pbvq\x22w\
\xbfM\x1ag\x12n\xe6\xd9\xf6\xe96\xe9\xf76o\xa7\
\xd8X\xea\xcf\xb7I\xb7Ex264`K\x81>\
\x0c\xcc\x19\x81\xef\x81\xfd\x0e\x05l\x0bB\xd8\xee8\x84\
=\x8cB\xd8\xae\xfa7cH\xc4\x9c\x09\xdf\xa6~D\
\x13n\x9bf\xc9\xbfM\x1ag\xdc\xd9\xbe\xb3n\x9fs\
f\xfah\xd7\xf0c\xe5\xd3]8\x19\x8a\x97(\xbd-\
2\xd1\xc3%\xc2h\xb3\xf5*\x95\x8b{1\xfc5\x7f\
\xfb\x7fG\xfd\x1f\xb7\xfd\x07\xa6\x874\xb5\xa4\x84\xa2\xea\
>e.\xce2Gwtd\xae*\xaa\x88\xfe\xef\xe7\
\xc9\x5c\xf7T\xcfa>\x0ey3\x07#0-\x8bG\
06=\x18\x9d\x91\x813\x93\x83Lz\x13\x16Y\xf6\
\xe9\xab\x9aG>\xbd6z\x1a4h\xd9\xb3\xed\xd3D\
[\xa7\xec7q\x98\xf9\x08L\xe7\x930~\xc3|\x18\
\xc0\xac-\x0a\xf2;\xcc\x0fC\xdf\x06:-\x8b]\x18\
\xf0\x8cI\xc0\x9d\xc4\xb2g\xe4r7c\x83\x12E\xc9\
\xbfM\x1ac\xd0\xbfsl\xdf\xb7I\xb7N}M\x9b\
=\xcd\x1a5\xd3} \xd7\xf0\xadr(WE\xe2\x98\
\x14E\x8ec\x05T\xc3MJc\xaa\x13\xff\x00\xf6\xde\
\xff\x00\xd1\xfb\x7f\xce\xe6\x9b\xc1TwF\x10\xec\xd6\x92\
\x12\x8b\xf1\xc9K\xf2\xbd\xbf\xd4\x8e\xea\xaa\xa73\xeaT\
\xe6\xa9\xe4|\xf5_S0rO\x18=\x85\xf5\x16\x8c\
\xcc\x0d\xe4z1\x81hL\xe4z\x1e\x1fD\xc5\x96g\
\xe5\xd3F\x91\xcf\xa9\xc1\xb3\xdc\xd7\xb1\xa6j\xe6\xcd\xb3\
~\xc7\xd8\xd1\xa3^\xfd\x1eM\x98\xf9t\x9bt\xccz\
\xf4n\xfd0,\x0bg#\xbc\x0f\xe8;\x18\x17\xd4Z\
30=\x8fF$\xc4\x09\x8bf`\xe4l\xe1\x98\x9d\
\x9c\x09\xdf\xa3\xc24\xc7\x83\x81%5\x1b\xe964b\
zo\xaf\xb9\xa3\x83f\xfak\xf8'\xa5\xa5i\xa1O\
\xfc:\xa3%\xa2V\xcb\xde05{\x0d\xc5\xd5\x9a*\
\xc5M\xff\x00\xf9\x7fG\xfd?\xb7\xfc\xcdE\xa4\xfc\xd1\
\x99\x1a]\xf0\xc7j\xbf\x97\xb4J\xd3\x98\xdc\x09\xfcM\
\xfc<\xa3&\xf8\x1ezh\xe4\xcc\x0f\xe87s\x07\xee\
,\x0a\xf2=\x8fF\x04\xb0'\x982;\xc0\xf7\xd1\x0b\
f`\xe4g\x06'\xa2w\xe9\xa3LxG\x06\xd9\xbf\
n\x9a4i\xfa\xf4\x9b\x91s\xed\xd3]>\xfd&\xfd\
>\xc2\xe4\xe7\xa3\x8b\x0f\xe8;\x18\xe8\xaf\x06do#\
\xd0\xed\x83\x18\x13\xe0_S0r6=\x18\x91hL\
\xcc\x8e\xf0=\x8c\xe0B\xbc\x1c\x8d\xd8\xd7\xa1\x891\x04\
\xdf\xa6\x8d\x0c\xe0\xdb7\xd3_\xc6\x9e\x05\x0b\xe6_X\
\x22\xf6\x1b\xccX\x8f\x81\xad\x18\xa5\xbf\xff\x00C\xd3\xfe\
\xdf\xdb\xdb\x1f\xf2Z\xf2\x8d\xf9T\xec\xbfr\x9d\x90\xbb\
\xdae\xfb\x9c\xf9{F\xbb\x7f\x11\xd70\xb7\x1e\xa4\xfc\
\xfal\xdfMt\xfb\xf4\xdfU\x83\x91\xe4f\x04&f\
Gx\x1f\xd0\xc0\x9f\x19\x12\xcf&`\xe6\x06pbN\
\x04\xcc\x99\x81\xab1\xb3\x10m\x9b\xe9\xa1\xe0\xd3\xf58\
\x92osw>\xc7\xb9\xab\xf4\xe7\xd4\xd97\xe9\xf64\
M\x86}\x07\x93\x1dV\x0c\xc8\xdeG\xa3\x1e\xdd\x17\xa1\
\xed\x91^\x0c\xcc\x0d\xe4f\x04\xb0&fGx9?\
c\x02\xdf\x22\xbc\x0a\xf27#\xc21& L\xe7\xa3\
\xc34p,\x9b\xe9\xaf\xe0\xe7\xf8\x13\xba\x9c\x8aUt\
\xb7.\x96B\x92s\x16#\xe0\xf4=Q\x85Ss\xf8\
\x0f\x87\xfd?\xb7\xb7\xfc\x85|\xe1{\x15'\xd8\xe4o\
\xcbJ\xab\x7f!f\x9e\xe8\xf3|\xcaR\xfcJ\xa4\xba\
\xae\xba]\xa0\xe6I\xb286l\xf74h\xfb\xf4\xdf\
M\x1a\xe8\xf2l\xfa@\x85\x832<\x8f\xe8c\x07\xb0\
\xbe\xa6`\xcc\x8d\xf03\x02\xb4\x09\x99\x91\xde\x07\xb8\xc0\
\xec`[\x16WM\x11drpM\xd0\xb2\xcf\xb7I\
\xb1\xa3\x9fSd\xde\xfd>\xc4X\x9b\x1fso\xd4y\
&\xfd4h\xd1\xb1\xe4\xd9\x82l#\x83#c1\xd1\
>\x99\x81\x8d\xf4E:3\x81\xecz0`O\xf59\
3\x03\xdc\x0f\xa2\xd8\xb4r<\x1c\x7f\xc8\xda\x9c\x9d\xbe\
d\x9c\x12\xfc\xc8\x8f\x86lM\x86\xbd\xcc'\xbf\x05\xf0\
\xff\x00\xa7\xf6\xfe%xd\xf7\x7fT{\x15\xa7\xda\xd7\
\xdc\xa9\xa4\x92r\xa7\x92\x99\xa5\xd3U]\xaaJiT\
\xf8\xbe:\xfd\x91\x97\xd3G\x0c\xdb\x17M\x5c\xd29\xf5\
\xe9\xbb\xf4\xd1\xae\x93sg\xd2\x08\xb4\x89\xdb\xa6\xc7\x9e\
\x98\xe9\xc1\xcc\x0cf\x04\x84\xf830f\x06{`\xc4\
\x0a\xd2-\x192=\x0ff\x04,\xb3=\x1b\xb1\x189\
\xf58\x92nFO\xb1\xc8\xdd\xbas\xeaE\xc9\xb9\xf6\
>\xc6\x8dt\xd9\xbe\x9a4,tn\xfd1\xf2\x10\x9d\
\x8c\x9c\x0f\xd0\xdfEah\xe4w\x1e\x8f\xd8Bfd\
\xcc\x1c\xc6\x07n\x88W\x8e\x8c\xe0\xe7\xf8\xf6\x8ar\xb9\
\x13}\xd0\xee\xbeDblM\x88\xe6\xe6\x196\x7f\xfa\
_\xfd\xbf\xb7\xf0R\xe2\xe54\xcfsS>\xc4\xf7\xc7\
\xe6\xe4\xad8t\xac{\x955J\xdd)\xf2\xcaS\xa6\
\xb8\xb5-\xce\x8eL\xc7F\xecb\x0eE\x9e\x93cH\
\xe7\xa4\xddI\xeeh\xd3=\xcd\xa3g\xd8\xd5\xcdt\xdf\
\xb9\xbe\x9a4k\xa3c1\xf2\x12\x13\xb33#\xbc\x11\
\xfa\x0f\xd3\x060/\xa8\xb4g\x06f\x07\xa1\xdaz!\
l\xcco\xa3\x1e\x8cN\xce\x04\xeeA\x9f\x91\x16\x1b\xb1\
\xc1\x89\xf56M\xfa}\x8d\x1a\xe9\xb6o\xa6\x8d\x1a4\
l\xd9\xf6=I\xb0\xae}\x08\xb97\xe9\x81`\xd0\xf6\
1\xf4O\xa6`\xf6\x1d\xba!h\xf6\x1d\xe4z1\xff\
\x00&\x97u\xca\x17\xe5\x9f\xa16\xb9\x18\x92nE\xdf\
&\x9f\xfe\x9f\xfe?n\x94\xd9\xa8\xc1K\x89\xed\xc9M\
3-|D\xf7\xf6~n`\xaa\x96\xfb\x92\x8e\xc8\xbd\
\xfd\x0a\xa1UU4\xd9\xfe\xa6\x04pr6pbv\
-tc\xd1\xc9\xbb\x93~\x9a4\xce$\xda\x93l\xfb\
\x1a\xb96\xbfNM\x9b\xf6=\xcd\x1a\xe8\xdd\xcd\x9fb\
,'n\x9c\x10M\xfa!\x19\x91\xee\x07\xa3\xdb\x06\x04\
/\xa8\xaf\x07#\x1e\x8cH\xad\x02bFG\x81\xbb\x11\
\x83\x93bw\xe9\xf64\xc9\xb2>\xe6\xd9\xb3g\xb9\xa3\
O\xa6\xcd\xb3~\xdd&\xdd>\xfd7\xd7]w\xd7B\
\xe9\x12M\xfa\xac\x0b\xa3\xff\x00\x97\xbfTM\xe9#\x02\
bY?t<?\xfd?\xfc~\xc4\xc3\xb6\x0a\x5c'\
\xdb=\xc2\xa7\xbac\xe2'\xbf\xb27\x98\x92\xac\xc51\
\xf2\xf6\x1d\xb0c\x02\xf4\xc9\x98\x83\x98\x1b\xe3\xa7\xb0\xb4\
+\xc8\xd8\xf4bE\xa1;\x99\x1e\x8d3\x81\x1bf~\
]&\xd786\xcd\xdc\xdd\xcfsF\x9f\xafM\x9b>\
\xdd&\xdd>\xfd&\xfdti\x8e\xf2>\x98\xc1\x8fq\
}Ex9\x81\xdcz0`DM\xcf\x8a\x08\x1b\x1e\
\x8cI\x18\x1392r6prn\xff\x00\xc1\xa6p\
m\x1bf\xfd\x8frm\xd3\x9fR\x09\xbfM\x1a5\xd3\
f\xfak\xf8&\xfdu\xd5\xff\x00\xca]8j\xcc\x88\
\xab\xc3\x98\x86'\x02'\xf5\xe9=\xae\xd8E.)q\
v*e4\xbe!\xd6\x9dTE\xbd\xa7\xa3\xb7\xb7E\
\xf5\x15\xe3\xa3\xf4=\x85ah\xcc\x8f\xd0z1\x8b\x89\
`G#\xd0\xf7\x03\xd0\x85\xb3$dn\xc7\x06$\xdf\
L\x9a\x1c\xc386\xa4\xdb\x93\xed\xd2m\xd3\xeel\xdf\
M\x1a&\xdd\x1eFc\xa2\x16\xba=\x8c\xc7D\xc8\xcc\
d\xcc\x11\xfa\x0d\xf0;A\x898\x1393\x03\xd8\xd9\
\x881'\x02\xcfN\x07\x86=\x1c\x0b,\xdfM\x1aG\
'\x06\xfa}\x8d\x13n\x9b7\xd3F\xba\xef\xa7\xdb\xa4\
\xdb\xa6\xfa%\x04\xdb\xfeW\x1c\x8a\x14<\x88\xa5\xc3\x83\
$\xc3\xf6\x9b\xc0\x9cS\xcb\xfdD\xa5F\xdf\xa9\xde\x9d\
J\xdd\xa9\xf1\xd3}\x16\x05\xd1\xbb\x9e\xc2\x10\xaf#y\
\x81\x98\x12\xc0\x99\xcc\x0fC\xf40!o\x931\xb3\x94\
6pbM\xa1t\xe0xc\xd4\x8b*E\x96df\
\x8fs\x9fSf\xcfsF\x8dt\xd8\xf3\xd3F\x85\x8e\
\x9c\x8f(\xc7I?s0fF\xf2A\x81\x09\xf4\xcc\
\x0fc0bE\xa13\x93\x81\xecl\xe0Y\x16zd\
\xd1\xc9\xc0\x9d\xfa}\x87\x81\xe1\x1c\x0b,\xdfM\x1a\x1e\
\x1fM\x90}\x8d\x13c\xdc\xdf\xfc\xc8\xc7J\xaa\xedi\
m\x08\x9d\x10M\xef\xa9\xbc\x09\xf9/x\x12\x95\x1c\xfa\
\x9d\xea\x5c\xf9'f\xcd\xf4\xd1\xae\x93~\x98B\xc7G\
\x91\xfa\x18\x16,'\xd1\xe8\xfd\x8fc\xd8_S0G\
\x03|c\xa2\xb4\x8b]2p=\x8e\xd0!l\xcfF\
\xecprl\xdfM{\x1af\x91\xef\xb3l\xdf]\x1a\
\xeb\xb87\xd3]>\xe6I\x1a0$'\xd30s\xc0\
\xc6`Z\x11\x930s\x18\x1b\xe9\xc8\xb4+\x8e\xe3\xc2\
98\x1392r6p-\x8b=ti\xf4\x9b\x90\
}\x8d\x1a86\xcd\xff\x00\xc8\xe3\xabX\xe9\xdd\x07\xb0\
\x99\x06\xfc\xd9['\xc8\xbb\xaf\x02^Xx{;\xd4\
\xd7\xdd\xe5\x9d\xd8\xd9\xbb\xf4\xd1\xae\x93~\x9a\x16:M\
\xcd\xf4H\x9btw\x1f\xd0\xc7O\xdc\xcctn\xe6\x0c\
\x0bB\xd9\x99\x1e\x87\xf4\xe8\x85\xb30r3\x83\x12p\
'\xd7L\xd2\x16\x8d\xb3}5sF\x9fM\x9b7\xd3\
F\x8dq\xd2n3\xed\xd1c\xa6c\xa4\xdc\xc1\x81\x09\
\x9c\xc1\x98\x1f\xd0o\x83\x06$B\xbc\x8e\xf3\x03\xd1\xec\
`\x9f\xd4\xe4\xcf\xa8\xf63\x06$]^\x87\x86p,\
\xff\x00\x03}6\xcd\xf5\xd1\xcf\xf0-\x1c\x8fc0w\
tO\xa6\xef\xf1-\x93\xe4]\xd8[\x12\xf2\xae\xec=\
\x8a\xa5\xdd\xe2\xaa\xb2\xf7cw7sW4i\xcfM\
\xf4X\xf65\xd2nl\x7f\x9e\xabS\x02V\xa6\x85\x94\
J\xed\xee\xaa\xec\x89\xee\xfc4\xdc\xfa\x8e\x1dJ\x9aW\
jc\x9e\xe5U6\xa7\xd8\x951f\x97$\xc54x\
\x94\xdd\x91*\xbaT\xd2\xfeg\x1d6{\x18\x16\x85\xb1\
\xdeG\xa1\xfd\x0c\x14\xf0\x88Z\xca\x15\xdd=\xa4L\xaa\
J\x9d\x9fk\x1e\x17c1\xf09\x91g\xca\xc4\xef\xe4\
pf\xf4\xb31\xda\xc8\xcfk\x1f\xa1\xec,\xb8\x16Q\
\xbbt\xd1\xa7\xd1e\x1bf\xfah\xd1\xa7\xeb\xd3d\x5c\
\xfbt\x9bt\xfaOF\xef6*\x5c\xe1\x13\x1f\x0b\x82\
\x95\xb4\xd4\x89\xc2\x87\x93\x9e\xd1\xde:OL\x0bB\xf4\
\x1d\xe4z\xeb?\xa8\xb6f\x0eFpbN\x04g\xa3\
\xb4\x98\x81\x0b}9\x1fNM\xf5\xd1\xcf\xf0#\x9e\x9c\
t\x9f\xa4\x1czt\x8b\x19nr\x8a\x9c\xd3yK\x92\
\x22\x9a]Q\x0cU%W\x8b\xb6\xfd\x8d\xa97\xd3F\
\x99\xc4\x93s\xdc\xd7\xb1\xa7\xd1?5o\x04y\xaao\
\xe1\xf9\x1c\xfe^\xdf\xf6#\xcb/<\xfc\xce\xef\x22\x9b\
\xce\xfeF\x5cg\xbb\xd4q\xdf\x0f\xcb#\x9e\xf9\xc4z\
\x16O\x98\xf4\x13j\x9ec\xe6$\xbbc\x0f\xdcs\x0e\
\x98\xecup<W\x16\x1b\xbfT-\xf4z\x1f\xd3\xa5\
1\xf9fJRjW\xc6R\xdd}\x91~bH\xee\
\xeeT\xc4z\x15\xd5\x97M\x94{\x95S\x0a\x98'\xb3\
\x1en&Ji\x87J_\xbf\xa1ER\xdcB\xab\xff\
\x00$wwT\xa5C\xd2*\x8a\xd5?\x99.\x0a\xd3\
\x8a\x92\x88\xdd\xca\x9aIe&)\xa7\xb5\xd9O\xa1D\
*\xaa\x8f3|\x94\xa7\xdfJr\xd8\x9au<&\x87\
-=$U\x0e\x94\xdd\xd2\xf6*\x9e\xca\x86\xd2T\xa7\
7;T\xd3;97\xd7G'\xb976\xcd\xf4\x9b\
\x0b\x8d\x1aT\xb8\xa7\xb8k\x8b\xce\x87W\x9e\xf7\xf4\x22\
\xf1\xc7\xa9\xf0\xc7\xe5\xed\xff\x00a+O\x1c\xa2\x9a\xbc\
\x9c\xfa\xe4\x8e\xebm\xfa\x95o\xc3\xb2Up%.i\
\x86\x89\xb9\xe8`G#\x1e\xbac\xa2_\xa9\x989?\
b\xa5\x10\xe5\xfc\xc9\xed\x8e\xeb\xb2\x95\x84\xda)\x7f\x17\
p\xd4\xf7IR^V\xef\xfb\x0e\x7f6\x0b+<}\
\x04\xe2\xf5[\xf6\x12R\xe5_\xe8f;\xbc\xdf\xb1\x13\
2\x86\xed\x0eQ\x88\xae\x92\x97\x19\x87\xf5\x17\xa7\xfc\x85\
\xfc2\xf3\xc4\x1cz\x1a4Y\xf7r\xbdJ\xaa\x9av\
\x90\xd7j\xa5\xb8\x8faT\x93\xf1#\xcc\xd9\xc0\xb3\xd3\
C\xc38\x13\xbfM\x1ac\xf8<9\xbdo\xec\x8a\x1d\
\xe8\x98^\x82^g8Ff\x7f/\xb7\xb0\xd7\x92j\
\xcf'w\x92\x9e\xed\xecS*n\xaa-\xf8\x95'i\
\xf6\x1c\xf7\xf1\x05\xa57/\xb7\xd0\x97\xda\xa6\xf0$\xbb\
c\xeeO\x96\xfe^\xe2\xa5\xe6Us\xa8\x13\xff\x00\x89\
\xe1f\xaa=}\xba`\xd1\xae\x9b?n\x89\xa8\x853\
\x92\x94\x9a\xb5\xaa)n\xa5Lo\x89#\xbb\xba0W\
U\xea\xed\xc4h\xae\x98\x8e\xd9\xf9\x93\xf8q\xbe&J\
\x14Gl|\xfdJ*\xf8\xbbs$ww:fJ\
\xa2\xbe\xc8\xba\xf4*N\xea\x98\xed*j\x9cY\x17\xa6\
\x1a\xb3\xf5E\x11Kn\x9f3\xf5(O\xba\x95\xbfr\
\x96\x9biBc\x9a\xa5\xa9Q\xe8W\x0e\x9a^QZ\
j\x9a\x92\xba\xf7*\x8aU9Rv\xa5\x0b\x02\xd8\xb2\
\xbae\x1aG'\x02wB\xd9\xbe\x95^\x8f\x0en\xd7\
\xd8IvSK\x885\x5c\xdb\xbb\xd8k\x13v\xce\xef\
:\x9f\xd0\x8f4</\xf3?\xf8\xf6\xff\x00\xb1\x16\x97\
\xad\xc1\xdd\xe4S\x7f_\x90\x94\xdb\x9fRo\x7f/w\
\xfb\x8dMS\xce\xa0\xee\x87W\xe6_\xf8\x1a\xf2\xd4\xb6\
\xbah\x9bt}u\xd1^:U\x12\xd2*\x5c}I\
\xed\xed\xf4(X\x8f\xa9K\xb5P?7td\xae\x1f\
l`\xaau\xf0\x8e)\xf8p&\xd62R\x95\xda\xf8\
\x85\xe6\xed\xdf\xb1\x13)`\xa9\xf1dDAK\xed\x96\
\xaeR\x9c\xac\xc9\x99\xa3\xe1\xf9\xa1\xbbx\x8a\xe8\xe3\xfe\
R\x99\xf6\x83\x89\xb7U~\xe8\xfd\xca\xea\xb3jR*\
\xa7\xb5R\xed\xfa\x14\xd4\x97\x7fo\x9d\xbeD\xb0#\x91\
\xe8\xe4\xe0]2\x87+\xc3_\xcc\xfd}\x07\x14\xf6\xa7\
*Jj\xf3)\x85%4\xf9\x9c\xe8\x9e\xec\xdf\xb7\xd8\
\xaa\x9f+\x9d\x15U\xe4\xa5U\xbd\xb9B\xb7ov*\
\x14*\xeb\x9d\xfb\x17\xfcK\xe5\x16\x95\xdd\x9aI}\xab\
\xba!\x10\xbb/\x82mT\xdb\xbb\xd8j\xeasV\x8e\
\xef:\x9b\xfa|\x88\x9f\x17\xc3_\x95i\x9fcW4\
l\xd8\xf3\xd1v\xc7lz\x94\xa4\xe9\x8cU\xee)t\
\xa7\x89\xe2H\xee\x97\x94\xfd\x0a\xea\xf38\xba\x8d\x15S\
xS\xf3'\xb3\xb7Q\xeeSL^\x98\xf9\x94Ug\
\x19\x9d\x11\xdd\xdd\x19*j\xae\xc8\xdebJ\x93s\x1f\
\x01UJ\x99\xed\xf8K\xd3\x1d\xb9\xf5(\x8aqw\xeb\
'\x86\x9f\x962P\xd3\xeeT\xd9\xfa\x15M]\xce\x99\
^\xc5qWf\xd1Zp\xd2\xbd>\xe5MS\x11d\
v\xa5e\x1a\x10\xb4r1\xe8\xc4\x98\x811o\xa4w\
QC\xc4z\x8d\xcd7\xb2#\xca\xa7\x03\xb2\xaf\xfa\xbd\
\x87n\xd5Vj\x15^zg\xf4\x12\xf3>\xec#3\
?\x93\xdb\xd8\x8bMS+gw\x92\x9e\xef\xd4J\xd0\
\xf0\xf6O\xc7>^\xefoq\xaf4\xbc\xbd\x1d\xdeu\
7\xf4\xf9\x0dCI\xdd-|\xca\x9f\xfc:\xf4\xd1\xa3\
]6o\xa4\x9a\x16\xba8\xee\xed\xc8\xd5\xe1}O\x86\
5\x05*\xd2\xbe\xa55y\x5c_\xd8~i\x8c\x95C\
t\xc6\x1f\xb9Rs\xfd%\xa9\xf8b\x04\xdaV\xc9J\
Z\xf8\x855v\xc7\xd2H\x99\x8c\x15U\x98\xc0\xd4D\
\x09\xf6\xe2\xec\xa1=\x09\xa7(\xaa]\xd4\xa2&\xaf\x0b\
1\xed\xff\x00*\xef\xe8q6\xe9\x02J\xae\xe8+\xab\
.\x9b(\xf7*\xa6;Z)\xa9Sz|\xcf\xd6E\
\xa1lw\x1e\x8c`\xe0Fd\xf8\xab~\x9c\x0e\x97E\
\x1d\xaa\xf4\x8e)\x85u>\xa5\x15]a2\x9aT\xb7\
\xf6'\xbf>h\xf6*\xa6\xcdq\xc3*\xab\xca\xa6R\
|\x8ai\xedn.S\x0a\xba\xf7\x22\x9e\xf8r\xda,\
\xdd\xf3O\xccm\xbaWv\x17\xba!v)\x86\x86\xe1\
x\x93\xf9\xb9\x81\xa8t\xf7f\xad\x0a\xaf==\xdf\xa5\
\xd8\xa9\xbcU\x1e]\x1e+\xee\xf0\xdaz\xe0\xd34\xa7\
\xa6\xd9\xb3\xdc\x95\x10\xfd\xc4\x97d}\xcb\xbae\xf9{\
\x88\xee\xbe{\xbd\x0a\xaa\xf3\xff\x002\xe3\x05T\xf9\xa3\
\xf7g\xc1\x1f\x97\xb4\xa5Zx\xe5\x14\xd5\xe5{|\xa2\
;\xbb\x92\xcb\xf5\x1b\xeet\xeb\xbb\x89*\xa5\xb7?\x94\
\xaa\xae\xd6\xe2\xf4\x91\xdb\x89\x9fR\x98\xa5/\xe6\x5c\xc9\
\xe1\xa7\x0a?\xd4\x944\xd5Q\xf4\x1c\xd5\xdd\xdb\x9fB\
\xb8\xab\xb21\xf3+O_\x00\xda\xa7\xe1\xc1\xda\x95\x90\
\x85\xa3\x91\xee\x07\xa1\xdb\xd8\xc7E\xb3\xc3\x9a\x97\x87\xba\
\xbeFeYG\xa9Smm\x22\xa4\xbbin s\
J\xafs\xc8\xfc\xbd\xa9\xcd\xcaj\xf3&\xe1\x14\xa5\xdc\
\xe7\x5c\x1f\x13\xbd\xfb}\x86\xac\xe7+\x81\xd5\xe4]\xd8\
\xe4K\xcbOv\x1e\xc9\x8f\xc4\x9f\xcd\xcc{\x8dy\x97\
v^\x8e\xef==\xdf\xa0\x97\xf3D\x22\xac9\xc5<\
\x9f\x92\xaeQ\xae\x9b~\xa6\xcd\x9a4k\xa3k\xbb\xb7\
\xe65\xe6\x8f\xb9\x8f\xe9\xed\x12\xb4\xfd\x85W\x97\x92&\
W>\xa3\x87R\xd4\xf04\xfb\xa7\x08p\x9d\xae\x90\xa5\
+]\xa1%\x16\xf8\x8a[j\x9f^$\x89\x98\xc1S\
\xbb\x8c\x0d\x7f,\xfc\xc9\xedH\xa5YAKWC\x97\
\xdd\x16\x1cXM\xfe'\x87\xf7_\xf2T\xbf\xa1\x9e\x8d\
\x14\xa4\xfb\xa3\x05u^\xa8\xc1U1\x1d\xb3\xf3)\xa9\
S\x11w\xeb\x22\xd4\x0b\xd0{hz\x1d\x8e L\xe6\
\x0f\x1a<J\xa9\x8f2\xe1\x15\xca\x95M\xe9-LE\
\x97\xab(\xa9\xacY\x94\xd3=\xd5)\x9fb{\xfb\x7f\
4d\xaa\x99U%\x11\xeeWT-\xd2\xa0I\xd3\xd9\
\xe2U\xda\xa7\xd0\xa2\x15^$\xdd\xfa\xa2\x84\xddK\xc3\
\xaf\xb9\xd4\xbd\x8bT\xde\x13^\xa5M\xd5M\xe5$4\
\xbb)n\x1a\x1b\xed^&\xfb\xb9\x82;]*\xa9\x96\
ST\xd6\xa6\xcf\x81.p\xb4\x8a\xd7u\x0d\xb8\x85\x16\
\xb7F\xecpm\x9b=\xc9Q\x15G\x22K\xb2\x1e\x0b\
\xf6\xd5\xdd\xe5\xee\xf6\x1d\xe1\xbb\xba\xb5\x07w\xfcE7\
\x5c|\x88\xf3C\xc2\xd4\xfa\x98\xcf\x93\xb3\xfd\x84\xbc\xb2\
\xef\x1b\x8fQU\xe4\xbf\x9b\xd7:\x12\x99\xa7\x9d\xc8\xdc\
\xbf\xe5\xee\xe3\xf5*ST\xeb\xd8\xaa\xa8\xab\x95\xfa\x11\
\x16\xe3\x96S\x14\xa5\xa7IB}\xb2\x8a\x1c\xd2\xe2\xfe\
\xc3\x9a\x9dQ\xb2\xb8n\x98\xc3\xe2J\x93\x9b|#j\
\x9f\x87\xe1;R\xc7\xa0\xbe\xa2\xd0\xb7\x03\xb8\xf43\x02\
\xb1i~\x87\x84\x9b\xecY\x81E]\xc9B\xf6*r\
\x9bR\x91R]\xb4\xbd{\x15M*\xa8\xf3'\xc9\xf0\
\xf6\xab\xa9\xf5)\xaa\xfaL\xa6\x955?\xb0\xbc\xedO\
\x9a=\x88\x99\x5cp\xca\xaa\x9ao)rDSK\xaa\
!\xfa\x13\xdb\xf8\x9b\xee\xe7\xf5\x22*\xa5U2\xcaj\
\x9a\x94\xd9\xf0%\x99\xc2\xe0\xf8\x95\xff\x00/\xb1\xe1\xa7\
W\x86\xe7\xe2[D\xd9\x1c\x1c\x9b\xe9\xa3F\x9fI]\
\xc92<\xcd<\x1f\xfc{H\xb4\xbdz\x0a\xaf%\xef\
\xeaD\xdb\x9fS\xf3C\xb4\x95'\xdd8\xf9\x0e\x13\xe6\
\x0b\xa5\xcc\x09.\xd8\xc3\x14\xb4\xb5&e\xf27w\xb4\
5{\x13\xda\x96\xa0\xa5YAMV\xb1\x13\xdd\x03\x86\
\xe5H\xe54\xcf\x17\x16\xf8_\x1f\xf2\x14\xbf\xa1\xe9\xd2\
\x04\x95I\xf0UW\x9a\xa8\xba\x8d\x15(\xc4\xfc\xcaj\
T\xaab\xdf\xa8\x97\x02\x1e\xe0f\x0faz\x14y\xdb\
h\xf1\x22\xa7D]zI\x5c\xac|%\xa9\xf8q\xea\
QS_\x0d\xaa\xfd\x0aiN]3\xdc'\xf8\x9d\x91\
\xe6\xe6\x0f\x12\x9f\x22\xf0\xe9\xbf\xb7\xb1[\xf8i\x1f&\
\x05\xc1f\xd5_\xe6ww:<E=\x9e\xc5iv\
\xd0\xdcG\xb0\xdb\xa5W\xdb\xe6O\x91.\xd7Js/\
\xd4\xa2\xaf6\xa9bS/\x8e\x11*\xbao\xe6K\xd8\
\xf1\xae\xa0g\x02\xcb7\xd2\xb8\x88\xaf\xb6\x0aR\xfc:\
{\xb09t\xd7\xf8\x9f\x9b\xd8\xa9^\x9e\xef\xcd\xa6L\
\xd6\xbb\xa6x\xb8\x94UR\xa9+h\x9f\x86\xd1\xd9\xc7\
\xe8U\xe4\xa6\xaa\xaaN\xc7w\x91M\xfd~BV\x87\
~\xed\xc97s\xe5\xef\xff\x00r\xa55O:\x81\xd5\
\x15\xde\xf1\xaf\x91M.{s\xda\xb9\x92\x9f*\xa2-\
\xdaR\xa2\x8e\xfal'45L\xbfT|M\xb5\x0e\
}J\xafRTyd\xady\xac\xfc\xbcAS\x87\xdd\
L4\x86\x953\xc8\x84'\xd1\xe8\xfd\x8ct\xf1a\xc3\
Y\xa4\xf0\xe5\xf6\xc6Jb\xae\xe8\xfa\x15\xb6\xfb\x9d%\
iyc\x05SL\xc5\xd7\xa9jb-\xf3(o\xfe\
\x1d+\xe2\xf9\x22\x95\xf1x\xab\xb9\xb1>\xfc\x1bj\x8e\
\xdbpU\x5c\xa7R\xee\xa6\x92\xbab\x9a{\xb7\xe8O\
o\x7fo\x9aq\x22]\xae\x9a\x5c\xdf\xd4\xa6\xa9\xabT\
\xbe\x04\xb2\xf8\xe1\x1f\x1a\xfeh\xf6*\xa5\xf6\xd4\xbe\xe7\
\x8d\xe6\xa7\xb5\xca\x9d\xf4[7~\xba4\xce\x05R\xee\
S\x17\x12]\xeeM\xb9\xb7i\x16\xf3e\x1d\xdeE?\
\xa8\x96\x9e\xc9\xbb\x9bw\x10\xfb\xdb%w)\x97\x05\xe1\
L8\x12]\x8d`\xbfm\xec\xd9g~F\xfc\xdc\x8d\
^>\xe4\xc7\xf4\xc0\x95\x93\x15V\xb7\xf9\x91\x94\xbf\xc8\
q6\x1c\xca*J\xf1z}O\x0d\xc3\xfe5/\xe8\
ztgm-?_B\xa7\xe6{\xfa\x0e\x9b\xc7\x1c\
\xb1T\xa9K\xf2\xc0\xb0,\x1c\x8f+\xaav<l8\
\xd2+\x87U\x11\x87\xc4\x95'6\xf8KS\xf0\xc4.\
J[I\xf6\xfcE4\xa6\x9c|b\xab\xba\x9f\x0b\xb7\
|I]\xdb\x8c\x13\xc1\xec{\x0bB\xdc\x09\xcc\xc0\xd2\
\xa6\xbf\x0a>\x17\xe9\xe8T\xdd\x13\xdb\xe6^\xa2]\xae\
\x95\x8b\xf2QW\x10\xaa\x9f\xb8\xa9\xee\xee\xa9Nt\x86\
\xfb\xd5?\x99z\x14>\xf4\xe8\xa6\xe9z\x8d\x9c\x1c\x9b\
]25di\x9c\x1b\x16Y\x9f\x90\xeaC\xaah\xa7\
\xbb\xf5\xb8\x95\x94\xe1\xec\x9f\x8em\xdf\xed\xee5\xe6S\
\x97\xa3\xbb\xce\xbb\xaf\xe8~\x15J\xd5Gj\xd4\x9fc\
F\xba}\xcd\x9b=\x0d\x0b\x06\xba<\xf5n\x1b\xf4<\
5J\xa5\x7f2<9j\x98\xc9LU\xdd\x1fB\xa6\
\xdb\xaa>\x85iM1\x82\xa9\xa7\x1f\x0f\xa8\xd7mU\
v\xda\x8f\xf3d\xe5\xec_Q^\x0c\xcc\x0d\xf0U\x9a\
\x0a\xfc\xb3\x1et\xe3\x22]\xae\x95\x8f\x9f\xa1EW\xb4\
'?q)\xee\xa9L\xae\x11\xf1\xf6\xfeh\x1a\xb3J\
#\xdc\xa6\xae\xea{p\xb9\xe8\xb6%\x8193&\x91\
\xcfER\x94\xdc\x14\xa5\xddT\x97n\xff\x00\x97\xd8j\
\xd7\xca\x1d^E\xdd\xfa\x89YN\x19\xf8k\xb9\xd2\xf3\
U\xcf\xcd\xe7\xc9\xbf6O\xfb\xde\x05\xf0\xf9\xdd\x85\x87\
\xdcf\x1do#\xccVD=3\xf9x\xa4\x8b'\xc1\
\xdd\xe5\x9b3\xb71.~E\xa7\xd5\x97\xee\xb3\x8f\xd4\
\xb4\xa8\xb9\xe2yk\xb4]\x7f\x1aM\xc7\xcb\xaf\x07m\
1}\xfa\x0d\xf9\xf9\x1d>h\xe3\xd4U*i\x87\xe4\
\x8d\x0b\x12k\xa3\xc9\xbe\x93b\x9f\x0a[\xa7unJ\
\xa1\xd5N\xa7\x89*O\xbaqIjn\xae\x90\x9bT\
\xda\xec\xa6\x94\xd3\x8bU\xee*\x9fe'#=\x8c\x08\
C\xd9\xe2\xf9k\xf9\x8eh\x88\xba\xf5\x91.\xd8\xed\xfa\
\x94U\x9e\xdbU>\xc2\xa7\xbb\xba\xa5=\xd27\xdf\xd9\
\xf9\xb9\x83\xc5\xf0\xea\xf3SLv\xee\xfe\x83|`\xc1\
\x89\x16\xba\xbd\x1c\x98\x8e\x8b,\xcf\xc8\xeeEUM\x09\
;.H\x8aiuD2c\xf1?\xab\x98\xf7\x22*\
\xa7\xbb/B\xab\xce\xbb\xbfL\x9f\x82\xfc\xdd\xdf\x0a\xd7\
\xbfM\x1aG\x13\xb3\x93f\xcfsF\x8dt\xd9\xb3e\
\x0a\x17iLv\xc6\x1a(\x97L\xe1\x94\xb4\xd3y\x9e\
\x0a\xa5\xb7\xb9\xe0\xae;\x92VEi\xd1M/Ly\
l\xd1\xfb\x8a\xf0fG\xb1\x9e7\xfc:\xbf\xa7\xfa\x84\
\xbbc\xb6\x15\xf6STOo\xc5\xfalJf\xa5=\
\xd3\xf6'\xbf\xb2<\xdc\xc0\xe9\x9e\xe5LA\xe2>\xdb\
\xd3e\xff\x00\x92\x96\xd1\x89\x16\x85\xb1\xdeG\xa3\x9e\x8a\
\xa8\x8a\x9c\x14%\xddS\xfb\x0ajw\xbb^\xc4L\xae\
\x0a\xaa\x9av\x91\x10\xa9\x98\xb8\xbc:S|\xb3w7\
\xd3F\x9fI\xba\xe8\xb6\x99E?\x0b\xaa\xd5{\x1d\xde\
S\xb7\xdd\xc9*cl\x87\xdc\xe2\xc2\x89\xa5\xf0R\x9d\
t\xca\x8c\x0b\xf8\xaf\x0b\xe5\xfc\x1d\xb4\xc2\x9b\xc9>u\
7\x9d\x11\xe7\x87\x85\xfepw%KO\xcb\x1a4k\
\xa6\xcd\xf4\xee\x12\x9f.{\xb7#k\xbe\x1f\x97\xb8\xa9\
>\xf9\xc2\xf6,\x9c\xe5S\xe9\x02mQ\x1f\x13_2\
\x9f\x0ei\xaa\x9c_\x93=\x1b\xbfU\x81\x0cz<J\
!\xdb\x16\xc8\x97o\xc3\x10\x9e\xca*\x84\xfbs\xf2;\
{\xa6>)\x1b\xef\xec\x8d\xe6$\xaa\x96\xddQ\xf0E\
\xff\x00C\xbd\xa4\xe3\xa2\xb0\xb4-\x8e\xf2\xd0\xf4=\xf4\
B\xd9\x98\xd9\xde\xaeWT\xd3\xb4\xb9\x1a\x8ain!\
\xfa\x13\xdb\xf8\x91\xe6\xee\xc4\x91\xdbU)\xcc\xbfR\x9a\
\xbc\xeaa>\x05\xe1?4\xe1j\x0c\xfc\x8d1\xbb#\
\x83\x13\xeao\xd4\xdfO\xb1\xa2l\xbam\x9b6x\x95\
6\xbb_\xe5\xff\x00R(\xed\x8c@\x93\xec\x9c?a\
4\xe9\x9c\xc9wTf}J\xa3\xbe0\x99Fi\x9b\
&\xcc\x1a4+\x99\x19TX\xfd\x85OeJ1\xeb\
\xeaST'\xdb\xf1\x09wL|R'\xdf\xd9\x1b\xcc\
I\x1d\xd3\xdb\xf0\x95\xd5\x13\xdb\x88\xf4<jUX\xf9\
tB\xd9\xc8\xef\x1d0*\xa2\xfb(J[Y\xf6)\
\x9a\x9a\xfc\xcc\x89\x94\xa1G\x0c\xaa\xa9[Hj\x15-\
\xc7\xe8*)\xa6b\xfe\xe6\xd1=4i\x8fD\xdc]\
0\xfd\xb68\x87?R9\xbf\xd4N\xf0\xf6$\xe6\xad\
2\xd3Ke\xfd\xe0\xa2\xb6\xbf\x83]/\x1e\xf0z\xf5\
t\xd3\x0ar\xc4\xfc\xf4\xf7oB^f\xaa\x88_\xec\
:\x949\xb4j\xdd&\xdd6\xcd\xf4\xefBZw\xee\
\xdc\x96\xefs\xe5\xee\x1a}\xf3\xf6-2\xe5\xf6\xfa\x12\
\xfb\x12w\x82\x9f\x0eWn=d\xd7I\xbfO\xb1\xa3\
F\xc7\x91R\xe8\xa9wB\x81\xd3\xda\xaa\xaa\xa5nJ\
[\xed\xa9T\xa68)\x5c\xfcO\xd4uwvJ\x89\
\xf7<E\xa8\xf2\xb9\xb4\x15\xd5\xf9\xb2{\x18\x10\xb6;\
\xc8\xef\x03\xfa\x18\xc7Ol\x8a\xf0w\xab\xfc\xca\xea\x94\
\xe2R\x8f\xb9R\x85K\xb7\xe8Ogwo\x9aq\x22\
]\xae\x95{\xfa\x94\xd5\xe6\xd2g\xe1?=Jl\xf1\
\x06F\xb26pb}z'~\xb1fM\x94\xf4\xe4\
\xd8\xdd\xcai\x88UD/_\xa8\xa3\xb2\xf6\x82\x1f\xe1\
\xb6\xf2J\xedSy.\xeaI\xdf\xb8\xb7{\x9bI]\
n}\xbahX4h\xd8\xd5\xe0\xc7\xc8\xa6#\xd1<\
\xbf\xd8UE<\xb1.\xe5\x1f\x9b\xdcO\xbb\xb3S\x98\
\x92;\xa60WT7\x17CN\x8a\xbd\xb4\xcc\x0bB\
y\x833\x03\xd7UTGl\xc9BY_\x11D\xd5\
\xdb\xb6B\xab\xb9S\x0b\xd8\xae\xa9\x96\xac\x8a\xa9\x85K\
\x15\x14\xd3\xeb\xee%\x81t\xcc\x0f}\x16\x85\x9e\xae\xab\
C\xe0\xed\xc4\xdf\xeaR\xd2\xb5M_\xd4I\xcdV\x86\
&\xa5:\xa4\xbbW\xb9]4\xd5\xf6\xfb\x7f\x148\xf7\
\x83\xd7\xabT\xa5L\xec\xa5\xf9\xa9n/\xf3)\xa7\xcc\
\xe7\xe8:\xd4y\x94\xc7\xb7Mt\xdb7\xd3\xba\xc8\xed\
\xb2\x9cU\xb2Wusn\xefb\x1f\xe2_%\xa5w\
L\xd2K\xed]\xd1\x08~\x1cP\x93\xff\x00[\x13\xfa\
\xf4\xdf]\x13n\x9b7\xd3]>\xfd&\xfdV\x85\xb3\
2=\x0e\xde\xc6\x05\xe8/\xa9\x98;\xd5\xe0\xae\xaf\x8b\
\xb7\x1f\xa9]1\xda\xd1=\x98\xf3q2R\xbbZ\x8b\
|\xfd\x0a*\xccB\xaa~\xe7\xe17\xdfR\x99O\x83\
'#c\xd1\x896\x84\xceL\x91\x92lprp:\
\xd4\xdfG\xfd\xd8\xa4\xb3\xa2\xf8\xa7\xd8i\xfe\x1dS\x9f\
\xf4\x86\xfc\xb4\xaa\xb6)\x9a{\xbf0\xa8\x87_u\xbb\
\xb0l\xdd\xfaj\xe6\xbd\xcf}\x9b6l\xf1)\xec\xf5\
\xf9\x09\xc5?\xcc\xd7\xccJi\x8d\xfb\x89\xca_\x97\xbb\
\x82;\xa5\xf3\xe8UW\x9b\x94Bq\xf3\x89g\xd8X\
\x13\xe8\xef\x03\xfa\x1f\xb1\xdd\x1f\x0c\xc9JQo\x88\xa2\
_lg\xe6(\xab\xba>\x85o\xe2\x8c\x15S\x88\x15\
4\xd3|\xe0H\x9e\x0e`w\x8e\x98\xe8\x96L\x90?\
\x12\xcb\xe4v\xfc2R\xd2\xc9JsT\xe4MY\xd5\
f]\xab\x8f\xc3\xed\xfd\x1f\xfe\x7f\x8a*\x8fx=y\
\xebR\xa5*}}J]\xd6\x11M7o\xf6C\xad\
8\x9f4{\x0cg\x07&\xfaM\x8f\xc1I)\x88{\
&\xfe$\xef\x98!\xf7\xdf\xe2%w.\xec\xa2[\xa5\
wa\x10\xbf\x0e\xff\x00\x09\xe2\xb6\xd5_\xd5\xbf\xa9\xc4\
\x93u\xfc\x1a\xe9\xb6l\xf74h\xfat\x9b\xf4\xfb\x0b\
\x06\x8c\x8f03\x07\xa7E\xa3\xbd^=J\xea\xbdQ\
\x88\xd1ZR\xa3\xeb\xe87\xd9\x1bK\x99)]\xbf\x0c\
|\xca*\x89\xed\xf8\xa4\xfc&\xfb\x9a\xf8\xa4\xcfi\x19\
\x81\xb3\x83\x13\x07\x02g&`|!\xb3\x83\x13\x02\xcf\
\xa9\xe1\xd3-\xb7\x08\x89\x9e\x17\xa0\xe2\xaaT\xdd/b\
\xa4\xfb**\xab\xcbJv\x9eE+\xb5\xb8\xf3\x15T\
\x95~'-/\xf6\x22\xe6\xee{\x9a4\xcd)6m\
\x9b)\xa9l\x97\xd8\xbb\xaf\x02K\xb2\x1f\xee~W>\
^\xe1\xa9\xbeg\xd0uy\xef\x7fB\xaf\x0d\xa7\x1fI\
>\x86\x89\xb7N:\xf7B\x852R\x97o\xf5\x14K\
\xa6\x98\xc8\xa2\xae\xe8*wq\xf4*\xa16\xfb<\xbc\
\x1d\xaa\x9f\xa7D\xf83#\xbc\x0f\xe83\x1d3\xd2\xb6\
\xb3\x85\x91\xd3\xf0\xcc\x14\xb4\xaeP\x9f\x9an\xfeD\xaf\
f]\xab\xc9\x15B\xe3\x1f\xc4\xd5Q\xfa\x1e\xfb7\xd2\
\xaaiI\x7f\x98\x94\xae\xd5fS\x8aZ\xb4\xf1#\xab\
y=:\xa7\xd1\xf4\xf0\x9cC\xd2\x1d\xa2\xaeE\xe4v\
\xbb)\xf8\x95/%\x0en\xe1C\x22U\xedJ<[\
\xd3T\xdd>`\x7f\x0b\xd38]`\x9e\x9c\x9e\xa3&\
\xd7=\xceM\xdc\xdd\xcf~\x9c\x9a5\xd1\xe4\xe4G\x06\
\x8e\xf4?\x8b\x99\xd2\x14*\xe7\x03\xa6\xe9?\xcav\xda\
mb_k\xcc\x9f\x86\xff\x00\xfe]\x19\xc9\xbe\xab\x83\
\xd4\xcf_C\xd7\xa2j^\x8a\x7f\x99M\x9f\x06W>\
\xc3\x95l\xa2\xa8}\xba^\xa2\xd4\xc2<*|\xd5\xee\
\xa7\xfe\x91\xb2z\xf3\xd1hYc\xc9\xeeG\x95wa\
\x7f\xb9Dv\xae\x0f\xcb[v\xee\xf6+S\x13v\xce\
\xef:\x9b\x91\x154\xf0*\xda\xf9\x1e\xa4\xd8]\x1e\xba\
w[\xb7\x81/,c\xe6+\xa4\xf1'\xc5/(o\
\xcc\xf6Ugc\xb5(\xf4\x826h\xe4z\x1f^L\
\xf4\xaa\xa4\xa5\xablt\xe3Bp\xa5\x14\xa7\x0fbi\
\xda\xd3\xee]\xf2\x88\xaa)\xe3\x1f\xc3\xb1\xd3T?\x91\
\xeem\x1e\xe4SL%\x82\x9bS\x18b\xf3%\xf9d\
\xeeO\xb5\xcc\xa3==M\x0b\xa3<o/\x9b\x09\xe8\
\xa7\xc9\x82\x8b8\xbd\x5cIJ\xc7>\xe2sk&f\
^=\x91T4\xb6\x87eG\xaf\xd8\xa5\xc3\xa2\xa7\x1f\
Qr\x8c\x8cn\xf7\xfe\x0eFb\x05i\x16\xba\xf1\xd3\
G\xbfM\xb3}t:\xd1\xdb\xda\xe9\x8d\xfa\x94\xd5\xe6\
\xd2e\x14\xcb~\x9c\x22;\xbb\x95\xad\xc3+\xaai\xda\
E^\x1e/n\x9fI\xe9\xbe\x98\x10\xbaf\x0eF\xce\
\x04w7W\x05\x95\xf3\x1e\x84Gl\xdd\xbd\x13\xe7]\
\xdf\xa0\x94T\xd5XZ5{v\x94E\x09\xbfDA\
7\xe9\xf4\x83]\x16\x85\xb8\x1eX\xd5\xd1K\x7f\x16\x12\
\x22g_!\xf9\x92\x7f\x14{\x15`s\xf2\xf5\x14'\
h\x82\xab\xfb\x9b9\xe97\xeb6\x86D\xdb3\xea8\
\xee\x8f\x86G=\xd3\xafbR|\xa49\xf3.\x172\
v/\xd3\xa6\xaek\xf8`\xe3\xa7\x89U\xfeG\x07$\
XW\x94\xa3\xa2\xa3\x1f\xc5\xda\xef\xd7\x91\xaai\x88\xf8\
D\xdd*\xdf\x11JNZ\xf8\x8f\xc4M\xd0\xd6>g\
#\xe9\x8fQhW\x91\xef\xa2\x8f\x0e\xb8\xa7\xcd<\x94\
'4\xad\xe8\xa5\xa71\x09\x95y\xbb\xa2\xc5iE5\
e\x15Y8\xba#\xb7\xb5]|\xca*\xe2\x13\x12\xbb\
\xae\x9e\xef\x92>(\xa7<\xfc\x22\xbfw\x86\xb0\xbdN\
\x0c\x0a\xd2-tc\xd1\x89\xe97\xe9\x9f\x91\xa1\xe2\xfd\
6\xcd\x9b\xb9\xeeh\xd1\xf8\x94\xfe\xe5\xfb\xd4\xcb\x93\xf3\
\xc6\xbd\xca[\xbe\xa0\xb6\xb2\x8e\xef*\xd8\xbc)\xb7\xd6\
z\xbc\x8f=\x16\xba\xf0dlf\x04S\xb8\xcc\xe8\xa9\
O\x7f%K\xfb\xb8\xf9\xc4\x97\xaa\xcb\x04\xf6\xcbX*\
\xb5\xd6N\xf7\x0c\xda6r=\x1c\xf4\xf5\xe8\xae\xcd\x8b\
\xc4\x94\xf8\xb7\xfe\x0a\xae\x95y\xf6Cr\xb9\x1b\x88\xa0\
sKM\xc4\x0dC\xf4+\xa3\xbb\xe4.\x8c\xdb\x17\xa9\
\xc7\xa1\xdd\xaa\xa2\x11\x9aa\x8f\xd6\xcd\x95e\x0e\xcf\x94\
-\xf0\x8ai^\xd1\x1d&\xddw\xd6\x05\xd2\xa55J\
\xc1\x04\xfc\xc8\xd26>]\x8aR\xa7\xa2\xfe\x06\x9fN\
F:iO\xfaT\x09\xbaU\xa7\xb8\xa5&\xbf\xa8\xfc\
D\xdd\x11\x8fI\xe8\xfd:!j\x0e`~\x83\xf4*\
\xf2x\x94\xee9^\xa2\xa2RT\xe6JZ}\xd1\xf4\
*\x9a\xbb\x9d?B\xb4\xbc\xb1\x82\xa9X\xbd>\xa4v\
\xc4X\xa6\xa8\xc5\x9f\xe8%2\xd4\xcf\xb1=\xfd\xbf\x9b\
\x98\x1ao\xba\x95\x11\xeeT\xed]\x16\xed/\x0d\x7f\x91\
\x8fQetcX1'\x02g&M1\xbb\x1c\x18\
l\xd9\xbe\x9a4\xcf\xc4\xa6\xd3\xea&\xfb\xa9\xee\xd8\x92\
\xefr_\xb9\xeb\xb4\x8f\xe6\x99\xa4\x9f\x22\xee\xbc\x14\xf8\
V\x87\xfa\xc9\xa7\xeb\xd2nl\xfbt\xd7O\xbfI\xbf\
Lt\xf0\xe1Qk\xe3\x04wLdo\xbb\xb3\xd71\
%Jf>\x12\xaa\xa1\xb8\xc1\xd9T.\xd9\x98\xdfE\
\xa1>\x0c\xc8\xef\x03\xfa\x0d\x98\xc0\x85\xa1^`\xa9'\
5)+K\xb6\x97\x94W)T\x95\xd0\xe2\x9e\xd5u\
>\xa554\xd3\xb2l\xa5.\xea\x9a\xcf\xb0\xe7w\x8f\
o\x98\xf6M\x8e\x0cI\xb4l\xef\xe6!\x16t_\x0b\
\xd8s\xd9T\x8e!wl\x97\xdc\xa7d.\xf6\xaa!\
Lq\x1d&\xdd^M\x9a5\xd2\x8b\xd4\xfdt\x89\xd2\
\xc1\xdb\x7f)\xddkY\xa1S\xe5\xa6\x04\xd3V!\xd4\
\xea\x8e\x0f\x12\xa7W\xf1UEWZ\xb7DZ\xf0:\
(O\xd1F\x89j\x9eZ\xf9\x89'L~os\xf1\
\x13k\xf2\xac\xdaz<\x9e\xc6\x05\x85\xd1\x8f\xd0\xc1x\
\xfe\x97\xc8\x9at\xf8\x89g\xd0\xaajuG\xd0\xae\x1b\
\xa6\x0a\xa5?\xe9>\x1cc\xd4UBq\x91)\x96\xbe\
\x22{\xbb7\xccI\x13\xdc\x96\x0a\x9e\xd5\x91\xf0\xe0V\
\xff\x00\xbd\x94Z\x0e`{\x81\xe8\xc1\xc0\x9f\xc8\xe4\xcc\
l\xe5\x0f\x07\x06$YD\xf5xg\xe2Si\xf5)\
mUK{\xf9\x94\xa4\xab\xaaE.\xbb\xe6\x9fc\xfe\
\xec\xd2Kt.\xec!x^[\xe3\x93\x9e\x9b\xb9\xb3\
\xed\xd2m\xd3\x9f^\x93~\x9fa\xb2\x9a\xbc\x9c\xfdH\
\xee\x95\xb7\xeaOt~^\xee?Q\xd3.u\xecU\
TU\xca\x1f\x86\xe9I,\xfa\xb3\x02Bg'\x07\xec\
L\x18\xc0\x85\xa1^J\xa8wjO\x11'\xd9\xc1\x5c\
\xa9T\xde\x91\xc51\x16E-\xacBe\x09Kt\xcc\
\xfb\x1d\xed\xbaw\xf39\x1b\xfd\x0e\x0cI\xc7N\xf9\x9a\
\xb8\x1c:T\xdd/b\xa4\xfb**i$\x9c\xdcM\
\xcd3\xb2\x94\xbb\x9c\x90\xaf\xe9\x1d&\xdd96o\xa6\
\x85\x9a\x9e\x11f\xeayu\x13~W\xe8v\xde\xdf\xe6\
M\xadh;|\xb4\x89\xa8\xb5\xcf\x1f\xc8\x9f\xef\xf4\x1f\
N\x7f\x81\xd1R\x9e,c\x02\xb62s\x19\x1d4\xf7\
G\x11\xa2Z\xa63\x1e\xb2$\xbbc\xee~'\xff\x00\
\xc7x\xe9\xbe\xba4<\x8f\xac\xcb\xa1\xfd\x8f\x8a\xb5\xf9\
\xa7\xd8\xae\x1dT\xc5\x87)\xadR\x8cb!r'\x09\
\xc4\xc9\x12\xbf\xa8^n\xcf^$\x89\x98\xc1S\xbb\x8c\
\x0e\xd8\x99\xf5\x15\x92\xe4\xa17L+\xaf\x98\xdf\x96\xb4\
\xac\xc7\xb8\x1e\x8c\x18\x11\xc9\x989\x19\xc1\x89\xd8\xb4-\
\x9c\x99\x83\x93\xbdX\xa5\xb4\xe9n\x14\xfa\x14$\xaa\xab\
e3UI;\xb5\xecY\xfa46\xdd7\xb2G\xe1\
yiu]r<3\x83}>\xdd4h\xe7\xd7\xa4\
\xddt\xfb\x0e\xb5\x1f\xa9\xdd\xe4S\x7f_\x90\x94\xa8\xe7\
rL\xe7\xcb\xdf\xfe\xe3R\xe7\x9d@\xea\x8a\xf9\x5c\x15\
%O\xcar\xcf\xb0\x85\x8e\x8fF\xc9\xb9\x8e\x8bB\xbc\
\x8d;\xc4\xe8\xf1\x12n\x88\xc7\xcc\xaaV>\x12\xd4\xfc\
8\xf5)n\x9f\x87\xe2)J\xedOp\xbcYt\xc5\
\xf0f`lz1;8\x13;\xe6jRU\x15%\
\xf9\x91Z}\xb5%tT\xd2I]H\x9bM7\x0a\
JR\xee\xa8wkq\x1c\x118cv\x894\xa6\x09\
\x89\xbeM\xbe\xe6mK\xff\x00#6\x96Z?*/\
\xd8\x97\xc3\xfa\x16\xcb\xd97[;o\x19':\x82<\
\xb4\xb2|\xbc\xc9\xe0[\xff\x00\xe5\xb1\xe7\xf8P\xe8\xaa\
_\x161\x8c\x09\xbb\xf6\xe4\xb5\xf9\x1d4\xf7_P_\
\xb5L8\x12]\x91\xf7?\x11^|\xb3|t\x9b\xf4\
\xd1\xae\x9b6}\xbahW\xee\xa5\xc3\x1ek\xf0\xe3\xea\
U=\xca~\x14Y]].T\x13\x14\xf2\xd7\xccJ\
To\xdcW\xed\xd4\xf1$L\xbd\x15;\xbd\xa1\xda\xca\
Ed\xb9E\x09\xc2\x81CUE\xe4\xad\xcd\x1e$}\
=\xc7\xa3\x07\xb0\x99\xccd\xcc\x1c\x8d\xe6\x0c\x0a\xc2X\
\x16\xcc\xc9\x98\x1e\xd2;\xd6pS4\xc6\x13\xf5E\x10\
\x9dM]\xfb\x14MU%\x96\x85\x15w%\x09\xae\x19\
Su)\xbaC\xf0\x97m\x0d\xc3^\x88{1\x04\xdc\
[3\x07&\x8d#\x9f^\x89\xdf\xafu\xaf\x93\xbah\
\xa7\xbb\xf5\xb8\x95\xa1\xe1\xec\x9f\x8e|\xbd\xfe\xde\xe3W\
S\x97\xaf\x99\xdd\xe7S\x7fO\x90\xdaM\xce\x16\xa7\xd4\
\xfb\x1a&\xdd>\xfd\x1b\xbfM\x08\x9b\x13\x95\x93\xc4\x87\
U1\x86U)\xff\x00Ijq\x817J\xb4\xf7\x14\
\xa5\x16\xf8\x85\xe2'\xdb\x1fs\x98\x1d\xe6\x06\x8c\x09`\
G|\xcdT\xc9TU\xdb\xb4T\x9c4\xb0T\xd2\x88\
\x94\x85*0\xa4\xa1)m]\x94\xcdMm\xa2&W\
\x05NV\xd2\x22\x15-\xc4\x09\xc7~\xe7\x91(\xa9'\
\x914\xea\xbeQv\xaf\x848\xed\xbe\x10\xe7\xb5\xce\xfd\
\x8bod\xf9\x93gm\xe1\xc3'\xe2\xd4\x11\xe5Sb\
\xabxK\xfa\x86\xe5\x9b\xfe'ES\xe8c\xd8VE\
\x9f\xb9\xdbO}\xf2\xa0\xbfj\xee\x88D.\xcb\xe3\xfd\
3\xf1>.\xeb~\x9d7s\xdc\xd7\xb1\xae\x9b6}\
\x8fs]6r;>\xef\x89/F'\x14\xdf^\xe7\
jt:/>\xe2v\xfe^\xe2&j\xe7\xd0o\xcd\
\xc9\xe9\xc7\xa8\xac\x96\xa0\xa5>\xd9\x13\xb3y\x92\xb9u\
8\xbfq\x9f\x90\xfak\xa6`\xe4n\xfd0-\x09\xe6\
\x0eGx\x1f\xd0\xfcE\xa1M8\xb3\xf5\xb1D+\xab\
\xd4xsWj\xcb\x14U\xdc\x94/fV\xddI\xb5\
)\x15xj<7\x9f\x90\xfa\xad\x99\x83\x91\xe0xF\
$\xe0\x9c\x0b&F\xf9\x1b\x9a\x14\xd9sr\x22\x95\xdd\
\x10\xf6L~$\xfe~c\xdcj*\xa7\xbb5h\xee\
\xf3\xae\xef\xd0U.\xea\xa7\x0a\xf0\x8f\xb1\xa2ms\xdc\
\xe7\xd4j\xe4\xdf\xa7\xd8\xd1\xa3\xbf\xf2\xe6J\xa1\xd7\x18\
L\xa9>\xe9\xc2^\x85\xa9s\x94\x84\xdd4\xf2\xd1J\
]\xb1\x8a\x85R\xb4[\xf59\x1b\xbb\x19\x81\x09\x8e\xb6\
\xe5\xa9\x92\xa8\xab\xb2/\xed%I\xe1|%MS\xf0\
\xd9\x0ai\xc5\x99BWj\xf5\x14\xcdN\x9d\xb2&R\
\x85\xf3*r\xad)\x0dB\xa5\xdb\xf4'\xb7\xba<\xd3\
\xc8\x944\x9c\xcf\xb8\x9c\xbd&g\xd1!\xc7jn\xe9\
\x0e{j\xf5\x1c(Ob~jdT\xde\x193>\
\x854\xb7\xdc\xdd\xa0\xa7\xcb\xe1\xd1\xc1\xb3\x7f\xc3\xc8\xe8\
\xaaM\xf4\xe4T\xd0\xea\xbeT\x17k\xcd\x85\xf2\x1a]\
\x97\xc0\xfcO\x8e]\xfeG\xb9\xbe\xba}6\x8d\xb3\xed\
\xd3]6o\xa6\x84\xe5S6\xfd\x07=\xad\xd5\xff\x00\
\x0d\xd5\xf6\x1a\x96\xdf:\x82|\xd7\xb9\xb8z\xf55\xfc\
\xb0$\xfb$\x9f/2]\xd5\x19\x92&\xd8\x9fQZ\
\xa5\xd2m\xd3\xef\xd1\xe7\xaa\x13\xe8\xf4{`\xef_\x22\
\xf4\xfc3\xdd\xeaQ\x09[\xe2<9j\x98\xcf\xcc\xa6\
*\xeeT\xfd\x0a\xdb\xab\xb9\xd3ok\x95\xd0\x9f\xe1\xc0\
\xcc\x0b\xd0\xf6\x15\xe0\xcc\x8ck\x06$\xe0L\xe4\xc8\xf6\
\xec\x8a\xaa\x9av\x97#QM-\xc4?B{\x7f\x12\
/\xdd\x89\xfdH\x8a\xa9UL\xbd\x0a\xaf:\x98O\x86\
*\x94\xd58W\x84g\xe5\xd2l{\x9c\xfa\x9b\xb97\
\xbfM\x1a4w\xe9\xdeG\x1f\x89\x0f\xcb%I\xf7\xce\
>E\x93\xe6=\x04\xda\xa63\x1e\xa5)vF\x1f\xb8\
\xaaQ\xfc\xbd&\xe3>\xc4\x0b\x07{r\x96pT\xd5\
N\x98\xdf\x12T\x9c\xdb\xe1\x1bT\xfc8/O\xc3\x92\
\x94\xb5\xf1\x14M]\xb1v(\xab\xb9\x22\xa73\x16E\
J\x15,\x9e\xd9\x8f7\xb9J\x87J)r\xed\x09\x99\
\x96\xa5\x15CI\xe5\x15JUE\xd1e\x09\xcd\xc4\xee\
\xa6\x10\x95\xdc\x8b\xcc\xean\x22\x91\x7f\xf3\xe9\xb4m\xff\
\x00\x17e]\xc6\xd3z\x169=\x04\xa9u=;\x0e\
Z\xe1\x22\xa4\xbb\x13p\xe9\x1f\x89\xf1\xed\x9c\x1b\xe9\x91\
\xecx8\x91o\xac\xd9OLI\xbe\x9e\xe6\x8eJ\xad\
\x13z}\x98\xdf\x9a*\x9fb/\x0f\x08\xd7\x10G\x92\
Y>U7\x93i=\x96\xefi\xdaO\x11\xc5q\x89\
=\xcd\x1a>\x93\xd2o\xd3\xe9\x06\x8d\x7f\x07z\xd5\xcb\
\xd3\x89\x95\xc9L*V\xaaG\x86\x9b\xa55\x92\x96\xaa\
UE\xe7\x82\xa9n\xa8\xdf\x05tR\xfb;f1\xbf\
\xe0_Q^\x0eF\xf23\x18\xc7Tf\x0f\xe6+\xaa\
S\x89K\xff\x00%T\xa4\xa8v\x8fa\xbe\xce\xfe\xdf\
4\xe2H\xedt\xa77\xf5)\xab\xcd\xa4\xcajM\xd7\
\xe9xH\xc9\xc8\xdd\x8e\x0cI\xb2o~\xba\x1b\xb2;\
\xb0\x9e\xcb~%si\x1a}\xf7-\xdc\xbb\xa5\xf6\x92\
\xfbRw\x81%\xd9\x18\xf9\x9d\xca\x1c\xdb\xa4\xdc\xd9\xf4\
\x8e\x93c\xbd\xbf*\xdd\x86\xd3k]\xdc\x15'\xdd?\
\x94mR\xedt]+L\xa2\x94\xa3\xfa\x8a%\xaac\
>\x92(\xab\xba0T\xf3\x18*Q\x10On/\xee\
R\xb1\x05.f,\xc7.Z\x94W\x0f\xb5\xe8\xaaT\
\xa5tb\x11K\xbe\x93\x12\xf7o\xd8\xee\x95D\xdd\xfb\
\x8dY\x8c\xe0\xdb\xeb\xae\xbd\x95wO\x10mL\xd8\xd5\
\xf4E\x8a{[\xab\x0a\xab\x19\x96\xa5/b\xa8\x84\xdd\
\xe9\x1f\x89\xf1G\x9b\xe6p'\xd3#\x1e\x11\xc0\xb2\xcc\
\xf4n\xc7\x07&\xd1\xbe\x9a9\xe9S\xf3\xd1?Q\xd3\
\xf1*\xb4f\x7f\xa4k\xcbq\xbf-2-N\xc5\x1d\
\xf5N\xca\x93\xef\xaa\x7fB\x97\x0d\x1a\xb9\xa3^\xe7\xb9\
\xbe\x9fb,M\xba}\xc7\x93\xbf\xe6D[1\xeb\x22\
\x85J\xfc\xad\x14&\xe8\x9c?b\x96\x9d-\xe6x\xb9\
T\xd4\xeaY\x9fR\xaaiuR\x95\x93\x94>\xa8G\
#\xdc\x0f]=\x8fn\x99\x83\xbb\xe2\x8c\x15\xd5=\xce\
\x9b(\xf7\xd9ZK\xb5\xaf\x90\xdb\xa2{|\xcbR%\
\xda\xe9J\xdf2\x8a\xafhO\xff\x00%\x0e\x97\xdf\x19\
\x99\xc7\xa1\x98##v81;\x12\xc0\x9d\xceL\x8f\
\x0cx/f\xe2\xe2\x85_\x89\xfd^\xc4>\xfb\xe4\xb7\
r\xee\xcd%\xe1wb\x92\x17e\xf0w\xda\xa9\xb3\xce\
\xbal\xd9\xf6\xe9\xa1V\xdf\x97\x9b\x13{\xf9{\xb8\x1a\
\x9a\xa7^\xc3qW)|\x8b\xa5\x19\x8fR\x98\xed\x8c\
2\x99t\xad6/4\xb5\xb2\xa7w\x17\xf6*W\xb7\
\xd4\x9e\xd8(X\x82\x97\x98\x1c\xd5\xdc\xd1\x5c>\xd8\xc1\
T\xac]\x1f\x0fe*E>w\xbf\x91\x19\xaa\xe6`\
|\x0f\xa7&zk\xaa\xa2\xae\xefTn\xf9F\xaf\xa2\
-r\x8e\xdf76\xfd\xcf\x8b\xb9\xa9\xfd\x0a\xe1\xf6\xed\
\x0e\xb7\x8ao\xf3f\x04\xc4f:3\x81e\x88\xe4g\
\x0c\xc4\x9bB\xcfL\xc0\xf6q\x22<G\x1eo\xca\xcc\
\xe6\xf1\xec5g%O\xca\xa4V\xedn.(UW\
\xea$\xfb\xef\x94x\x8a\x1a\x9d\xf4\xd5\xcd3\x89&\xf7\
6}\xbak\xa7>\xa6\xce\xe1(p\xee\xa9\xd4\x8a\x15\
?\xcb\xda$\xff\x00\x0d\xb7g\xec&\x9d\x1c\xc8\xe6\xa6\
\xd6g\xd4\xa9S\xdc\xd4v\xf7X\x8b\x9e\xa6\x84k\xab\
\xcf\xf0~\xe6`\xefW\x8c\x5c\xad\xb9\xab\xb7\x11\xa8<\
D\xbc\xbd\xbf\xea\x074D]z\xc8\x97o\xc3\x09z\
\x94\xd5\x13\xdb\xf1~\x85=\xb5wG\xc5\x7f\xd8W\x83\
\x91\x9c\x18\x9d\x9c\x09\x9c\xb31\xbe\x8f\x07k\xf8\x9c\x22\
\x98Ux\x9bo\x91'\xde\x93\x96\xc9N\xab\xd9\xa2\xed\
^\xc9\x0d/\xc3\xbd\xd0\xfcKU9\xb7M\xf4\xfbt\
\x9b\x0a\xb7\x87\xbb\x13w>^\xef\xf7\x1a}\xd3\xf6\x1b\
\xf3)\xbc\x18\xb3\xbcz\x96\xec\xed\xc4z\x94?$\xa4\
\xf4L\xf9\x92\xc8\xdd\xe1\x5ck\xf9H\x8e\xde\xdf,\x0b\
\x15S\x919N\x06\xe6{d\xaa\xf6\xa4\xaa\xcej\xe8\
\x8eH\xbf\xa8\xfac\xa6\x7f\x85QT\xaeL\xbfTL\
\xab\x91e%\x11\x0e3a\xf9\xbb\x9a\xc9\x5cU\xdb\x17\
^\x87{\xb2\xa6 \xc6\x04-\xc0\xaf\x06d~\x860\
+`Z\x15\xc6\xf2=\x18\xf5\x16\x89\xcfG\xa1\xecv\
\x13\x16\xcf\x06\xd5\xf2\xe9\x1a\xb3EN\xcb(\xc7kq\
r\x98UU\x17\x92\x99\xeeI\xcbg\x85\x1e,\xad\xa5\
\x9e\x9c\x0f\x0c\xe0YB\xcb>\xc3&\xdd9\xf56w\
bEM\xfc\xd7&\x9e\xd7\xae\xc1\xd3\x1e\x1b\xee\xcf\xcb\
\x91\xf6\xf6S7\x9d\x8di\xdf\xbb\xfd\xa0\xaf\xb2\x5c\xdb\
\xbax\xe9$\xf4\xd4\x93\xd3\x7f\xc0\xba*\xd1]O\xba\
\xa8\xbc\xad\x1e\x22]\xca\x0745\xc2\xe6E\x14\xfc1\
\x13\xb2\x9a\x9aN'\xb8\xa7\xc3U\xcc|W\x93\x833\
\x03|\x1c\x18\x12\xc0\x9f\xea{d\xcctlT~l\
d\xa6)uv\xf9\x9b\xe4\xa5>\xeaS\x99\xf7\x13M\
\xb5d\xd0\xe6\xa4\xdd\xd2^\x85I:\x13wC\xae\xa6\
\x9e\xd9\xc7D}\xbahU\xbf\xcd\x10\xecM\xeb\x9bw\
{{\x8d>\xeb\xe4\x9f2\xee\x9b\x1e\x95D!Gc\
\xd4\x1f\x97\xf4\xfe\x0f\xa0\x89\xb7G\xa1\xf4L\x8c\x99\x83\
\xf61\xed\xd3\xf7\x15\xe3\xa6\xba\xd3MR\xb9\xb1\x9bY\
@\xdc\xad\xa4E\x93pQ\x0a\x97\x19\xb6\x08\xee\xee\x8c\
\x95EN\x88\xdf\x12w\xbbF\x0c`\xf6\x17\xd4\xcc\x1c\
\xc0\xdf\x07\xb0\xacS\xa3\x91\xecz0!>2fG\
x\x1f\xa7D#\xc4}\xb5\x11f\x94\x15UkJG\
\xc3\x0e\xdf\xa1LR\xea\xed\xf3?R\x84\xe6\x95\xb1C\
\xa9\xc4R\xd6.SSS\xa1\xe8{1\x02\x16\xcc\xf4\
\xd1\xa4b}N\x09\xdb\xf4\x15?\xcd\x8ax>$\xe7\
\xf2\xfb\x0d>\xc7?\xebEUy)\xee\xde\xf0)\xf2\
\xf7]TyU~\x22\xab\xf3{\x1b7\xd3F\x8d{\
\x9b6\xcd\xf5\xd1\xa2J\x9c\xd6\xff\x004\xfc\x8a\x92\xef\
\x8c|\xc74\xd4\xbf*E\xa9\xba\xbcr\x8a[T\xf2\
\xd1\xf8.#\xf3[\xa7#\xd8\xcc\x08L\x8c\x99\x83\x9e\
\x06\xff\x00B\xd4\xa9Y)\x8ag\xb7\xcc\xfdJ\x13\x9a\
V\xcaZm\xc4&9\xab\xb9\xa9_\x22\xb8t\xd2\xf2\
\x85Kx\x87w\xb3\x10p-\x99\xe96;\x9aI\xd5\
\x17\xb11\xdf\xfd\x5c\xc1\x11R\xee\x99d\xa7R\x9c\xaf\
\x99\xaf6)-\xd9|#\xf2\xfe\x83\xd4\xf4\xf7>\xc6\
\x89\xb7M\xf5\xd7N\x07\xf4\x1f\xa1\x83\xf789\xe8\xfa\
SMM\xa5\xb1C\x94\xa1\x0d\xcc\xc4\xa45d\xca\x5c\
Sl\xd8\x8e\xe9K,wt\xeax\x93\xba\xa7ue\
\xfc\x0bG\xb0\xdf\x1d\x10\xb4-\xc0\xf6=\x18\x17\xa0\x9e\
L\x8e\xf0?\xa7D~\xe2\xb9W\x86\x9ftb2U\
Vc\x1f\xa8\xd4D\x14\xc58\xf3?R\x84\xfc\xa9d\
\xa5\xa7\xdc\xa9\xb3\xf4\xb1\xe2R\xabU%a\xe8{1\
\xd1l\xcc\x1c\x8d\x91\x83\x13\xb3\x82^l\xb0*n\xfd\
8G\xc6\xaf~\xdfb\xaa_k\xfb\x15U\xe5I\xca\
\x9eK\xd3\xd8\xea\x8f0\x9d*\xaf\x12\xf2\xea\xe9\xbe\x9a\
4\xc9\xb286\xcd\x9b4h\xd3\xe8\xd7\xfcHw\xee\
\x81\xa5\xf8\x8d;/q\xca\xaf\xf9{}\x0b'9\xed\
\xf4\x13j\x98\xcc\x1d\xbe^\xdc9\xe4\xa5\xb5\xf3\xe9\xb3\
}S?s1\xd1\xbf\xd0\xae\xb6\x92\xed\x9f\x98\xa2\x88\
\x8b\xbfY<4\xfc\xb0P\xd3\xee\xed\xcf\xa1T\xd5\xdc\
\xe9\x9f\x91\xe2C\xed\xda\x150\xa1cw0!l\xcc\
tgsIUT^\xc4\xf6\xf7\xc5\xfb\xb9\x12\x8a\xa9\
NdNj\xd2fs\x848t^\xe9{\x0f\xe1\xfd\
\x0d\x09\xddI\xbb\x9fc\xdc\x9b_\xa6\xcd\xf4X\xe9\xf4\
7\xd1\x1f\xb9\x983=\x19\x82\x8a*q\xc8\xa1\xf7A\
S\x99h\xa9|,Uy#?\xecD\xdb\x9fRe\
\xaf\xcb\xdd\xc7\xea7W\xc51\xf27\xd3B\xc7F\xef\
\xd3\x02\xc0\x9ez1\x8b\xd0L\xe4\xe0y\xf4=\xba~\
\xe2\xd1C\xee\x98\xc1UY\x8c\x0dG\xc3?1y#\
l\xf0\xd3\xb4\x14\xb4\xfb\xbb~\x85t\xbf<[8\x1d\
\xe0\x7fA\xd8\xc0\xbd2-\x1c\x8d\xe4z1\xd2\xf7\xd6\
\x05L\xf756\xf4'\xbe?4g\x05T\xda\xa4\xa3\
\xe4\xca\xea\xb6\xe9PGocq\x7fB\x97J~#\
^f\xd0\xb2\x85\x9e\xaf\x0cn\xc8\xe0Yf\xfa\xe8\xd3\
\xe9K\xa9x\x8ao\xdd\xaf\xa1\x09x\x95&_\xbe\xf6\
t\x96\x99\xaa[\xa4\x97\xda\x95W\xed)K\xb2\x1f\xee\
~#t\xf1\xd3d\x5c\xfbtN\xc4\x1cz\xf4n\xe5\
i\xb8\x89\xb4\xe4^H\xe5{\x94'\x0a\x0ajQT\
}\x075wF}\x0a\xe1\xf6\xc6>c\xa9\xafh=\
\x84#0r?A\xd4\xd7mD\xf6\xf7v\xf9\xa7\x12\
R\xa1\xd2\xaf>\xe5.^\x93.\xe5\xddG\xa1T:\
SwC\xc7\xe8{\x9c\x1b}\x1e\x0d!\x1bf\xcf}\
t\xd1\xf76M\xfa,t\x81\xe7\xa6\x0ah\xa9\xa4(\
}\xd0T\xe6`\xa9b\x0e\xef\x22\x9b\xff\x00\xb0\x95\xa3\
\x9d\xc9<\xf9{\xbf\xdc\xa9\xd5\xf1|\xb0o\xa2\xc1\xae\
\x99{\xfd\x8a\x94\xc49K\xd4\x98\xee\x87\xdb\x1c\xc9J\
qg\x7fa5\x1d\xc9\xcbc\xfeT\xf3\xeaW\x94\xb5\
\xef\xd5`\xc9\xf7\xe9\x8e\x88\xc8\xfc>\xef\xd1\xff\x00\xe4\
\xa9\xdd\xc5\xd7\xa1R\xe2~d\xf6v\xea\x0a\x13\x85\x11\
\xf3)\xa9EQ\xf4;\x9d]\xd1\x97\xc7\xd0w\x83\xf6\
=\x8c\x0b\xea-\x19\x91\xee\x07\xa3\x1e\xc6\x057\x8fB\
\x9ag\xb9\xa9\xee\x9e\x09\xfcN\xcf\xcd\xcc\x0e\x99\xeeJ\
#\xdc\xf1*\xccJQ\xef\xb1\xae\xde\xd7e\xf2\x15T\
\xd2\xeat\xf9\x9bG\x0292=\x8d\x9c\x0b,\xe0\xdf\
]1\xe8\xf0\xfcG4\xb7\x17h\xa6\x17\x89\x5c\x97\xfc\
K\xe5\x16\x95\xdd\x9aIn\x95\xdd\x8aH_\x87|\x1e\
%3K\xd3x86\xa4\xdb7\xed\xd2m\xd3\xe9=\
*b\xa1S\x09ia\xb1yR\xfc\xbd\xa5\x09\xf6\xca\
\xfa\x94\xbf+\xdf\xb0\xe6\xae\xe8\xd9TUU1e\xf3\
<F\xdb\xf40/C\xf7\x15\xe0\xcc\xc0\xc7S]\xad\
\x13\xd9\x8f7\x12R\xa3\xb5/\xf5b\x8a\xa6b\x13\x1c\
\xd5-J\xf6Ep\xd5;E_Ku\xe4\xcf\xc8{\
\x1b\xb1\xc4\x9bf\xcfsBV9\xf56o\xa6\x8dt\
\xdfZi\xa9\xd2\xbeB\x87\xdd\x05N\xee>\x85K\x10\
w\xf9\x17v\x84\xbc\xb0\xf0\xf7\xf3?\x9a|\xbd\xde\xde\
\xe5S\xf1<\x9b\xbfM\x1a\xbfN\xc7)\x11\xe6\x87\xfb\
\xfa\x98\xfe\x9e\xdf\xf6#\xc9/\xf6\xf5\x82|\x9c\xc9w\
Tf}F\xff\x00\xe2^\xd3\x03\xcfI\xb7=>\x92\
l\xdfE\x88\xe9W\x84\xfd\xca\x9f\x9b\x9f\xa0\xd5\xe3\xf7\
g\xc3\x1f\x97\xb4\xa5yg\xf7E5y^\xfd\xaew\
w\xb7\x19\xab\x17\xeb\xfbt\xfd\xc5\xa3\x91\x8fG\xed\xd1\
M\xe2t*S\x96\xbe)\x13\xef\xec\x8b\xf3\x12Gw\
r_\x09\xe2U\xf1v\xe2=\x1e\xca\xa9\xed\x88\xb7\xb9\
Mj\x9b\xaf3\x8d\xc8\xb4'\xc1\x993\x03\xd8\xd9\x88\
\x16\xc5\xa1\x1c\x9c\x0fc\xd1\x1d\xd1UP\xbf\xd5\xca!\
W^\xcaS\xefI\xdd\xafaCw\xb3\xa7\xe6^\xaa\
o\x85\xf2!~\x1d\xee\x84\xea\xa7\xbas\xfe\xaeq\x22\
\xc9\xb6o\xa4\xf9T\xf4\xe7\xd7\xa7t\xb5<\x1d\xbeh\
z\xd4\xfa\x98_\xcb\xdb\xfe\xc5)\xf6\xcf\xd8O\xcb\xc9\
\x96\xd6g\xd4~\x1d\xd2\xc2\xa9\x8f&:#0r1\
\xd4\xd4v\xcf\xcc\x9e\xc8\xdf\xbc\x94\xa8\x8e\xd2\x9a\xbe(\
\xcf\xe89\xab\xb9\xd2W\x15v\xed\x15},1[\xa6\
`\xe4n\xc7\x02\xb4\x9ct\xd5\xc89\x22\xe6\xfaj\x0d\
t\xdfUMN\x9fx\x15\xd3y\x91\xbb\xbd\x8d^\xdf\
Q\xd6\xdd*p\x88\xf2\xae\xec\x13j\xe6\xdd\xdc\xc7\xb9\
T\xfei\x93g\xb9\xa3F\x91U5(\x9fAR\xbb\
\xda\xaa#\xff\x000N\x7f/o\xf9A\x1eY\xaag\
\xff\x00'w\x91M\xfd~F\xd2w\xee)k\xf1*\
\x9bLpl\xd9\xa3W9\xd4\xf4\xd9\xeeh\xd1O\x84\
\xdf\xac\xd8o\xcd\xc9\x1eh\xfb\x98\xfe\x9e\xdf\xf6\x12\xf2\
\xf7}\x85W\x93\x9f\x5c\xe8\xae\xa9\xf7\xabs\xf4>\x86\
\xcc>\xab\x06\x8d\x8f+\xacU\x85|\x14\xa4\xd3\x8f\x8a\
D\xddj\x88\xdebH\xee\x98\xf8J\xea\xbdQ\x88\xd1\
]0\xd7l\xafr\x9a\xd50!>\x0e`\xcctl\
\xc1\x81hO&dz\x1e\xc6W49\xc1\xe1\xf6\xd3\
UN\x9f3\xf6(\x97U)\xdd\xfb\x8a*mY5\
\xea9\xaa\x9d\xa4\xbd\x0a\x92tR\xdc4'\xdfMk\
#\xd0\xb4m\x9b\xe965s\x9fS\xdc\xa1^\xf8\x91\
S\xe6\x8a\xb0\xb5\xf39\xfc\xbd\x9f\xecG\x92\x5c\xcf\xfe\
N\xef\x22\x9b\xfa\xfc\x8c\xdb3\xeax\x95.\xf8~Y\
\xd9\xb3}\x16:\xb7q\xd4\xd5\x94\x93\xd9\xdb\xe8R\xad\
h\xf9\x94Ug\x19\xf4\x1f\x9b\xba2W\x0d\xd3\x1fr\
\xaf\xa5\xba&rf\x0d\xb8\xc0\xd9\xc0\xb6,\x99\x1e\x0d\
#\x9fSb\xcfM\x1c\xf4\x9b\xdf\xa7\xd8T\xd5\xdb<\
\xc1\x959\x91\xbf7#W\x81\xd4\xdd<$4\x95)\
\xd5\x107\x0b\xc4\xbf\xc5\xcc\x0eeST\xfe\xa4\xdf\xa6\
\xbd\x87\x83H\xef\x86\xa7\x92\x94\xbb\xdfw\xfa\xd12\xea\
\x9f\xcb\xed\xec5o4\xca\xd8\xea\xf2S\xdd\xfa\xbb\x09\
c\xbb\x15\x1d\xbeo\x13\xb9\xfcK\xd0\xd9\xbb\x9e\xe6\x8e\
}N\x0d\xf4\xd7\xb1\xa6V\xd5\x14_,\x9f2\x9d\x90\
\xbb\xe2\xa8\x83o\xf2\xf6\xff\x00\xb1\x1eY\xaaeo\xe6\
wy\x14\xdf\xd7\xe4*]q7\xee\x9b\xcf\xe8s\xea\
E\xcd\xf4\xfa\x1a&\xdd6o\xa7k\xc6p$\x9d-\
~oq6\xe9\xa7]\xdcI\xf1KXeuy\x9c\
]F\x8a\xa9\x8a\xa1}EZ\xa5S\xad\x88N\xc7\xb1\
\x98\xe8\xdf\x07\xb1\x81hO1\xd1\xde\x0f\xd8v)\xa8\
\xf0\xfbi\x97O\x9a\xafS\xc3NiY~\xe51W\
rP\x9f\xa3*\x9a\x93jW\xb2+I\xd3K\xca<\
jj\xa1V\xa9\xba\x9eD\xe2\x04\xc5\xb3g&\x8d#\
\x9e\x8f\xc4\x9a\xd3q\xab}\xc5O\x99\xaa\xa2\x16\x8c\xcc\
\xdb\xb3\xdb\xd8\x8f+\xee\x99Gw\x92\x95W\xea-'\
uQM3\xe24\xed\xdc\xff\x00\xd8\xd9\xb3F\xba\xec\
u9\xed\xc1\xf0\xc7\xe5\xed)V\x95\xf5)\xab\xca\xe2\
\xe3]\xdd\xdc\xb2\xb8n\x98\xdf\xb8\xf3\xe9n\x9f\xb8\x8c\
\xc1\xc8\xdex1\x02\xfdE\xa3#\xb9\x18f$\x82o\
\xd3G'\x04\xdf\xa7\xd8\xed\xab\xb3\xde\x0d^\xf2O\x9b\
\x92<\xd0US\xa9M\xd2EIv\xd2\xdc4T\xdd\
*\xb8\xf3O$;QT\xc7\xb8\x9fL\x8f\x0cbx\
\x1d\x14\xba\xaa\x14\xd5S\x9b\xc7\xb0\xd7:\xe0\xaa\xa9\xa5\
'oWb!R\xea\x88{\x13J\xaf\x12\xf9\xe6\x0a\
\xa6\xab9\x93\xdc\xd5\xcd\x5c\xe7\xd4\xe0\x9b\xa9\xe9\xafb\
\xb7\x14\x94\xc2\xa5Nj\xe4O\xcdOv\xfebK\xbd\
\xf7A2\xdf\xf4\x8dZj\x99[\x1d^J{\xbfR\
\x84\xa8J\x7f_\xa9\xcf\xa9\xb3w=\xcd{\x1a5\xd3\
f\xfav\xbcg\x02K\xb20\xfd\xc5.\x9b\xf9]E\
\x9d\xf3\xdd\xe8:\xbc\xfc\xa7\xac\x0e\x95\xdf\x1f\xbb?\x11\
R\x97\xe5\xdfI\xb7N=zo\xa6\x04'\x93#\xd1\
\xfb\x0d\xc6\x0c\x14\xd1M\x11\x17\xaa-\x93\xc2M\xf6\xc6\
JZ\xab\xb9Sok\x15M]\xce\x99^\xc7\x89\x0d\
P\xf2\x8f\x11T\xa5S\x0e\x9fs\xc5\xf3&\x95\xba-\
\x8a\xed\x1c\x8cz1#\xb4#\xc2\xb5w\x85S\x8c\x94\
\xd3\xe6s\xae\x0f\x8b7\xed\xf6\xf6\x1d>W9\x5c\x0e\
\xaf%=\xdf\xab8\xee\xc5E/\xb6}U\x8d\xf4\xd1\
\xa3]&\xe7s\x9e\xd7\x84c\xfa{D\xbc\xb3\xf6\x15\
^^O\x8aW>\xa5P\xeaZ\x91\xe6un\xa9~\
\xa6`\xe7\x81\xfatV\xf7\x16\x8c\xc8\xc7\xa3\x13\x04a\
\x0b\xa6\x91\xc9\xeem\x11\xc9\xa1\xd3Wd\xf3\x06\x94\xe5\
\x93\xe6S\xb2/\x0f\x05UUT\xb5)\x15\xa5\x14\xbc\
\xa2\xb9\xa5T\xa9\xf3'\xc9\x0f\xe0s\x02}2=\x8c\
\xe0\xf0\x1fmM\xe64S5U\x0e\xed{\x112\xad\
n\x19USM\xe5/R;U-\xc4?B\x97\x0f\
\xc4\x8b\xf7rxi\xbb9r's&\x94\x9ag\x12\
'~\x8f\x08\xf1)\x8a_\xf2z\x154\x95)\xcd\xc4\
\xdc\xd2\xdc_\xe6R\x92\xae\xa1K\xa9\xcei\xf6#\x9c\
\xad\xa2{\xa8\xa7\xba\xde\xb7_!\xfa\x9c\xfa\x9bRM\
\xfa}\x8d\x1aG\x12m\x9b6v\xbb'\x0cI~\x1c\
}\xcb\xf66\xfc\xbd\xc3\x86\x93w\xee\xf4%\xf7\xde\xf3\
\xa2\x17\xe24\xf1\xef\xf2?\x12\x17\xf2\xc5\xf1\xd3]>\
\xfd7\xd3\xe9\x1d\x16\x0c\x9ct\x981\x82\x9a\xd7\x97\x94\
\xcf\x0d8Q\xfe\xa4\xa5\xa6\xaa\x8f\xa1T\xd5\xdf\x1fC\
\xc4\x87\xd9\x18\xf9\x95\xaa\x96>\x02\x8a\x97\xe5\x88B\xb0\
\xbd2+\xc1\xc8\xc7\xa3\x13\xb3\xc2\x84\xa9wN\xa7\x89\
(\xaa\xff\x00\x96\x96SM\xdb\xe3\xd0\x9e\xf8\x9f7o\
\xb0\xe9\xb3\x5cp\xca\xaa\xf2\xa9\x94\xb9g\x87C\xf2\xba\
\xbf7\xa0\xdd\xea6l\xfb\x1a4\xfaM\xce\xe7-U\
\x84s\xf9{\x7f\xd8\x8f,\xbd\x7f\x98\xaa\xf2s\xeb\xf2\
3l\xcf\xa8\xe3\xbb\x89?7\xe9\xd2zq\xd2z\xad\
\x0bp;\xc8\xf4c\xd4K\x02|txG'\x02\xcf\
Z\xa9\xa9R\xfeC\x88I\xecO\xcc\xa7dy\x9c\xe0\
\xa9\xba\xbb\x9d3\xf2<D\xbc\xaf(\xaei\x95O\x99\
z\x9d\xbf\x95`L[h\xccl{\x19\x83\xc4\x8a\x5c\
\xad\xea\x0a&\xa6\x97\xc4\xc8NR\x85\x1c2\xba\xa5m\
!\xd3\xda\xa8\xaa\xd1\xec'\xd9\xdf\xdb\xe6\x9cIJj\
\xaaS\x99\x9b\x5c\xf0\xda\x7f\x88\x94(\xf5\x1a\xeeU\xd1\
u\x07\x06\x99\x82M\xd5\xa2\xd5L\xfc+\xd1\x15'\x15\
/\xb9SI%u\x22\x94\xe9n\x14\x94$\xaa\xa9\xe4\
\xa6j\xaa\x1d\xda\xf6\x22gMpx\xb5w\xf9\x5c\xf6\
\xa5\xfe\x7fcI\x9c\x9c\x0b=t\xc6\xec\x8e\x0eM\x9b\
;\x1d\xbb\xa0\x85\xf8w\xc2\x1c\xf6U6\x9fa\xc4S\
?\x98\x97\xde\x93\xbc\xe8I/\x11\xa7\x8f\xf4\x87\xe2f\
m\x17\xe9\xa3G\xd2zM\xfa}\x0d\x09\xdb\xf87\xd2\
\xb6\xa8jl\xd3<4\xfbed\xa5\xa7K\xdc\xf0U\
5:\xa3g\x89\x0d\xd3\x18~\xe5i\xcf\xf4\x0d\xaa\x1b\
\xed\x8e\xdf\x91UO\xba\x88\xfa\x8b\xea-\x0bc\x1e\x86\
\xe1\xd7\x18\x12TD[\xdd\x94U{Bs\xf7)\xa5\
Kjef\xc2}\xfd\xbf\x9a2:eT\x94[\x86\
WW\x97iA\xe2y{8\x8c\x9c\x9b]ti\xf4\
\xda;\x9c\xb5TX\xe7]\xbf\xecG\x96j\x99Gw\
\x91O\xeazr[\xba\xf6\x93\xf3~\x9db\xc7\xd3\xa4\
\xdf\xa2\xb0\xa6\x05\xb1\xbc\x8dp`HO&dz\x1e\
\xf6p'\xd6\xaajT\xbf\x90\xe1$\x9c\xdcO\xcc\xa7\
bWrT\xddN\xa6\xbe\x85p\xfbc\x05r\xb1z\
}N\xdb\xc51\x07\xb1\xcf&c\xa30Q\x86P\x9b\
\xaf\xc3\xdc\x8a*\xeeT\xc2\xf6ene\xd3)~\xbb\
+\xa5%K\xfd?B{;\xbb|\xfcIB\x8e\xd5\
\xbf\x7fB\x9a\xa5\xb8\x84\xff\x00A\xcd]\xd5S+\xd9\
\x1e$>\xdc5\xfa\x15J[\x8fr\xca([)p\
\xff\x00\x11\xd9\x94\xa9\x9e\xdb_\x82{\xe3\xf3FJ\x95\
\x9aQ\x1e\xe5N\x16\xd2\x14\xd3\xda\xec\xa7\xd0\xa2\x13\xa9\
\xab\xb2\x89\xa9\xa5\x96QO{\xa9(P\xb4\xca\x9d\xa7\
Hz1;1\x08L\x83#Y4prm\x1b;\
\x1d\x9b\x1aN\x8b\xdd/b\xa9\xec\xaavU\x09S\xdd\
\xf9\xbeBo\xba\x97V\xfee)/\x12\xa9\x1f\x89\x99\
\xcd\x99\xeeM\x8d\x1a~\xbd&\xf7=\xcf\xb7Mt\xfb\
\x9b&\xfd\x16\x0aivx\x9d\xc7\xc8M:g3\xc5\
\xc75:\x96g\xd4\xae\x1dKS\xc1R}\xd3\xf9}\
\x86\xd55Z\xe9\x0aiP\xa6W\x22I*\xa8_\x17\
\xa9D\xb8V\x15\xe6\x0a\xa7\xcc\xd9\x5c?\xc3T\xdb\xf5\
/Gm).\xc2\x15?\x0e=Jj\x89\xed\xf8\xbf\
B\x9aS\x9a\xa9\x9e\xed\xfe\x82}\xfd\x9f\x9b\x98\x1a\x9e\
\xe5L%\xef\xe8WU\xa5JQ\xf7)]\x94\xad@\
\xbfQet\xc9\xa3L\xe0Y;\x9c\xb9x2\xdc\xfe\
_oa\xaf/\x9bC\xaai]\xdf\xad\xc5\xa9\xc3-\
\xddT\xdaO\xcd\xfat\xd5\xcd\x1a\xf7\xe97\xea\xb0+\
\xa6U\x96A\x88\x10\xb6f`z0`O\xa7\x05t\
\xd4\x93\xf9\x0e\x14'*J]\xd6\x10\x95\xd9Su:\
\xa3.J\xe1\xbac\x1f2\xa4\xd3\xfe\x94v\xe7\xb6:\
~\xe6c\xa3c\xf40<\xd3\xf7)\x8a\xbb\xd2\xb7\xd0\
\xad\xb7\xdd\xdb\xf4\xb9]+\xca\xd7\xcb\xf4\x1b\xec\xc2\xee\
\xe2g\x92\x95\x10\x95\xbf\xd8\xa2\xac\xf6\xd9\xfe\x9b\x1f\x9b\
\xb9\xd3%p\xfb6\xbd\x0a\xe5Y^\x92\xd4\xc4Y~\
\xa555\x8b?\xd0\xa6\x94\xe5\xa9\xee\xdf\xe8O\x7fg\
\xe6\xe6\x06\xa6R\x88\xff\x00\xc1]Q\x8b/\xd7e\xe9\
\x88\xb3\xf5PQ\x0a]7\xa8\xf0\xe5\xbaVX\x9a~\
%T\xa8\x9fA\x8fF\x0e\x04\xc8\xc9\x98\xd9\xc8\xd9\xc1\
\x896\x84~\x1b\xf8\xb0U\x15P\xa6\xe9{\x15\xa7\xdb\
QSIR\x9c\xa9\x13i\xd2\xdc)(IWV\xc7\
\xe2^*\xbf\xe9\xd3F\x8d3\x83w6}\xbaM\xaf\
\xd3\x9fSd\xdf\xa7\xd8\xadBo\xf2\xbeI\x9a\x14\xde\
w\xf2.\xdcg\xbb\xd4\xaa;\xe3\xe1\xee*O\xbep\
\xbd\x89T\xd5\xfc\xc9|\x8b\xa5\x19k\xd4\xa6;V\xaa\
E\x12\xe8O\x0c\xa6*\xa6\xa7\x99\xe0\xa9\xb6\xea\x5c\xf0\
x\x89w(*\x9aZ\xfeTZ\x97\xe5\x88\xf5)\xa9\
\xd2\x9cOqJN\xeb\xe3\x91>\xfe\xc8\xbf1$w\
w*p\x7fhq\x8f\x82\x9f\xf3\x19\x81hO=\x19\
\xc9\x88\x16P\xaa\xbbd\xf7;\xde=\x86\xac\xe7\x5c\x15\
U\xe5SoQ[\xb6p\xc5\x1d\xd5N\xcf\xcd\xebn\
\x93cG$\x13~\x9a\xe0X\xea\xcc\x08O&f\x07\
\xa8\x1d\x8c\x09\x9c\x99\x82\xbajI\xadXqL+\xa2\
\x97}!+\xb7\xf6/S\xa9m\x95C\xaa\x9dO\x12\
T\x9fw\x14\x9d\xb7uS\x1b\xe9\xa3\x8e\x8d\xdcf\x05\
\xa14\xfc/\x11\xa9\xed\xf4em\xb7\x5c}\x0a\xd2\x9a\
{dsDp\xb9\x92\x95\x11\xdb\x19\xd9MV}\xb9\
\x9d\x0dww\xc6J\xe2\xa7Dc\xd2J\x93\x9b|#\
\x8a~\x18\x817J\xf2\xfcE4\xa7-|R'\xdf\
\xd9\x17\xe6$\x89\x94\xbe\x12\xba\xa2{q\xfa\x91\x1f\x0e\
}Jb\x98\x8b\xd4)N\x17\xc0fG\xb8*\xd1\x8c\
\x0a\xc2g0f\x0c\xc8\xd9\xc1\x81hL\xfc7\xf1)\
YEqU4\xbf\x89\x15\xa7\x15%u\xeeT\xd2\x85\
u<\x8ait\xbb)\xf4(\x85UM]\xfb\x1d\xee\
b\xab\xfc\xc4<\x1aF\x138\x13\xc0\xb2\xcf\xb7I\xb2\
8\x93\x9f^\x93~\x9fcE\x10\xfc5\xddw\xf33\
guW\xa9n\xf7>^\xe2\xa4\xfb\xe7\xecJU^\
\xf0)J\x1d\xfb}Jc\xb2>\x16\xbdJS~\x1c\
\xe1\xfb\x0a\x1d3\x99\xf9\x956\xeak3\xeaV\x97|\
`\xaai\xa9<%\xe8Z\x9b\xab\xa5\xc9Kt\xab]\
\xa2\x94\x9a\xb7\xc4'\xdc\xa8\x8d\xe6$T\xf7'\x1b\xd2\
*\x7f\xa7L\x09`O0=\xc0\xf4=\xc1\x81\x0a\xa7\
-\xab\x9f\x1c~h\xf6\x1a\xb3\x5cp\xca\xaa\xf2\xed\x11\
\x1d\xad\xc5\xc5\x0a\xaa\xfdE\xf1z\xdb\xae\xaer{\x93\
s\xd3\xa6\xa7\xa6\xcd\x98\xf4\x83Rk\xa3\x18\x84\xceL\
\xc1]5)Z\xb1jb,R\xe3\x16bYk>\
\xc5\xdf\x97\x9fQ\xb5\xdc\x97\xc3<\x15'\xdf8^\xc7\
e\xfb\xf3\xd3Q\xd5\xbb\xf5X\x16\x18\xdf\xf7\x8b>\xcc\
\xf1)M\xf6\xa9^\xe3\x9a]:HJ>\x18\x85\xc9\
MQK\x89o\xd0\x8e\xee\xe8\xc9S\x97Do\x89*\
N\x7f\xa4mS1\x1d\xa8M\xd2\xad=\xc5)G\xf5\
\x14\xb7Wdo\x89#\xbb\xba0UT:\xa2 j\
>\x19\xb7%\x1eN\xec\xa1^\xe2\xd8\xf6=\x0f\xe8`\
\x9e\x0f\xdc\xcc\x1c\x8d\x8fF\x05\xa1>\x0f\xc3\xfc\xcaV\
Q\x5cU\xd9\xb4V\x9d\xd2\x8e\xdfr\xa6\xa9\xc4\xa4)\
\xa6\x1d\x93\xf5E\x10\x9bt\xf9\x9f\xb0\xabr\x96~b\
\x1d\xc7\xa1\xec\xe0B\xd9\x98\x18\xdd\x8e\x0e}M\x93~\
\x9fcBsIB\xf3xi\xc5\xf9E\x95u\xcd\xbb\
\xbd\x86\x9f\xe2_$\xae\xf5\xdd6\x14\xc48j\x91G\
g\x10)\xfc6\xdd\x99gM\xef$\xb7Tf}G\
\x1d\xf1\x89\xf5*\x95\x5c\xe2=\x0b'9\x8eP\x9bT\
\xf2\xd7\xcc\xa5'Lo\xdc\xa2j\x87\x89\xe2JoM\
/Cw\xe9\x81hW\x91\xdeG\xa1\xfd\x0c\x09\x9d\xcd\
\xb9\xa7\x22\xf3\xf6\xfenF\xa6R\x8f\xd4\xaa\xabm(\
#\xb7\xb5\xb8\xbf\xa1L'T^y\x16}m\xd7W\
96M\xfak\xd8\xd1\xf7&\xe4\x5c\xfaA\xa94d\
}S3&`\xaa\x9a\x93k\xf2\xd8\xb5?\x0e\x0a\x5c\
LdJe\xac\x8a\xfe^}I\xf3_\xcb\xdc4\xfb\
\xe7\xecv\xfeg~\x8b\x06\xb8\xe9\xbe\x9fCF\xba?\
\x8b\xc3x+\xb3\xf0\xebp\x92\xf4\x22.\xb0\xb6\xd0\xaa\
\x8ay|\xe4\x89\x95\xb7\xea7.\x9dwq#M\xd5\
:\x1bI\xda\xe9\x17J\xd2\xda)K\xb61QL\xb5\
N\xa7\x89>)zz\x82\xa7\xe6\xa5|j45\xda\
\xd2\xcd^\xfd\x10\xb01\x8f\xe8`\x9e\x0f\xdcW\x83\xd8\
n\xf6\x19\x81\x09\xf0~\x1eZ\xf5EqWd]>\
$\xa9</\x84\xa9\xaag\xb7\x1f\xa9zqg\xebb\
\x88\xa6\xea\xf5z\x8a\xb7*\x05\xb32=\x0e\xd2`B\
\xd9\x989\x1b\x1e\x8cI\xc179>\xc7#\xc1\xef\x86\
6\x93\xf1\xa6\xcd\xf2\xd1\xda\xfb\xe2\xa9\xee%w\xae\xec\
\xa1Ly\xa2)-\xd8\xff\x00\xa4i\xfe\x1bo#k\
\xb6\x99\xbfq~\xe4\x9d\xfb\x8b~#N\xc3\x9e\xf9\xc4\
\x16N]\xfb}\x04\xdfl;\xc0\xa9Uxt\xd2\xee\
\xfd\xc9n\x9a\x16\x17I\xbfL|\x85\xa1\x1c\x8e\xf0?\
\xa1\x81\x1d\xd3u2R\xfb\xfbw\xecD\xf7%\x10U\
W\x16PGl<|\x8ab\x9e\xee\xdf3\xf5)\xcf\
\xad\xba;\x8f\x09\x9c\xf4\x9b\xf5\xd34m\x11s\xe8E\
\x8d\x1e\xe6\xfa\xa7c62UMI\xfaX\xb2\xc4A\
K\x89\x8c\x89L\xb5\x91+C\xde\xc9\xbdS\xe5\xee\xf6\
\xe2F\x9f|\xef\xdb\xd6N\xd5gT\xf4\xd1\xa7=&\
\xe6\xcf\xa4\x1a5\xd3f\xccEw\xb7\xa0\x9f\x96\xaa\x1c\
\xfe\xe2\xa6R\x98s\xeaO>N\xee?Q\xa9\xa9\xd5\
\xafa\xb8\xab\xf9\x92\xf9\x17\x88\xcfo\xac\x94\xa5\xd8\x95\
S>\xf0&\xdd=\xd0\xa8\x9f\xdc\xcc.F\xee\xf65\
s\x1e\x90,\x1a\xe8\xf2o\xa6\x8f\xdf\xabw\x19\x81\x09\
\x95Qf\x94\x8d\xf7:?\x0f|IZ\xd5\x1f\x09S\
I\xb7\xe15\x08K\xb7\xfb\xa6\xe7\xd4\xa6)\x87E\xda\
)m\xc7\xe1\xbac\xfc\xc5\xb32=\x170&!^\
\x0eF\xc7\xa3\x13\xb3\x81>\x99\xe8\xf0pbHj\xaf\
\x0e\xa7\x94wy\xa9\xa9\xf9j^\xe46\x9a\xaa\xca\x9f\
t8\xaa\x878\xa7\xd8\xa9?\xc3\xaaF\xd7m=\xdf\
\x9b\xe4)\xee\xa6qQe\xe2U;/\xf8\x97\xca,\
\x9a\xee\x96\xe9\x13}\xb5\xbc\xc0\xef'\xdf\xa4\xdf\xa7\xd8\
X\x13\xb7G\xa1\xfd\x0c`V\xc1\xdd1\x19\x17\x9b\xb2\
/9\x89#\xbb\xba0WTOn?Q\xae\xd8\x8b\
\x14\xc58\xbb\xf5)\xfa\xd8\xcc\x8cf'g\xa0\x9d\xfa\
hxg\x04\xde\xe6\xd9\xf64M\xbal\xdf\x11\xd2m\
\xd3c\xa6\xae\xefKd\xc5\xd6=J\x5c'\x13$L\
\xc6D\xbc\xab\xbb\x0fd\xfcsn\xefn$\x87\xdf\x7f\
\x89\xeb\xe7$+wI\xeeh\xd7I\xbfO\xb1\xa2m\
\xd3l\xdfM\x1a\x83MU\xb1\xfc]\xef\xbb\xf7\x1f\xc5\
\xdbf\x7fURh\xd7M\x9b>\xc6\x89\xb7M\x9b\xe9\
\xa3F\xb8\xe97\xfe\x09\xb1\x93\x8f_\xe0V\x10\xb6f\
G\xa1\x98\xc0\xbd\x0f\xdcW\x833\x03cF\x0e\x04\xcf\
c0r3\x10bvlL\xcd\x99gKyEI\
\xa5U\x15`q\x14\xeay\x16Wv\xf9,\x9dn\x5c\
\x95Owk\x89\xe9\xa3G\xdf\xa4\xdf\xa7\xd2\x04\xad$\
\xdb\xa3\xc9\xbe\x9a3\x14\xbb2{\xbeg\xaaC\xcf\x95\
\x18\xbd(\xa6\xcb\xc9O\xf9t\xcc\x8fc\xd1\x89\x8b\x98\
\x819\xe8\xf0i\x9c\x09\xdc\xd9\xf6\x22\xd7&\xd7\x16\xa4\
\xdb7\xed\xd2m\xd3c\xa6\xae\xefE\x06/\x98\xe4N\
\x17,\x89\x9eH\x8a\x17tA0\xbcO\xea\xe6=\xc8\
\x8a\xa9\xee\x9e\xe6B\xf2\xf7I\xf64i\x9a\xb97R\
E\xee}\xbaj\xfd6\xcd\x9e\xe6\x91\xa3O\xd7\xa4\xdd\
\x10k\xd8\xd1\xa2nl\xfaA\xa2m\xd3o\xd4\xd9\xef\
\xd3F\xbaM\xc8\xb9\xf4\x8e\x93n\x9fI\xe9\xbe\x98\x16\
\x05\x83#\x1e}\x0ct_Q^\x0c\xc8\xc6c\xa2}\
3\x06dg\x06$Z\x17Gx\x1e\x19\xc1\xc0\xb2\xcd\
\xf4\xd1\xa3O\xd7\xa6\xd7O\xb1\xa3]6<\xf4\xd1\xa3\
0dn\xfe\x9d\x11N\x8e`o03\x188\x133\
-\x0fC8\x16zdj\xccn\xc7\x06\xd9\xb3\xdc\x9b\
t\xd8\xd5]\xde\xd0b\xf9\x8fH\x13\x8ay\xfa\x91*\
7\xee:R\xa6\x97T@\xec\xbcM\xcf$v\xbaU\
S,\x85jp{\x9a\xb8\xf0\xce\x13&\xeaE\x93?\
#\xdcn\xc7\x12m\x9b\xb9\xbb\x9a\xb9\xa3O\xd4z\x92\
n\xa4\xf75\xeci\x8fRm\x1b>\xc6\x8d\x5c\xf76\
\xfdM\x9b\xe9\xa3L\xf7&\xe6\xcf\xb1\xeak\xa7\xd2z\
M\xfa}\x8d\x1a\xe9\xb3\x7f\xc0\xb1\xd1\x8c\xc7D\xfaf\
\x0c\x8d\xe7\x8e\x98\x16\x84fL\xc0\xf6>\x8bb\xcfM\
\x1a\xf49\xf58&\xfd>\xc6\x89\xb2\x93\x83f\xfah\
\x8b\x1fC\xd4n\xfd5\xea)\xb0\xaf#y\x19\x81[\
\x02y\x83\x96\x87\xa1\xdb\x17F _\xa1\x03\xb8\xd5\x98\
\xd9\xbb\x9bfY\xeeM\xae}\xcd\x91W\x7f\xb4\x1e\xae\
\x5cz\x09\xf9oq)Q\xcf\xa9RJ\x9a[\x88\xf6\
*\xf2\xaa\xe3\xcd<\x89v\xf6'2\xfdHV\xa5B\
\xea\xf0\xc6,\xa1e\x8b\xa3v81\x22\xccu\xd5\xce\
}O|\x93{\x9e\xe6\xbd\x86\xac\xc6\xec\x8e'b\xcb\
3\xf2\xe8\xdd\x8e\x0cO\xa9\xb2o~\x9a4\xce\x0d\xa3\
f\xfah\xd1\xcf\xa9\x04\xde\xfd>\xc6\x89\xb7M\xfb\x9b\
7\xd1`X\xe9\xb1\xe7\xaav\xe9\xc7F\xf23\x02\xd0\
\x99\x99\x830~\xdd0+L\x0b]\x18\xf0\x8eN\x09\
\xb8\x8c\xfc\x8d\x13dq&\xd9\xb3\xdc\x9b\x11c\xde\xd2\
z\x93~\x88X\x10\xf23\x07\x10'\x9830;\xc0\
\xfd1\xd1?\x93 \xcf\xa8\xf0\xc7\xa1\x0b,\xc9\x04\xda\
\x0fsl\x8a\xbb\xe7\x88#\x99\x94O\x95H\x95\xa3\x9f\
S\xc4T\xc5/(\xaaiUv\xf9\x97\xa9\x1d\xbd\xaa\
\xeb\xe6xu|Q\x09\xcf\xfb\x0a\xe9\xe9\xafC1\xb3\
\x91\x98\x81m\xa1\x5c\xc8\xdd\x8e\x0cH\xb5\xd3#\xc2\x1e\
\xce\x04\xee#?!\xac\x8f\x07\x02\xcb2\xce}\x06\xe5\
\x1c\x18\x93h\xdfM\x1ac\xd1\xc1\xb6o\xa6\x8dz\x1c\
\xfa\x9c\x1b]>\xc6\x89\xb5\xfas\xea<\x9b\xe9\xa3\x5c\
\x1a6o\xaav\xfe\x06\xee3\x02By9\x1d\xe0\x8f\
\xd0~\x980!h\xe4{\x1e\x87i1\x02bY2\
=\x8d\xd9\x1cI\xb6l\xfb\x13k\x9a9\xf5 n\xe7\
\xa1\xafac\xa3w\x1a1\x02By30=\x0c\xc0\
\x9f\x04e\x99\x8d\x8fk\xa2\x16Y\x9f^\x8d\xd8\xe0\xe4\
\x8a\xbb\xfdT\x11\xfc\xd3(\x9f*\x9f\xd4J\xd0\xf0\xca\
\xe3\xcaW*\xd4\xddz\x91\xdb\x11o\x99E\x5cB\x7f\
\xa6\xca\x17r\xf1#\x9d/A^\x1eNR\xc0\xfd:\
.VE\xa3\x98\x1b811qhW\x93#VC\
\xdc\x18\x811m\x99\xf5 o\xa2\xd8\xb5\xbe\x8d\x9c3\
\x13\xb3bw\xe3\xab\xc3\x19\xc0\xb2\xcd\xf4\x9b\x1a4\xce\
\x04\xee\x8fs\xed\xd2l\xbas\xeal\xdd\xcf}\x1a5\
\xd3f\xfa\xe8\xd1\xf727q\xf4BfL\xc1\xfb\x0f\
\xd3\x06\x04-\x0a\xf2=\xc0\xd6\x07i0'\xd31\xb1\
\xab1\xbb\x1cH\xb2\xcd\xa3\xecM\xaej\xe7>\xbd&\
\xe7\xd8\xd1\xa3F\xcd\x98\xf4\x16$N\xcc\xc8\xf4?\xa1\
\x81>2dw\x81\xfd\x06!,\x99\xf5 n\xc7\x07\
\x22O\xf1!\xcd\xb8\x1f\xaeQ>U?\xa8\x95\x94\xe1\
\x8b1\x92\xb9VX\x5c\x96\xa7\x16^\xa55D\xf6\xe7\
\xf4\x12\x9e\xe7L\xf7\x7f\xe0sZ\xa5\xd35LLI\
\xc8\xfd:+c\x22\xd1\x99\x81\xbc\xc0\xf4c\x17\x16\x84\
\xf3\x03\xbc\x8fC\xe1`\xc0\x85\xe8f6s\x03f \
V\x91h\xcc\xc0\xdf\xc8k\x061q,\x09\x9e\xa8w\
\x8d\x8f\x0cf\x0c7\x02\xcfFhv\x93\x81dYg\
\xd8\x8b\x13n\x9c\xfa\x9b\xb9\xbb\x9fcF\x9c\x9aR{\
\x9bf\xfah\xd1\xae'\xa6\xfac\xe4jD\xecfL\
\xc7\xa8\xfa`_Qh\xe4{\x1e\x87\xe9\x83\x02bY\
3\x03\x1b1\x06\xd8\xb3\xd2li\x1c\xfa\x9b&\xfd4\
k\xa6\xc8\xb9\xf4\x83B\xc7G\x91\xfd:'b2T\
\xe3\x16\x9e\x0f\xd8\xc1\x8fqr\x8c\xc6\xceP\xc7oA\
G\x7f\x88\xd5\xe7\xd0R\xea\xbd\xd9\xe9\xc0\xdc\xd2\xa6\xc7\
\x89\xe5\xf0\xbc\x0a]\xea\xab\x7f/^\x95+\xc7\xeeZ\
\x9cc\xd4\xa5\xb4\x9c|BI\xcc|D\xf7\xfe\x1c^\
s\x12SK\xaa\x9f\x13\xb7\xe0\xff\x00\xc1\xec{\x0a\xde\
\xe5'07\x98\x1a\xc1\x81z\x09\xe6\x0c\xcc\x0fC\xf4\
\xc1\x8c\x0b\xd0^\x993\x04f07\xc1\x81[\x05:\
\x15\xe6\x07y\x1a\xc1\x8c\x18\xc0\x98\xb7\x06`{\x1b\x16\
\x85\xbd\x8bFFi\x0fg\x02\x16\xcc\xf4n\xc7\x06$\
\xda\x13\xbfM\x1acv\xb8\xb5\x22\xcb6{\x93k\x9a\
4\xfdO\xb976}\x8d\x13n\x9fI\x1eM\xf4B\
\xd1\xc8\xf6U\xa1\xd8\xc0\x99\x1f\xa9\x98\xd8\xf8\x1b1q\
lW\x83#g\x06;\xbdH\xba&\xe7\xd8\xd0\xe6\x19\
\xa2nn\x0f\xa4\x11bll\xd8\xcc\x13oS\x92{\
\xbbu#\xfa\x18\xf60/\xa8\xaf\x04dl~Z\x9d\
[\xf6(\x84\xeat\xdd\x94\xcb\xa9,\xb32\xadoS\
\xc6\xab\xfe\x0f\x83K\xf8\xb9~\x8b\x96x\x8b\xcfZ\xc5\
+\xf9i\xe1uhM\xa5i\xee\x12M[\xe2\x13\xee\
\xec\x8d\xe6$\xed\x97T`u|q\x1d\xb6\xc4\x18\xc6\
Eh)\xd4\x1c\x8fc\xd4\x18\x12\xe0N\xce\x0e`w\
\x81\xfd\x0c`V\xc0\xbe\xa6`\xe607\x981\x83\x18\
\x16\xa0W\x98\x1e\xe0k\x10c\x060'\xc1\x99\x83=\
\xa3\xdaC|\x18\x15\xbd\xc5\xa1lw\x91\xe8v\x93\x10\
&-\x99\xf59\x1b#\x06$\xe0N\xfd=\xc6\xac\xc7\
\x84p,\xb3}=\xcd\x1a}&\xe6\xcf\xb1\xa2m\xd3\
\xe9&\xcd\xf4\xd0\x8dt\xabC\xb4\x10'\x93\xf73\x03\
\xfa\x0d\x98\x10\xb4fF\xe4k\x06'dbE\x9e\x9a\
\x1e\x19\xc1\xb3g\xd2\x0d\x13e\xd3f\xf8\x8e\x93\x0b\xa6\
`j\xfe\x87\xb0\xbd\x08\xfdL\xc0\xf2\xd2\xc1[\x87[\
\xa7\x1f&|1\x16~\xc5\x10\x9bj\xec\xa2jkl\
\xf1\x5cx^\x1f\x86\xa1\xd7\xef\xc5>\xa7\x88\xbc\xfe&\
\x92\xfeZx\xa7\xf8w\x1a)K\xb6?1KmS\
\xa9\xe2H\xee\x97\xa6WTT\xf0\xd7\xa1\xda\xd56\x99\
Zl\xa6\xd1\xe8/C\x91\x8c\xc3]\x13\xb1\x99\xe4\xe3\
\xd4y\xf41\x82x?q^\x08\x99\x1b\xe3\xa6\x0aV\
\x04\xf2;\xc8\xf4c\xd8\xc6\x04\xf8\xc9\xccd\xcc\x1c\xf0\
7\xc6\x0c\x0a\xc5:\x15\xe6\x07\xb1\xe8v0!\x19\x8d\
\x9c\x8d\x8fF'g\x02w9f}F\xac\xd0\xdd\x8e\
\x0cH\xb3\xd7F\x99\xc17F\xd9\xf64M\xbas\xa9\
\x1eI\xbfM\x0b\x06\x8d\x8e$}'\xf5#\xf53\x03\
_\xa0\xcc\x08W\x833\x03\x1a\xc1\x89\x8b\x91\x84'\x7f\
^\x8e\xe8xc\xd4\xec\xd9\xb6}\x88\xb1\xa4o\xdc\xdc\
\x0f<tX\xe7\xa6\xc7\x93\x04\x9f\xb8\xde\x0a\xe9\x9a\xbc\
H\xc4}\x8a\x9cOo\xc3\xf2>\x1cd\xa22\xafQ\
\xe2T\xff\x00\x0b\xc0Y\xab\xd5\xbd%\xb6x\xbf\xdex\
\xb1\xff\x00\xc6\x9e)\x5c\x7f\x1a\xbb\xa7\x81^\x94\xfe\x16\
\xc8\xee\x97\xcf\xa1U^g\xbf\xa0\xd6\xb8\xe5\x94\xf9<\
6\x95\xa3\xdc\xa7\x1d6<\x9fH\x10\x9d\xba;\xc7\xa8\
\xf2a\xf4X\xf583#\xc8\xfd\x0c\x09\x0b\x0e\x07y\
\x81\xe5\x181\xec'\x93\xf73\x03\xfa\x0d\xe605\x06\
\x05\xa8\x16\xe0w\x91\xe8~\x86\x04.L\xc1\x99\x1b\xc8\
\xf4`V\x81?\x91\x9305\x946`[\x16WL\
\x8f\x03\xc5C\xd17\x12\xb9\xf6>\xc4\xd8\xfb\x9c\xfa\x90\
M\xfak\xd8\xd16\xe9\xb1\xe7\xa2v \xcc\x1f\xb0\xcc\
\x08Z3#y*\xd1\x89\xd9\x88\x13\xfdL\xc8\xf0;\
&p,\xa3l\xfb\x1a\xb96B\xf5\xd9\xb7&\xfd\x88\
\x16.F\x8d\xafQ\xe6t`\xc1\xe8\x85\xe6j7\xfc\
\xb253\xfc\xa5N\x1bk\xe1>\x1cL\x95(\xf0\xbc\
-\xf8\x9e\xb3\xaaW'\x8d\xfd\xe7\x89\xff\x00\xd3O\x14\
\xaf\xf9)L\x7f+\xe7\xd8\xcc\xfa\xea\x06\xfc\xfc\xfa`\
j\xf1\xc6\xa4\xc2\xfe^\xdf\xf6(M\xf8s\x1eo\xf4\
\x8a^*\xb36n\x0d\xf1\x1d&\xdd>\x92E\xcd\x9a\
4h\xc8\xf2l\xc7\xa4\x0b\x02\xc3\xe8\xf2\x873\xe8`\
N\xde\xa6\x85x\xf527w\xc0\xc5a\x09\xd8\xe4w\
\x81\xfd\x0c{\x09\xc6\x05\xe9\x91^\x0c\xc8\xdf\x03X1\
\xd1<\xc1\x13/f`{\x1b0+`Z\x11\x91\xe1\
\x0fc\xb4\x0b\x22Wf~]\x1b\xb1\xc1\xb7\xean\xe4\
\xdc\xfb\x1a\xf64\xcd\x1b\xf76<\xf4\x9b\x1a8\xd4\xf4\
o\x8e\x8b\x1e\xa2\xd0\xaf0=\xc0\xccz\x8bBfd\
z\x1e\x18\xed\x02w\x123\xf2\x1e\x09\xb5\xce$\xdb6\
{\x93n\x9b\xe0\xdfI\xc9\xda\xaa\xef_\x9f\xdc\x99\xed\
\xd4\xf1#R\xe7\xf2\x958m\xa8\x82\xb9\xa7\xc2\xf0\x96\
|O\xf2\x5c\xb3\xc4Q\xe2x\x9c/\xe5\xa7\x8aW\xfc\
\xb7wJ\xff\x00\xf4\xdf+\xd0\xee\xf3\xa9\x97:\xf9\x11\
\xe6\x87\x85\xeb\xeaN\x7f/o\xfb\x11\xe4\xee\x7f\xb7\xac\
\x09\xaf\xc3o-\xff\x00\x90\x8d\x9b\xe9\xae\x9fI6o\
\xa2\xc1\xaf~\x9b\xe4\x83\x1e\x90,\x13nL\x9b\xf76\
z\x9a4,.\x8d\xdch\xc0\xb1\x22\xc1\x99\x1d\xe0\xdf\
\xa1\x8fa\x0b\xea+\xc1\x99\x1b\x1eQ\x81[\x02\xf4\xe9\
\x98 l\xc6\x05ahC\xbe\x07\xa1\xee\x0e\x04\xc5\xb3\
&F\xeci\x18\xee\xf56l\xfb\x1a4\xce\x09\xb9\xb6\
<\xfb\x1fblz\x1b\xf7\x22\xe4\xc30,z\x8bF\
f\x06\xf3\x05K\x06\x04\xb1\x02y3#\xd0\xf7\x06 \
LH\xccz\x0f\x0cz\x16\x85\x96l\xfb\x13e=6\
\xf5#\xc9\xbfbl\xd5\xaa\x7f\xf8)SL}\xc9\x98\
\xfc\xbd\xdc~\xa3R\xdb\xd1\xe3\xbe\xda<,T\xff\x00\
\xc9z\x9e/\xf7\x9e'\x0b\xf9i\xe2\x9f\xf9\xad\xcb_\
\xc9\xff\x00\xdb\xfb{b\x17sU\x1c\xeb\xb7\xfd\x88\x8a\
e\xcd\xbf\xcc\xee\xf2)\xbf\xaf\xc8\xa6\x9dg\xbb\xd4\xa5\
\xc5^\xe6\xcfrlh\xe7Rl\x9b\xae\x9a5~\x9b\
7\x07\xd2:O\x97\x93\xeeo\x896M\xcf\xb1\xa3\x5c\
I\x91\xe4\xd9\x8fH#d\xdb\x9e\x9c\x0d\x180!a\
\x19\x91\xbc\x8c\xc1\x81<\xf2s\xc9\x98#<\x0d\xe6\x0c\
\x0a\xc2\xd0\xb7\x03\xbc\xc0\xef\x03\xf4\xc1\x811,\x8a\xf0\
fGtpc\xbb\xd4\xda\xe4\x9b\x9e\xfa5\xeci\x9a\
\xb97F\xd9\xbfc\xecM\x97O\xa4\x8d\x5c\x9b\xf4X\
\x16\x0c\xc8\xdd\xd8\xcc\x0b\xd0O0fJ\xb49\xf9\x0e\
\xc2bYfcc\xe0x8\x16Y\xbfa\xfa\x93b\
\x0d\xbfS5\xd4\xf0\x90\xe1V\xe6[^\x82~U7\
\x81)\xa6>\xb2O>^\xee?S\xc7\xb7\x87\xe0N\
_>\x89rx\xbf\xdex\x91\xff\x00\xc6\x9e)_\xf3\
\xdb\xe7\xfb\xaf\xfe\xdf\xdb\xdb\x17\xeez\xed\x1a\xb7\x9ae\
luy)\x9f\xd4K\x13\x87\xb1B\xaf\xc5\x9b7\xec\
Sj\x93=\xcd\x5c\xd1\xa7\xa9\xe97R{\x9a~\x86\
\x9c\x9a6l\xdf\x11\xd2m\xd3o\xd4\xd97\xe9\xa3\x5c\
t\x9b\x91s\xe9\x1d&\xdd>\x92A\x86`\xd0\xb1\xd1\
\x8f#0#>\xe6`\x89\x1b=\x85a\x09\xe6\x0c\xc8\
\xef\x03\x1d\x85oqlW\x83\x91\xb1\xac\x18\x9d\x9bH\
N\xfd2<\x0d\xd9I\xc4\xecYf\xfd\x8frlj\
\x0f\xa4\xf4\x9b\x9e\x86\x8d\x19\x1b\x1a\xb9\x81!;83\
%Z\x1c\x98\x13#-\x19\x8d\x8fd\xd8\xe0Yfs\
\xae\x93d}\xc9\xf3W\xa5\xeaC^#\x9f\x88\xdf\x9a\
f\x92|\xa98\xb0\x97\x969<G\xe4\xf0\xa9v\xaa\
\xad\xfb%\xc9\xe2\xff\x00y\xe2q\xfd4\xf1O\xfd\x03\
1\xff\x00g\xf4\xbfO\xd8\xff\x00\xbb+c\xaai\xa7\
\xbb\xf5dB\xa6p\xf6'\x7f\x12m\xdd\xcc\x14\xa6\xdd\
M\xfcO\x81;\xf4\xfd\x87\x86q$\xdc\xf79\x9d\x1a\
\xb8\xf0\x8d\xa97sg\xb96\xbfNf\xd2E\xc9\xbd\
\xcf}\x1a4pl\xd9\xf4\x8e\x93n\x9fI\x1eI\xbf\
E\x81`\xd7M\x8f=\x11\xa31\xd1\xbb\x8c\xc4\x0b\xd0\
O&Gx\x1f\xd0\xc6\x0c\x0b\xea+\xc1\x99\x1b\x1e\x8c\
N\xc5h\x13\xbf\x07&G\x867d-\x0b,\xdf\xb7\
M\x09Yp}\xcd\x93t}\x8d\x0b\x06F\xee<\x98\
\x81!l\xc8\xef\x03\xfa\x18\x13\xc9\xfb\x931\xb1\xfd\x06\
+@\xb2\xcc\xfa\xf4n\xc7\xab\x84\x8ac\xbf\xc4\xbd\xea\
/\xf8\x97\xc9\xb59D\xf9T\xe8\xad\x7f\xc0\xf0S\xbb\
{o\x84\xb6\xcf\x17\xfb\xcf\x12?\xf8\xd3\xc5?\xf4N\
\xcd3\xc4j\x95\xe2?\xc9\xfd-\xf1\xc3\xf9\x0e\xa9\xa5\
N?B\x22\x9a{\xa2\x09\x8f\xc4\xfe\xaec\xdc\xedj\
\xa5\xdd=\xde\x85\x0ej]\xd6\xa9|\xc5\xae\x0d\x5cx\
g\x12'u\x223\xf2\x1e.iI\xc4\x8a\xcd\x9b\xb9\
\xf65sW9\xf5#\x92n\x8fs\xeci\x9a^\xa6\
\xd7\xa9\xb6o\xdb\xa4\xd9OO\xa4\x9b&\xe7\xd8\xd7\xb1\
\xa3F\xcd\x8f'\xd8X\xe4H\xe3\xd7\xa4\xdcf\x04,\
3\x91\xde\x07\xf4\x1d\x8c\x0b\xea+\xc1\x99\x1b\xc8\xf4c\
\xd4V\x813\x931\xb1\xe1\x8d\x98\x81e\x99g\xd8n\
\xcb\xa7>\xa4\x13s\xdfF\x8d\x1frn5s\x1e\x90\
$'n\x8fC\xfa\x10'\x9eH\xcf&`~\x98\x1d\
\xb0`Ypf7\xd3\xe8D5S\x89\xa8\xa6\x15U\
\xeeE=\xf7\x997|\xa3\xc4\xa9\xfe\x07\x83MY\xe5\
\xb7\xaa}O\x17\xfb\xcf\x13\x8f\xe9\xa7\x8aW\xfd#\xb3\
Lu\x7f\xc3\xae\xb7\xf0?\xe5\x7ff4\x954\xba\xa2\
=\x09\x85\xe2o\xbb\x92!\xd2\xaa\x99b\xaakS\x09\
\xf1\x92;\x9cc\xb7HC\xc38\x16T\x8b&~D\
Xn\xd71\x12a\xd4l\xf7\xd7M_\x07\xf3z\x9c\
I7R{\x9fc\xf2\xb1\xe1H\xb4m\x9b=\xf4j\
\xe6\x8e}zM\xee}\x8d{\x1a\x96h\xdf\xb9\xb1\xe7\
\xa4\xdb\x93G\xd2zM\xcd\x98\xf4\x81#FG\xa2?\
C\x06\x05\xf5\x16\x8c\xc8\xde`z1\xea+\x09\xe7\x93\
2;\xc6\xc6\xb26b\x05\xb86\xba7b-s\xf9\
\xbdH\xba\x93g\xbe\x8d\x1a>\xe6\xc8\xbc\x1fH\xe8\x9d\
\xba<\xa1\xe7\xa2pFy3\xda5\xfa\x0f\xd3\x06\x05\
\xb6\xb2+\xc6\xc8\x97V\x12^\xa5UJ\xda\xb6\xc8\xed\
\xedn/\xe8S\x0a\xaa\xf7\x22\x9e\xfb\xcbg\x8c\xe3\xc3\
\xf0i\x7f\xde{\xf0\x96\xd9\xe2\xff\x00y\xe2G\xff\x00\
\x1ax\xa5\x7f\xd3T\xa1\xa7\xb2\xa7\xd9\xe1x\xb5\xbc\x7f\
MO\xf6\x7f\xe9\xb6\xd2\xf1\x22\xf3\xc9\x1d\xbd\xa9\xcc\xbf\
R\x9a\xa6\xa5\x84\xc8\x96\xde\x12zE^zh\x98\xa9\
\xa8\xe0\xd3\x1d\xa2M\xa1e\x8b\xf6\xe8\xdd\x8e\x0d\xbfQ\
f\xf96d\xd2\x93\xf9\x8cD\x89\xdcF~CV\x1b\
\xb28\x16Y\xb3\xeciI\xa3\x9fS\xeeM\xcfs\xec\
E\x89\xb2\xe9\xb6l\xdf\xb1\xa3G\xdf\xa4\xdc\x8b\x98\xf4\
\x81\x13c2=z\x8f\x93f\x05\xf5\x15\xd0\xaf#\xd9\
V\x87l\x5c\xc0\x9f\xeaFc&`{\x1b0,\xb1\
]\xf4n\xc6\x91\x89\xf58\x13\xbfMz\x1ag\xdc\x9b\
\x91{\x9fH\xe9\xaez<\x8f&\x04\xff\x00S>\xe6\
`k\xf4&0`I|[\x14\xd4\xfd\x88\xee\xef\x88\
\x98\xe5\x95\xbbm(#\xb7\xb5\xd9O\xa1L'SW\
l\xf1\x1b\xa6\x9f\x0a\x97z\xb9\x9e\x17,\xf1?\xbc\xf1\
#\xff\x00\x8d<R\xbf\xea*P\xd3\xd9_\x97\xc2\xfe\
\xd2\xf3?\xcbS\xe7\xd7~\xe7\xc3\xda\x9c\xdf\xd4\xa6\xab\
\xe99\x12\x96\xdd\xd5\xf4\x86\xfb\xd2\x9f2Y\xc0\xd3}\
\xb4\xefg\x07\x12-\x8a\xef\xa3v#\x06&.,\xfa\
\x99\xe3\xa3\xc2\x1e\x19\x88\x13\xb9\xb3?!\xecn\xc8\xe0\
Yf\xcd\xf4\xd1\xa7\xea=I7F\xcf\xb1\xa3K\xa6\
\xdf\xa9\xb3}4h\xfb\x93r.}#\xa4\xdb\xa7\xd2\
M\xcfL\x08XB\xb8\xca\x87az\x09\x91\x9eL\xc0\
\xfe\x83}\x12\xfdE\x94dn\xde\x86\x91\x8e\xefR.\
\xa7\x22w\xe9\xa3L\xfb\x93sg\xd8\x83G\xa1\xb1\xe7\
\xa4\x89Y\xf2f\x07\xf40c\x059px~n\xd8\
r\xc8\xee\xeeT\xc4F\x8a\xdd\xbc\xb6Q\xf7>\x18v\
\xfd\x07\xe5\xf0\xe9\x8b\xd6\xd6\xe7T\xaeO\x17\xfb\xcf\x17\
\xff\x00\xa5p\xbf\xea\xaa\xb3L\xf1<\xbe\x15u+U\
\xe9W\xf5~\xe5\x15_I\xcf\xdc\xa6\x99uT\xa77\
\x85\xe8O|~h\xce\x0a\xe9qU*!f\xecu\
Gm\x17B\xd0\xb7\x02\xb9\xc8\xdd\x87\xa3\x13\xb1e\x0b\
&G\x7fT<3\x10&,\xb3'#\xc1\xc1\xba\x8d\
\x9b\xe9\xafCU\x1c\x13tl\xfb\x0f\x17&\xcaH\xe7\
f\xea\xf56l\xd7\xb1\xa3L\xfb\x9b^\xa6\xee<\xf1\
\x1d&\xc7\xa1\xf4\x93c\xea\xb0do#\x1d\xbd\x8c`\
L\x8c\xf2f\x08\x9fa\xbe0`V\xf7)\xbc\x1c\x8d\
\xdb\x820\xccwz\x98\x89\x13\xbd\xf2{\x9a4\xce'\
d\xddI\x17\xb9\xf64M\xbao\x81\xe7\xa4\xd8\xcf\xb9\
\x98\x1f\xd0\xf67_l\x94$\xfe\x15\xff\x00\x13\xd4\xa2\
j\xec\x8b\xf3\x12GwrQ\x05uf,\xa3\xdfg\
\x894\xf8~\x02\xb7to\xd2\x9eY\xe2/\xf8\x9e,\
\x7f\xf1\x5cR\xbf\xeb+P\xd3/\xf8\x1e5_\x9f\xd2\
\xaf\xeb\xfd\xcaU\xea\xaa\x99\x9d\xdb\xd0\x9f\xc4\xed\xfc\xdc\
\xfe\xa5Jf\x95\x11\xef\xe8WT+JQ\xef\xb1\xda\
\xaf\x0f\x1d\xde\xb4\xa1Y\xca\xb8\xb4fF\xec5\x83\x13\
\x178\x133#\xba[\x1e\xcc@\x85\xb83\xd1\xbb\x18\
\x83\x0d\x8b0o\xa6\xbd\x07\x86=N\xc5\x94,\xb3?\
\x22\x09\xb21\x12s\xean\xe6\xef\xd3F\x9c\x9aS\xb3\
h\x8b\x9b\xe2:M\x8dA\xf4\x91\xab\x93~M{\x1a\
\x16:63\x07\xb0\x9d\x9c\x19\x9eL\xf6\x8e\x99\xf6\x1d\
\xb1\x83\x02\xb0\xb4fF\xc6\xa2\x19\x8e\xed\x98jD\xee\
d\xca\x1e\x19\xc4\x93tG'>\x86\x89\xb1\xe9\xc9\xb3\
|GI\xb7$\x1c\x0f>\x82iT\xe3\x05-\xd3j\
e\xd7\xeaR\x94\x7fQK\xee\xec\x8f\x9cI\x1d\xdd\xd1\
\x83\xc7\xaa<?\x0e8\xdb\xe1r\xcf\x13\xfb\xcf\x12!\
\x7f\xdbJ\xd5?\xf5\xcc_\xddx\xce\x95\xff\x00\x15q\
\xe9R\xfa\xe4O\xbf\xb3\xf3s\x03S\xddJ\x88\xf7+\
\xab1e\x1e\xfb\xb9\x1d\xaa\x96\xa1|\x8a<\xb5Z\xf5\
>E\x94fG|\x0fF&.-\x09\x99\xc0\xef\x03\
\xdc`v\x10\xbd\x05x\xe8\xdf\xc8\x88H\xc4\xc5\xc8\xba\
\x13\xbe\x8c\x9c\x0f\x0c\xe0B\xcb3\xd1\xb3\x83\xf9\xbdF\
\x8d\xdc\xfb\x1a4\xcd{\x9bF\xd9\xbfc\xdfF\x85\x83\
\xe9&\xe4\x9b\xf4\xd0\xb1\xd5\xab\x8e\xdf#\x02|\x1c\xc6\
L\xc1\xfb\x0d\xc4\xc6\x0c{\x8b\xeaS\xa33\x03cX\
1;0\xd0\x9fG\x8fA\xe1\x98\x89\x13\xba6}\x88\
\xb16]6o\xa4\xdb\x93\xd0\xfaI\x9a\xebxHq\
MM\xa8i\x0aiN%\xb4R\x94\x7fQK\xeeT\
F\xf3\x12x\xdf\xdc\xf8t\xdaZ\xfd\xa9\xe5\x9e/\xf7\
\x9e,\x7f\xf1\xa7\x8aW\xf8\x05_&\x9f+\xd4\x87W\
\x87_\xfe\xbc~\xd5r\x88\xee\xeeT\xc2Eug\xb6\
\xca=\xf7q\xd3\x095\xf5\xf6)j\x8f\x87\xcc\xf52\
xr\xeb\xa1'\x8eD\xf2;\xcc\x0fF0b\x04\xf8\
9\x81\xde6=\xf0;\x18\x16\xc5x3(lz1\
;\x12\xbaBfGt\x87\xb3\x02\xb0\xb6d\xe4o\x93\
H\xfeoSh\x9b\xf4\xfb\x1ac\xc2\x9d\x9b^\xa2\xcb\
7}\x1e\xe4\xda\xe4X\xe7RE\xc9\xb9\xf64h\xd1\
\xb3f\x1fE\x82$\xcc\x1f\xb0\xd9\x81B\xf7)\xd1\x99\
\x81\xbc\x8d`\xc7\xa8\x94AK\xfdNL\xa1\xd93\x10\
't,\x9fb,\xc9\xb1\xf76\xcd\x9e\xfa&\xdd&\
\xed\xe0i\xf7\xcf\xee8\xa5\xf2\x90\x9b\xa5m\xb4R\x93\
Q\xf9\x87_\xfc?\x05~j\xb8\x9e\x16\xd9\xe2\xfc~\
'\x0b\xf9i\xe2\x95\xfe\x05\x94\xd5\x9d/Mz\x91\xdd\
\xe1\xf8\xdd\xb0\xbcT\xbe\xfc\xaf\x99]_\x14b4U\
N\x1a\xfa\xfb\x09\xf6Dy\xb8\x99<4\xfc\xa9|\xbf\
A9\xaa\x15\xaed\xabLv0'\xc1\x1cd\xccl\
{\x8c\x0f\xa2\xf4\xc8\xaf\x06f\x07\xe85\x86bb\xe2\
\xb4!32\xcc\xc0\xc7aX[)\xbcl\xc8\xdd\xbd\
\x08\xc1\xce\xcd\xa1>\x99\xf9\x0f\x0c\x9b)8\x91D\xd4\
n\xe7\xee\x86\xedr-s\x99\xd8\xd5\xc9\xbfM?C\
F\x8d\x9b\x1ex\x8e\x89\xdb\x924f=G\xf4\x1b\x83\
\x02\xfa\x8bB\xbc\x95<\xc0\xd6\x0c`V\x84&f\xe3\
\xbf\xa8\xf0\xe0\xc4!;\x89]\x99\xf9\x1af\x94\x9c\x1b\
f\xcf}\x13b\x9c\xb4\xa6\x0bw]v\xf7\x15'\xdf\
8^\xc5\x93\x9c\xa5\xe9\x02p\xa3-|\xc7\xfd\xd5\x14\
\xbf\xef\x1f\xfa\xcf\x07\x89\xf1\xd6\xb0\x97\xf2\xd3\xc2\xff\x00\
\x04\x9e\xeaj_\x15\x15i\xafS\xe2\xfcH\xb7\x8bO\
4\xfa\xf2\xbe\xc5k\x1d\xb3\xf3\xf4'\xb27\x18\x92\x85\
e\xdb\x1e\x92QU\xaa\x8f\xa1R\xeen=G\xa1\xfd\
\x0c`^\x99\x17\xd4\xcc\x0d~\x83f\x04S\xa1^`\
{\x81\xe8\xc1\x813\x931\xb1\x8e\xdd)\xf4\xc8\xaf\x06\
dcVF;\xb6p'r\x0c\xfc\x87\x86<\x18\x81\
D\xb2\xf2~\xe4\xd8\x8bz\x1c\xfa\x91\xc97]5\xc4\
\x1a&\xdd6o\x8e\x89\xdb\x92-\x07\xd2F\x87\xf40\
/\xa9N\x85y\x1b\xcc\x15#\xe1\xf5\x12\x88\x13\xcc\x19\
\x98\x1d\xe0s\x0e\x0c\x09\xfc\x84g:\x1e\x07\xa3\x81D\
\x9f\x98\xd9K\xbb\xc1B\xc2\xcfv\xe7\xd4\xaa\xaf4?\
*\xa8\xab\xfb\xc9\x9b{\x0e\x15\x5c\xa46\xe8\xf0\xbc:\
~*\xfd/\xa5\xc9R\x8a\xaaJ\xd4\xaf\xe5\xa7\xd3\xfc\
\x19>\xea+\xa7\xe2\xa2\xaeP\x95\xaa\xa5y|Z\x7f\
\x99}\xd6\x8f\x83\xb7\x84R\xbf\x96>e\x15Z\xa8\xcc\
\xe8\xab\xcc\xeb\x8c\x95y\xab\xf0R\xf8\x07\xf41\x81[\
\x07\xeef\x08\xcf\x03f\x05b\x9d\x0bc\xbc\x95h\xc1\
\x81<\xf2D\xcb3\x1b\x1a\xfd\x06\xe3\x180-\xc6D\
\x9b3$\xc8\xf4s\x178\x13#f}F7\xf21\
\x02\x89\xa8Y\xe96\xb9\x16\xb9\x8e\xefS\x82n\xa4\xf7\
\xd1\xafcC6ly\xf6>\xc2p\xb9\xe9\xf4\x92\x06\
\xeec\x02\xd7%:\x15\xe4o04`K\x10'\xc1\
\x99\x81\xc5\x87\x86=hLH\xcf\xc8j\xc3\xd1%\xa4\
y\x22Z\xf4\x1b\x9ah\x98~\xb7\x1d\xd4~W\xb9\xf5\
;\xa6\xab\xdb\xba\x0a\xbe)Q\x1f\xe9\x9e+\xec\xa6\x84\
\xfc\xd5z.=J\xd4UV\xa9_\xcbO\xa7\xf8E\
/\xbb\xc3\xf1\x16h\xab\x94v\xf9\x92\xb55\xd1\x8e\xfa\
\x7f\xd5\x8aT^\x98\x8fR\x9a\xa2\x97\x12\xdf\xa1\xf1w\
rV\xd3\xab\xc3\x8d\xf1#\x97U)|\x03\xb7\xb7O\
\xdcW\x8327\x91\xfa\x18)\xd4\x0a\xf2=\xc0\xf4;\
\x18\x17\xa0\xbd2f\x08\xcc\x0d\xf0`V\xc5\xd8\xb4f\
`w\x98\x1e\x87oS\x02}25\x91\xfe\x87\x18\x14\
&\xc5\x9fS\xece\x11e'\xf3\x1e\xe2wR~\xc7\
\xd8\xd1\xa5=7s|GI\xb1\xa8>\x92D\xb9\x1b\
\xbf=\x14|\xc50fF\xf25\xc1\x81.\x0avf\
`\xaa\xf0U?#\x16\x13\x16\xd9\x9fX\x1e\x196G\
\x12,\xb2\x8f7\x89_\x08\x8f\xe6\x9e\xe5\xbf\x99\xdd\xe4\
\xa7\xba=\xc4\xac\x96\x9e\xcbwU6\xee<Y\xa7\xf0\
\xf7[\xf4\xff\x002\xac\xb5\x8aW\xf2\xd3\xe9\xfb\xff\x00\
\x85Q\xe6\xf0\xbcZs\xe1\xd5\xcf\xfe\x0f\x09]S\xf0\
\xd5K\xfc\xf4z~\xc55E.%\xb2;\xa7\x91\xbe\
\xe7F\xa7\x89+\xa5\xf7N)&+\x95\x0e\x93\x02\xc0\
\xaf\x06dn\xecf ^\x82\xdc\x0e\xf3\x05Z\x1f\xd0\
\xc6\x05ld[k&{H\x99\xe0o\x83\x02\xb6.\
S\xa1^Gy\x81\xe8v\xc6\x0c\x09\xfe\xa2\xd9\x9fQ\
\xad\x0d\xfc\x8c@\xad;\x16o\xd3#VS\x83\x0a\xa3\
\x119&\xeaE\xea}\x8d\x5c\xd28\x93f\xcf\xb1\xa1\
`\xfaH\xd5\xe4\x9b\x9e\x9c\x0a\xcb\xd4XFdyc\
\x5c\x18\x81.\x04\xf2f`p\xe0r\xb1\x83\x02\x7f&\
%\x93?!\xe1\x8d\xd9\x0bE1\xdfQD\xba\x9c\xaf\
5>\xde\xa4\x7f4\xcd;\xc8\xea\x9a)\xee\xfdn%\
\x89\xc3\xd8\xdcyj\xf8\xeb\xe1/\xdc\xaf/T\xaf\xe5\
_\xea\xff\x00\xe1\x94_\xc2\xf1\x92\xbd\x0f\xfc\xbd\x0f\x05\
\xde\x95yOk\xfa\x7f\xd8\x89Mo\xdc\x99\xed\xd7w\
\x13\xee5-\xbd\x1e#\xec\xaaU\xd2+\x9ft~\xe2\
\xd1\x91\xbb\x8c\xc4\x0b\xd0O\x81\xdeG\xa1\xe7\xd0\xc1\x8f\
q}Ex31\x81\xbe\x06\xb1\x02\xb0\x96\x04\xf3\x03\
\xbc\x8fC\xfa\x18\x13\x11\xf1F\xc6\xb3\x03\x7f#\x10+\
N\xc5\x94\x9eL\x99\x1e\x0dTb'd\xdd\x0b&g\
\xd0\x8b\x1aRm\x0b,\xbc\x9fbl\x88\xb4\x1fI\x1a\
\xb97\xe4\xc1\xafa`\xc8\xdd\xd9R1\x02\x5c\x09\xe4\
\xcc\x95^\x07?#\x05,K,\xf8\xbdF\xb22\x9c\
\xba\x9fj\x93\xc3Ix\x95m\xb1MU\xb9W^\xc4\
s\x95\xf3\x1dSB\xee\xfdpb\x8f\x0e\x9f\x89\xd5\xc7\
\xfeJ\x946\xb1J\xe1\x7f\xab\xff\x00\x87xW\xf0\xbc\
X\xc7\xa3\xe5=\xa3\xc0\xb7\x89\xe1'\xbf\xe6\x5c\xd2\xf9\
\x13\x9e\xddwp5-\xbd{\x158\xa9\xed\x0e\x97M\
\x94\xca\xf5&\xcf\xd0X\xe8\xc7\x93\x10/A;\x19\x9e\
G\xa8\x1f\xd0v\xc6\x0fl\x8b\xeaf\x0eF\xf2?A\
XBy\x832=\x0f\xe8`LH\xccl\xe5!\xb3\
\x10+L\x5cYH\xcb\x1d\xd0\xd2\x84;*\x8cD\xec\
N\xe8J\xe6~]&\xc8\xe0\xdb6}\x89\xb0\x95\xa0\
\xfaH\xd5\xe4n\xfc\xf4X\xe0X\x16\x18\xdd\xd8\xcc@\
\x8a^L\xc9U\xe0\x7fC\x02dpf65fL\
N\x8a&\x9e\xd6\xe1ws\xf3(IWS\xc8\xa5\xd7\
{\xb5\xecG9\x5c\x5c\xaa\xaf\xf8tR\xf2\xfd\x06\xa2\
\xd8\xa5\x7f*\xff\x00W\xff\x00\x10\xf0o\xe1x\x9f\xfd\
5sK<7\xe7\xf0*\x7f\x0dZ\xf9=2&_\
>\x85Uy\xb9#\x5cr\xcf\x81Q\xf9Z'\xca\xda\
9\xf5\x1e\xc7\x93\x0dzt\x9b\x19\xf73\x03\xfa\x0d\xfe\
\x87\xb0\xb1\xea+\xc1\x99\x1b\xc8\xcc@\xb5\x02y3#\
\xd0\xfe\x86\x05\xf5\x17\xd4\xccl\xe4\xa9\x98\x81Zb\xe2\
\xd0\xbfA\xdcxC\xb2{\x1d\xa2D\xee-\x99\xf9\x0d\
Xn\xc8\xe2M\xb3}&\xc6\x8f\xa4\x90M\xcf\xb1\xae\
 X\xe8\xf23\x10/A;1\xdeJ\xaf\x03\xfa\x18\
\x13\xe0[{3\x1b!\xbe\xe8\xb2\xf7+i%\xf1S\
+lSK\xa5\xbe\xd5>\x85\x09*\xeay)\x9a\xaa\
\xbd\xda\xf6*j\x9aU\x17u\xff\x00O\xfeF\xa2\xd8\
\xa1p\xbf\xd5\xff\x00\xc4\xbc%\xe4\xad\xe2\xa5\xfc\xb5z\
\x1e\x1b\xff\x00\x89C~j+\xff\x00[*~n}\
\x06\xaf\x1c\x0b\xca\x97\xe5\xed\xff\x00c\xb5\xc2\xab\x0f\xd4\
\xab\xe1m\x0e\xe3\xc9\xc7D\xec~\xe6`\x8f\xd0\x9b\x98\
\x15\xbd\xcatr7\x91\xa3\x02\x13\xcc\x19\x91\xde\x07\xf4\
1\x8c\x13\x02\xf4\xc8\xaf\x06f\x0a\x99\x181\x8b\x8bB\
\xbe\x07y\x1e\x14\x8e\xd3\xb3\x10'u\x84,\xb3?#\
D\xd9\x1c\x1bf\xfaM\x91\xa3\x99\xd9\x04\xdc\xfb\x1a\xe2\
\x0dOI\xb8\xf2b\x04'\x91\xdeJ\xa2\xc3\xfa\x18\x17\
\xd4K\x8c\x8b\xce\xf9\x8fOQ\xd3j\xa9\xa6\x1a\xdd\xd9\
[\x85\xb4\x854\xc3\xb2\x9fB\x84\x95U5vwD\
,\xd5\xe9\x04E\xb1J\xe1\x7f\x8axj\x13\xab\x1e%\
?\xc9W\xa7\xec*\xbb|o\x0d\xfcTT\xb4\xc6\xaf\
\x1fr{\x7f\xa7\xb7\xfd\x84\xbc\xb3\xfb\xa2|\xbc\xcf\xcc\
\xae{j\xfb1\x9b0,\x1a\xf5'\x0f\x04\x0f=\x17\
\xd4Z9\x1e\xc7\xe8`By2;\xc0\xfd0;`\
\xc6\x04\xbfQ^\x0c\xcc\x0d\xe6\x06\xb0c\x17\x16\x90\x9e\
`\xc8\xe2\x10\xf6b\x04\xfd\x85\x96g\xe4@\xdd\xaep\
m\x97\x9b\x9b\xb9\xab\x9a4\xe7d\x13u=5\xc4\x1a\
\xb9\x91\xbb\xf2<\x98\x81!<\x8e\xf2;\xc4\x0f\xd3\x06\
0'\xc6D\xa6X\xa2\xb5G\xe7\xe7\xf5+N\x1d4\
\xc4n\xfe\x85m%\xb4\x854\xc3\xb2\x9fB\x88\xa6{\
f\xaa\x9f\x08\x7f\xfcW\x0b\xfcZ\x95\x0e\x96\xe2\x9f\x1a\
\x9f\xe5\xab\xec\xf4|\x1e\x22\xc3\xa2\xa5\xaa\xbdO\x87\xfa\
{\x7f\xd8K\xcb<z\x0a\xaf/>\xa3N\xabg\xb8\
\xe5\x0f3\xd3B\xc1\xf4\x93#\xcfEd\x85\x83\x91\xec\
y0!>\x0c\xc8\xf4?\xa1\x8c`\xc6\x05\xf5)\xbc\
\x19\x98*\xdc\x0d`\xc7\xa8\x96\x04\xf83-\x15]!\
\xee\x07a|\x85\x96g\xe5\xd1\xb3\x896\xcd\xdf&\xcd\
\x5c\xd1\xa7\xeaA7G\xd8\xd7\x02\xc1\xf7\x1ey\x1eL\
@\x90\x9d\x8c\xc8\xef\x03\xfa\x18\xc1K\x87_l\x94\xd3\
\xdd.\x94\xfb\xe4\x9e\xfe\xcf\xcd\xcc\x15+5Lv\xef\
\xf4+i+JB\xf2\xf6R\xb2\xfd\x08\x85\xfd+\x85\
\xfe0\x97\x9f\xc3\x98^=<?^\x18\xdb\xa6\xbaj\
\xb7\xe1\xc6i\xa9i\xa1+O\x1e\x82\xab\xc9\xcf\xaf\xc8\
\x89\xb6g\xd4\xae;\xbbc\xb5T9\xbbG\xa9\xa3B\
\xbfG\x9e\x98\x16\x04r3\x1e\xdd\x13\xb1\x13\xeef\x0d\
\xfa\x0c\xc0\xa3\xe6-A\x99\x1b\xcc\x0f\x93\x1e\xa2\x13\xe0\
\xcc\xb4=\x0eo\x06\x05hb\xcb\x15\xfdF7c\x11\
\x22\xd9\xbb\x93sW4i\x90M\xd7Mq\x02\xc4\x99\
\x1eG\x93\x8fA.\x04\xcc\xc8\xef\x03\xfa\x14\xc2\xa9\xc6\
\x0f\x09\xbaS\xed\x9e\xe9\xf6\xd9J\x99j{\xa7\xecO\
\x7fd_\x98+N\x1a\xa6;w\xfa\x15\xb5M\x94\xfd\
\x1e\xce\x16)\xf4_\xe3MG\x8f\xe0M\xbcz\x7f\xff\
\x00\x5c?\x90\xd4_>\xb6\xd3\xe5\x0a\xaf\x22\xdf\xaf\xc8\
JTs\xb9&\xf7\xf2\xf7q\xfa\x9d\xad\xba\x9f\xe5~\
\x83\xdf+\xa2\xc1\xae:7~\x98\xf4\x12\xb4\x9a3#\
\xd0\xecc\x02d~\xa6`\x8f\xd0yp{\x0a\xde\xe5\
:\x15\xe4o05\x83\x1e\xa2X\x13\xcc\x19\x1d\xe0~\
\x86\x05a+\xc9\x9fQ\xecn\xc6 [7~\x9a\xb9\
\xa3NvA7G\xb9\xae X&\xdd\x1eLF\xa0\
Bvg#\xbc\x0ee\xea\x94(\xa2{b=J\x5c\
Ol\xf7\x09L\xb5\xf1I\xf1\xf6o\x98*V\xec\xa5\
J\xf4?\xfe\xbf\xe3\x95\xa8\xf1\xfc\x05o\xc5\x5c\xae+\
\xfd\xf0:\x9f\xe1\xba]\xfdg\x81)\xa69\xf5\xf5'\
\x9f/w\x1f\xa9Rn\xa9\xfaG\xa9\xddy\xbdT\xfb\
\x0b\x13k\x1a\xe0\xd7M\x8f\xa4X\x9bty6`X\
\xe9\x98?a\xe5\xc7Eh\xe4\xa7B\xbc\x959\x98*\
\x8b\x18\xc5\xc5\xa138\x1d\xe3c\x98p;\x0a\xc2W\
pe\xc6z7c\x81l\xdd\xcf\xb1\xa3F\x9f\xa9\x18\
&\xeb\xa6\xb8\x83F\x8d\x91x1\x1a\x81`N\xc6J\
\x9a\xeep4\xd3\xa7\xf9}KS\xf0\xc4z\x94\xb8\x98\
\x99\x12\x99k\xe2%U\xd9\x0e}\xa7\x93\x85\x8a\x7f\xc7\
\xaas\xfd\xa3\xfb=9\xaf\xfa\xe9\xfe\xaf\xdc\xedO\xc3\
\xaa\x8f\xf5\x92y\xf2\xf7\x7f\xb8\xe9\x9a\xa7\x9d@\xea\x8a\
\xf6\xfd\x04\x9a\xa5\xac\xa5\xa9\x17\xc2\xf4\xd0\xb0}\xcd\x8f\
\x83\x1e\x90@\xb1\xd1\x8f\xa2?s0d{\xe8\xad\x02\
\xd0\xaf#\xbc\x95E\x87oT`O&dw\x8d\x8f\
\xe8?\x99\x81}Ew\xcfF\xecb\x05i7sf\
\x8d\x1a~\xbd&\xeb\xa7\xd2\x0d\x1a6<\x98\xf4\x81\x09\
\xdb\x93.\xa8*I\xd5BVO\xdc\xaeUT\xff\x00\
)jf\x22=J_jq=\xc2I\xccJ\xaaG\
~c\xff\x00`7\xdf\xe3\xf8\x14f\x7f\xf5(\xf5\xe5\
o\xdc\xa9wxu'\xe4lj\x5c\xf3\xa8\x1d^u\
\x97\xe9\xf2\x22,\xef\x1a\x91E>\x1dK\xe1T\xe8\xa7\
\x1d\x1f\xa1\x17\x84c\xd3\xa2v\xb1\xec{\x0f\xaf\xeeq\
\x1d\x1eY\xecb\x05\xe8rf`~\x83\xb7\xa9\x8c\x09\
\xe6\x0eZ\xc9\x9fQ\xfa\x0d\x8a\xd0S\xb6\x8c\xfa\xf4l\
\xc4\x1f\xcc,\xf5\xd1\xaa\x86M\xd1\xb8f\xb8\x83R\xcd\
\x1b\x1eM\xf1\x06\xa4\xa5\xfcQr;\xfb\x96[\xdc\x95\
\xc3\xaa\x98\xb4\xfb\x95\xca\xa9\x7f)j~\x18\x8fR\x97\
\xda\x9cOp\xb1\xe9\xff\x00\xb0\x9bu\xf8\xde\x157\xfc\
7\xff\x00\xa9J\xfd\xd7\xcc\xae\x95R\xa9?\x8b\x86\x87\
W\x9de\xfa|\xb2E\xe1\xde5>\xa2\xb5?\xcb\xdb\
\xfe\xc2O\xf0\xfb\xbe\xdf!4\xe9\xe7\xbb\xd2F\xdb\xab\
n}`\xaa\x95\xdf\xdb\x11\xf3\xf9\x0ei\xa9G\x95R\
D.\xe4\xb1\xb6\x8aj\xf2[\xcc\xf9W\xd1\x1d\xd2\xa9\
\xbb{\x91\xb4\xea\xa5%\xdb\xdd\xc7\xeaUK\xee}\xbf\
\x0f\xb0\xda\xa5\xf7R\xac\x8b\xd2\xa2\x85\xe6E)v\xf9\
~\x22\x96\xeaT:\x14O\x07\xc5\xdd\xda\xac\xca\xdd\xdf\
b\xb7\xa0\xd4[\xc3_\xa8\xbc\x9d\x9d\xaa\xe8\xa1Z\x97\
E\x9f\xa9KMV\xa8_\xa1T\xd4\xebt}\x0f\x12\
<\xaa\x8c\x15M1\xdbz}D\xa2;l\xa7e\x15\
Gwo\xc5\xfal\x8e\xe7SS\xdd?a\xbe\xef\xc3\
\xbftf\x0a\x93t\xb4\xbe\x1d\x95>\xdabb\x93\xe1\
s0\xdf(\xa1.\xf7y\xab\xd8\xa2jt\xa6\xfb\x9a\
>%Rm(\xdaeuyZ\xa9\xbaRY*Q\
\xdbUq\xe6\xf4\x17\x95\xd77\x9cO\xeaP\xbc\xca\x8a\
\xd3m\xe9\x14\xb9k\xbe\xcd|\xca\x9c\xc7}\x95?\x22\
\xa4\xbb&\xa5(v\xa6\xbe\xec\xbf\xd3\x04c\xb96\xea\
\xe0O\xcfL\xfe\x8c\xcdT\xa8\xb2\xff\x001\xbbx\x91\
n\xdeHo\xc3\x9f\xcc[\xb55z\x9f\xa0\xe7\xbb\xcb\
z_\xa9R]\xf1O\xc1\xefrZu:|\xb1\xc9\
F\xbbbW(\xf0\xea\xf2\x7f3o9#\xbb\xb9m\
\xeeO\x12\x1dJ-%r\xaa_\xcaZ\x9cD.O\
]\x7f\xecJ\xdfw\x8b\xe1S\x9f\x06\xaf\xe7\xa7\xfay\
_1\xb9\xaa\x1c\xfb|\x8e\xdb\xc3\xc2\xd4\xfa\x98_\xcb\
\xdb\xfe\xc2O\xb2_\xed\xeaJ\xed\xd3\x92\xed\xc6g\xd6\
\x06\x97|c\xe69Ug\xb5\x22\x22\xf9\x8eT\x0a\xa8\
\xa7\x9f\x5c\xe8K\xb95\xb7\xea7.\x9f\xcb\xdd\xc7\xea\
4\xddS\xa1\xbe\xd6\xdeR.\x94)m\x14\xc7l~\
b\x99j\x9dO\x07\xc5<2\xa7w\x8f\x90\xd7\x13\xf3\
\x13\xecT\xfa\x14+[\xe4R\xe5?\xb0\xfc\xdd\xd0x\
\x91*\x0a\xa6\x98\xdd$v\xe3\x13\xb2\x8a\xb3\x19\x9fa\
)\x96\xa6g\xec7\xdf\xdb\xf9\xb9\x8fr\xa4\xee\xa9\x88\
\xdf\xe8T\xe3\x16_\xa8\xa6\x98v^\xe8\xf0\xd2M\xba\
n\xca&\xa6\xa7\xcc\xc8\x99J\x14-2\xba\xa5m!\
\xd3\xda\xa8uG\xc9\x09\xf6\xbf\x12/8\x92\x94\xd5T\
\xaa\xa6}\x04\xd3\xaa\xf6k\xe6]\xab\xe1|\x86\x97e\
\xf09\xec\xf1%\xfc^\xc3Q\x13\x9a\xb4*\xbc\xf4\xcc\
\xfb|\xb2%x\xaa!k\xe6O\x96\xadv\xff\x00\x94\
\x10\xff\x00\x0d\xb7\x9f\xf4\x89N\x95\x87\xdd\xe8Ku%\
w\xdc4\xbb\xda\xfb\xfc\x86\xdd-_\xb3\xb7\xfd\x84\xad\
\xdd\xc6\xda\x82\x8a\xbc\x9f\xcd\xea\xaeGwr\xdb\xf5+\
\x87U1i+\x94\xd7\xf2\x9c\xff\x00\xecj\xaa\xee\xa9\
/\xff\x00A\xf3\xff\x00g\xed\xecv\xf9\x9d5kD\
\xc7\xf4\xf6\xff\x00\xb0\x97\x96_\xed\xea*\xbc\xbar]\
\xb8\xcc\xfa\x8e;\xe3\x129\xef\x9f\x85#\x17\xccz\x0a\
\xa8\xa7\x9f\x5c\x89Jko\xd4\x99\xed\xb7ow\x13\xee\
557\xafa\xb8\xa9\xed#\x0b\x96\x8ac\xb5,T\
Q.\x95\x16\x91ES\xc3*~j\xbe\xc5K\x8f\xa9\
=\xbd\xbe\x85\x0a\xd6\xf9IK\xb3\xfb\x0f\xcd\xdd\x05q\
4\xc1T\xa8\xe0\xf8q\x82\x97\x13\x19\x12\x99\x8c\xc9=\
\xfd\xbb\xe6=\xca\x96R\x88\xd9S\x8cJ_\xa8\xa6\x98\
vG\x87\x09\xb7L\xb6Q55\xb6Z\xa9J\x14-\
2\xb7+i\x0dv\xaa\x1b\x8f\xd0O\xb7\xf1#\xcd8\
\x92\x94\xd5T\xaa\xa6}\x04\xd3\xaa\xf0\x9a\xf9\x97j\xf8\
_!\xa5\xd9x\x8f\xf6\x1c\xf6W/#Q\xdb9z\
\x15^zf}\xb3\xf3\x12\xbf\x9a\x1aZ'\xcbV\xbb\
\x7f\xca\x08\x7f\x86\xdb\x99\xff\x00H\x95\xda\xb1\xe6\xf4/\
\xdc\x95\xdc\x8d.\xf6\xb5\xef\xf2\x1bj\xac\xf6\xf6\xff\x00\
\xb0\x95\xa7\x8d\xb4SW\x97\x9fUr;\xbb\x96\xdf\xa9\
\x5cUU)Y\x19\xf6\xff\x00\xd9\x0b\xe1T\xfeU\xc7\
\xb1\x88\xedq\xdaa:\xa9\x7f\xe4'4\xf9\x5c\xfe\xc2\
\xbe\x1c\xc8\xe1\xd5\x0a\x14\xfe\x85v\xa9\x5cv\xf3'\x8f\
\xd0N\xdd\xabE\x0a\xd6wg\xc5\x1d\xaf\xb6\x7fB\xa5\
|\xd9\x95?3vi\x0a\xd2\xb8(\xb5*\xf7)\xf8\
S\xc4\x99\xf6c\xbdUlvg\xc3\xdb?\x97\x02\xb5\
%.S2\xd9VQ]\xb5a\xdb\x05>\x99)\xcb\
i\x5c\x9e\xe8\xd9R\xb4(\x81\xc6U\x90\x94F\x11L\
)j\xec_R\xdf\x0a\x8f\x913\x89\x83\xb6;]\xa0\
\xff\x00\xd4\xed\xbc\xf2D5\xc9\xdd/\xd4\xbf\xc9\x16\xed\
\xfe\x91\xcfmw\xc8\xd7\xc3\xcb\xd1\xdd\xe6\xa7\xf6\xc8\x95\
\xe2\xd0\xb4J\xed\xabJ\x9f\xf6!\xf67\xfe\xb8%:\
iY\x92\xee\xa5\xb9\x1a]\xf5S\x8f\x98\xdfk_\x97\
\xb7\xfd\x84\xad\xdd\xc6\xda)\xab\xc9\xfc\xde\xaa\xe3R\x9f\
\xaf\xa9U\xea\x7f\xe0\xbf\xff\xc4\x00+\x10\x01\x01\x00\x02\
\x02\x03\x01\x00\x02\x02\x02\x03\x01\x01\x00\x03\x01\x11\x00!\
1AQaq\x81\x91\xa1\xb1\xc1\xd1\xf0P\xe1\xf1@\
`0 \x10\xff\xda\x00\x08\x01\x01\x00\x01?\x10\xff\x00\
\xc2 \xb0\xab\x92\xa7\x00;\x09\xae<\xe3B\xbc\x04\xdd\
\xb4\xa3\xfb\x90\xaa\x80.\xa7o\xbc\xb4X\x10S\xd7\x99\
\xbf\xb8\x1e%\x15\xe8\x80\xf3K\xfcf\xd7\xdd-\x13\xc0\
\xb3[\xf7\x8d\x91[@\xe8]\xea\x98\xa8KK\xa1\x12\
\xdf3w\x1c\xcd\xf0`\x05\x8f-\x86Z3\xe8\xd2\x93\
\x88O\x1c\xe2\x9bEp\xec\xec\x8f\x0119\x22KE\
/\xa1\xf1\x93\xfe\xc1\x01\x1c\xf3\xcc\xd4pr0\xd8;\
\xd4{\xf1\x8cT\x03\xb4\xef@\xfe\xf0\x87\xcb\x03\xd9G\
\xf7Y\xbdg\x0d\xadp\xf5\xf7\x12\xf0\x06\xa0\x03\xc3>\
\xeb\x18\x9btb\x80M^\xdc\xd1\x88\xa0\x9b\x19\xafY\
\xd3\xff\x00\x88S\xfbc\x11t\x9a\x95\x85\xf5\xef\x04P\
\x04\xa8\x13_\xba\xe3\x11C\x13j\x94\xe8\x13\xe79\xb4\
\xd0)1\x7f\xeb\xbc\x01\xac\x00\xb4\xef\x7fg\xe63f\
\x8a\xbbU8\x86N\x1d\x9c<\xb4\xbc\xd35\x16\x0b\x87\
\xce\xbc\xc3\xf9\xc8\xe9d*\xf0\xf0\xba\xf9\x87\xde`\xd4\
K\xba\xbcu\x925\xf0\x14\x0e\xdas\xf3\x14\x11\xc8\x90\
\x81\xd9\xbew\xde\x08\x948\xd6k/Ip\x97\xe9\x0d\
(\xe8\xd7\x0d\xc0R\x80\xb72i\xaf\x5c\xeb\x15\x0f\x8a\
\xae\xc6\x8dr\xe4/\xad\x8dH\xf1o\x1c\xe3\x9c\x04\xe3\
|\xeb\xa6Y\x88J`\xec\xf6\xd9\xd4\xe7-\xa7vg\
\xbb\xde\xa4\xc1\xbc\x01\x00_;\xea\xe7&`\xb8i\xd1\
\xfe1d\x04\xd5\x0d\xed<<a\xe8\x85\xa0\x89\xb5|\
x\xcb\x0d'N\xd7~\xcd\xc1\xa6\xf1\x8edq<\x5c\
Y\x8d\xea\xbb\xb7S\xdd\xc7\xfa!\xa0\x09\xa9\xeb\x9c\xbe\
\xf4\xb4\x82t}\xb9\xcd\xb3\x0a\xf7\x9eW\xe78\xf7#\
D~\x07\x99f\x1c<2\xc5\xe0^\xa6n\xbd)A\
\xf0\xfa\x98I\xb6Hh\xe2]71\xa5\xbd\xe0\xae}\
!\x14G\xc7\xff\x00\xc3\xba\x1d6<\xbe1\xcb\xe8\xc3\
\xbbt=\xdf\xf7\x82\x9f\x97\x22&\xb7\xads\x88\xa5\xd1\
\xc0\x97\xabM\xbc\xfeb\xccrB\xfe\xff\x00\x9c\xe3\x02\
*\x88\x8b\xe8\xf3,\xc32\xcb\xb2\xf8\x17\xc9n5\xa7\
K\xe28\x19\xd4\xcb\xd7\xac2\x1dV\xee\xc9\x83Hf\
\x96&i\xf9\xbb\x8a:|\x06\x96\x22s\xff\x00\xbcB\
\x9bD-\x0d\x91\xfc\xde]L\xa0m]\xdf\x12I\x81\
.B\x1a\x19y<\xe3`\x98\x98#t\xfd\xd4\xef\x13\
\xfc\x94S\xcd\x9b\xe7\xce\x10\x06\xac\x5c\x9b\xb0\xe3\x99\x82\
\xe4\x84C\xe5o\xbb\xaf\x19;\x8c\xd0\xa3\xab\xdf\xbc?\
\x05\x09\x022!\xcf:\xf9\x8dr5i\x04\x91\xe1\xc2\
Qp\xd4\xd6\xa980{\x11\xc5\x98\xd4\xdb\xcfx\x95\
\xba\x80\xcd\xb2\xb7\x90\xce\x03ID\xa2x;'\xf7\x94\
hZ\xa2/\x05\xeb\xfd\xe6\x90IvR\xce%\xf1\x92\
oX\x8f}\xbe\x1e\xf0\x8a\x14\x82\xa3u\xf7\xe3\x1a$\
\xae\xe3\x95>\xff\x00\xac#,\x9b\x9d\x9a\xf9\xd7\x9c\xe6\
-P/\x09\xee\xef\xc6M\xce\x16\xc8\x1d\x8b\xfa}\xc0\
A\xca\xee\x9f\x0cO.(zk\xa41\x03\xee\xefx\
\xe9!#\xc34\xe3\x9e\xb2?\x8e_\x0e\xac\xe2sr\
\x0e\x0bF\xd8\x1bW\xe3\xac\xa5(\xadlt\x09\xcf\xdc\
b\xb2hh_i50\xf1\x0cJ\xce\xc6\xf0\xa5\xde\
]\x9a\xf60\xe5\xa7\xact\xe4\x00\x93\xed\xe6\x93\x03\x0e\
\xc8&\x9e\xbb\x9d\xf9\xc0\x8bF\x00\xbe\x09\xd5\xd4\xc2p\
\xe0\xf2m\xde\xde7.Y\xb6\xd2\x9f#N\xaf\x18\xa4\
\xa6uE]\xfdm\xb8\xd8e\x0b\xaa4\xfa\x5c;\xde\
\xe1\xb5\xd7\x1c<\xfe\x5c\xd6\xa5\x5c\xb9;3\x5c\xfe\xe1\
\x99;1k\xab\xe5\xff\x00\xd64@eh'\xc7\x89\
\xces\x97\xa2\xfbC\xa6Y\x87iLw{Gp\x9c\
\xfebX\x18M\x1e\xee\xba\x93 \xa9TD\x12\x22s\
\xaer\x15P\xdb\xe0\x02\xdd\xb8\x9e|\xf2}\x02\x95\x13\
\xff\x00\xe1w\x84\xaf\x02\xca\xe4r\x11X\xbe\x01\x9cs\
\x95!\xc1\x95\xa6\xb8\xe1\xbb\xb8\xdb({Rm^\xb9\
\xd6&\x05:v\xe8\xbd\xbc\xe2\x10s:G\xcd\xe2s\
\x8bYl\xda\xfa:e\x99Ajs\x1e\xae\xfa\xb7\x18\
\xf7$\xb4t\xae\xb58\xc7\xdf`\x00}&\xd9.G\
W5^\x0e\xba\x93\x8cq{4\x16\x9d\xb1\xdf\xfc\xe2\
\x00\xb7F\xefM7\xd7\x19\xd6\x85]\xd6\xb7\xa7\x8c\x01\
\x82\x02I\x9b/<\xe1H\x14\xd9'g\xf2\x84\xc4\x9f\
\xbcg\x91\xa9\xe5\xc7\xb1\xc6T\x0e\xdb\xed~\xe5<\x01\
\x06\xc5\xdd~\xdf\xcc\xd8\xe2\x91\xa4t7s\xfb\x99\xac\
\x98^\xc3`\x07v\xbf\xc67\x15\xd7\xb0\x9e\x1b\x9eq\
c\xd3m\x0e\x87\xd0\x98(\x12]E\x84\xbe\xdd\xdc\xd2\
\x96ZM\xb3\x97&-\x19\xb5\x1ed\xe2\x1d\x93\xf8q\
\xa9\xe1\x05)\xe0\xbc\x1f\xef\x12{\x96\x18e\xdb\x8b\xe3\
5zh\x90oo3Q\xcb\x91\xee=\xda\x8f~0\
>\x00\x05\x0b\xcd\x03\xee\xfea\xb8\x16\x0b\xdbG\xf7X\
\x5c|\xdb\xf0z\xefx\x0a\xdd4A\x91\x9fu\x9a\x1d\
\x9b \xe2\x17\xbf8\xba%\xb9\x18\xd6\x9e.\xccs\xc2\
\xc1\xd4\x89O\xf9\xc2E\x81>\xc3\xaf\x82`\x1aW\xbe\
\xd3O\xdd:\xc1Q\xa2+\xb3Ax\xf7\x90C\x088\
\x93g\xe3S8D\x81\xa0m\x17\xb3\xbc7\x91A1\
NV}\x93\x0f\x819\x8d\xeb\xb76\x98\x8a\xcaA\xa1\
\xd9\xf3\xfb\x98\x0cse\x17\xa4\xea\xdf\xcc7\x8e\x81@\
\xbc+\xc6\xe7\xdc\x5c\x8dSp\xb4\x9c\xd7\x09\xcd@\xa9\
\xe4\x0e\xf7w\xde.\xecm]a\x1cs\xfcb\xfb\x10\
M\x9dT\xe2o\x01\x01\xd9\xa5kj\xfe\xeb\x04\xaf#\
\xcd\x94\x04\xe5\x98mZ\xb4j\x7fRk\x0fX\xeb\xd5\
;\xe7\x86\x5c\xd5\x1d\xecH\xe5\xa7\x04\xc9\xe2F\x8c\xfa\
y\xd4\x98\x08&T\x1eZ\xef\xab\x92h\xd7\x81\xe2\xfa\
\xd4\xc7\xa2#\x08\x1c\xa7-y\xff\x00|\x86\xf93A\
\xe1\x1f\xff\x00\x83\xdbJ\x0aV\xdc\x07d\x1a\xe5X\xcf\
\xde\xf0I\xb0\x95\x95\xad>\xe4f\xfc\x86WVq\xbc\
)\x03\x00\xd0&\xd5\xf1\xb2`\xb3)\xb5\x15\xd0#\xbe\
\xff\x00\x9c1X\xcc\xbf\x08\xec(\x98\xb8)\xb8\x96\xf0\
\xf4\xa5\xdfX\xf0\xae\x00-\xf3\x1ck\x9f9\x16\xc2\x9f\
\x0e\xad\x1b'\x1e1\x15'\x87\xb18\x9b\x07>s~\
H\x8a?/\x1cb\xc2HTN\xee3O\x19}\x03\
\xa0lmg\xa7\xeeui\x9a\x10\xef\x86\xde?21\
\xe0\x0e\x98\xa9%\x97\x976\x07\xaaR\x9b>\xac\x98\xb0\
\xa0\xc9\x86i'W\x9cD@\x88,xk\xf6c:\
\xce\x02O\xfe\xcd\xf1\x870A@t=\xfa\xf30\xe8\
B\x92\xef\x80\x1ei~e\xa2Y$S@\x83\xa3\xbf\
x\x1a\xa8[B\x0a\xba\xa7X\xfa\xd2\x5ck-\xbe7\
sq\x9a\x0a\x0b\x10\xbb\xe3\x0b\x8d\x10A\xaaK\xd47\
\xef\x18w\xb9-xN\xa7\x13\x1dP%\x10Gn\x5c\
dk\xa8\x02o\xf4\xeawq<\xc4\x01v\xe5\xe7\xce\
]\xbb\xeb\x13z\x1c\x1b\xdei*\x13f\xbb\xbf\xba\xcd\
,Z&\x9aw\xc3.\xe6Y\x85\xe4\x81\xb9A\xcf:\
\xc2I\xc2\xa8M@\xf0\xf9\xc7QZ\x0d:\xd7@\xcd\
\x5cc\x9dHMi_\x8d\xfe\xe3\xac\xc2\x22\x8b\xa4<\
\x9a\xd7\xbc\x07\x898\xa8\x97A\xd90\x9a^t\xcd\x81\
x\xc7\x8e\xc6\xad\x92i8\xb3S\x08}f!5\x17\
\x89\xde.\x90h+\x1bQ\xefy\x1b\xb2\xa0!\xda<\
4\xc3k\xb4\xd85\x1f\xeb\x1f*}\xf0\xd4\xf4\xbc\xe1\
J\x0a]\xf8E\xf3x\xf3\x85\x15j\x9d$\xfaO\xcc\
I4\xe8\xd6\xb4x\x11O8\x94\xc2\x85\x11\xcb\xfe\xeb\
\x06\x92\x83\x97\xbd4\xe2G(\x16\xe2\x98i\xaf|\xeb\
\x14!\x8b\x1d&\x82=w\x8at\xdchD_~5\
1\xd4$5\xe0\xd4W\x8dw\x8f\x14\xf1-Cm?\
\x89\x94PZh\xbd\xcb\xcd\xa6T/\x05\xa8\xec=\x7f\
x5\x01\x92\x07\xa4\xea\xb3\xe6\x00\x08\x1b\x1cD\xaf\xb8\
~\xc2\xc4\xeeK\xda\xbc\xfa\xf3\xc8:s\xd4\x0fg\xff\
\x00\xc0\x9aQUq\x17\x80p&\xa1{\xf3\x80h\x12\
\x82u\xa9\xd7\x8c\xaf\xb0\x07\x1d\x92\x9f=\xe4f\x9bX\
U\xd5\xf5Lj;\xac\xf2\x8d~\x91\xd7\xbcM\x0a\x0f\
Fy\xfb}\xf5p\x83\xd8\xab\xb7\x11\xc0\xb23_H\
\x00\xde\xf2\xf8\x00\xb4\xeb&\xe9*\xf3\x82\x89\x1a\x8f&\
\x15V\xdd\xbdb\x0f`\xed\xc6(<\x13n\xf1\x04\xbc\
\x05\xbd\xe2\xe3 \xd3\xceW6\xbc\x9eL\xd9\x0f\xab\xc1\
\x82D\xd6o\xacI\xd1.\xdd\xb1\x10\xec\x00\xbb\xb8\xc8\
s\x1e\xd7#l\x06\xae\xb0\xa6]\xd1\xde\xa6)\xa9\xf9\
Mz\xc7\x91\xbb\xdbo\x9c\x0b\x81\x08\x9d\xb9\xef\x17g\
W\xc6\x07\xc1\x95W\xac%\xa0\xc0\xde}cK\xc75\
\xd9yqm\xba\x01X\xe0\x17\x84c{r\x90\x80\x8f\
\x97(t7\xeeh\x8d\x0aWX\xe0b\x9c\xb4y\xc2\
\xec$T\xd6\x0f$\xba\xdb\xbfx,\xa8F\x9b\x95D\
Om\xbfq\xee\xdd\x91\x04\xf0\xe3\x90\x1a\xa2\xa0\x9e\xb1\
\x19(\x84\x90\xf8`\x110\x1bW\xed\xc3QDA\xee\
\xf3w\xb3+v\x8b\x1cw\xadf\xd4lV\x85w<\
`\xe2N\xc7A\xc0oX\x06\xb9\xa5\xc5\xe5\xbe\xf1N\
 2\x9f\x17\x12\x06\xef$\x8eg\x9c40\xd2\xba\xe8\
=o&\xf5>A\xae-\xf1\xacx\x09\x10\x04\xecw\
\xc6\x16f\xa5-\x22\xcb\xcf\xbcS\xc5s5Xxh\
\xdc\xa2\xe1D&\xa3,=\xb0\x0dj?\xb8\x17\xfa\x11\
\xd0E\xfa\xe4\xae\x1a\x0e\xde\x9fk\x91\xb0Am\xb5\xdd\
\xed:\xdf\xf9\xe4\xe7\xd9\xda\x0fc\xff\x00\x9fRiM\
w\x18\x0e\x16\x07M\xa6\x9d\xdb\xfdb\x04\x974D\xd4\
\x0f\x0eL[d\x90\xea\xf8\x06S\x1b3g\x0f\x14\xa7\
\xfbp,=\xbc\xd9\x90y\x0c\x0f(\x5c\xa44\x07d\
\x97\x16u6E\xb8\x90r\xb99\xf9\x92\x84\xd6\xc3\x8f\
\xb8\x0c\x81@\xe8\xc7R\x01\x89\xc1p\x15\x80*\xca\x00\
\x8a\xb5\xb4\xce\xd5\x9d\x9df\xb6\xeck\xc1\x88\xe4\xf8\xda\
o.(C]\xdf8\x85\x08\x18\xb6\xdcB\x81\x0d\xdb\
\x0c\x066\xde\x0c@\xb8\x08\xbc\x18\xdd&\xc2]\x5c\x09\
\xb0\xb4/xc\x92\xd4\x1e\xf2\xe4\xf5\xab\x896\xee\xd6\
\xeac=\xc9\xd7\xb2\xe7\x14&\xebw\x95\xaa\xd0\xd1\xe3\
\xee_y\xe6\xeb\x07\xf1+Y\xbc;\xbe\xa6\x15q\xe3\
\xad\xeb\xcb\x9b\xae\x90<\x13\x09\xa5\x01\x87\x8fy\xbe\x9a\
\xaay\xb9%d\xaa\x86\xef\x8c\x16 \x07\xc3\x0b\x12\xe8\
\xae\xa1\x80TI\xc6\xe6B\xc8(3i\x83\x0a\x90\x8c\
\xe7$\x16\x91Q\xdf\x8c\xa5\xf1\xb58sQ\x87c,\
\x98\x04\xcd& Xu\xb3\xa9\xceo\xa5\xa4s\x82\xd6\
\x84#9\xf5\x8d\xe8\xb0\xbb\xc7VP_\xf5\xc9\x0aI\
g\x1f\xb8A\x84\xc1\xd7\x19\x0b\x8aI9\xc2\x0f[\x87\
8\x02\x06\x1a\xed\xf3\x148Si&\x0c\xe8\xbcug\
\xe6\x13\xcd\xd1\xc7\xb6sx\xf4U\x01O\x9f\x19\xba\x89\
\x01\xb7[\xf2oyX\x82&G\x11\x9d\xf8\xc5\x95\x98\
\xc8\x1cB\xfc\xdelec\x0a\xd3\x1cO\x18\xa9\x084\
\xbe\x00\x01o\x9d\xff\x00\x9eL\x83,\x01\xe1\x1f\xfc\xec\
\x90\xc2\x01\xcb\xfe\xb0_:B$\xe8{\x9f\xdc\xc0\xa7\
\x8bv8@\xee\x8b\xfccT\x1b\xa6D\xd6\x9b\x9a\xdf\
\xbc\xe7*\x11\x0e\xaa\xddP\xc6\x04\x1dZ\xd8M\xbc\x86\
\xeej\xb3\x8c\x02\xc4\xaeOy\xb3zr\x9c\xfed\x90\
\x853\xde\x0c{\xe59\x1f\x18k\xda\xb40\xc2\xf5\x7f\
\x8f\xcc\x09Z\x14\x93O\xbc\x91\x13\x09\x16\xe6\xe3d\xb0\
\xe7\xe6\x06\x17l\x13\xf3;P\x17\x8a\x18\xf2\x07\x02\xd7\
\xf1\x81\x1d\xc8\xfb\x1fx\xe4\xf8D6\xe0 \x10\x8a\xd8\
&YC\xfc\x1e2\x83\xc2\x0b\xb0\xf10\xf6\x5c\x15\xc3\
\xef\x056\x1d\x17W\x03\xa3\x03\xb1{\xc9\xc8\x00\xa7x\
3=\xaf\xb3\xc6kky\xe4\xcd\x01I\xa2\xf5\x86.\
\x9d/\x19\xc5N\xfc8\xfcbvk\xdb\x9f\xfa\xe1\x02\
\xd4>\x18\x1fQ\xe9\xe0\xcd\xbd\xd4\xe5\xa9\x96\x83K^\
p\x07h\x1d\xb7p\xb1\xee\xac\xf3\xef\x0a\xd7 \xd3\x8b\
\x85D\x8e\x95\xc0`\xb8\xbd\x08\xf30\x8d\xc0\xb3\xe3.\
B\x90\x93w\xce\x05,\x15\x09\xab\x91\xf0\x9b_8\xb2\
\xa4;&\xccna(\x1cf\x8e'\xa3S \xa0h\
L\x14\x8c\x15\x19\xb7\x03R{\xb3\x97\xc6R\x02\x0aN\
\xf0\xb8\xa3\x1bx00\xa9\x04\x9c\x1ep(\xa9\x06a\
+Y#9\xc2\x84!}\x9e\xb1\xfb<\x07\x18\xe9\x1c\
\xbeC\x8c&\xbd\xa4\x9f\xdeuz\xb8\xbe\xe1\xe9\xf0\xe0\
\xcbyv\x93\xa6\xdeB\xe1\x00\x12\x08\x1b\xa9\x0e\x5c\xb7\
U)\x1d\xc8\x0f\x1co\x0c\xae\xc0/\xa5\xeb\xd6=\x91\
\x92 M\xfb\x1esG\x87\x85\xa4\xbc\xb6\x8b\xf9\xf7\x90\
\xdc\xa9\x00\xf6?\xf9\xb2J\xab\xc0\xe5\xc0\x02\x93\x9a\xd7\
\x9f\xf7\x90{\xdbE>\xbb\xf9\xf34oyW\xc4\xbe\
K\x8c\x07}\xe0\x07\x03:\x9b\xc5\x8d>B\x0e\x0aq\
M\xfa\xc4\x0c\x15U\x1dE\xf3\xbe\xf0\xaa\x85\x01:\xef\
\x0e}\x00{qY\xe4\xd9\xce\xf0@g\xc3\xdf\x8c\x00\
h\x9a\xce\x99(H\x83\xe1\x8e\x03\xaf\x0eq\xf4\x00\x06\
s\x8aE\x8d\xcf\xf8\xc5 \x1c\xe9&<\x99^f\x89\
\x85\x16\x87K\x83T\xe5\xdao\xed\xc8\x88C|\xb3\x8c\
jv\xf0&)d\x0b]\x93\x05\x83M\x0e~`,\
\xb6\xc1\xb3\xeeip\xf9({p\x09\x02Q\x16\xae6\
\xd4\x02\xb9\xc6*\x0a\x8b\xb4\xc4\x15\x85\x87\xac!('\
n\x0cUc\xc1\x1e\x1c\x13[\xaf\xd7\x9cT\xa8h<\
\xb8\x00\xb5]\x17\x93\x10[;\xcf\x06T{\xc4\xdf\x07\
\xcc\xb7(j\xe0@\xa8\xe9w~\xe2aN\xf1\xdd\xc4\
\x04<(\xe0sa\x16;q0\xc7\x1a\xe9w=a\
\x0e\x8d:;\x98\xa1\x9dH2\xb1\x03Q\xd5\xceN\xeb\
~\xfa\xca\x84\x9f\xd1\xeb\x0e\x96\x81\xa6n\xfc\x0b\xe0\xc0\
\xb6\xc4\x85\xf1\xdeo\xc2\xfd\x1c\x89|\xb6sp-\xc1\
E\xf1pA\xad\xb7\x83\x08\xd1SW\x93!\xd2\x0a\x1e\
\xf1\x080\x1f_s\x97AA\xe2\xe0\x04<\xf6aH\
\xb5\xb1\x9c`\x06\xc26N\xae\x00@\xc3\xd3S\x101\
4-&\xb8\xc3%\x02\x05\x06\xe3\xb6n\xe0b\x94\xe4\
^$\xeaLB+\xec\x87\xab\xd7\xfa\xc8\xf6\x84H\x0f\
7\xd4\xde:8\x07\xb0\x0b\xd8x\xfd\xca=cir\
\x85\xda\x97\xe5\xf3\xc9\x92aD\xb8D\xe4\xff\x00\xcc\xb6\
\x86\x1d\x83&\xa4\xd59\x86\xaf\xbep\xd6Gh\xe9\xed\
\xfe\xf1D\xa3@W\xa1?\x8c\xe6\xfd\x10\xbbz\xdfV\
\xe2T\xb4SA\xc5N\xa6$A\x00t\x8d\x13\xbe%\
\xc0o\x11\x13\xc4\x99\x04\xa4w\xcc\xf5\x95N-\xa7/\
\x9c\x0b\xb0-\x9d\xfb\xc0\x95\xd4(qp\x84`j\xf5\
\x94\x944\xd3\x83$\xa0(ki\x85e\x00\x9a\xe7\x00\
\x89\xdcy>1\x91\xd1l\xe3\x04j\x9d\x88q\x89\x94\
\x07\x0f\xfb1\xd0\xad\xba\x7fw\x15\xb4\x1cO\xfb\xac]\
\x01v\xc9q\xd9\x9aZ:\xf1\x86\xed\x08\xf9\x18\xb6\x10\
xa`Aa\xe0\xf7\x83y*G\x87\xde\x13I\x00\
\xa2\xaek\x0a\xa5\x0e\xdca\x09\xc6\x9a>d\x09\xe5\x0f\
\x06M\x81\x222d9\xb3\xdbg8\xa4\xceD6\xb8\
\x17\x09\x9c\x8e\x9c\x13X[x\x1f\x189\xe0E\xe0\xf1\
\x83\xfd\x84W)\x04\x0bU\xde\x11(rY\x1c\xe1\xb2\
l\xef.ZF/&3\x88k\xbeL\x92\x16R<\
\x19\xa1\x16\x11x\xc7\xda\x0d=\xb9\xba\xca\xe0\xb7y\xa3\
\x08*;\xb8\x892\x0e\x5cf\xf8:\xef\xc6\x22\xd5\x1b\
/]\xe2)+\xd1\xdf\xbcR\x22:{\xc6\x88.\x82\
\xf5\xa6\x03n\xa3w\xdf\xac[\xc1Hye\x15\xf3\x84\
\xe6{\xcd \xa2WS\x04\x91B\xd3\xc5\xc3\xcd\x22\xfb\
\xb7\xac\xd8{\x7f\x0c\x0e\x9a\x9c8\xc9\xdax\x1dO\xfe\
`\x0d\xd0!{\xf9\x80\xd9\x02\xf83x\x91\x03F\xec\
\x07\x12a\x0aR\x01A\xc2\xff\x00\xd9s\x96\x1b#\x13\
\xb3\xe6\xb15\x224\x11\xba\x07\x941\x0a8\x8d\xaf\x91\
:\xeb\xden\xb3\x0d7\xaauJ\xfc\x9ey>\x98^\
\x81\xe1\x1f\xfc\xbay]!\xe7\x18\xc8\x0aX\x12i\xaf\
\xee\xb1\x9a\xc1p\xcd\xba)\xcfx\x89\x8d\x8e\xcf\xc3\xf9\
\xb8 H\x1d\xa7\xe3\xafXt~\x10\x05\xfa\xebV\xe0\
\x82[\x91\xe2\x0b\xe0u\x85\x18\x8eC\xef\x07G\xed\xbd\
b \x17\x9f\x18\xc4\x17\xbdG\x18`z;\xb9<\xbd\
\xb6\xdd`\xd4`\xe4\xff\x00\x8c%\xea\xf4\x8f3\x13\xe5\
A9\x98\xea\xec\x89\xec\xc2\xa2tC\xa5\xc6\xcb\x0d\xa9\
\x8fr\x9b&\xccH\xa4(\x1f\xde\x1b WN\xb0\xc1\
R{{\xcd\xb9\xaa\x84s\x8dc\x0e\x0bq\x00\xc5\xb3\
\xe1\xea\xe4\x03\x03Y\xc6#~\x99\xc7\x18D\xc3\x88\x92\
\xfb\xc8\x9c 8\xab\x82\xf0\xad#\x9cI\xdc\x9a5\x8a\
I)R\x84\xcd\x97\x06\x97Y\xe7\x1f\xc9|\xe4\xef\x19\
\x10\xdb\xf7?\xe2 r\xd2\x81\xb3\xe3\xc1\x8b9\xaf\x0b\
\xb9\x84\x9e\x87\xfd\x99\x14Mhl\xbeq\x1c\x07T\xc8\
\xe1\x9e\x10S\xbf8\x14\xca@\xf3\x888$W\xa9\x89\
H5\xe7\x83\xc6\x13\xe4\x04Y=`sZW\xbf9\
\xce\x1eJ\xbb\xc4(\x82\xc2\xcd\xe4\xd1aVL\x02\x07\
\x9e\xf1\x0b\x5c\xd6\xfa\xce\x95\xe07\x8f8\xc2R(\x1e\
}\xe2s\xfe\x86\x05v\xaek\xdfY)U\xe4\xc0D\
\xf4\xbdbY\xd2x}\xb8\xd3\x13j]\x5c\x85\xd7\xea\
\xef d'\xb7\x0e3\x0e\x9e.A\xb5\xbco\x186\
\xf1\xa1|z\xc2\xeb\xe8\xf1w\xef6\x83\x87\xc2\xf6w\
\x83D\xd8( \xda\xef\x9e\xfd\xe5T\x076\x80u\xf5\
d\xcb)RQ\xd3\xd2yq\x02,\x86W\x93}\xdc\
(&y\x84\x1d7[\x82J6\xbc\xb5\xbc\xa9}\xff\
\x00\xc9\x06\xc3\xf4\x0f\x08\xff\x00\xe5\x5c;0\x0b=\xbe\
\xb1\x01/c\x15\xd5\xf0f\xa2\x06\x17`\xd3_\x1b\xd7\
\xbc\xa1\x8a\xa5Dt\x09\xcfx\x09\x19(\x18q\xdbX\
\x88\xe2\xa1\xa6r\x9c\x17\x7f2U\x85\x220\xe1\xbd\x1f\
\xe7\x02\x22\x07K\xcb\x92\xf4J\x1e0a\xf8+\xbf\xf0\
\xcb}\x8eW\x93\x18DU7\xf9\xc3p\x0e\x0b\xc3\x8a\
\x01\xa1+\xd5\xc1\x9b\x89\xdb\xbc\x824D]\xcc\x01\xb4\
q\x1e\xbd\xe2g\xe1\xd1\xd4\xc1\xd2\x95\xae\x17\x1e\x83\xe5\
{\xb9Z_\x90\xf3\x8c\xa2\x8d\xc3\x1dP\x9f\xe3\x02\xb2\
\x06\xa9\xd6T\xec\x07Ho\x06\xa8\x8b\xf5\x8a\xa8$\xa3\
\x81\xc0\xca\xb6\xbcLI\x01cN\x0c\xe4\x14!\x9f\xde\
P\xd8\x0b7\x87\x02\xed\x0f9\xc7c\x90\xe3\xd6!\xd2\
\x15W$|\x1bu\x8c\x1c+I\xb3\xde\x00 $\x9e\
sN\x08\xb6A\xb8\xa3\xb4\xde\xdf\x99\x1e)\xfb\x1e\xb1\
\x96\x84X8\xcd\xa2\xd2z0W\xe6\x11\xd6\xfc\xe6\xae\
\x00\x1e\xcb\xe7'\xba\x1a\x1eq\xceI\x15\xe93\xbeI\
\x17d\xf1\x89x!\x05\x93\x06\x11i\xda8\xe8\xe9!\
\xc5\xc4\x94R\x22\xcd\xe1\x88c\x03[J\x8e\xd3\xc4\xc1\
8BE\xe2\xe0\x08\xa1\xa4\xeb\xcei}\xe8\xb2=\xe3\
~\x82\xc7\xc3\x00K\x0eK\x5c\x1ak\x1d/8\xc4Q\
\xbf\x0cr\x81\x03L\x86\x0d\xa5\xb4\xf3\x8c\xd2F\x15\xcb\
\x89\xcbF\x97\xbc\x8c\x1c\x00p46\xb7xI\x18\xd1\
^La\x95.\x83\xfe\xf0g\x08\xa1{\xef\x1f \x1b\
\x8c6'y\x1e \xb6\xa7@.\x9b&;\x1b\x02_\
\xc1\xf1y\xc40\x1a\x04\xa5\xf6\xbe\xec\xc4B\xed+O\
\x7f\xb6\xe1@%\xad\xa9\xb8\xf1\xe3 \xd1&\xd1\x1b\x15\
[\xb6q\x7f\x93\x9f\x06j6#\xe3\xff\x00'\xc6\x05\
\x8c*5@\x1f\x15\xb88Jh\x95{\xa7\x19\xa6S\
\x92m\x1a\xe2\xec\xff\x00xl-SP\x9e\x17\xe7\xf7\
\x92/\x22\x91x<\x11\xfb\x9a\x84\xca\xc7\xb7i=`\
X\xd9\x00]\xe2\xa8\x86\x85\xd5\xc3\xca[\xacJ\xd2\xe5\
.\xdf\x8c\x0dLi\xbc\x99\xa3\xa3\xa4\x7f\x9d\xe2\xfc\x11\
\xc5\x9b\xcaH0\x07\xbf\x99\xbdY]\xb9\xce\xf9\x14^\
L\x0a.\x89\xc0\xce\xb3\xe7>\x0c@9\xb0\xae\xbf\x19\
$\xafgw4\x11\xe9\xef\xd6jt[\x0f\xbc\xed\xd3\
\x87:\xc0\x02\xd74>=`)d?X\xf7LU\
\xee\xfb\xcetJ\x87\x17\x1c\xe1\x03\xb3\xfe1\x03\xed\xa5\
\xbc\x86B\xa1\xe2Nf\x14\xca\x00^Lj-\xa9\xde\
#\xa8\x82\x03\x1d\xe4\x15Y\x8c\xf8\xe5\x06\x01\x0d5\xae\
\x0c\xd7\x024\xf7\x88\xdb\xdd\xcc\xe7\x1f\x8d[NoX\
\xa9[Z\x8d\xfc\xc4r\x80\xb4$\xc0\x1fd\x96h\xc1\
\x0fBI\xcf\xbcBBr&\xdfxDN\xbe\xbe\xe0\
\x87\xba*K\xeb\x14B\xd5\x19u\x8a\x9a\x01\x17&\x09\
\xe3af\xcfy\xa6\xc7\x11\xb2\xfb\xc6\xbc\x0d#\xc3\xef\
-\xc4\x05S\x9c\xd2\x15*\x1c\xcf\x19\xac\xc1D\xd6\xaf\
x\x80@\xe8-\x0c!\xccA28\x02\x85%\x0d\xdf\
9p\x10@6\xb8\x01\x18\x11\xf0L\x83Uo\xab\x8b\
\xa8\x80\x85\xd8|\xc28g\xd0\xe59R\x01{\xc7\x91\
TK\xab\x80\xb0\x00\xa6*`T^\xb1\x06\x22n\xf5\
\x81\xae\x8dm\xa3\x1cA\xc8\x19<\xe2\xd6n\x1fy*\
_\xa4\xa7\xf4\xfb\xc9\x1c-\xdat\xdb5m\xc4\xd61\
\x81-u^\xf7fp\x81)\x00{\x1f\xcd\xc6\x11\xcc\
t~:\xee`\xc4QX\xdb\xaf\x92\xdc5\x05\x18\xa8\
\xd0\xf2\xae\xceO\xf2q\xf1T\x0f\x08\xff\x00\xe4Dc\
\x81\xe1\x92`\x9b\xa6uoGxC\xd5d\x1e+y\
\xbd\xe5\xa9JT\xdb+y3x\x09)\x9a\x9cC\xbd\
a\x95\x1bw\xc2\xf0^\xb5\xbfn\x10*\x03\x95\x03Z\
\xeb\xc6@)!\x1b0h\x0e\x847~q4\xccb\
:.\x08P\x14\x9c\xfc\xc1\x05\x02\xcfs\xc6:\xc8_\
\x8f\x0eD\x87\xdc\x06\xb1\xf5\x87\x04\x84q$\x82\x1e\xce\
.-\xc0\x0c^p\xcfC{rd\x03\xda\xf3\xc1\x92\
\xd0\xd6/\x06H\x86\xc5;\xc0\xc2\xadK\xdeC\x909\
\x1f\xc6J\x88m\x1e\xb3p\x1c\x7f1p\x87\x89^K\
\x88\xc7^\xdeO\x9c*q\xca\xde\xfb\xb8\xa8\x03i|\
za\xa8\xdcv\x7f\xc6q+\xa1\x5c\xcfX\xc0\x0f}\
9\x9e\xf1\x98\x96\xbe\x89\x92U\x01\x8e\xae3uS~\
\x1cuF\x15g\x8c\x10(\x94\xbc`\x9a3S\xa9\x87\
\x22d\x93\xcfyS[\x89\xad\xbf\x98\x1b\xec\xf0s\x88\
!\x95^\xde.r\x01*\xce1\xb6M6\xce1\x01\
\xb4\x92s\xef\x0d\x11L\x14\xe4\xf3\x88\xa8\xcaF8\x1c\
\xa1\xd2`\x92Zk\xfd1\x0cX\x1a6b\xca\x16\x9a\
l\xf7\x84\xc9<'\xf7\x9a\xaa\x10k\x9c`\x02\x00\xae\
\xceH\xb5P\xe7\xe6k\xdb\x83BM\xf0\xe3\x0eI\xbb\
\x940\xcc\x94\x0f\x0c\x88\xc3\xbf\x22\xcep\x83\x10\x227\
~\xe5\x1b\x93\x1e\x87.\xfa\x1b'\xbe\x0cB\x00\xc0\xed\
<`\xb9\x01\x88a\xa4\x82\x80r\x0f\x9c\xb8\x09\xaa\xf3\
\x82\x05\xc0\xc6\xdc6aP<\xfa\xc1\xe5y\xadk\xde\
\x0aH\xda\x0eC\x11\x94\xc0\x05\x89\x8b\x126\x9eW\x15\
\x84`\xb6\xb8\x91\x99\x0b\x0e\x95\xc3\xb6m\x0bV\xd2\x9c\
\xbc\xb8\xfea\xa2\x18\xf8\xe7XC\x8e,\xe7\xe7Z\xbf\
1X\xb0\x01w\xec\xe2\x17'\x01 J'w\x91:\
\xc7\x18\xec\xd7`\xa1\xca\x97~\x17\xf99\xe0 \x91D\
NO\xfc|E\x03\x90\xb8vF\x8ft\xeau\xac\x16\
\x88\xe4\xfa\xbe\xa9\x81\x98G\xce\x12[\xe6n\xe1\xd1i\
\x0d@Y\xcb\x90\xc8F\xf6\xacC\xa3\x97X\xb5V&\
\x14\xbc\xb7a\xeb\x16-\xe1\xbd\xc6c\x10\x144\xe3\xde\
\x00\xff\x00\x1dN=\xe2\x1c*M\x18\x85\x84\x1b\x9c\xe0\
*\xc9Wl\xeas`\x9a\xbd\xe29\xecy5\x84\x00\
8-o\xd6*d\x89\x1b_90\xd0`\xed\xcdz\
\xaa\xa8\xe9=\xe3\xbaJ\x9d\xc3  !d\xc5\xe1]\
\x1e\xd8\xcc\xa5\xa8\xaa\xe0\x09!lt\xf8\xc7\x023a\
\xe38T9\x7f\xc2b*)\xa6\xf5\x8d`\xd9\xd4x\
\xfd\xc7\xbb\x09\xa2\xf0\xe0I\xdb*:\xc5\xd8\xa1\xe7i\
\xeb\x01\x81f\xce%\x83j#\xb9\x8e}\xa9\xcbS,\
\x0d\xce\xd7K\x90\x97\x03\xb6\xee]}\xd6\xefc\xe3\x0b\
hH\xcf\x06\x14\xc8o:0\x0a,\xeb|\xcfY\xa2\
\xd429L\x09 (\x87.\x0c\x14\x16\xd3\xab\xe3\x02\
L\x15||\xc1V\x89\x95\xd6%&\xe8ry\xc3\xe1\
D\x0draY\xbc\x83\xde\x1b\xe2\x81#\xbf\x18\xca\x10\
\xd5U\x92\xf2\x86\x0c\x03\xa5\x07\x5c{\xb8\x0d\xec\x9c8\
\xf7\x862\xc5\xe1\xce1@A\xbd\x97\x0c\x8a\xed\x19\x14\
\x84!\x13\xd64@F\xe2\xcc?\x0bs<\xe3u\xd9\
\xa9p\x81\x82I\x97\x94w$\x1f\xfd\xe6\x82\x02\xd1o\
\xcc@kSV\xc3\xc6M!1\x0e0V\x02\xc0\xe4\
0{\xd4GFUH\x81e_x7 Tw\x83\
\xa7Q\xbc_Y\xa7*\xd4f\x8c\x8b\xa8ia\x5c\xe7\
\x83w\xce\x11P\x04C\xbb\xe7#:\x22\xebS\x1e\xd9\
m\xae\xc7\x07\xfc\xf5\x81\x1a%H\x01\xc7\xc7\x1e\xf0\x94\
0\x5c\xf9\xdf\x8a_\x996\x9a\xa4\xf6)\xc4?\xceK\
\x06\x11\x0fm\xf3\xacYHw\x10\xf58I\xafyU\
\xcb\x92\xa5T\x8d\xa9x\xf2\xc3Zd(\x1e\x13\xff\x00\
\x1bu\x0a\x9f$\xcd\x10\xc9\x06\xfd\x01\xf5q\xb8\x8eK\
\xb1\xd3=al\xc2A\x0e\xab\xe2\x99vt_TK\
~n\xe3\xe6\x9b\xa6\x05\x88\xde\xfe`G\xdd`\xa3\xdb\
\xe5\xff\x00\x18\x10\x97\x9d\x9d\xf8\xc0\xc3 \xa3\xcf\xdc(\
\x91\x0d\xd7\x06*\x9c\x82'\x1e\xf1v\xbe\x16s\x8fH\
#r\xdb\x88D\xbc\xdd\xfa\xc8[\x0b\x04\x9b\xc1\x80\xfb\
\xa9\xa3\x00-\x92<~d\xa4\x87$\xdb\xef\x0b\x94P\
\xee\xfd\xc4q\x02+4\xe2\xa0^\x87\xa0\xc50PC\
\xa4\xc0H\x82\x13\xb1\xf3\x8e\xa8\xd8mA\xf7\x82LJ\
'\x05\xf3\x8b\x00\x1bn\x07o\x01\x7f\xc3\x018ZO\
\x17\x8cJI\xd1Z0\x06\x01\x02\xc8\xe2@n\x83z\
\xfcd2\xa2/>0\x82\xda\x91\xd8\xc4\xa6}\x91\xe0\
\xcd'A\xcb\x83\x12\xda\x0d\xafx\xe4Z\x11\xe5\x88\x01\
\x0a\xc0\xee\xe3-\x90j\xeb\x1aI\xe7w\xacit\x9d\
\xf8\xc4\x22\xd9\x1bo\xff\x00\x99%\xcb\x0a?\xde\x22\xe7\
\x96\x8e\xcf\x18\x1fG\xaa\xf4\xf50\x82v\xa9\x5c\x98\xe6\
\xd8\x9a\xf1\xef\x14\xa3\x18<?\xfce2\x15\x0f\xf7\x89\
:HNG\xd6P\x0a\x95\x07~1\x04\xa0\xa0hp\
\x88@4\xe1\x8a\xa4a\xb3\x83\xcc\xc0(\x12\x87\x97\xe6\
F\xb2#.\x1e\xd4\x0aF\xae5\xb0\x8d\x13~3e\
\x97\x9aq=a$@p\xfe\xf0W\xa9\xf2\x9b\x9en\
-SH\x1c`\xd9[i\xd9\x9cN[9b\x88\x96\
h\xb1\xf1\x80\x90\x82\xd2&\x11P\xd0\xe3\x8f\xcc!\xf5\
$\x9c\xfb\xcb<\x91f-\xd0\x17Nq5\x09\xc8\x8c\
I@\xad\x94\xf9\x84\x88\x88\x8e1f\xa7\x92n\xf9\xc1\
\xc2\xb8\x1e\xf2Et\x0f\x87\x08\xe1\x16\xcb\xf8e\x88\x10\
5\xaefpq\xf0v\x22\xf1;\xc2\x18\x90h\x8d\xd7\
\x0e\x12i\xb8\xe5O\xc9\xfcd\x15\xc0j\xbb\xd7\xcc\x80\
H\xb3{\x02{\xcb\x10X\xda\x0d\x9e\xd5Jo\x00\xe6\
\xd6@Q\x13\x93\xff\x00\x164fK\xd1\xf5\xe8\xc8d\
\xa2`\xa7\xd7\xe5\x98<%?\xc0/\xabq\x84.1\
\xb1\xd0gS\x15rn\x0dt-\xeeLGP\xdfb\
&\x9f\x98m7P\x11\xe5;\xce\x1c\x92yd\x15&\
\x89\xcd\xf7\x89\xbd$\xc7\x03\x87\xca:>\x03.\x16\xb4\
\xdeC%\x80\x983\x9cV\xe1\x08\xcbp\xf2N\xdf_\
\x18\xfa\xe8\xacq\x88\xbd{\x11\xc7\xe6\x10\x04$\x9c\xfb\
\xc1\xca\xf2M\xfd\xc1<o\xd6j\xa8\xad\x09py\xe2\
jk\xe6\x04Z\x04]`\xd7\x15A6=\xe0\x09`\
\xf0}\xcd\xa14\xd3\x81\xc4\x05\x15\xc0\x1d\x13pk<\
Lu\x80\xa2k\xf9\xc3\x82\xf3\x8a\x1eqQ\x00\x85H\
\xdc\x15\xaf_-\xf3\x8c\x02\x8c)q\xda\xc1\x1d\xb4\x98\
\xb9.\x84x0H,|\x86\x1a\x87\x11\x9e\x1cd\xc3\
\xa4\x0fy_)\xd2\xf7\x8dJ\x02\x87\x01\xdb\x1a\xbb\xe7\
\x0f\x8c\x14\xdf&\x0b\x09\xf5\x07y~ \x1a=\xf7\x85\
a\xe9\xadi\xff\x008\xd2\x14\xd4\xbb\xb7)iZy\
z\xc4\x05\x92Tx.\x08=0\xde\xb4\xcd\xfe\x98\xfd\
|\xc5*b\x97k\x93\x04\x9dW\xbb\xef\x00\x83\x90\x83\
\xab\xef\x10\x00\x13OY\x06OKM\xcc\x03H\x16C\
\xac\x1a\xd4\xca\x9c\xfd\xc2\xdc\x0a\x83\xc5\xc6\x02<\x87\xbb\
z\xc5O`\x956x0%\xa2\x93\x07K6\xe3\xc1\
\xe7\x12Y\x10\x13\xde+\xb8\xe23\x9f\xcc\xb5\x11\xb0s\
\x8a\x85G\x14j\xf8\xc3m\x03Y\xc6\x1b\x81\xac\xd3\x8c\
o\xfcrra{Hp\xe4\xc0\xe7bF3\x8dD\
\x8f\xeb\x14FZ\xb1\xfdL\xd3\xea,`\xb2\x0b\x816\
\x1enm~\x12Md\x05\xee\xe6s\x9eDj9\xcb\
\xae\xd5v\xf31I)\xc7\x1a\xa9\x97\xe6cAoG\
\xbf\x1esH6\xd0\x89m\x03\xee\xf1\xd7*\x02\xfc_\
\xf1\x9a\x8e\xd5\xbf\x07\xfd\xe1\xb8\x90\xa98\x8f\x90\xdei\
\x17\x1c\xd2\xe0\xe5\x17g?\x18\x17TB\x88\xf6?\xf8\
\x93\x80-\xe8e1\x05\xae0\x01\xec_\xe7%\xa1l\
\xa2\xfa:\xd5\x99v\xaa)\xb3\xea\xef\xabp\xacVJ\
\xbc\x15\xd6\xa7\x18\xa1\x18\xc2\x1f\x0aJ\xc4\xc8|\xe1(\
tk\x8b1\xe8\x1a\xdd\x9eN\xe6\x0f\x15\x17\xb6\xf3\x82\
\xaez\xe6\xfb\xc6#\x0ePu}\xe1\x10\x00\xfaL\xe6\
c\xa4\xec1\x95\x14QM\xb8\xda\xb8\x04g8\xbd\xc2\
\xd6y~\xe2\xc4\x8c\xacb\xa8\xb5\xc8M\xe2C@$\
\xeb\xceF4h''\x9b\x92\x94^\x1c\xe4\x13\x90i\
\x07\xccqJ*\x5c=a\x9d\x18\xd9\xc6$@V\x83\
~\xd7\x0bC\xd20\xede!\xad9!\x006\xd5\xc0\
U\xb1\xf6\xf9\x90\x15\x05\x82ON\x13K\xc6\xf6\x1a\xc2\
\xf0\xfcZ\xdf\xac\x8a\x10\x22\x8d\xaf\x9c\xa5\x9cD\x1bn\
o\xc6\x85\xe8L\x0bo\xa3\xcc>\xe11A\x17\x86\x0c\
\x90@\xf2b\xa19\x084\xbeq\xa2B\x8dJ\xf9\xc3\
\x05&\xce\xf0h\x82\xbbu\xf3\x13w5\xbc\xd6j\xef\
h\x1c\x0c)\xe9\x1ai1\x08\x0b\xe2\xf0l,l\xbc\
\xbdf\xe3\xaf\xa0\x7f\x8cb\xc8\x12\x19\x0e\xb1Y]\xa9\
\xbd~1\x18\xf1j\xf3\x82P\xa7Dw{\xc1?\xaa\
\xa0\xef\xeb\x1e\x02 \xba\xc4B\xe8\xec\xf1\xf3>\xca\xef\
3\x01\xc6k#\xd6hi\x87\xa2{\xce\x11\x1a\xed\xab\
\x80\xcfpJ\xee\xfa\xc8\xf6%\xd3\x9b\xd6\x04\xd2\x22\x0e\
\x0c\x1d;\xcc|L\x8d6NG\xf3\x95\xdb!\xb3\xb7\
\xceN77\x8e\x5c\x0c\xee\x11N\xaeh\xad\x0dg\x19\
\xa2SL\xd3a\x97\xa8\x09\xaf\x1e\x5cN\x0e\xa2\x1aL\
O5!9\xc0F\x02#;\xf1\x8d\x19Yjw\xe3\
\x1d\xd0\x82\x868\xa1\xd5\xae0\xf8\xd9$\xeb(\xd6\xf0\
\x19\xce!\x15&\xc1nP\xaf\xf9\x1e2\x00\x8a\xd9\xc4\
\xc6`T\x12\x9fG\xfap\xfa\xca\x9d\xcd\xd8q\xcf\xf5\
\x85\x8b\x9a\x07\xdb\x7f\xc6\x0c\xba\x02\xab\xe9{\xf7\x8d\xab\
\xd1\x10\xe6D9\xe7Yo\x08i\x89\x18|\xf7\x82\x0f\
1h\xf5sO^W\x8c\x1e\x98~\x83\xb1\x1e\xcf\xfc\
;\x0a\xb1*\x01\xbe\xf0\x9aH\xa6\xa0\x9d\x02s\x8e\x1c\
R\x81\xf8s\xac\x0b\xa5\x08\x9d\xbe\xb8)~c\x99\xb4\
\x04\xd7\xec\xe3V\xe2\xfcM\xc5\xbf'\x9ap}\xca\x8c\
\x1a1\x8e\x17\xcb5p\xfb\x0en\xbd&7C\x94\xbc\
\x98\x8cR~\x863\x83\xde3x\x9e\xb4\xae\xae\x1eq\
\x1d\x9f\xf8\xc3\xb48\xf6\x9e\xb1lf\xe8r\x987\x89\
\x06?\xder\x10v\x03\xa7\x0d\xf5Z\xdf>\xb2\xabk\
\xd8o\x03\xbaN\x0f\x19\x04\x1b\x81\xadO\xb8\xcc\x84\xc2\
k-r\x14f\xd7\xc6V\x05*\xce\xfca\xc12\x07\
\x0e\x04\xe8\x08\x92C\xce\x14\x0a\xe5x{\xc7B%\x0d\
s\x86@`\xd4\xbba\x08\xd2\xf1\xf2\xf8\xb8\xa0\xe0K\
\x07\x18\x05_\xa2\xd4` \xb4\x92b\x05\x19v\xe5\xf6\
\xe0I\x01\x10[\xf7\x0a\xcd\xc1A\x07\xd3\x8b\x0e\xf6\x9b\
'\x83,\x83(\xd8\x86\x1c\x83!\xd8\xca\x0aj\x01\xb2\
\xe4\xa11a\xd1}b\x80@va9\x01A\xda`\
\x96\xe8\xad\xe4\xf1\x9c\x92U\xdb\x83\x22\xdc\x14d\xc4\x22\
\x1b\x0e\xf7\xcc\xc6$\x9cEV\xeb'\x1bhV_\x19\
0\xd0\xff\x00\x03<9\xdf?\xe1\x90i\x86+i\xde\
M\x01zO\xe5\x84\xc6\x9d\x1d\x1c`[\xfe\xc4\xcb\xf6\
\xcb\xcb\x9fXA\xc3\x8b\xdaa\x18h\xc8\xf1\x86\xab\xc0\
w\xeb\x08Wm.\xaeB\xe9H]\xdc\x8f\xcbP;\
\xb90\x0a\xc2\xce\xb0\x88<\xca\xe3\x1b3\xae\x17\xc7\x93\
\x10\x13GG\x0e$\xea)<\xfb\xc5\x0a\x17\xca:\xc0\
\x02Tm\xf3u04\x10\xbd\x9b\xf5\x9a\xba\xad\xcf\x1e\
\xf1\xc2(8q2{h\x17\xc1sm0\x0a\xee\xe2\
8>Fw\x9a\xc2\x088\xb8\x94^g\x1da).\
\x1b\xf1\x92%\x02\xe1\xb4\xc5\x92ID\xee\xe0'\xbd\xb6\
u|b5\x0bk8\xc49T\x0f\x93\x06\xd9u\xd3\
\x85z\x8c\x90+[\xae\x9f\x18\x1eCA\x1e\xb9\xec1\
\x5c<<\x9cI\xdf8.\xca/F\xa4x\xf7\x80\x13\
\xc4\x84\xe3~\x93\xac\xf3\x98p\xef\xe8\x9eN\xce\xb5\x86\
\xb8\xc9\xd0<#\xff\x00\x85\x0c \xe8y\xbe}e\x85\
F\xb7\x90k~u\xc6\x15\xe0\xb6\x10O\x03\x9ax\xb6\
\xc7\xa9\xe9\x82<\xc1Z/\x9e\xb7\xbf\x98\xc6\x93\xca,\
\xd9\xc4.XT\xd7m9\xdb\xb7X3H\xa6\x1b\x84\
\xfb\xe6<a\x01\x0a\x05T\xf1\xeb\x0b\xa9\x17u7\xf3\
\x1bJ:jL0l\x9e\xc6U\xb1\x0f>LN\x92\
.\xf92Yh\x82\xf5\x96t\x93G\x8c)S\xb9\xbc\
\x00]\xd2\xb5\xef\xd6O-\xd1w\xeb\x04J\xc6\xd3\xc7\
\xbc@LY:\x98]\xc9\x1d\xbb\xf9\x80\xc7[\x97w\
\x08\x00uS\x9b\xef\x15\xd0\x92\x0e0\x1f\x08M4\x18\
nAT\xe0\xf3\x92\xf4\x14S\x93\x00\xc4\x10V]y\
\xf9\x89\x01=|\xbe3\xb4\x85\xc10\xda\xa2\xd8\xf8\x0c\
)\xd0I?\xbfX\x10O\xcf\xfb\xc5*A\xa779\
as\xc0\xfa\xc6\x95B\x91o\xacp\x98<\xa7\xacM\
m2\x22}\xc0\x12\x14A\xb0|\xe4\x84B\xc7O\xbc\
\x13\x06J\x8e~`&\xdaG\x97\xd7\xf7\x80\xe9\xad\x02\
\x09\xe3\x17$\x94R\x86O\x90\x08\xb4\x9f0H\xca\x00\
\xd8\xf9\xcb\x14J\x0d\xdf\xbctI\xed\xac\x1cq\x88\x17\
\xd1\xf1\x88h\xe6\x81\xdc\xf1\x81:\xcd>\x1d\xe3\x00<\
\xe3F\x12\xc4!R84\xcd\xc7\xdf\xcc\xc6\xc8\xe2\x0b\
n\x01\xc0\x1e.\x93\xee.\xcd\xbc\xf0`00E\xd8\
|\xc8\x99C\xb3\xbc\x8a\x07M\x9d\xe2\xd2\x06#]\xe0\
#H!\xef\x0f\x22\xfc\xba\xf1\x8c\xe6\x9c\xdb\xb7\x02\x0a\
\xad\x17\x83\x17JI\x81{\xbe\xfa\xff\x00\xa7\x22T\xce\
\xdc\xb7XSN\x8d\xdf\xac\x95\x0cv\x8f\x07X\xcbY\
\xe3z\xd3*\xe3C\xbf\xf7\x8b#\x22r\xdd\xcd\x16\xc6\
\xdf7\x16\x825\xd3\x81\xce\x10oo\x01\x92\xda\xd4\x1d\
\xf5\x8c\x18\xc1\x87\xb3'\xb2\x81'xn\x01]\xe7W\
\x13\x181\xfen\xa6\x04c\xbb\xe8\x99\x15\x82#<f\
\xbeU\x0b\xea\xbe\xfc=c\x11P!\x1e\x1f\xb0\x7fp\
uD;W\xa9\xde\xbf\x8cC%\xe5W\x89:\xd6,\
8\x0a\x83\xeb\xd50\xa5\xa0F\x91\xfd\xeb\x1dI&U\
5\x1eWw\xf45p\xd1\x11z\x07\x84{?\xf0g\
\xae\x98\xf8{\xf9\x90\x09:\x05\x15yo&6C\xb2\
\x22\x87\xae\xf5\x92\x05\xd6\xb9\x17\x8a\xebXm\xa6\x8a\x85\
,\x09\xd7X\xe9:h\xdc\xa3\xf7\x87\xc5\xc6z\xd8\x7f\
\x86\xb0ZI#\x1a\x5cM )\xfe\xb1(\x13\x97;\
\x1f0\x94\x84\xa0\xe7\xf5\xc1 \xd1\x17W\x11(zS\
7\x92\xba\x80\xf3q\x8b\x08\xa0m\xc9<\xd3|\x8b\x88\
\x1bE|\x06!$H\xb2L\x15\x84\xab\x1b\x86\x90\xb1\
\xbf'\xac\x0dho[\xfca\x8d\x11\xc1\xe0\xc1\x107\
\xd6\xf5\x86BC\xb3\x94\x13\xbb\xb6\xd7\x10P\xdbc\x9b\
\xef\x02\xbc0\xd3e\xff\x00\xb3\x0b`;\xb6\x80\xcd\xb9\
\xe3=\xcfXT\x22\x19\xe4\x98\xd7\x0c\x9c_\xab\x86h\
\x83N\x97\xc5\xc8\xbb\x0bSc\xd4\xcd\x86\xf5c\x9b1\
\x82\x98\xa4\xcd\x09m\xd3\xaf7\x19\xc8\x18'>\xf0O\
b\x129\xc4\xe2\xb7G;\xca\xee\x83G~.\x05\xf2\
\x22\xa4\xc4\xd3\xe8\xe1\xc6\x18\xe6\xa0v\xf7\x83Z\x02\xa6\
#\xe3\xae\x9bq\x9a\x85\x10&C\x80\x8dJ\x18\x03e\
\x228\xc1\x10J\x80l\xea\xdc\xd6\xc7\xd0\x7fn1\x81\
A\xd4\x1c\xb3V\x0d\x17\xf8\xc0D\xa6\xdd\xa7\x8c6\x19\
-5\xaf\x0e:\xe2\xd3\xb0y\xc9\xd0\x84\x1b\xc3\xder\
\xf4\xbc;\xbeqf\xa0\x80\xf3\xf7\x05\x83\xb8\x1c\x0eE\
q\xb5\xf1\xe3\x13\x04Q\x1d\x86\x1e\xe3;1\x98\x06\x05\
w\xe7\x16@(\xa6o\x02\x00\x01<\xe0\x9a#\xcb\x93\
\x00o\x96\xddL\x00\x89\x12/Y\xc4\xf0M\xe1\xef\x04\
`\xde\x15\xfc\xa6\x15\xb0\x11-\xafX\xfb*\x8b\xfcc\
\x91b/\x837\xc4\xed\xce\xb0\xd9\x91\x8bo8\x14\x08\
\xa4.\xef\xacE5\x95A\xde\x1dTe\x1c\x0e^Z\
\x1d\xde\xb0@\x0f\xcb\xbc(Z\x9a\x07s\x00\x95\x07\x0c\
I\x07\xad\x1db\xbd\x0c\xdf\x9b\x95\xac\xc5\x0b\xbfXw\
\xd5\x81D\xd7\xdc\xd4\x0d\x84\x09\xc2f\xd8\x84\xad\x8d\x11\
\xfe\xb1\xd1\xb2[\x17n\xde\xb7\x88\x8b\xb2\xbf\xc0g\x82\
d\xae\xb5\xa2\x1f\x7fI\xf3\x07\x81B\xba\x1d|\xc7D\
\xa0\x0b\x97,\xef\xc6i\x8et|\xe2\xe5\xa7a\xda\x9a\
\xa0WTB\x81\xe1\x1f\xfc\x0d#\xa1e\xfd}d\xde\
\x8c\xa8)\xa9o\x9e\xf0\x0a\xfarm\x95y3}3\
\xc5\xd2\x8e!\xd91^\x15\x0d)\xe0\xbc\x19\x1f\xca\x12\
\xe7\x18x=^\xb22\xd0 \x7f\xb3\xda\xe0\x1d\xd5\x09\
\xcc\xfc\xc0\x0a\x858\xd3\xeef\xa6\x00\xa8\xb7\xe6i\xa3\
\xe8\xe90jaA\xaf\xe7\x00\xd4`\x00\xd0r\x16\x89\
aa}a\xc4\xd8=\x9f\x98\x08\x00\xa2\xd5\xcb\xcd\xe9\
g\x09\x840\xba\xc5\xd1\x8e\x84{\x197\x89\x22:W\
\xbc\x07E6*\xb7\x03D\x8d7\x9f\x1b\xc7\xa7\xd6\xeb\
\x83\xac|\xa1\xbbp\x99%B\x5c\x90E\x04\x0fx\xea\
\x19\xe4\xbb\xbe\xf1\x03\xacA\xef\x0e\x1a\x8f>\xb2\xc04\
\x09\xeb\xd6A\xb4)\x1c\xcc\x09\x0cK\xb7\xf3pW\x83\
\xb3\xdb([\xe5oM\xeb\x0b\xc3\x7f\xaf\xac*\xe6\xc9\
\x1e/x\x22\x03d\x9d`0\x89\x83\xe3\xd65\xa1\x9b\
;}b\xa09A\xcb\xef\x10\x0c\xe2\xf6\xc7r\x0d\x93\
\xa6C\x84B\x8d\x86UJ\xa6\x8eO8\x06\xac\x86\xad\
<\xe3\x8f\x12\x91\xcb\x8ce\x06\x8f\xeb\x16%\x0dX\xe3\
\xd6JS,a{Z\x99\xc7\xbb\x96\x1e\xe98\xf7\x90\
\xe4\x18\xb3\x9c1j(\xb7\xe60a7\xcb\xc7\x19A\
BX$\x9d8\xef\x1c\x02\x9a&\x0d\xa2\x00G\x1b\xce\
e\xf27\xe2\xe0\x93\x22#\x04\xa6\xba=\x0eZ\x116\
l\xf8f\x84\x96\x0e\xc1\xe3\x084\x18:\xcd\x8c\x88\x00\
\xd8\xe5NjS7\x84\x22\x08;\xc1xR\x06\xae\x01\
\xc5\xb5\xeax\xc8^\x15v\xd0c\x04afG\x0d\x81\
P\xed|\xe2\x8c\xf3F\xeb\x922:6_\x19\xa1\xcc\
\xe4\xeb\x1e0s\xd3\xfc&.\x0a\xaa\xb7Xh#$\
\x0d\xde2\xc4\x16\x97\x87\x0d*P\xa7~pU0\xbb\
\xf2|\xc2\x02\xa2U\xe4\xc0l\xa6\x8b\xd67\xd24\xbc\
z\xc5\x8c\xf6\x95\x86\xcd\x9fW\xbct\x9b\x80\x5c\x9aN\
@p\x0b\x1d~a9\x89ycl\x84S\x87s\xf3\
\xbc\xd6\xbaj\xf7\x88\xf5'\x9c\x80\xb0T!\xee\xff\x00\
\xbc\xa7\x04\x95c\xd3\xfd`\xacp\x08\xa5\xf2I\xf9\x86\
\x8b(\x10\xaa6#\xd6\x06\xbfe(\xbb.\xd2\xab\xf4\
5a[Q\x0a\x07\x84\x7f\xfd\xf3\x0fl\xd1w\xef\xfe\
\xef!j!A\xd5|S \x9a\xab\xeaD\xb7\xe6\xee\
k\xa9A\x9d,}\xb1\xd4\xbc\xb6\xda6Mx\xb7\x04\
;\xbaF\xeb\xb1\x1b\x02I\x8b<\xad\xc5\xe0=`\xd9\
\xb0q\xfc\xb3f\xa4\xe1\xc7\xbcg%\x83\x5c\xe0g1\
\xbd\xb1\xd2\x92\xe9\xe7\xe6\x10k\x96\x09=b5\xd6\x04\
\xd1\x81\xaey\x5cs\xd6\x0e\x91\x146\xber\x98\x1b\xb5\
\xb7'c\xe9&\x84\xf0\xe09UN\xc0\xc6C\xc1F\
O\x98: \xe0\x9d\xdf8\xe8DD6\xe0\xd0.\xa3\
\x81\xf1\x81\xa1R\xde\x0c\x02{\x81w\xf8\xc4\x86\x02S\
\x11\x80&\x87\x07\xee'I\xe4\xbd\xe1\x88D=\xb8\xa7\
\x91Sm1\x8c\xe1\xb7|\x98\xc7+1v\x19\x5cH\
9e\x1bB\xc6\xe9\xff\x00\xeb#Z\x95\x17\xbe\xb0z\
\xad\xd3w\x95\x11\x07\x07\x8f\x17#\x02\xc6\xb9\xd6/\x1a\
\xa7.\xce\xf0\xa24\x9fL\x89\x8dv\x9d\xbe\xf2Pv\
3\x8cm\x01\x1a\xbf\xe1\x92\x9b\xd8yL#\x1d\xb0C\
i\xef\x0a\x84@\xf0O\xb8\x80`\xd3\xbc\x0a`\xd1\x1f\
\xd6(l\x12\x81\xfdc\x0a8\x80\xc1\x95\x18\x8e\xb8e\
o\xd6\x84\xe0\xf3\x9b\x0a\xc5\x0d\x7f,\xd1\x82\x11\x96\xdc\
\x82\x00]\x1d\xf8\xb8\xb2\x0cV$\xfb\x88\x08\x8ei\xc4\
\xc29\xf2\x04\xf1\xa3\xfcd\xe1\xecM\xfd\xb8p\x08$\
\x9eq\x5c\xa1\xe6A\xb8\xc4\x10-\x17\xf8\xce\x01\xea{\
\xf1\xc6\x10\xc5\x10\x13\x02\x09\xc2J\x1e\xf2\xff\x00\xe1\x1d\
\x17\xd6\x1d\xb8\x02F\xd6u\x97t\x96\x1b\x5c\x9d\x0c\x85\
d\x13\x00\xc3\xac=\x19\x1b\x18'c!\x88h\x03w\
\xce^\xf2hi}\xe0\xb1O\xb2\x0b\x92\xc0\x05?\xc1\
\x9b%\xbc;\x9f>b\xb2\xc3\x07\x8e\xf0,2\x14\xa7\
\xdb\x88\xc3`\xaf8u\x89\x04\xf2\xbeqt@P<\
\xe2GD;rc\x975v\xe0\xc6|@\xe5\xc6\x11\
\xb1?Lu\x9f\x05\xe5\xc3\xa9\x09\xa2\xff\x00\x18\x9cH\
\x05\x1cmZw\xf9\x92\xdbtV\xd3\x11\x09\x22\x17\xbc\
[a\xb7\x83\xbc\x16\x81\xc2\x90\xd8\xff\x00\x93\x88\xae\x8a\
\x9d'\xaf\xea`o\xb4\x12\xd7\xb4\xfd\x98\xe8V\xb0@\
\xed\xf9q\x14^@\x7f+\x8flX%\xb6}\xb7\x91\
\xecj\x80\xad2T\x0f\x08\xf8\xff\x00\xf6:+\x9cO\
\xbaCj\xf8\xb8\xa3\x02\xa1\xbb\xe8fR\x928!\xd0\
\xb7vL\x1e\xd9UL\xcf7\x8e7rFW\x00b\
\xc4\x0787\xb1\xc7h\xd9\x1e\x90n\x04\xdbC\xc1\xbe\
'X\xa9\x06\x115r\x8fE\xe1\xc6V\x07\x87\x1c\x18\
\xc5\xa2&\x9c\xe0\x94\x80F\x5c\x08\xba+\xa3W\xc6\x0e\
A\x8bH\x99\xa5[\x05\xf4\xc2\x0aBD\xe7\xde\x01\x83\
\x0d\x8b}\xe0,\x22\xbd\xdfY\x1c\x19\x18 \xfa\xce~\
F\x92\x9f\x99_\x8aD\xf1\xf3\x08\xdb:4\xf7pG\
<\x8fO\xdcg\x0b\xa3\xd0\xe0\x89\xe1U\xbd>0F\
\xe1\xd2\xec>dO\x8dp\xd7\xbc\x16\x84\xe1\xc81d\
\xe2\x94\xc2\xfa\xc3\x7f\x10\xfby\xc2\xc1*Gi\x80\x19\
v\xa3\xd6 \xb6=\x19\x0f\xb8\xf5\x11\xd6\xc4\xc6\x00\xe1\
/_\x8cCE\x9b6\xafYF0\xe1]\x98\x9df\
\x028x\xc4\x12\xe1\xb7z\xd3\x1a\x82:\xe5K\xbcG\
|;[\xf7\xbc{\x09\x16\x0e\xee\x0b;N\xeb_\xf4\
\xe1\x0a\xdc?\xf8a\x18KB\x9d\x860[\x82A\xfe\
\xd9\xd1 @\xea`\x1b\xb0;\xf0\xb9\xc7d\x22\xbb\xbe\
2\x9fV\xaa\xf7p\x19\xd1\x00s\x81\x9b\x02Q\xa0\xcd\
\xc4\xe87\xa3\xc9\x92\xa2\x85\x09\xcad$\x03\xca\xe0\x9e\
\x84\x07\x8b\x8bR\x19\xa3\x879\x0aYY\xc3\xe3\x12a\
\x03K\x86\xf9\x03mu%\xb8M0@\x9e\xf9\xcb^\
\xc03\x9b\xeb\x09\x011\xa2\xe0\xe6\xbbq\xf7\xcc\xc3%\
ql\xe9\x9d\xa7g\x1ca\x06\xeaN}\xe0\x9e\xc4\xa9\
\xb7\xdeGI_l\xd4\xa1\x10'\xe3\x9a\x82SE\x0c\
P\x02!u\x88\x80\x00\xd0l\xf7\x9a}\xf4o\xf5\xc0\
-\x1a\x12i\xcd8\x00*-\xf9\x9e&\xdfd\x9cg\
\x10J`\xe3)\xd1\xbdj\x84\xff\x00y\x0d\x14\x82\xd6\
\xf12\x0aD\xcd\xbe\xf17\xca\xa1\xb4\xf7\x92\x10\xb0T\
 \x98H9\x07\xa0\xc7\x84\x01\xa6\xe6[#aWN\
\x007yu(\xb4^\x5c\x8fm\xb0\xfe&Z\x13\x93\
\xbd\xcf\x98As\xcb\xc9\x8e\x90\x03\xd9\xa3\xde1\xcc^\
S}\xe2\x96\x0a\x06\xa7L\xc9\x10\x9aJ\xd7\xb1\xc8\xd4\
\x99\xd8\x0d5\xdf\xa7\x8d\xcc\xd0%7IO\xa3\xde\x12\
\x85\x1aE<\xda\xf9\xc1(\x14&\xb7\x8d\x9fp\x87>\
-\xad\xfc\xb7\xc9\xf4j\xc2\xb6\xa2\x14\x0f\x08\xff\x00\xfa\
\x94\x0a\x806\xae\x03\xad\x94\xbd\xbf\xf3\xe0\xc4\xfb\xa8\x85\
\x8b\xd5\xdfV\xe2N\xf2IC\xa5I\xa9\xc6@\xa9\x01\
\x91\x0e\xa8\x9c\xc9rn\xb1\xd8\xbc>|Lb\xafp\
:Q\x10\xd3<\xe3^N]C\xc1z\xc8\xc3\xdd\xae\
m\xef\x10t\xa8\xa7W\x15$co\xfa\xc8\xb5R\x0d\
\xe41%\x89\xa0\x1c\xccY\x22\x13\x98\xfd\xceW\x96\x0e\
\x97\xc6(NR8\xc4\x04 \xa9\xc7\xe6\x1a\xf3:r\
y\xc7\xe4\xc8/y\xbcL\x00\x97\xd5\xc7\x05@#\x8c\
\x8f@\xadO\xeb\x0e\xb8\x0d\x8e1A\x03Z\x1b\xfbq\
D\x22\x81\xaf\xae(\x02y\x83_\x8c$\x00\x03E\xbf\
3{\xdb\x87\xf8&_$4\x87\x05\xef#\xd2\x0dB\
a'=+G\xe6\x09\x98\x03;~c\xa6P\xa9\xda\
|\xc1\xe2v\x8d\x13\xc3\x902\xe57\xa3\x00S\x10\xb2\
`\xd6J\x1d\xeeT\xa4B\x1e\x5c\x22\x8d\x00\xba}\xdc\
\x97\xc1\xb3z\xc0v\x1d\xb9\xf0\xf1\x85)\xcd=\x8e\xf2\
V\x14\xd6\xff\x00-\xc9\xd98T\x8fx\xcc\x8c\xb1\xbe\
p\xc3l\xe9y\xc32\x0e\xdd\xcc\x98_C\xb0\xea\xe5\
\xc7\xc0\xe5\xacj@\xb7p0\x22\xe9{\xc8@^\x83\
\xbcX\xc6\xa5\x0fxTt\xa5:\x0c\x8dM\x03y\x9e\
\xb2\xcd;Bs1\x80\xb1\x0d8Oy\x0e\x0fP\xba\
\xbe1\x8a\x83\x11N\x1c\xb5\xc8Ok\x80\xd5$\x1f\xc5\
\xca\x80>\x0f\x1f\xac \xb9\x00\xf8\xbc\x99J\x22\x90\xbb\
|\xe5\x0f\x055nr)_\xa7\x8b\x9cT\x95d\x9b\
\xcd\xa5\x1c\x16q=bjB@\xf7\xce*$\x819\
>\xe3\xec+\xc3 \xe2\xc7O\xeb,\x22*\xa7\xf5\x9a\
\xcb6N0\xe8\x81,\xde\x09^\xa8\x9a\xfb\x94@@\
\xd6\x9cl\xe0\x06\x8b\x84x\x87\xd7\xe6H\x00\x9e\x87\xac\
\xe1.\xd0\xa1\xf9\x94\x10\xa4\x0e1(\xd7#7\xf7\x00\
q\x07Gx\xa6T\x0a\xc88\xfe\xe8\x92\xeb\xd6&T\
\xbfP\xf1\x91\xf0X\x1c`\xa1I\x84t\xe0\x02@S\
\xa1pT`\x15\x1c\xfc\xc4N2\xaf\x99\x84I\xcd'\
\x8f\x19^\x01\xec\x06:\xb8ej=\xe0%\x04\x83\xda\
\xe2\xc2\xc9N\x9f\xa7\xfeq6HNt\x8a\xf1\xb4\xfb\
\x9bTL\x0b\x5c4\x98\xbd\x04#\x02$\x9e\xf1\xa2B\
\x82\xc1\xe2\xa7\x18\xfa;\xaa\x8a\xbaO\x98Ul\xa3R\
\xf2\x87w\xc8{q\xc0bA\x0a#\xd8\xff\x00\xfa\x10\
\x8a\x00\xda\xb8A\x14\x8dF\x8f)\xcb\xf3#\x00\xd0\xda\
\xbe\x9e\x14\xb8\x81`\x02k\xea\x9cj\xdc&\x8a\x97\xdf\
\xc1\xac\xd4\xe3\x09vHQ\xd5\xf2\xcc(V\xb55g\
\x16\xe8\xe5\xacqU\xd7\xacGm\xd1\xbb\xc4c\x0e\x87\
w\xdeh\xb8\x15\x0e\xae\x1dmF\x9e&*\xc7\x16\xce\
\xe6I\xe4\xfas3\x86\xc1\xa8\xdf\xb7\x00|\xb6u\xe9\
\x9ax\xa1k\xd3\xeb\x15\xc9\x14O&!\xb8::\xf2\
\xe2z@\x01\xc3\xef\x1e\xc4\x94M\x5c \x01\x88\x8e2\
\x81\x05Vl\xf5\x8e#aI\xaf\x19F\xd5\xf6\xe8\xf3\
\x93\xbc\x92LY\x0d@C\x9cB\xe4\xadU\xc4\xeb\xcf\
=\xfea\x22\x04\xb0I\x8a\xee\x98\xb3F;$\xe0\x9a\
\xfc\xc5\x10\x18(\xab\xfb\x82Ie\x8f/\xdc\xa6\x92\xe0\
!\xf1\xc6\x01,C(c\x92\xe0\x89\xd9\x8c\xa6\x89\xe7\
\xf7\x11I\xd0r/\x97\x18\xc6\xc4C\x05\xc9\x83\xbb\xf1\
\xeb\xceY\x86\x06\xa5\xdc\xf10\x89\x92\xd3\xeb\xc3\x95\xe0\
\x91\xc8y\xc7\xd4\x0cW\x0fx\x95\xe4}\xbe\xd8\x98\xc0\
\x10\x8d\xae\x02\x06\x8d\x17\x92y\xcd[\xbf\xc1\x8b\x88\xd3\
\xb3\xa9\xf3\x12D\xdb<\xe5\xc0\x1d6w\xf7\x1c\x90m\
\xae\xf0\x8a\x86\x14\xef\x16\x87\x9e\xef'\xcc>V\x05\xaa\
g$E\xd1\xdc\xf7\x8fK\x907\xc4\x8d9\xd5\xd5\xc2\
\x1fNow\xd6\x07IU]\xfa\xca\xe9\xd8\xd1\xe3\xee\
{\x15Gx\x11c0_\xf2b\xde\x0a}=\xe3f\
\x80(9\xfb\x97Q\x03C\xa7\xc2\xe0\x0f\x1e\xef\xaf\x98\
\x93\xb0\xf2\xf2L\x95\xa1\x84\x0e\x0e\xb1\x22\x08\xb0\x9ca\
4\x9d\x97\xbc\x1d$\x05\x06\xdfX\xf4RQ\xcb\xe3/\
\xac\x0e\x87\xab\x96\x5c\x07\x84\x86[\xf7\x8b\x5ce\xaaE\
\x0f,9c\x11\x97n\xf2\xa2!G\x93\xe2\xe2y\xa8\
\xd1'\xac\xa06\xf3\xb4\xc0uQZ}\xc3\xfa\x12\xdf\
\x8b\x8fQ\x04\xd3(\xd8\x09\xb3\x9c\x16\xe1\xba/\xe6/\
z%\xfe\xb9!\x92\xe8O\xe5\x9d&\x04\xe8\xc0\x18)\
<\x0f\xccH\xc4\x05\x15pH\x08\xab\xb7\xcc\x9c)8\
\x13\xf9\xc5\x98!O!\x848l\x16\xb7\xeb$\x19c\
\xc1\xbb\xe7+\xd3\x0d\x06\xdc]\xbc!PF\xc7/\x03\
\xf6&O\xac\xb8\xf9\x04 \xc2$\x9f\xd6uf\x01\x8a\
\xe1\xa7\x9c\x90\x93\x05\x15\xff\x00\x1e\xbf3\xce\xc0\x05\xa7\
;\xf9\xfd\xe3\xeb#Y'$\xe7\xfeN\xb8\x10\x8c(\
\xa2y?\xfc\xca\x02\xac\x0cp\x03K\x16k\xcf\xdf\xf1\
\xfe)2\x0e\x80r\xfe\x988\xa8\x12\xd1|\xf4R\xfc\
\xc7\x15\x18[z\xec\xe2\x17\x09\xca}iF\x9b\xe9\xd6\
O\x82L\x85\xd8g0\x9fr\x93\xad\x17G\x80t\x06\
\xa6C\xa6\xd1^\xb3hB\xba\xdc`A\xba\xff\x00\xa5\
\xc44\x12\x13\xab\x94\x01\xdd\xcbS\xd6 \x17^\xce\xe6\
I\xde\xb2\x1d\xcc\xea\x03\xdab\xe8\x13\xd6\xb5\x83Q\x0c\
\xdd{\xeag#\xb1\xec\xdc\xcd\xd9\x1b\x08x\xf2\xe3\x03\
a\x0f\x09\x82\x85\xd9\x0b\xab\xeb'\xc3T^n \xa6\
J\xafN\x17eT80r\x9a\xabZ0\xa1\x08\xd0\
\x9f\xde8(ANpZP[-\xc2\xa5\x1f~\xfc\
`&9`\x92f\xc5E\x1e\x86\x03A\x92N}\xe6\
\x86\xc4\xe3\xf9b\x8f:\xfb\xe3\x16\x18\x84\x18\xc7!.\
\x94=`\xb6C\x8f\x18\xcb\x8f\x03g\xbc\x81\x86\x04M\
\x1e\xf1I\x92\x0a\xe8u\x97D\x16\xa5\xb7\xc6:TF\
\xfc\x07Xj\x89,\x1f\xe7\x14\x0d\x0a\x13\x80\xc6W\xac\
\x13#z\xc0ng\x94\xdd\xf3\x8b-\x85\x06\xd7\xdeA\
,\x07\xa0\xe4\x16\x8e}]bL\xb4Ax>`\xa4\
f\x0f\xf7\x80FT@h?q\x96])\x9b\xc8y\
!W\x9f\x98\x8c\x8c\xb3m\xc4n,v\xc2I\xfb\xdc\
`p\xe0s\x90\xcd\xa0\x96W8\x8f\xd5p]\xe0\x84\
\xc2\x91\xca\xe3&D\xa1\xd7\xaf\xeb\x0a<\xba\xdda(\
\xcc\xea\xbdw\x82\x01WH\xff\x008\xc41\x0d?\xbb\
\x81H\xd8\xcf\x0e\x0b\xca\x0a\xd7\xbfY\xce\xad\xf4\xf6x\
\xc2\xd63\x19\xe3\xcb\x8e\x98\x5c\x0f\x1aae\xa5\xab\xc3\
\x85Y\x10\x1e\xcf\x9c\x92.v\xf2\xe2R.(q|\
e\xacUO\x07\xcc\x87\x0dE\xae\x0c\x084\x10\x8d\xb8\
L\x80&\xb9\xcd\x80\x10M/\x8ca\x0fp\xef\xc6A\
@\xd8\x9b1\x10Sz\xfe\xdc\xe5O\x10j}\xc1N\
\x14\x89\xfd\xe6\xd5\xa4\x8c\xe7-\x8a\x8bg.9D\x16\
;\xca^\x04\xd9\x82kh\xb5\xc6Y`\xa7\x1c\xfb\x99\
\xadT\x06\xb9\xc4\xf4\xa9\xd1\xb7\x16)\x968c\xb8]\
\x86\xa6TTI\x83\xdb!\xe9\xbf\xb8\x00x\x22Nr\
\xec\x12\x8a\x84\x1c\x88cu\x03\xc6oV\x0a\x89\x91\x89\
\xc6\xb5\xe7\x22n\xa0\x04\xef\xff\x00x\x8a\xdd\x03M\xf9\
\x13_\xfb\xc0\xdcM\xaa\x0d\xee\xefz0\x1caN\xc4\
\x7f\xc9\xd6NpC\xc8\xf3\xefo\xef\xe3\x81(*\x8a\
'\x93\xff\x00\xc8\x08\x90;\xc18\xe4\x8a\x15\xbc{\xff\
\x00\x18\x04B\x87H\xee\x0f\x8fx\xac\x94\x83\x0f)'\
\x8da\xf3\x9d\x88{\xfc\xfe0\x12\xe8\x1e`\xaf\x89\xbc\
\x94t\x87\x05\x04\xfe\x1a\x98\xb5\x08VP\xe8\xfc0U\
C\xa5\xdc\xf9\x92l\x8c\xa7.\xf4\x00o\xeeA\xd0\x09\
\xc1\x1c\x1c+\x0a\xf7\x898\xc3\xddL\xf3\xab\xb5\xe4\xc8\
\x16\xba\xb0\xf5\xf7\x0f}@#\xc3\xde-\x94Z\x17\x18\
3u\x95;=a\x0c\x0a6z\xc2\xe2\x12i\xeb/\
O'b\x88\xe9\xcdP\xe4\xa5\xa5\xcd\x0f\xc4\xd3\xbb\xeb\
\x01\x92\xab]\x8f\x8c}\xfe5\xe3\xf7(\x02\x94\xf0\xd3\
\x05`I\xbf\x1eL\xd3Q\x11\xe4\xe1M\xe6\x8c\xe5\xf7\
\x84\x8f`\x87\x1e\x98\xab0\xab$\xc9r*)\xb3\x03\
&ZN}\xe0\xa8\xa6\x02Z}\xc7nWG./\
\x89x\x1f\x98\xb2\x85\xadp\xf5\x92;\xe9\x18(\xa2\xd5\
\xcb\xed\xc0H\x06\x93\x8d\xf3\x87j\x803\xfc\x0cd\xc2\
+-\xde\x18Z\xdc;}`\xadZ\x82I\xd3\x83\xcb\
6\x99C\x0d\x0a@\x17\xfa\xc94\x18\xf0\x7f,1\xa5\
$6\xfd\xc2\x91\xbd\x9e\x87\x0as\x16\xb7\xf8bT\xd5\
\x82\xeex\x98mbL\x0b\xa4\xe0\x1c\x87\xbc\xaf\x064\
a}b\xf4d_/\xbc\x9c\xc0\xc5\xdb\x8c3\x88\xad\
\xd2x\xb9\x0e\xb7&\xf4\x18O\x09%x0\x01U\xf5\
\xc7T\xac\x01[\xc6\xf9\x01cM\xf5\x89\xc4\x00\xa6\x08\
N\xd6<\xfcc5e\xe7\x92\xe0\x00+t^\x0c-\
\xe0\x0d\x1e\xfb\xc4\xa3\xe5+XA\x164\xb6\xbd`\xa8\
\xc2&\xf5\xd6\xf2CS\xd3\xc1\xd6\x03\xe0\xf4\xf5\xa7\xfc\
c\x0e\xa5\x97\xc7\xac!\x82\x8f\xdf\x1b\xc6\xbf\x0a\xf3\xbb\
w\x94\x02(\xc04!\x8e\xdc\x1f2V\x1aC\xc8=\
b<\xc4\x03\x94\xf7\x93fa\xa7\x09\xef\x09\xdd\x9a\xd7\
\x0e\x02\x16d\xa7\xceWP\xfdG\x05\x08@D\xc5D\
m\x91\xc6\x0a\xb4\xcc\x12_x\xc6\x90[NrV|\
\xa8r\xe3\x9aCJM\x0eX\xf5[M\x19f\xa8\x15\
81QJ#\xabL\x91\xe2\x03\xcd>\xe3\x02\x92\xe4\
\xfe\xb0\x9e\x81{8\xf5\x8c`654!\x80\x18\x02\
(\xe7\xad\x7f\x9cPGn\xc7S\xce3\x9a)\x1c\x80\
\x10o\x94\xcd\x92Aj[\x92\x03N\x9d=x\xc2<\
-\x09)\xe7\xe6\x08\xda\x81Y\xf4z\xe0\xfd\xca\xbf\xa9\
\x1c\xb8\xde\xbb\xa1\x9az\x1867\xd8\xbe\xff\x00\xc6\x00\
\xcat-\xa3\xccH\xefYZ\xca\x1d\xbc\x01\xf6x\xf3\
\xd7\x1c\x00 \xa2\x89\xc2\x7f\xf8\x81\x12\x06\x22c\x10\x13\
\x93\xdb\x9a\xd3\x9a\x9b\x09\xe0\xefX\xc1\x00\xd6P-\x85\
\xeb\x0c\xc8A\x8c\xb9\x87W\xc6A\xa4\x01\x9d\xbb|y\
\xc3u\xca\x0f\xb6I\xd7Gw\x11=\xd5\xa0\xaf\x83(\
\xd6\x03E\xbf3\xc6\xef\x7f\x07\x8cU\x02@I\xf7\x0d\
\xcdd\x0eC\xde@\xc9\xaaf\xf2s\x00\x0f8{\x88\
\xb4\xdb\x88\xe6\xa6\xc7I\xf7\x18\x0a)\xdb\x8f\xdcP\x08\
\x11\xd3\x10\xc4R\x17\x8d0{\x96\xd7\x00cc\xa5\xe7\
\x1b\xbc\xcb\xa8\x87\xdcz\x05\x18d0-\xe0\x96\xd2\xe2\
\x02*\x01\xcb\x124+\x06\xd7\xac\x87\x08\x9a<`\xa2\
\x1b\xd3\xbdb\x91\xea\xd5\xf1\xeb\x1a\x07x\xebv\xe6\xa9\
\xcc\xd4\xf3\xef#\x04\xdby\xdb\xc3\xf9\xca\xa7dUz\
z\x99*\xa3A<\x93\x8cj\x87m\x07X\x1cB\x06\
\xa8\x98\xa4t\xc2r\xe1\xb4\x00T\xef\xc6\x0b\xb1+\xc9\
\xe3%-V.Q\x03\xd1\xc1\x85V\xc0\x0f\xf2\xc5n\
\xa35\xdb\xf9\x8a\x5c\x03\x9a\xc0\x00\xa6\xe1\xda\xf32!\
KA&\xf0J\x87y\xff\x00\xa5\xcb\x80\x89'\xbe\xb0\
\xbe>Y\xfc\xae\x08H#\x1f\xdet\x86Vi\xc9\xfa\
\x0b]\xfc\xc4\x02\x04\x07o\x98\xba\x80t$\xfb\x9b4\
\x10\xe3F\x5c\xa6\xa4t/\x93\x1c\x9a\x04\x15}\xe2\x85\
A\xd9W\x02\x9bT\x84\x13\x09\xfbhy\x03\x08\xb2\x08\
X\x98\x07\xd1\xec\x0c\xef\x1e\xd2!\xb5/\x97-\xc2H\
\x96\x0b\x83|\x80\xa60\xc0\xa8\xbc\x9f1\x22N\xf9\xe4\
\xc1\x18M\x0b\xc1\x8c\x16\x94Y\x1e\xf1g\xc5C\xfc\xd3\
\x0e\x8a\x89.\xfc2h8\xd3e\xc9Y\xfb\x1e:}\
\xca\xcd\xd8\xbc\xebO\x18\xd50\xe4\xf2w\x95cZo\
\xf3\x8f\xe8t\x07\x87\xbcgj\xcd\x9a\xc3\xd8V\xa9o\
\xf1\x83Z\x8d\x22\xec0\x80L\xf4\xef\x0b[H\x97S\
\x1e\xa1@\xf2\xd5\xc8\xd1\x8d\xed\xda\xfa\xc5 ,\xbc\xb7\
rf\xd0\x06:0Y\x03\xa3\xe2`\x1a\x84\x9b\xf1y\
1\xafT\xfa>px\xfa\xd3\xcf\xbcG\xbdm:\xc5\
\xec\x18\xa9\xeb\xe6Q\x0cE\x1b\x0b\xc9\x89R\x94\xff\x00\
\xde!\x06\x00\xf0LC\xbeD&\x96d\x16\x88\x9d\xae\
5\x10M{\xf9\x85is\x8d\xbf}ePm\x9f\x09\
\xcd\xc4.\x81\xa2\x7fx\x8f[4\xa6\x0a`\x22\xd1p\
\x9du\xdb\x1cy\xc4\xc4\x14\x9d\xf62\x18\x95V\x1e\xdd\
,.j\x0a\x12\x15q\xcc\xee\xcc\xa4hF\xa0\xde\xcb\
\xef\xfcf\xf9@\x00\xfe\x0e\xb9\xb8\x85\x18\xe1\x0a^\xbc\
\x0f\x09\x86\x11bT\xcf'\x96\xb8~]p\x04\x82\x14\
F\x89\xff\x00\xe0\x00\xaa\x06)\x98\xd9\x0dp\xe7\xf3\x04\
$\x03\xb2\xa7\xa3\xcf\x18!\xc4\xe6\xf2\xce!\xd99\xf7\
\x87\x9c\xeb\xa9m\x85\xe0\xf5\x8d\xb4\xbb(R\xed\xc5\xf1\
\xf9\x97{\xa1J\xbbSk\xe4\xc0\x17\x9ci\xc3\xe74\
4)\xc4\x1f\xfb1\x88\x80\x1a-\xc3f\x7f\x91\xf3\x16\
\xc2j\x0e\x07\x87\x22\xc5\xd09\x0c\x02G\x12\xb4_Y\
5\x98,\xda\xe3J\xa2\x83\xb7\xd6\x03\x87\xd8\xd0\x98\x80\
\x05\xd2x0\x88\xe8E\xa9\xf38dK\x03G\xce,\
\x02\xecUr&U\x03\xa3\xe1\xc5\x1a\x9bWA\xf7\x12\
`Q\x16C\xe6\x16\x89#9\xb5\xfd&\xca\xe5\x04\x01\
a\xed\x88\xbc\xc2\x0f\xfd\xb8\x0b+\xbdn\xb1gg\x8a\
\xdd\x5c4\x91W=\xfb\xfc\xc4\x90\xc9\xad\xf0\xfb\xc5,\
]\xf9\xba\xff\x00\xa7\x02\x9a\x9b\xb7}b\xa0\x86\xcd\xf7\
3\x7fx\x88x\xea\xe5\x13\xadBq\x80\x9a\x83\xb2E\
\xc3\xda\xe2Ww\xd6)Wku\xde6\x90\x8a\x06\x8f\
\xb8\x01\x84#\xe0\xf2\xcf\x10lN\x0f9\xb8\x0a\x8d6\
\x996\x81G\x9bp\x09$\xe0\xe5\xf1q\x06P\xdaI\
\x82\xde\x1d\xcal\x99\xc3>I\x9d\xb0>\x1c\x13\x9b\x85\
j2}s\x8b\xba\xcdOk\xeb8\x8d\xf6U\xc4\x08\
\x1c\xd7\xbf3\x12(\x8b\x04\xc6\x93P8\xd6\x01\xb1\xd8\
F\x9fx+,+\x93\xef\x05\x8a*\x8e_\xb9\xcf\xb4\
0A\xf4\xe4Sy\x0aRq04\x94\xbb\x0fY\xc7\
H\x84D\xf6\xe6\xfc(\x00\xde\xf0\x0a \x92:\x17\xc9\
\x84\x11 Q\xb7\x05\xe9Av\x9f0\x90\xf9i\xadx\
\xc5@\xd1\xec\x06>\xc0\x1b\x22`\x0a\x15\x1e\xfeq\xeb\
\x11\x10\xda\xf5\x88\xf8@]>0\xb0\x03o\x83\xa3!\
\xd6t\xbe\x1e0\xc3SF\xf5\xdf\xcc\xe8E\xd3x\xf3\
\xbc\x89\xc4@\xb28\x0b-\x0aB\xe2N0\xf2\xb8\x00\
'\x10\xbdf\xea\x03\xa7\x838v\x03\xb7\x06\x19<\x11\
\x9e\x5c\xaa\x1d%\xff\x00,\x99\x90X\xbd\xe3@@X\
\xcf\x98\x1b\x9c\xae\xf51\x93#\xaa\xf5\xeb\x13\x84\x9eM\
\xfb\xc0\x80@py\xb8\x99Gm\xf8\xc3\xa0\xd4a\xce\
\xb0&m\xb0\xc4D>:z\xcaP\xc4\xf4\x98]\xc8\
\xadqp\x81\x0eb\xe9\xb9#\xbdU9\xc4f\x10Y\
\x95\x92\xda:\xd3\x19\x11\x10\x1f\x1eqI!\xe4s\xf9\
\x8e\xccf\xd9\xcf\xac\x88*\xef\xeaq\x8c\x80\xe8\xdd@\
\xc2\x00.&\xbd\x87\xe6\x0f\xe9\x1dn\x85\xa5=o\x00\
\xa5\x02H\x1e\xbf\x7f\xd62\x9eE+\xe8o\x17\xd6'\
\x0e@\x9c\x1b\xaa}\xc0l\xc4\xec\x13\xb3\xce\xf1\xf5\xef\
\xd0\xd5\xaf'~\x0f\xef\x5c\x00 \xa2\x89\xdf\xff\x00\xe6\
v\xb0mpBvhp|\xbd?\xe3\x04@\xe9\xd3\
\xca\xbe\xb1Epp\x85\xd8\xdbz\xfer\x03Y\xef\xb4\
l\x9a\xe2\x1b\xcd\x8f\x7f&\xd7z\xdc\x9cL\x87)&\
\x89,o\xb7\x07X\xdf\x9a\x03b\xf7s\xa8\xe0\xf4\xf7\
\x91P\xa8\x1e\xdf\x98\x81bZ.\x14j^}\xb8\xe3\
\x16&\xab\xa4\x9b\xc0\xba\xc2\xd6\xa8`\x02T\xd15\x80\
\x12\x80\xa3o\xcc-\xf1\x17\xbf\xeeq\xac,D\x9dd\
\x12\xde\x0aP\xcb\xd2A\xb7_0\xb7\x01x4|\xe4\
S\xe4'x!\x0b\xd9\x8e\x9c\xaf\xbb\xba\xe0<a\xbf\
\x98\x95\x10\xc7Z\x84\xed\xbe\xf1\xda\xea6\xb5\xf3\x89=\
\x00\x8b\x05\xc2x\xc6\xcc\x05\x91\x1bw\xe1\x96\x99\x9c\xde\
\xbb\xc0\x15U\xa4\xe0}\xc1e\xf6\x228\x1d\x7ff\xbf\
\x1fp\xc5\xd8\xd9ysh\xbcu\xbc\x99\xa4\x07\xdaC\
\xde9G\x8f-Lh\xc9\x0d\xad?2\x87(\x8b\xbb\
\x85Jm\x81\xdd\xc1\xcf\xc0\xa3\x8c$l\xc4|FI\
D\xe8\xbe;\x98\xf7\xe9\xa9\x1c\xcc\xb20\x0cw\xf79\
@-\x0e\x97\xc6ARZ\x9c\xb0\xa2\xa7\xc8\x9b0\x92\
\x0b`\x7fnR\xe3\xf0\xd7\xb5\xc1\x08H\x09\xd7\x9c]\
\x9cH\xcd\xb9@\x80\xa4\x5c.\x08i\xa7\xbf\x17\x12\xda\
\x05Y0\x0a\x0e\x0a\xf0\xfc\xcd\xf0\x5c;o\x9cn(\
\x86\xb9\xd77\x22M\xbc9\xc5c(\x81\xfdLD\x05\
\x14\xa1\xf5\x87\x92g\xc8\xc84\x0c\x06\xfe\xb0\x16e\x01\
({\xc9\x82\x8aq.\x10\x01\x01F\xdf\x98T-/\
g##\x0bM\x12\xf0\xe4(\xa9E\xd8f\xc7@\xa7\
X)cDl|\xe5\xee4\x86\x97\xdeC?\x08\x1c\
t\x90U\xbf\xe3\x0aW'm\xfaL1\x1cPx\x1e\
\xf0\xe0\x8f\x81\xb0|\xe4\xdc\xe4\x16\xb7\xeb \x80\x8b\xdf\
\xce\x1c\x86\xa0y|`\x00\xc0E\xeb\xad\xe2\x03\xc6\xdb\
\xc1\xe3\x22j\x88\xbc\x1f1\xa71=\xb8\xa4\x06\x12\xad\
qTF4\x5cD\xd4\x1b\xa7\xff\x00q*\x1d\xdd\xb9\
\xf8\xc5\xf7T\xf2]\xe3\x0a\xb9H\xff\x00\xbc\x1cQ5\
\xbe\xfb\xc5\x13\xf9Z\xff\x00\xa7-:&\xdc\xbddB\
\x9b\xa7~\xb7\x9f\x82\x87\x03\x00*8+C\xee\x07l\
5K\xa7\xe6\x00!)\x0f7\x11J\xd5\xafw\x0b\x91\
\xd4\xd3\x02a\xc8>\x03\x01\xb4\xe2\xaf^\xb3\x80K~\
\xb1(+4\x9b\xde\x0b*\x89\xb3\xab\xe34\x09C=\
\xc5A.#\x96\xd8\xe9\x9a\x86\x0c\xd3\xa3\x99\xc6\xee\x07\
\x96\xd2r\xfd\xf1q\x95\x94R\xa3u\xfd\xf3\x97\x0d\xae\
\x90)\xa1\xe7\xdf\xf5\x8b\xf0n\xb5\xbe\xbf\x9c\xa1\x00}\
\xa9\xe0\x5c\xab\xa7\xe5\xd7\x08\x05\x08\xecN\xff\x00\xff\x00\
#$\x83\x975;4\x0d\x87#\xef\x02(\xa4f\x9e\
\xfb\xd90\xd3Ur\x92\xed\x1e4b\x9a(\x80i\xd8\
\x9c\xf5\xfc\xe1\xf4B\x85\xb1\xb2t \xdc\xab\x09\xa5\xa3\
Z\x0e\x04\x86\xb1=\xee\xb6\xab\xcb\xcf9\xb6~\xa8\xe3\
\x18\x09\xea$\x87\x9c\xbf\x9a\xcd\x1c\xe2kAFv\xc3\
to\x89\xdf2\xe6\xa8\xa1`\xe3\x08\x9b\xee\xc9\xfe\x0c\
\xea\xa7\x81\xcb\xdejp\x81\x95\xf6\xb9\xba\xf3t\xe7 \
\xe1x\x1f\x98i f\x8b\xc7\xac \xd0$q\xf37\
 WnW\x8b\x84\x81B \xe5\xf7\x89\xe7\x18B\x0e\
K\xcdv\x8aO\x06$\xc5\x08\xdd\x87\x8c\x07\xbe\xc0\x22\
{p\x095\x81i}\xe2\x094'\x03\x81\xd0\x0ar\
\xfc\xc2\xb56\x8b\xb68\x993\xdfO\x93*\xc9]\x06\
\x87\x9d\xe4v:\xa4G\xbcR\xc2u\xbf1\xe3\xeek\
\xf4v\x1b\x5c\x0b\x8d\x0e\x97\x9f\x1b\xc4\x17\x1e'\x03<\
\x15\xd8\x7f\xc3*\xd1\x1d\xd8\x15\xe5H\xe5r\xfc\x05`\
wp\x8a\x99\x02d\xc6\xa0\xd0\xfai\x8c\x80\x1a\xe7n\
9\xc9\x1f\x16`qH\x7f\xf5\x9a>E\xae0^s\
\x1d\xf9\xcaA)\xf6\x1c\xbb\xaa\x80\x8f\x1e\xf2\x84 \xea\
\xeb\x04\xdbd\x80\xf8\xbc\xe7\x84N\x8d\xb8\x89\xb4\xdb\xe5\
\xf7\x946\x9f\x87\xa6HZ\x95d\x8eB\x9a\x86\x9b<\
`m\xb2h\xeb\x16H g'\x9b\x81\xe1\xd4&\x9c\
E\x16\x09\x1c\xfa\xcb\x90\x95c\xfa\xc7\x1d*\x8e=d\
stY\xfeY\x0bR\x16\xb8\xc2\x16\xca\x8di\xf7\x86\
)\x00\xb3\x1b^\x97\xcd\xc5\x85\x12\x11\xf9\x9a\x80%\xa2\
\xcfXo\x11$q\x8e\x81A\x11\xb3\xdeX\x8f\xc1\xfe\
\xf2\x91X\x1dA\xca\xb4\x02\xa3\x9f\x99U%0\xe5<\
d:\xf2\xc1\xd5\xef\x17`\xf5x&H\x01Hh\xdf\
\xac\x8c\x93\xe1\xe5\xe77\xc3\x02#w\xee\x00K\xd3\xa0\
\x93Y'\x0a\xd7\x80\xf5\x82\x01\xd1\xa6\xc3\x1e\xf8\x18\x1b\
>\xe7\x00\xc8\x00\xd2\xf9\xc7\x89\xaa<\x0b\x838\xf2\x0b\
\x8d\x0d\xb3\x0e\xd3\xe6#\x94\x15\x1eLc\x8a\xe8\xbc\x1f\
rY\x88\x22\xc9\x88`M;\xdf8\xe9\x0e\x04\xbc\xbd\
`\x18)t^|o\x08\x94-\x1e\x0e\xb0\xaa\x06H\
.\xa7\xcc\x00I \xec/\xfa\xc7\x22\x05\x22\xee\xe4\x0a\
\x0a\xda\xdd\xc8\x22\xb0Q\xd6)\xab\xee\xd4\xc4\x13\x00\xd6\
\xfa\xf5\x9c\x00\x9b\xa5\xdc\xc4f\xc9(\xe2\xf5\x15l\xba\
\xb8\x8a\xa0\x8d\x0b\x88\xaa_mdPmO\xd9\x87\x84\
\x1d\x87\xd6L\x0f\xe8\xa1\xa2\xdc\xbc\xc1\xc2XZ\xa4J\
\xf2\xe9\xc6D\xee\x8ei\xa2\x07\x1c\xff\x00XX \xd3\
\xcfz\xd3\xc3\xce\x0c[\xc8V\x0f\xe2O\xf7\x8dQ\xb9\
\xbcK\xaf\xe8\x8f\xcb\xad\x82 \x8d\x1e\xff\x00\xff\x00\x11\
2@\xcd!p*\x97\xaf\xce\xfa\xc3{J\x85G\xbc\
\xf5&)w\xc2@}\x1e\xe4\xb9\xbd4\xd2\xc4n~\
q\x95\xa1-\x85V\xc0\xeeL\xb4M}\xc2\x9d\x9f\x8e\
3@;6\xb7\xde\x06\xc0$\x8e\x8e#\x08\xb7\x0d\x06\
4\xa5!\x1eg\x9c\xd2QY\xa6\xdc\x8e\xd7\x04\x1d\xf9\
\xb9\x1a\xf9\x8e\xfc\x5c\xd7\x90\xaa\x98\x12\x9d#M\x9e0\
M\x8d\xe1\xb4\xb8+!\x02\x1a\x18\xba\xc9(M\x5c\xd4\
0\x08\xef\x16e)\xb1\xc3\xe3\x1a@\x0e\x19mm\xdd\
\x0d\xf8\xb7\x17\xd1\x11\x1f\xdeV\x84\xd1\xd9\x93}9%\
\xb8PP\x13\xb3\xd64\xdaR\x0d\x9f\x5c\xb1\xb5\x04\x9a\
>\x99c\x1bI\xd3\xf3,\x12\x0a\x8a\xbf\x1c\xd1\x14_\
$\xf1\x88*\xd2\xc1;\xe1\xc5\x08\x00\xa9v\x18*\x84\
\x83doY\xaa\x07\x93\xdf\xce8\x83\x11\x06\xdb\x81M\
\xac\x1c\x0e\x14;r\xf4`\xf8h\x8b\xb0\xf12\xf2\x01\
\xd9\x8a\x10\xa1\xb2\x97\x15\x80tS\xde\x04\xc2\x02\xbd\xe4\
\x9eX\xf2\xe7\x08\xe7\x8b\x9eL\x22-\x18\x19\xac\xbc\xe4\
\x88\xb2y\xb8\xd2sj:\xfcdv\xb4e\xdd\xc5\x10\
\x83\x86\xef\xd6\x12\x93^\xce\xba\xb9\xbb^\xae\xf5\x84\x80\
\xb1\x0d\xf2z\xc4\xa8ut\xbbs\x8c\xae\xb3\x9b{\xce\
\xc5\xdc,\x93\x00\xcc\x19\xb5\xff\x00Y\xb0\x13\xfa'X\
8lFtupL\xe8@\xf1\xed\x88)L\x078\
D\x22\xd1\x11\xbe0\xad\xa5U\x9d\xe0\xa2\x961#\xe2\
\xfb\xcdc\x13i#\x18\xaa\xc3c\x83.n\xc8\x9c\xfb\
\xcb\xb8\x10\x14\xe4\xf3si\xaa#\x97\x16\x8e\x1d\x1f\xd6\
!\xe1E\x8f\xeb\x14\xc1\xcb\x1c`(\xab\xd1\xee\xe1\x0c\
u:{\xc4>\xa8].\x15\x80\x0d\xa6\x01\x0d\x05\xf2\
=\xcc\x16\x0eH$\x9eq\x82\x87\x9ah\x9f\xef\x0c\x01\
\x02\xcf}e\xa2A\xb06{\xce&$Gx6\xe0\
\x8b4=f\xba`\xd8S\xe1\x80`\x14\x05\xceI\xd0\
\x18\x0d\x9fr\x0f\xa6\xa0r\x1e\xf2\x062\x95\xa2\xe4\x1f\
0T\xdb\x9b\x06\x04\x1d\xa7\x89\x95\xaf\x01G\x13\xde@\
\x86\xe3\xd81\xcb$\x0d\xa7\xe3\x01T\xdc{\xf9\xc7M\
\x15\x06\xef\xde\x0e\x1c\xfb \xf8\xc6c3s\xa3\x22K\
F\x1e\x0f\x98P\xdcj\xe6\x85\x02\xd1n\xf2\xcc\x04\xb5\
3xv\x92\x1b0\x11;r\xeb\x1f\xf2\x0f\xd6B\xa0\
\xba\x5c@t&\xb7\x8c%\x0bO\x18\x82\x84\x10\xb9F\
Ye\xee\xe0k\xd2s\x9b&\xe9\x13+y\x1a\xd8\xfe\
g)\x86\xb0OW\xf1r\xc0\xfe[*kA\xc7?\
\xce\x0bn\x93@\xbd\x94M\x7f\xef\x04\xd2\x9a\x12\x8e\x9b\
\xd6\xb1\xd0-\x18\x9b\xe1\xc6\xf5\xac+\x8a\x81\xa2\x9e\x15\
\xe5\xf4\xfc\xbc0\x22Q\xa3\xff\x00\xf8\x09\x92\x06=8\
\x8d\x9e\xceO\xb2\xef.\x80H\xee\xf7D\xb0\x9c\xe5\xe0\
\x03\xd9\x9e\xeb\xce\xa4\xc0}\xc2h}&\xd9.w\xa5\
N8w\xdf\x13\x8cTN$\x0f\xcbMF\xafY\x0a\
R\x8a\xd4\xf7\xbc\xefKu\xe7\xbb\x86\x01I\xa3\xa1\xc9\
OQ\xe5\xa9\xeb\x1b\x9b\x8c\xdf\x8fY\x1d\x11c\xb9\x84\
P`\x12o\xf9\xc0\xbfO\xafL\xd2\xc9\x95_\xf5\x9b\
%WM\x86>\xc8\x0d\x1db\x18\xa3\x00\x9aLo\xd9\
A\xe2\xe21\x1edn\xf8\xca\x8a\xd8\xb6\x9b0\x17$\
I\xfd\xfa\xca\xefS\xa0u\xf7\x0b\x18hO\xfbr\x9b\
\xad\x19\xca\xe3\x19sao\xfcd\x16AO\x1e\xae\x1d\
1\xbb\x09\x80Sn\xda\xd1\xf9\x9d\x8f\x05\xe1\xf8\xc6 \
\x01G\xf4\xc0$\x97\xcb\xf3\x22\xbd\xcc\xc4\xf4\xe2\xb5\x0d\
\xda\xf0f\xc4\x84\x82\xff\x00X\xec\x19\x1d\x86\xd7\xceY\
\xa3\x11\x1b\xb7\xce\x0a\x83p\xbc\x0e\x0bG\xd9\xf1\xe0\xc4\
 ,=\x83\xc4\xc5e!\xd8e,@\x03\x81\xf3\x96\
)\x16\x8c.\x13\xc6\x07m\xc1\x07\x0a\x81\xb4\xf9\x8f\x93\
A\x8f&8\x8d\x94^\x0c8\x84\x22\xc9\x85\xb0\xa9\x5c\
@INJ\xe4L\x84\xd3\xe5\xd6G\xd2\x17\xd3 \xbe\
\x97\xa7\x04\x953O$\xc7\xb4\x8aM\xb2=\x11\xa2\xf7\
s\x90{\xf6\xd7\xfd8*\xb39=\xf5\x80(\x87\x97\
~\xb2U\xc4\x9aw.\xael\x0b\xc47\xad2G\xa0\
;\xf7\xf3+a\x0e{\xb8\x9e\x1b\x06\xf3{\xcbP\xa4\
P\xfe_:\xc0\xf4\x03\xb7Yd7\x16\xb6\x18\xd3|\
\x03[O8()\x00\xd7&.\x810\x9ap\xe1\x85\
\x04n\xf8\xc4\xb6\x8a\xc7\x8e\xb1\xe1\x04,a\xbc\xa0\xad\
p\xc1\xab\x10D\xe0\xf3\x8e\x90\xa4<\xb0\xa4L7\xb6\
\xd8\x81\x0f\xd1\xbc\xcc{\x7f\x88o\x8cA\xde\xf2\xa2\xc9\
\xd4\xc6\xc08I\xe3\x09\xad\xf0\xdf\xdb\x81\xb2\xaa\x0ep\
n\xd4\x9b \xfa\xc16M\x85\xb7\x07HB\x9c\x98g\
\x14`$\xc9\x17\xa4,\xd6\x09\xd5\xdc$\x1fy\xad\x08\
\x0a+\xeca\x1e*@\xdf\xccY\xdc4C\xc4\xcd\x1e\
\x98\x17\x8c0L\x15d\xf30\x12cQ;\xber\x92\
\x0e\x03\x7f\xce1T\xf6xpA\xe0\xfe\x17\x83\x10\x08\
\xb1\x0e\x10\xf11\xa2\x08\xcb\xaf7\x01}\xe4\x05\xa5\xc4\
R*S7\x82\xda\x01\x5c\x02\x22\xa0\xe5>b\x0dF\
\xf3\xd6R\x97U\xf01Sb\x04\x1dLB\xd0\xae\x9e\
\xb2H\x04\xd0\xf5\x83!\x15>\xbc\xe6\x80l\xce\x9c9\
\x8e\x927\xac\x07[\xae7\xab\x8b\x90\x83\xa1\xcb\xfe\xef\
(U*F'\xd1\x8eEC\x00\x83\xe4\x13\x7f\xf5\xc7\
,7\xa6\x91\xc8\xafZ\xd7\xe6h\x01\x22I\xb5\x83<\
k\x19\x97Y$$\xde\x9eI\x8e\xa2;\xa2\x9a\xa6\xd7\
t\xfc< \x89F\x8f\xff\x00\xec\xcd\xe0\xc7\xb8\xa4\xca\
\xf2/\x92\x9f\xf7\x95\x16\xdaT\xde\xd3z)w\x96\x05\
\x22\x80\x9e[\xc3X\xceaF\x11\xca\xd5\xbaL, \
A\x93\xd4\xe1\x84\xber\xd9(*\x99 x\x8e3\x5c\
\x16\xa9N\xf2j\x95\xd2\x7f\x9d\xe0\xf2\x9e\xce\xf26\x18\
1\xef\x13\x87\x9f>\xbeb\x0c\x9d\xdeF\x032\xba]\
\xccI\x08\x0d2\x0f9m\xd7\xfd8\x04\xae+|\xe6\
\xccY\xd3\xb0\xc8\x01\xe2\x8e\xe7\xbc\x80\xa8B8\x98\x0c\
h\x8e\xdc_YC\x13\xd8\xbc\xdccx.\xdb\xc6\x00\
\xa0\x83\xc7\x97\x05z\x01\x93\x06\xe8d\xc1\xc1D%\xb4\
\xdb\xe7X\xac\xb8\xe0\xe5\xb8\xa5:G\x87\xee\x1f\x88\x11\
S\x09\x04\x8f\xc0\xf3\x8e(T\x1e\xc6\x07!\x12\x9d\xb0\
\x88\x05\xf2\xfc\xb8\xc5\xcb\xa3\x84\xeb*\xf0n^\x13\xd6\
O\xb1H\x9f\xden~\xe0o\xed\xc0\xdaG\x07\x9c\x90\
b+ \xe2\x99\xa3\xb0\xa7\xc36\xf0\x8f)\xeb\x1dB\
\x88\x0d\xb0\x03\x86\x88\xe42\x0f\x1a\xa1\xd1|\x99\x04L\
\x16m\xc8\x10\xcbJ\xa6\x16\x9f\x0b8O\x18\xc0\xaaT\
]\x06D\xd0\xd1\xd8\x98\xd2M\x0e\xf76\xf6j\x1b\xbc\
t\x80\x16\xc8\x5c\x07\xc2\x0c\xb7\x9e\xc2_\xf0\xc2\xb8\xa5\
\xb7\x93\xfdb\x00&\xd0\xbcy\xde\x0a\xdat\xb282\
@\xb9\xb7\x86hJ\x8c\x0fw(\x9e\x03\xcb\xd67\xc9\
\xf4\xec:\xc6\xd7\xa7\x1b\xd6\x98C`\xab\xcf\x9c\xa1F\
\xb9\xef\x8d\xb9\x1at\xf3w\xf5\x866\xd6\x87X-\x80\
\x1d\xbf\xd6K/\x18.\xc38\xaf8Gs\xde&\x8a\
0\xdbR`\xbe\xe4_\x05\xc9\xb2\x02Ww\xc1\x91\xd9\
\xda\xf9\x5c:\xa2H\xea\xe1\x94\x18\xfa\x065\x95\xa6\xdc\
\x861s\x08\x8eS\x18\xa2\x023\x9f\xb9X\x05S\xa2\
\xf8\xb9\xad\x00\xa4\xe1\xcd\x15<\xa58\xf5\x82\x90I'\
\xf7\x8ai\xd9\xd7\xd4\xe7\x03HI&\x22\xdd\x11\x9c\xe7\
\x09\xddT\xe6\xb8\xb0\x85O\xf8r\x1e\x89\xdc\x93&\xee\
\x03\x8e0\x93\x8a\x9cs\xef4Z\x06\xca\xbe\xf1G\xd8\
\xe9\xce\x10\x0a\x95\xfe\x18\xcf@UG\x07\x8c\x90\xd4p\
\xe3\x160\xedM\x87\x9cFd\x10\x1f\xdb\x80x\xc4\x86\
\xb16\x0c\xb4[|d\xbau\x9e`\x9cch\x01\x82\
'\xdc\x8a@\x80\x9c\x1e\xf3q\x96\xc0t/\xac\x1d\x00\
\x85\x1b~b\xa7\xb2^Jc\x0e\x89\x14\x10\x9e0j\
\x16^\xc1\x8c\x82 \x8b\xacA\xf2\x1c\xa7x\xcbD\xa1\
\xac\x98\x01X\xeb\xfb\xc4\x19\x1cAh\x9e\xba2\xb7F\
\xd1\xce\x90#\x03\xde-)o\x121^\x00\x1av\xb0\
|\xff\x00\xef\x04\xa4f\x12s]\xdfX\xb8t\x11\xb6\
-\x87\xe6\xb0\xcc\xaaL\x1d\x1d`Uu\x1b\xb7\xb1\xf2\
#\x8a\xc6\xdbCQ\xfe\xc0\x0f\xc3\xad\x83Jq\xff\x00\
\xfa,\x90a\x03\xa1\xe0\x09\xd2w;\xfc\xfa\xfaP\x97\
\xa6\xcd<jf\x8a\x9aq\x0eQ{\x0es\x81\x96\x19\
\xb7I&\xb52S\x1f\xc8n\x8b\xcd'\xc9\x80,\x00\
\x95\xbe\x960\x82\xf7\x83b\xda\x0e\xd3\xe6\x1b\x05-\xbc\
\x98\x9aH]-\x9f\xb8\xccE\xa1$p\xea\x04+\x89\
6\x82\x96\xeb\xe6\x02m=\xf2d\x09\xd1\x8e\x87\xdc\xe0\
\xfcJlpn\xc1\xed\xac\x10\x1a\x88\x97\x97\xac\x14\xb5\
5v\x9f|d\xf8\x0f\x0f\x06 \xa6g-Lpf\
\xcd:\x5c&\x07\xc8\xbc\xdfX\xa8\x01i\xbb<c\xb3\
$\xa1\xe3%Ukm\xc3s\xd3\xff\x00\xe0\xcd\xe8F\
\xc7\x7f3\xcc\xd9\xa7\x9fx\x89\x9a8\xc7\x17\xc64\x1c\
\xc1\x5c\x19Gv\x17]y1\x89@(\x9c\xa7\xccQ\
\x82\x12\x96\xe1\x95AS\xa5\xf1qQF\xf0L\x104\
;g\x09\x9ay\x81&\x0b\xa0\xe1:\xf3r+B\x93\
\xfb\xf7\x8as\xaf=\xaf\xac\x8a^\xc1}b\xb7\x0e\x7f\
\xc3\x86\xc8\x13P\x93\x1d3P\xf0\xfca^\xa5\xd1\xa7\
\xde4\xd0J\x15~`L\xa0\xa8\xe5\xc5\x9c\xe4I\xa1\
=\xe6\x88\xba\x85(z\xc8\xa0\xc0\x8bI\xf37\xf1\xa0\
&\xc7\xceW\xce46_x/F\x91\x16\x0b\x86\xa3\
\x0ar\xfc\xc4\xad&\xc5\xda|\xc52K}^\xf1\x01\
\x07\x9ch\xc1\x1a@\x13#\xe3\x1d\xf8\xe9|\xe9\xce1\
\xeb\x2297\x00\x84\x1d\x0b\xa7\xc6\xf0\xe2\x8fj\xeb\xd6\
1\xcaw\xce#\x03\x9a\xae\xbb\xc8\xfb\xba\x03\xc1\xdeF\
\x08h\xbc=\xe7\xc7g\xae\x1e\xb1i\xda\xd7\xaf\xdc\xe6\
x%w25a\xd3\xc6\x1bv$\xde\xb1h\xe2*\
x\xc0\x1b{\x10\xbb\x5c\x12\xa3\x9b\x1d\xdc\x08\xcb\xa9C\
\xab\x9d$\x87n?0(\x0b\x83]\xcc\x81\x15i\x0e\
\xe7\xbc\x1db\x1f_s\x9a\x94B\xe9|b\xd1\x9c\x85\
\xe6\xfa\xc2\x87\x1e\xc4\xd8\x9c`I\x80\x08M{\xc3\xb0\
\xf1M{\x5cU\x9dH\x9dz\xc5\xb5&\xc4\xdb\x9aL\
\x1bN_\x18\xa5;\xb5\x8d_\x17\x11\x12\x0d\xbd&P\
tAM\x98\xcc\xb6\x00\x9c\x87yH\xa0\x0dry\xcb\
\xd9\x14\x8ep=\x02$b\x8c\x95l\x9f\xd6!c\x96\
2\xa6\x1a:\xe1\x83J\x98\x93\x82\xf3\x83\x1a\xfc\x89\xcd\
\xf5\x8f\x06F\xc3\x9cG#}\xdef3 \x91\xba0\
#!\x9c4aE\xda\x03\xc3\xec\xc0  ,\xab\x86\
{\xdf\x93\x15$$hk\xe3\x88\xd6j\x8c\xa4\xc4\xb4\
\xa1\x17X4@\xd9\xe5|\xe3\x22'E\x98\x8eSy\
\x89'C\x99\x90p-\xc3\x11\xbf\xc9\x8c>\x96\x98!\
8\xfe\xccz\x8a\x0a\xb0\x17\x8c~\xcb\x00a\xce\xf9z\
\xc6\xea`\x89\xac\xa3\x01a\xe3,\xf1\xb5\xa0\xe8\xe93\
b \x9e\xc1\xbe_\xbf\xd6V\xa9\xb1\xbc\xebt\xc0h\
\xba\x19\xbf\x0f\xf8?\x0e\xa46k\xff\x00\xf8\xcd\xe0\xce\
ok\xb4i\xd4\xe5\xf3\x97\xc1\x92\x1c]\xc5\xe3p\xc4\
\x0f\xa97\xd6i8\xb3S7T\x8bI6\x88\xe95\
p2\x14p\x1b\xd9#8\xc7G\xe6RK\xf4K\xf3\
\x0de\x90{8h\x89Pv\x9e0\x9eqD\xf1\xef\
&\xc5\x0d\x0eA\xef8\xd3\xa13~\xb0_\xc8;[\
\x84\x80\x0c\x0d_\xcc|\xb7\x0b\xd4\xfb\x82uu\xb5\x03\
.\x17\x05\x190\x9e\x0a\x9f~p3\x90\xd9yn\x12\
\x08\xbe\x86q\xb9\xf2p1\x8f8\xc5\xeb\x0d\xec]\xdc\
\xb9\x04\xaf\x87f\xe5\x10\xa6\xf3w\x8d\xff\x00\x18\xaf\x1e\
0\xa9\x1e\xfe1H\xc4v\xe5\xf3\x14\x04\x97\x83\xbb\x89\
'\xbbN\xef\xbc`\xf1hu\x86\xa3\x0e\xf2\xd4\xf5\x9e\
\x13b.\xe7\xac\x80\x8829\x98\x82,\x87\xa2d\xf7\
\x06\xb4\xea\xe2\x96\xe2\xd4\xe1\xf5\xe7\x05\x02$\xac\xd9\x8c\
\xa4\x11C\xfc\xb8\xc4\xcf\x96\xbfX4J\x81=\xe5Q\
A\xc0m\xb9\xa6A\xc1n\x09\x03\xa1\xef\xc6Z \xb7\
&\x10\xd8\x94p<\x9b#\xb7\xb9\x92p\x02\xce\x19=\
\xbdu\xde2\xc0\x12\x88\xfc\xcd<\x1bJ>b\x90\x84\
|\xcf\x98\xa2%\x08\xd9\xedp\xb8\x9d k\xeb\x91~\
I&\x9f\x99\xc1P\x14[\xf3\x08\xc2\x8b\xe8`\xea\xda\
\xd3D\xf7\x8a\x03z\xa5\xd8\x19\xa9\x00i\xb2`\x04\xa9\
\xaf\x9aK\x9a\x9f\xb1\x0d\xae\x02#\xce \xe4\x0a\xd4\xaf\
\xfa\xcd\xca\x09\xa7\x7f\x8c\xb2\x03`\xf3\x93\xe3E\xd7\xbc\
\x931\x85H\xe2D\x09\xdb\xfe,aD\x18\xb6\xb9\x00\
\xa6\x22\xf2}\xcd\x1eGO\x06O\xe2\xc0\xaf\xf8c\xac\
\x88my\xf3\x83\xa2T\x8b\xbb\x8b\x01\xf0\x0e\xef\xbcD\
\xd5\xc8:\xb9E\xb5vy\xc2\x12\x0d\x04\xbb\x98\x07e\
\xbc\xb71KP\x1a:\xfd\xc1)\x06\xdd\xd5\xc2Mt\
v\xdd\xc5E5\xf5sV\x84\x14<a\xd2x5\xd6\
8\xd6\x9dzz\xc7\xc2\xf8y\xcc\x1a\x04\xd1\xed\xbb\xb8\
&\xdc\xdb<\xbcb&\x09)8\xf9\x9d\xde\x81\xe4\x18\
\x1b\xb9\xad\x1d{\xc5\x04\x93\x00q2\x95\x01\x8cN%\
EM\xdcB\xb4\x8a\x83\xbc\x1e\x04(\x18%\x85\x86\x9c\
\x1ep\x038I\xd7\xcc\xd8p#9\xd6\x1ak#e\
\xb8\x9c\x11\xc8|\xf8\xb8\x0e\xe2*\xe91\x8f\xb0\x118\
\xcb_D\x09\xcf\xbch$\x8e9\xcd\xb2\x7f\x0es\x80\
\xd2Et\xfc\xc5#:\x85\xfc\xc2*\x00q\xc3G\x0a\
\xf4\xd8\xf9\xc2\xf0u\x98\xed\xc9kGX\x09)\xd5\xf5\
\x95\xc0*\x1eq\x17\xe0\xccin\xcf>0\x97\xc0\xd9\
\x81\xa83\xce\x19\xad\x8f\xe4\x04\xf9\x90R\x05\xa2A\x1a\
\xbf\xe7!UW'\x07\x9e\x9f\xfd\xe1pK\x15\xb1\xbf\
/\xdf\xeb\x02\xc6\x80B\x8d<\xe0(\xb0\x11\xaa\x0fg\
\xbc\xd92\xeck\xea\xbd\xf8\xbf\x1cq\xcf\x18\x8a\x04\x8d\
\xc5=\xbf\xe3\x1cX\xe7ae\xd0vw\x91'\x93\xd8\
[\xab\xd7X\x1f\xa3\x81\xe9\xc9\xc5\xeb,#P\x81\xb2\
\x8d\xf0\x8e\x00\x91&\x0a4\x87\x0f\x17\xbcB\x16UN\
_X\xa4\x05*\x9b\x7fr\x84\x85]\xab\xeb\x14\xa5e\
\x82\x07\xdc\x01\x90\x7f\x034\xaa\x90Z\xdd\xeb\x12\xeaI\
\xa7\xf9d\xd4CC\xce\x03\xe7\xcd4'\xbcY\x94)\
\xd8\x18\xf3\xb0\x02d}`\x87tf\xbb\xbc\x5c6w\
\x80\xaa\xe1\x14`\xa0\xbaO\xb9\x15\xfe\xdf\x07\x8c\x07A\
\x88X\x87\xccC\x88Jw\x8a\xf2$\x9eLh\x0a\xba\
\x1b\xc8\x8a\x8d\x0f\x19\xb6\xc6\xf5o\xf8b\x8bC\xb7\x86\
Jk:6}\xef\x08Z\x22A\xd8\xe5\xe2u\x10\xea\
\xcc\xa1\x9a\xbc\xb9>a\x02\xd5\xe4\xff\x00L\x01\x96,\
\x82\xcckj\x01\x1c~\xe2\x85\xa6\xd2\xe9p\x0em\xb3\
{\xbe\xb0\xe8O\xd0eS\x8ci\xfe\xf26M\x91\xf1\
\xa7\xfc`,\x07C\xe3\xd6=\x1c\xd8\x9b|\xe0\xcbd\
\xb7\xcb\x8aA-\xbd/\x8b\x81\xe0j\xd3\x8c\x97$\x83\
M\x98\x1f\x92\x90:\xf3\x94\xa9\x90k\x93\xce\x0f\x07P\
Nq\x8c\x90\x827\xf3\x00\xdd\x8a\xaa\xfe\xb2J\xb8\xb1\
\xc7\xfceE\x22^^\xd7\x05(b\xd6\x8c`\xa5\x13\
\x8d8\x0b\x02\x1bK\x83l\xebN\xdfX+\xea\xbaB\
x\xc4]\xb2\xd4\xd1\x84\x90\x92>\xb0IH^\x0d\xdf\
8 \x18P\xfb\xdei:\xf6j\x0e\x06\x83\x15w\xaf\
X*q\x1b\xf3<`B\xb6\x91\xeb\x9b\xe3\x18\x00\x1d\
\x0e\x8do\x10\x850&G\xd6\x22\xb4F=\xef\x9ce\
\xd1\xb06\xb80#M\xb4\xf8\xc4\x03\x8f#\xc0\xe2\x09\
 B\xf1\x1e2\xa0\xa1\xd9\xff\x00fTBE;\xc8\
\xb2=Y?\xdb\x0c\xa8!N\xfed\x06P\xf2\xb4\xc6\
\x1dm\xdb\x93\x10we\x93\x81\x8c\x0c\x93\x96\xa6F\x0e\
\xd4{\xc2MZB\xda\xfd\xc5\xd8SK\xbb\x89&$\
\x9e0T\xaf\xf1\x80,\x84\x15\xe4\xc6\x13\x1e]\xff\x00\
\xf3\x03\x1c\xc1\xa0{\xcd*-\xdb\xd6&l\xa2\xb7\xcd\
\xe0\xc1\xb2-g\x91\x92-\xb2k\xc7\xbcXJ\x98\x07\
I\x80\x16\x88\xef\xc7\xe6H\x94\x92y\xb9\x11\x93UN\
n\x0a\xb6\x86\x9c`\xbbR\x8d52l\x88\x01N\xbd\
cJat\xe5\xc2\xc2\x80ts\xf7\x12\xd4\x06\x87K\
\x88\xa67\x14\xe1\xc1l\xd9\x84\x9b<f\xc4\x82 {\
\xc8\xa1\x84?<\xe5\x15<'9EIB)\xfdb\
\x01M\xd0\xfe\xb1\xa1\xe2S\xc6\x14n\xc3~&\x02\xcd\
\x84\x93\x8ch\xf4\x1a\xd6 J\xf4\xf10\xcdh\xd4\x17\
*A\x0dO7\x13{N|\x99\x0e\xa8\xcd\xe1g\x01\
\x91\x88c\xc7n\x18\xd2\xa0\x18Pc\xebX\xc1\xca)\
Q\x0e\xfd\xb7\x10\xd2\xb1\xbc\x88\xf5\xfc\xff\x00X\x5cA\
#\xe6\x98\xb4\x81\x04<\xfec*-(\xec\xe0\x8d\xfb\
\x89\x5c\xf2\x0dv\xe1\xff\x00\x17\xe3\x8e\x02\x0d\x85\xac\xae\
\xdf|\x068R\xf7\x00.\xb5\xc7\x9ce\x90\x86\xfd\xda\
\xf3\xc1u0\x01Bj\x18;r\xf5\x9c\xed\xfb\x04\x83\
v7\xf1\xdeQv\x84\xbc3uM\xe9\xcb.\x0aD\
\xb8\x04\x99\x8b\xe5>.j\x9cX\x89\x94\x00\x80\xbc\x0c\
\x02Y$O\x19\xa1G\x0a\xec\xfb\xc9\xbd5G.z\
\x89\x02\x1f1\x03[\xc1J\x19\xc7J\x02$\xf9\x8d2\
+\xc1\xb1\xf3\x9b\xf1\x84Co\xdc\x94\x9c\xa7A\xc4\x84\
\xf3g\x89\xe0\xc7\xd0\x11;\x07\xccfn\x9e\x07\xde\x5c\
\xec\xd44\xbe\xf1\xbdI\x11`\xb8GHl\xc95\x05\
P;\xfcdxsM\xeb\x0a\x80\x0e\x8e\x9esK\xae\
S#\x85\x04\xe8Vo\xceA\x17y\xda\xfef\x92\xd4\
\x8e\xc7\xdc\xd2?\xc4\xe0`\xb1 a\xe0\xf7\x8d~m\
GX\x96V\x88]\xdfY\x01\x22\xe9wq4PP\
\xf1\x9b#v\xbb\xd6/\x03&\xab\xd5\xdc\xc2\x10O\xe9\
\x9c\x7f]>\xfb\xca\x90v>=1\x9a\x83\x1bz\xf9\
\x90$$\x0f \xf5\x943\x99\xaf\x1e\xf1\x10\xc6\x07\x84\
\xc2\xc2`a5}`\x80\x02(n\xe3\xd3I\x03w\
\xc6\x1d3\x14\x0d\x0e\x1am\xd1\xd4\x86C\x22E\xe0y\
\xcdX\x0a5\xfc\xa6\x11\xf1\x11L\x0b\xf3a<\xfa\xb8\
\xb4'\x13G\xe6U\x00t\xa7\x1e\xb2/\x09\xf1\x91\x02\
\xadM\xf1\xce\x00\xa24\x9e\xfb\xc5\xa0\xcb\x954\xe2\xa3\
#`\xb7*%\xdc\xa6\xccE\x86\xac\x90\xe7\x10\x08=\
\xc6\x8dg#\x02\x1f\xf0\xc8(\x9b\xe0\xdd\xf3\x93\xb4\xe8\
C\x7f\x9c'GG\xa1\xc3\xd5m\xaf\x1e\xb1b\x04\xe9\
v\x1e&(\x940`\xbb\x1e\x80h9\x13\xa6\xa9\x9b\
\xf5\x88\xa8\x10\xd7w\xce\x0b\xc20m\x88\x0a\x09w\xc9\
\x80_\x90\xdf\x06\x09\x12\x88.\xc3\xe6\x0e\x17\x1d\x9d\xe3\
\xc6Z@\xf7\xf7\x15\xe4'\x92o5\xdd\x8d\x98\xb5\x06\
\xae\xdf\xe1\x88\xb4\xdcy\x19\xb2?\x09\xd6\x0e\xc4\x8a\x17\
\xbe\xf0d\x13zn\xb4\xf1\x8dey\x0b\xcbr/e\
\xc1w\xeb\x1801N\x8c\xd8\x06'-Lu\x92[\
pqV\xc4]\xdca\x87e\x8e\xc79AR\x87C\
\x80\x02\x9b\xf2\xd4\xcb--oz\xf5\x84\xf3\xe4\x8e\x5c\
B\x14BN\xfe\xe2$\xc2\xa6\xf4\xbe2\x8e(n\xf9\
\xf5\x86\xb4R<\xd3+\xdc\x08\xc3\xafx\x88\x07L\xea\
`\x8e\x01\xdb\x874\x91\x09\x1e\xd7)\xa1\xd6\xf7r\xfb\
h\x13\xdf\xdf\x18\xf5.\x9e\xa6\x22\x80\xe0\xc4*\xc1\x83\
9\xc5\xde!\xcfS\x0e\xd5&\x83\x86\x90|7\xdeA\
i\xb5\x0en'\x10\x5c\xe2\x0c\x07\xb7\x93\x00\xdd\xae\xd1\
\xc0@\x01\xf1\x93\x887h'\x09\xden\x91\x16\x80\xf2\
\x1e\x1b\x87a\xb0M\xdf8\x97\xaaJr\xf5p\x10\xc6\
\x07\xe3\x89\x8c\x16\xb1|\x8f\xach{\xd8\xd9\x1d\xa4\xe7\
`z\xc6<gp)R>\x1e\xf3I\x04\xc1\xa5\xad\
\xfd\xd4\xc9\xc4P\x12\xa2\xbbj\x8eY2U\x9co!\
W%3x\xd9\xd1N9<\xe5\x12@\x8aa\xaa\xa8\
Dr\xf8\xb8\xad\xa1l\xe1\xb9\x17k\xedxz\xc1\xaa\
D\x9f\xe5\x80\xd5\x10\xd6\xdfy9u`\xe7\x1c\x08\xa6\
\x89\xf9\x8c\xe4\x04\xb5\xe1\xf9\x93\xcc\x07\x0c\xa6\xafC\xfd\
\x97(c\x089\xfb\x83b66A\xcff\x8a)<\
\x18\x14l\x22\xe4\xce\xe6h!0\x87\x86\x08\xe0r\x1e\
\x1aN \xe0<\xa0\xa8\xe4\xf5\x83J]\x07s\xe6\x0b\
\x1c\xd0x\xbb\xcd\xb7\x8e\x03C\xde;\xb9\xe52>\xb1\
0\x02'\xcd\xf3\x87\xcc\x0c\x0e\xdb\x8ar\x92\xefI\x84\
\x14(W\x83\x0d&\x97n\x0f\x98\x1f\x80+\xdf\xccv\
\x0b@\xab\xbf\xb8\x90Z}\x9fr\x02\x00\xf0?\xe7.\
\x8b\x0d\xde\xbf\x19$\x91\xaa\xdad1\x8e\x0b\xc7\x9c4\
@5\x1e\xfb\xb8\xb2\x92\xb6\xdd`=\xe9\xc9\xf7\xa9\x80\
\x10\x16l\xef\x01\x1a$\xd73\xde\x02\x943N&N\
$.\xdca\x13X{\x5cEUm{\xbe\xf1\x08\x92\
A\xc0\xe0p\x01\x1dh2\xd1\xb5\x156\x19\x00N\x86\
\xb90\x88DFre\xcc\x02G.\x22X\x223\xbc\
\x16jj\x8e\xf1\xc8\x04\xa4\xc1F\x0e\xf0\xe0\xf3p\xf5\
\x95\x93\x8fx\xeb\x0a\x85Ns\x8c y6\xc1\xd1\xe6\
N\xfe\x5cM\x04+\xff\x00^r\xef\xedOI\x87P\
(]{0qJ\xf0o\xee\x14\xd0\x11\x1d\xfd\xc5<\
\xe02\x0d1\xe6\x80\xb4[\xf3\x03\xa6\xda\xbb\x1e\xb2\xab\
\xda\x80\x9f\xce\x014\xb4v\x0eUz\x85\xa2\xe2X0\
\x9a7x\xb9I\xa86\xb9\xc8T\xd0\xae\x07\x18\x9a\xee\
\xbc\x07\xacQ\xe4bTg\xcc\x1a@\xc3\x93\x0ba\x80\
\x03K\xe7\x19P\x14S\x0b\x9a\xe6\x83-\xb8\x02;\x9f\
0\xa3\xea\xdf'\x87\x0dP\xaf-\x07\xdcz8\x1b\x22\
ox\x22\x09p\xf7\xf3\x82L\xc6\xea\xd7\xac(\x07j\
/\xf1\x88\xb5\xae\xdb\xc1\x97\x93\xae\xcd\xeb\xf1\x90\xc0\xc3\
K\xff\x00z\xce\x03\x0e\x8b\xde\x060]^\xf2\x17\x84\
\x15\xd0\xe4\xf2\xd1\xe5\xd6n~\x8d^\xb0\x83R\xa0v\
\x19j\xb4\x92<}\xc4\x10\xee\xc5urX^My\
rp\xc6\xe9w\x9ax\xde\xe3\xd7W$\xb6\xe3<8\
V\x14\x06o\xfca\xa5>C\x9b\x88/\xa3Y\xcd\xf1\
\x86\xe00\x8f\x18P\xa2\xd1\xf0\x18v\x9f\xcco\x9c\x83\
\xd86v\xe1)Y\xe4\xef(R.\xb9\x07\xc6\x0b#\
O\xf3\x84LB\xa3\xbd\xdczN\x05n\x07.\x8f\xf1\
\x89O\x99\xdb\x86\xac\xb5\xa0u\x88\xf0G\x9e\xb1\xfaw\
t\xfcf\x98Z\xc5\xb9/\xf3\x94\x18)\xaee\xe7\x15\
2P\xf2\x9c3\xbd\xe5\x934\xd0S$K;R\x8b\
d\xfb\x98\xcd\xa4\xe3\xc57|\x07\xfc\xe2gYr\xb4\
w\xa6\xad\xd4\xc4\xb4Li\x83C\xcd\xb8\x18\x93*\xa7\
\x1f1mE\x8al2\x99<5\xcc\xf7\x95\xb6\x01\xa7\
&l(\x90M_NB\x81\xdd\xee\xe1B\xb9\x84\xd9\
\xeb.\xf3&\xb9\x1er\xb9$\x04\xe4\xfb\x95\x06hN\
qVzG\xf5\x82!\xed\x15\xc3\xd4\xc9D\xa0\x93%\
E\xb73s'\xbaP\x1f\xf3\x94\xe9\x1a\x08s\xf8`\
\x0bX\xb7W\x0d\x8cmu\x87h\x09M\x8f\xdc\x9ah\
\xf4\xd1\x8b}d\xd9\x07\xd9\x8a\x18\xc7\x22\xc7\xac\x00\xaa\
\x8e\x9e\x9e2\xc4\xa4\xa0I\xf7\x04h\x8e\x8e\xc2gQ\
T\xad\x1c\xf5\x80\xe2\x89^~\xe4\x9b\xcb\x06\xaf\xdc\x14\
\x05\x0b\xd0\x99m\xb2\xa3\xd0}\xc3\x0e \x89\x88e\x0e\
\x00<\x98\xab4\x11U\xc4\xd2\x82\xe8o\xee\x1f\x82\x0a\
e\x96\xb6E\xeb\xe6\x1cai\xbc\x99\x01\x06\x96/\xf3\
\xbc>h@\xd28\xc2\x84k\xf2\xc1KQ\xa5\xe5\xc0\
\x05\xbe\xd6\xef\xd6\xf1\x94\xfb8\xd8=\xe5\xea\x99C\xa9\
\x9cE\x0d/x\x08\x15\x9c\xb7q\xed\x19\xbb\xdd\xcd7\
\x03\xab\xab\x84\xc4\x01\xf4\x0fX\x17\x89\x88\xf3=d\xf5\
J\x03\x99\xef\x11\x85\x00<\x13\xdeP\xee\x88\xea\xe1\x04\
\xf9\x8b\xcd\xc6\x1acPn\xe0\x00\x22\x1d`D\x1dG\
A\xe6\xe1.\x22l\xe0\xf3\x8a\xa8\x08!\xb76\x98\x0a\
)\x80\x1d\x9d\xc7\xb4\xe2\xe2P\x89\xa0\xe3\xd6;g1\
\x8e?2\xc1\x1e\x13\xde))\xdb\x86\xfe\xdc8\x10\xb4\
\x0ep\xe3\x1d\xe9\xcd\xc4f\x22\xd4\xe7=_\xf7\xf31\
\x00\x88R$\xc8\x22\xa4\xe3F0b@\xe2\xc60M\
\x1b\xe3\x9c\x16\xd0\x91\x1b\xbfr\x9c\x98\xaf\x060\xe1\xf3\
E%\xe0\xc1\xa8\x08\xf9\x07\x8c\x87H`8\xfb\x85]\
0\x9c\x83\xe781\xea\xb4_Xz\xd0\x0amp\xde\
\x01A\xcax\xc2'\x86\xd3B^\x1c`FT^\x03\
\x02\x8e\x80\x17\x8f\x981\x89B6>q\xc6\x82!\xb5\
\xf7\x89`\xf1\x8b\x0cp\x90m|da\xd9\xe7~\x93\
\x08\x18Mz\xc1\xbc\xa9\xe8\xbern\x9e\xb6\x9b\xc2\xb6\
\xc8\xf6c\xf8$`y\xceBr\xef\x93\x1f,_\x83\
\xee$0\x04\xd91Rh:/\xcc\x0f\x15G\x16\xb6\
\xe4\x88viw\x8a\x84\xd4\xc7\x82\xe5\xc1\xf8\xf1\x84\xeb\
\x00\xe4\xf3\x80\x0a\xbe\xcc\xb0\xc76mp\x22\x0a\xe1\xb7\
y\xb5&\xd7z\x99\xb6*f\xde\xb0\xdd\xd0:\x0er\
\x8d\xc9\xd6\xff\x00\xce*\xe5\xff\x00\x1b\x82aT\xf7\xd3\
\x90\x95,\x8e\xb0\xd4\x09\x0b\xdb\x80\xc1\xa0\x5c\x90\xca7\
\x8c\x90\xda\x9e\xb0`\x82h\xbc\xe0h\xc3\x85\xf7\x84\xe2\
\x12<\x98\x1d N78\xbf\xc6\x5c\x84T\xec\xfb\xc4\
\x93\x05\x22\x1ar\x08W\x1c\xcb\xfe\xc2_X\x09V\x80\
\x8d[\xb6\xea\xf1\x84>C{\xdfzwp\x93c\x91\
\x89`%\xe6\xef(\x00\xb2\xfaf\xeb\xe9s=L\x8b\
\x98P\x9c\xa7\xbcA\xb5!\xa7\x09\x87Z\x85i\xd5\xcd\
D\x22\xef\x91\xc55\xd3\xdb\xb3\xc7\x18a\x8b u\xe5\
\xc06sF\x93\xee\x01Q\xa8Lc#\xaa)\xbb\x90\
\xc9\x8a\xa9\xb3\x08K\x14\xc5t3\xc2pIn\x00:\
i\x81(\x16\x86o}c@\x9e\xec\xe5\xc2\xac\x81c\
\xbf\x17\x03*\x08\xeaF2\xba \xde\x18\x8a\x08\xa7\xb6\
\x14\x81\x06\xa5\xc0E\xb2\xfb>\x5c\x8eMT\x89\x83d\
\xf5.\x00\xc9\x89'\xf7\x8f\x22\x22\x86\xdfw*\xea\x15\
\x1c\xb9|\xd7\x1ah}d\x07b\xd3\xb2z\xc3\x22\xd0\
N\xc7\xcc\x09\xcb\xa0\x06\xcc5g\xc0u}\xe25\x02\
\xdd`\xfb\xc4e\x85G\xf8\xc1\x94B\xa2\xed>a<\
\xed\xd3Z\xf1\x92\x00\xe1\x16\x87\x9d\xe2\x05<\x13#\x88\
\xa6]>\xf3\x13t0\x0f.iCCE\xe4\xfb\x84\
#\xeb\xc1\x88\xa8w\x17\x8f\x8c\x97\x88ws\x89\xb5)\
\x06\xef\xee+r4\xc3Wd)\xab\x86C\xaa\xef\xa9\
\x90.w\x17s%\x11\xb0Gs \x98\x06\x9cL\xe4\
\xe8\x15.\x97\x00A\xb8J\xee\xe2=\x8bk\xe6\xf8\xc0\
\xe2\xb8n\xd0\xe59\x0d6\xd4\xca\x16\xb8o\x99\xeb7\
\xdc\x22\xc1\xcc\xc7\x09D\xa4y\xfb\x81U\x1c\xe7N\x04\
\xe1;$\x98\x9d\xb1\x86\x9b0\xae@\xa0\x7f\x18TM\
=8>\xe7A\x80\xc6\xd1\x08\x1a\xe7\x05\xd7\x01\x19n\
G\x8a\xff\x00,\xe3\x07\xdf\x0b\xa4\xc0\xa8\xabE\x9c~\
aq\x92I\xd7\x9fX\xf2\x8f4\xdf\xdb\x85\xc8\xf3L\
7X\x5c\x84\x1c\xa7\x836K\x89\xcaT\xf2\xfc\xc0\xa0\
\x08\xf4a\x92\x008\xd1\x84\xb7l\x8f\x19\xc3B\x1am\
\xf7\x86\xe3.\x8e\x5c\xe5\xd2(!\xf1\xc8&\xf3I@\
\xf1\x81\xa7!NC\x04Q4#c\x87\x05\xb0\x8d\xef\
\xde\x0f\x02Mx\x1f\xfd\xe5\xc4\x22\xe9\xe5\xd0f\xd6\xf7\
K\xb9\xf3\x02\xa1F\x0e\x8fy\xb0\xbc@6\x19\x1c\x22\
\x9bM\xfa\xc1.\xe0{\x5cS\x12\x905~\xe42\xa0\
\xbb\xe4\xc6\x19\xa57\xc1\x899\x12,\x98\x04)l\xf7\
\x8eX_W\x97\x12\x12\x03E\xff\x00y(\x0e\xc8\xe4\
\x09\x1b\xdex\x8f\x18\x11His\xa4\xd1t\xbd\xfd\xc4\
B\x84hxq0n\x10{\xc4\xb6\xa1\xe5\xa9\x87\xa1\
\x9e^\xb2R\x1d\xa4x1\x0dL\x136\xd8:\xb7W\
\x0er\xaf>p\x1c\xe0\x98\xcd\x06B\xcd\xb9\x10\x04\x0e\
\x9c\xe3\x07Fn\xf5\x89\xb1)\xa3\xd1\x9d)\xe4gx\
6Y\xbc!\xe8L\x1e8\xc2\xc6Y\x0e\xd3\xcd\xf9\x88\
\xa1:\x13\xcf\xbf\xcc\x15\xa9(M\x0b\x81V,\xaao\
\xc2\xf1\xb9}e\xc4\x9c`vT\xba\xbcgH\x02\x1b\
^^[\x8f\x91a\xf5X<m\xcaP\xea\xc2\xf3\xe3\
5\xad\xac\xec\x98\x01\x87\xd0\x1e\xb1`#4z\xf7\x9a\
\xb4\x83k\xab\x9eD\xbd\xf3}`\x5c+\xc3\xdc\xcd\x01\
\xd3\x14\xe8\xeb\x1d\x0a2:\x98O\x13(x\xca\x1b&\
\x22\xf3|b\x00&\xbe\xb7.\xd9a\xa7\xfb\xca2t\
\xbe&n\x92\xc5\xf1\xdb\x85\x84\xa5#\x97\x12u\xe7g\
~\xf0(\x88\x22j\xe0\x15 \xdda\x0f\xacT\xe0\xf3\
\x88i\x0a\x10\xb7\xf3\x11\x82\x80\x8c\xc2\xd1\x0b\xed|\x5c\
1(\xcbg\x18V\xb2\xd8\x9cal!D\xe7\x00\x0a\
g\x0eO\xb97u\xe1\xcePP!\xd2_X\xb2#\
hk\xe1\x88\xf2\xe5\xbe\xb2C\x11(G\xdb\x05\x09\xb2\
N=\xe2\x10\xb7D\x90\x5c'&m\x1c\xfc\xce\x996\
\x1c\xa7\x8c\xddi,\x10\x9e\x1cP\x1d\xba^\x0cBv\
\x90l\x8e\x22\x1f\xf3\x1b\xe7\x15\x9e\x86\xc3n+\x87F\
hq\x85\xb2\xdf\x07\xac\x1c\x96\xa8]\xcf\x98\xf5\x18\xe1\
\xa2\xd0\xcaR\xe5\x80\xa85\xde\x16p\x87\xb3\x17\xa1\x86\
o&.\x00\x17|\x99\x06\xf7\xe9\xc0\xcdo\x80\xe5\xd6\
\x00\xa1\x0d\xb8\xbf2\x00VB\xee\xe2\xe3\x02\xc0\xf7\x84\
C\x02\xaf\x0e\x07\xceyrc)\x8fws\xd6jY\
N\x8e\xe6 \x98\x86\x9f\xef53\xdbnX\x1fF\xbb\
\xf3\xd4\xc4Q\x12\xd7\x91\xe3\x12\xe8\x8d\xcf\xf7\x94b%\
#\xe3\x04*\xc9\x0b\xd1\xe7\x14i\x94\x5c\xaeFP[\
\xe7}\xe5\x10\x93\xe1|`\xb2\xa2\xac\xe3\x0a\x16\x96\x14\
\xd9\x0c\xb9 \xad\x7fx\x88\xa7\x08\x9d}\xc1{4\x09\
\xff\x00no\xc0\xd0\xce\x5c#\xe1\xda\xab\x8bJH\xa7\
g\xac\x01bk&6Z$\xf8L!\x98A=\xf3\
3H\xcc\xd1W\xde@)X\x1c\xe2\x91\x06 O\xcc\
\xb9\x90y\x1f\x98\x8a*:q\x89\x06\x1a]\x13\xde\x07\
\x10\xb15\xf5\xcd\x12\x09\xbe\xa1\x8e\x0e\x01Q\xcf\xcc)\
$h?\xa6?\x04\x16\x091Y\x00\xb5\xad\x1e\xf3^\
\xd9\xa3\xe7\x19\xe8ICw\xceB\xc04\x1d\xbfq\x06\
P\x8a\x9c&\x01\xb5v/\x01\x886\x81\x17'\xac\xa5\
$\x00\xef6\xb5kk\x5c\x81sZu\xf75\x8e6\
\xbe3\x89M\xaf=|\xc6\xc5a\x8fy,\x13\x88]\
\x18\xef'\xab7\x89\x92\xa6\x14\xef\x0d\xd5\xdb\x97X\x01\
\x0dK\xbeL\x22\xa4\xb3|\x18\xe6!\x07,\x05\x87_\
l\x0en?\xe7\x09\x02\xab\xbc\xa2\x88\x01\xc7>\xf3r\
8\x9eX\xe5d\x89\x13\xf3&\x9e\xcb[0\xa5\x11!\
\x8e\xc7>A\xbf\xb82\xd6\xc1:H\xdf\xeb\x09V\x12\
\x02n}\xf9\x8a\xb7\xba\x1a\xc2F\xa0\xd3\xc0\xb8E \
\xd5\xd5|\xb4n>\xf1\x9d\xf6\x8f\xd0\xa7K5\x8c\x9c\
\x86a7M\xf2\xdd\xdc\x13p\x90\x08\xa4q\x97&2\
\x10m|`6\x04{\x0c\xec\x87\xf4\x18\x04\xa6\x9c\xb8\
\xc6\xc8\xedM./Q\x9a\xbb\x5c\xe00\xddn\xfde\
A\xf6\x8c\x86H\x0e\x828\xc3\xd7\x04iup\x03\x13\
\x89y\xb9\x11\x0e\xff\x00OX]L\xf0x\xfb\x9e\x84\
\x84\xf1\xcd}x\xc4\x0a\xe3\xb6\xb7\x17\xbf\xccJ(\x09\
\xad\xd94L\xe1\xa6\x90\xd8\xf6A\xd6\xb0&o,\xc2\
Qe/~.\x13A\x92\xd2;\xa2i\x09\xe7\x00z\
\x0eX\xe8\x14w:\xd6Pp\xa0\x02m\xa7\x06\xe7\x18\
\xab\xd3 #\xe9C6\x04\xaaN\xaf\x8b\x8e\x09\x8a\xbe\
\x1c\x1a-\xab\x17f\x06\x84Q6\xbe\xf0 \xd8\xe19\
0\xa5:\x91. \xe9\x04\x8f\xeb6tZ9\xcd\x04\
\xfb\xaf\x1e\xb0,m\x0b7\xedp\x8aW\x22q\xfc\xe5\
\xf2\xaa=\x97\xd64\xc8&\xedN\x135\xbd\xad\x0b\xc5\
\x9f\xc6\x11\x04\x86\x98\x1e\xf2\xe8`\x11\x8as\xd6<\xb6\
z\x0ey5\x8b\xb4.\xff\x00\xea0\xc7;6\x8f\xdd\
c\xe58\xa8+\xc6h\x7f\xc2\xadz\xd64\x22\x90:\
O\x011\xe6RA\xc5\xdfX\xb8b\x1b\xa0\xe1s\x8c\
\x05\x85\xf5\x8bo\x90\x8e\xdf8\x04y\xd0\xf1\xef,\xcc\
#\x08&rE\xc5\x1e0\xf7ZG\x83\x0a\x18\x8f\xd3\
*\xe3H{\xc8P.I\xbc/\x02\x1b;\xc4\x1d\x11\
\x8b\xc9\x9c^\xeb\xbeLC\x85]\x1e\x0c\x13P\x86\x8f\
\xf9\xc1m\x1b\xec\xd3\xf1\x85\x14-\xed\xef\x22j\x0d#\
\xbb\xd6#A\x0d\x1f\xf3\x80&\xea\x8e\xf5\x8d\xd9\xd5\xdf\
\x8b\xc9\x8e\x8f)\xd9\xbc\x80\xf4JO>\xf0\xdd\xd1\xbc\
\x0fFz\xef\xa9\x8abA\x0d5\xee{\xc6\xca\xd4E\
- \xa0d@\xf7Fg\x9b\xe2o4Z\xf0DY\
Nl\xc6V,!S\xc3\x1cN\x90[h\xef\xcc\xc9\
)PQ\xab\xe2\xe3\x16)Vh\xc4\x22\x84\x0a\x9b?\
3\xaaa\x03\x9fxs\xa3\x06\xb9<\xdc}\x05ds\
\xff\x008\x83r\x84t\xbe\xa6\x11sZ?\xacRb\
\x8b\x1c`\xdbZq\xc7\xee\x11\xaba&\x8fx\xc7C\
\x16\xa6\xb15\x90\xd8\xe7\x0b7\x8e\xbd\xbe\xb0\xc2\x86X\
$\xc1\x11\xa0\x9ch\x98\x1a\xe0\x95\xc7\xdc`P\xf0m\
g9\xa5\xb4~\xbe\xe0(D4 \xe7'\xab\xe9\x86\
\x13\x19\x07\x93\xd1\x82HhF\xcfx\x07\x05\xa8l\xbe\
rJ6l\xe0}\xe3\x89\xe3k\xfd`\x0fJ\xd4\xbb\
\x99U\xd0\xccv\xd4h\xb4\xc5U$\x07Q\xf5\x83X\
N{_8\xdf\x0006\x98\x81j\x0b\xbdL\x90\x05\
\xb4\xde\x83\x10\x8a\x82/\x18\xce\x08\xdf\xe5\x8a\xbc\x87\x9c\
\x11\xca4\x98$\x18\xe3\x1f\x90\x94:\xc1\x8c\x82$e\
\xb1\x0a\xab;\xf1\x8bg@_\xfd\xb1K@\xe2\xccZ\
\xc0\xbbx\xd9\x7f\xac\xe6$\x80)\xdb\xcf\xcc\x06\xa8`\
\xc95\xbep\x8e\x0e\x85\xee\xf8\xfe1\x1cyj\x03w\
WF\xd1\xf7\x85[(\x92dTw^\xbdez\xe9\
\xb4\x0e\xc2\xf3\xbd\xdcO\x1be\x02\x22\xf4\x05\xca\x1a\x15\
\x0eX\x01\x9c\x1d/'\xdc\xe6\x9c\xcd\xf0aG\x18;\
I\x81Yi^\xf1\x94+\x08\xad\xfd\xc4\x99\x19\xa6\xff\
\x00\x1bqL\x19\xb4\x88c\x0c\x1aE\xc0*%\xdd\xde\
\x12Z\xf8.\xee\x1b6:\xc0\xfe\xf2\xfa0\xb2\x90N\
\xed\xd6\xc5\x98U\xccv\xe9\xf1\xe3\x0e\xa1\x91\xdd\x17\x86\
\xb5\x18\xb2\xa0\x0e\x86\xae\x0e\xf8L\xd1>4\xe9[\xd3\
\xbe'\xac\xd6n\xc6\x00\xee$\xfeq\xecC\xe4O\xf4\
s&_v@\xa2o\x98\xf7.^\x89\x80c\xe7\xbf\
\x01\xe3\x02\x88\xb1\x0b~u\xd5\xb4pd\xa4\xb8\x89u\
\xe7\x9d\x092\x18\x86\xa2\xa7\xd2\xf7\xeb\x07o\x98ve\
\x08\x11\xd7\x8fx\x81\x15\xa1\x0e\x13\x19N\x98'8!\
\xa6)\x1b\xc4\x92W[7qL\xc0^\x87\xfc`\xc6\
\x968\xff\x00,\xa6O\x04N=\xe3QH\x9bo\xbd\
\x19y\xde\x05\xdbz]\x86\xe0u\x844\x85\x06\xcfI\
zr`v0\x97\x90m\x1b\xc7\x9c\xd0\x1d\x9eb8\
\x9c\x16\xff\x00\x19:\xdc\xc5\x08\xcaM\x03\xcehl\xed\
\x99g\xb5{\xf9\x8d.L#YC\xce\x15Y\xc4;\
\x82\x1a:O\xe1\xcd\xcdKf''\x8do\xde\x15\xc9\
\xa2\xba\x03\xa7\x17\xa0\xc4\xdbY\xf8\xda\x17\x86G\x09\x9d\
\xbd\x8c-x\xdc\xe3)!\xa9Z\xaa\xf2\xe6\xff\x00Y\
A\x01\xd4\x80\x91\xf2\x93\xce\x00\xc3\x9eGQ:\x15\x17\
\xc61\xb0\x92\xf0\x85[\x11\xfep(\x10\x8a\xa5\x90I\
j_X9P\xb07Gi\x1f\xb8n<\x8d\xb5\xde\
\xce\x0b\xbf\x97\x04a\x88\x13\xba\xa7\x10\xbfr\x86\xa3\x85\
4\xe7x4\x10W\xcd\xff\x00y'\xa5\x8b\xc9\x81\x1f\
\x9d\xdf'\xdc\x03.\xad\xf0}\xc7\x03A6L\x0aI\
B\xfb\xf9\x8b\xcdZ\x03\xb6t\x85\xa2\xf7\x92\x92\x01L\
\x01+\xbb\xb6\xa7\xcc\xd9i\xea\xbb\x97\x18\xc0\xf0\x17x\
\x14\xd3\x9d\x0f*\xba\xcd\xb99i\x8e\x17\x99u\xac\x0f\
\x90\xd4\x86\x1e\x0b\xdf8\xc2\x0b\x80Q\x86\x94\xeb\x9f\xdc\
\x04\xba\xc8\xd9J\xd3]\xcc\xeb\xec\xf2<\x7f\xc4\xe5r\
\x01\x13G5La\xdc\xeb\x13R\xbbN\xf4\xd3\xd3\x86\
\xe1\xf9s\xa2\xd1\xdc\x1a\xd7\x136\xb3U\x07\x0f\xf6\xf5\
\xde\x0en\x057\xba\x1d?\x8e+\xc1\x05\x22e\x0aV\
\xa0\xeb\xceD\x9c\x00\x9aLP\x0aa\xef\x22\x0b\x0a4\
n\xf8\xc5B\xac\xac\xef\x1e\x84\x85\x8db*\xd5\x1dI\
\xfb\x84k\xeb\x89\xc7\xbc\x1b\xf1(k\x9c \x11\x1b.\
\x08\xe8G\x93NH\xc9X$\xca\xfa@;;b\xc6\
\xa3E\xa3\xe0\xe8\xc3E\x89\xd9\x87\x17\xfd\xe0*O\xdd\
,\xb7\xb0\xef%&\x9d\x88\xde\xa0s\x84\x867U/\
\x00\x9f\xce+X\x9b\xa2\xf5\x7f\xa6C\xc4\x86/\xbb\xaf\
\xe76*\xc7\x8d=\xb7\x86\xb5\x89\x97\xaa\x85j\xea-\
\xe4\x9a\x95\xd97\xa7\xa6\x22\xf3\x16cId\xed\x8a\xf3\
1\xa4O:\xc4SG@\x10\xdd\xd1\xbcG#x%\
\xf5\x1c`}\x05#\xf2?\xce0\xdc\x06\xa8\xfe\xf1\x8e\
o\x0d\xfc\xcap\xb6oS\x14P\x10\x82\xf1\x80\xe0\x1d\
\x83\xdd\xc9\x13]\xfd\xc2u\xbc\xef\x9ca\x03\x1f\xc4\xc0\
\xa4\x95\x0c~V\xa2\xf3sq\x03\xb5\xe7y\x02%\x14\
8\xb8\x94\x10y\xf5\x95\xa0\x94^\x1b/\xf5q\xfbD\
\x9b7\x97\x1f\xc6\x0d\x16\x8d$\x87x\x14@\x93M\xde\
\xf1\xc5\x0a) \x5c\x8b\xf4\x7f1\x16N\xf02-\xd6\
\xdf\xf5\x91\xf3\xe9p1\xf6.\xef\xbc\xa7\xc3\xc88\x8b\
\xcc\x8b\xeb)\x1d\x08\x86\xdc\x00\x13C\xd0\x7fss\xec\
\x8d\xd0a7\x10\x85\x89\x96\x08\x07\x85\xc6\xe9\xae\x1e\xf1\
%'\xa0\xb0|8x\xc6m\xbc\x18\x8c\xc5\x11d>\
a88\xcb\x14\x94\xb18\xf2\x19\xe0}\xb8\xc68\x19\
\x06l/S\xac\x8e\xe7\x09\x9e\x03\x5c\xb37\x1bw\x0a\
k\xedg\x0c5\xe4\xc4\x8c]\x0b\xc30\xb5n\x10\x87\
M\xa9u'\xee5q\xc2v7VW\x89\x82\xe0D\
\x13\xde\xf6\xea\xfe\xe1\xe2\x05\xd4\xafOvL\x22\x14\x8a\
%n\xa1\xdc\xb8\x07\x00\x0a\x07z\xefW\x8c\xa4\xf07\
\xab\xdf\xd5\xb7\x1c\xa4\xa5\x22\xe7@K/\x19r/\xdb\
[\xec\xd5\xe7\x1cL(\xc1(\x13\x9f\xf0\xcdZq\x19\
\xe3\xdehL \xf12-P0\xf1\xf9\x954J>\
W#su^\xef\xbc\x0aA\xc88\xb8`\x84#x\
\xc7\x13\x10i\x10\xf3\x83\x9d\x90\xb7\xb0\xc6\xf5\x09\xda\xbb\
\xaf\x8d\xd2u\x8b-\x05\xd1\x05\x9a\xde\xf0\x0d\xb1iX\
\xe8\x9d\xdb&5\x86n\x05\x0dCb\xd5\xb9S@\xe1\
4\xc3N\x07\x04Su&\x93\xf4M\xdc\xdd\xefA\x0d\
\xb2\xaf\x03\x14\xc1>\x92\x5cC\xb2s\xe3\x1a\xd0r\x81\
^\x0b\xc0M\x9e\x5ck\xad\xa5q]\xb8\xbe1\x9c\x0c\
\x11\x11\xbbM\xcdG#\xd8\xc5\xb5\x05\xa8\xf7\xe35J\
\x85\x82\x0d\x81\xc0\xdd\xfc\xc1\x0cd\x8aN\x0f\xee\xb1g\
\xbf\xe1k]8\xddq\xe6\x18\xaa\xb8\x8c\xec\xeb\x0dP\
\x82a2~\x8a\xe4d\xc3\x88s\x80\x9dMy\xc2J\
`\x0ff\xde\xf7|\x5c\x8f\x97\x01\xa4n\xbf\x0b\xf6\xe1\
\x8a\x97\x04\xa9\xc8~\xe3\xc1\xb8i\xbcQP/c\x96\
\xcb\x01\xa6\x84\xf1\x8c\xaakGA\x89G\x05\x98\x98\x9d\
\x86\x81\xe6\xe2t\x89\x0d\xdehRM\x90\xb8K\x8c^\
\xd85V\xce\xdc\x9f2\xdb\xe8C\xb2\xe5\x82\x08c\xce\
^\x9f\xde!\xa2X(s{[k\x814J[s\
\xfd/\x18\xc3{\x0b\x99\xd4zy\xfc\xc9\x03<\xbb\xc7\
mk\x9f\xdcX\xfcE6\x9a\xbec\xfdaZ\x0a\x8b\
z|x\xff\x00,=nY+[A\xa6bXg\
C\xc7\xb3|?p\x91!^\xcb\xde\x9d\xe3f\xcc*\
8\xec\xf31\xca\x13F\xd05V\x86\xc2b\xd8\x8e\x8c\
Nk\x8eyg\xa2\xd9\x0awx}9\xa4\x94 \x1d\
&K~Gn\x1f\x98\x00x\xc7m\xae8\xdbU\x9c\
\xdc\x89\x80Pup4 j\xf0\x1e\xb2\xd4z\x8d6\
\x19h\xdb#\x99\x97\x84Bk\x9c#\xb2\x83\xa5\xf1\x90\
\xa5\x15d\x8d\xc9\xe1\xa3Q%\x86G\x13(^\x86\x0b\
\xc6D\x06A\xf2\x89o\x99\xbb\x95\xfd\xa0\xa4\x8e\x9f`\
0p\xa9\xbb5I!\xcb\x90\xc4\xd4\xbc\xd2G\x897\
\x8an\xe6\xea\x93\x8b\xc1\xeb#Y\x0b\x00\xfb_\xcd\xe3\
R\xa9*\x0b\xddG\x9e5\x8dx%\xdc\xbd\xd8w\xe5\
\xc39\x0a\x17m\xea\xf5\xe3\x0eC]M\xea\xed\xc5\xeb\
9N\xe8\xe0\x06\xc6u\x887N\xd6\xe0x{n\x1a\
\xaca\x88Q\xe4\x9do\x12+\x82\x0d\xa6\xa8\xff\x00\x8c\
8\x84\x82\xae\x9b\x12}\xc1=\x00\x1e\xdf\xf4\xead{\
\xf3\x9a\xfa\xbc\x8f\xa7\x0c\x8cg-L\x82\x83`n\xf2\
\xca\x00H8b \xfb\x0cd\x82\xf9u2+z\xeb\
y\xc4.\xda\xde\xeeK[\xc9\x9b\xde'\x0d\xb9\xdf\x0e\
%F\xb7N\xf1\x1a\x84I>\xcb\xaf\x99R\x80\xd3u\
\x1c\xcc;\xa6\xb1t\x87\xacB\xb1HkfJ\xc3\x89\
\xc8\x83\xc4s\xce\xbd\x98D\x09\x1d\x0b#\x07\xb7\x00d\
\xec0#\x1d\x0e;\xc7\x07a\xa3\x10\x8a}\xff\x00\x8c\
$\xdc\xe0\xf7|\xe5\x13b\xac\x83\x80\xb1Z\x88\xa4\xf5\
\x9a\xfd\xe2&L\x13EP\x8d\x8f\x9cN6\x90\xdd\xfb\
\xc0\x13\x93\xafCp\xe4\xfa\xd7\xa3\xa9\x88\x00\x0c\x0b\xb0\
\xf9\x93\x8bP\xb8{\xfc0\xf5\xd2+9\x8b8\x85\xfe\
r\xb9\xad{\x11\xa4^u\xa9\x81\xa5\x9bW\xb0\x08\xee\
\x1d\xe0k\xb11\xc3}\xb8\xd4\xc6\xf7\x8d\xd6\x86\xa3X\
k\xbc\x18\x0b\x8d\x00\x07\xf0\x10\x99i@\x986ok\
\xbb\xac\x07\x0b)\x04\x85z'\x9f9y\xf1im\xd4\
\x1aVO\x19\x07V\x92\xfc\x91x\xdc\xb8\xcf.\x1d;\
vZ^1\xac\xce\x80+\xb1.\xdbnj\x81!\xf7\
\xce\xbe/\x19\xcab\x01i\xc1\xe9\xe7\xf3\x19-\xf2\xf1\
;k\xcb\xf7\x1f\x00\xd7\x90?\xb0\xb4\xc4\x8a\xc49\xd1\
\x84\x18\x08\xdb\xcb\x00\xd2\xacv\xdd\xc6!\xcf\xcbc\x94\
\x11\xc3C\xab\x94\x1dS\xb6\xc0\xf5\x9b^\x80\xdeS\xd6\
M\xab\xa0)9[\x9b\x99\xd2]\x9bt\xd5\xb4\x9dc\
Z\xacU\x92\x83\x97?\xe3\x0c\xce\x13%\x1a\x03\xcd\xa9\
0H\x8a\x07\x0c4\x82\xf9[\x8c\x98\xe0\xc5\x06\x0b\xc5\
:\xcb\xb9\xed\xf2e<\xa6\xee\x18+\xce\x82\xc4y\x0f\
\x18\xc2Tw\xd9n5\xc4\x1b\x89|\xbbX\xd7f\xec\
\x09&= \x1e\xa4v\xb9\xb8\xcd\x96\x02i\xbf\xd2\x91\
1-\xac(\xd0\xbc=\xbd8\x02(\x02\xa2^\x01\xc7\
(\xfc\xcb\xd2\x13C\xac\x83\xf5L\x097\xe1\x1e\x1b\xba\
B\xef\x19\x91Y)\xaa\x0e^\xcca\x8c\xe1\xc2\xc8\xbc\
q\xbc\x833\x90\xf1p<u\xac\x8e8\x8avm\xe3\
Q\xfb\x8au\xc0\xd8\xdc\xd4\x7f\xaf\xb8Ax\xd4\x8b\xda\
\x1cc\xd6X\xa9\xb7(\xe4\x8a\x8e_Y\x1cE\x14\x10\
\xf8\xe1\x88\x06\xd5\xe0<\x19tR\x22\xe4\xc9\x85\x82#\
c\xe7\x0c\x92x6_x\x18\xf6\x14\xe0_X\x84\xe0\
\x0f\xfc1_x\xa0\xed2\x0c\xebB+mw\xb1\x0c\
\x22\xe4\xc6\xd0\x91i\xe5\x9a\xc9\x0e\x01\xc8\xb1\xd8]\xbb\
\xad\xc7\x15\x8do\xa5\xe9.\x1f*\x10\x16\x9a\xd9\xc2o\
6gD\xd5f\xd5\xeb\x9dy\xc6&\xd8Hi\xa3\x5c\
\xb3\xfda\xbdAP\x9a{Y\x87\x5c\xa5\xd1M\x0b\xc3\
?\xdeC\xdc\xd1Bkj]q\xfb\x97\x03\x11\xb2\xae\
\xde[\x9c\x0e\xea|/\xf4\xc5\xe2\x1avS\x87\x86\xff\
\x00Y_\xc86\xe2v\xd7\x97\xee#r\xc0\xd3\xb3\xfc\
\xa7\xac\x85\xee\xbbAc\xec1\x86(i\xef\x18aW\
&\xb7\x06\x90\xda\xc7w8=#\x1c\x5c\xa3\x01\xdd\xbf\
\xd6$0|\xf9\x0fY\xd1\xa2\x82s3[\x22\x1aw\
\xf77\x8a\xa2..P#\x16\xbc\xdfY\xb3,(.\
\x96\x1a\xe0\xe7*\x1dd\x8c,\x15\xe3]d%\xb5;\
\xf1\xcb~n\xe4\xaa\x0e@'\x08\xf3\x0e\xb3@\xe2\xad\
%7\x0c\xf1q\x9bIGev&\xe4\x86\xb3F\x22\
\xd4!\xc6\xda\xff\x00W\x10#\x83 \x0e\xef\xa9\xfb\x88\
\xda\xa9h^\xe6\xee\xc9\x88U\x0by\xe5\xd6\xb8{\xc5\
\x0a\xa8P\xed\xbb\xf2\xeb\x14\x13\xec\xaa\xf3\xc9\xcd\xc1I\
$\xc9\xab\xc2\x1c\x9e\xb1D\xe1.H8\x8fm\xe7\x04\
\xc3\xf2I\xa5\xd981\x13K\x01\x1cPG\xcfy3\
\xea\x01W\xaf\xd3\xceSH\x10\x91\xea!\xeb\x8c!\xde\
\x9b\x93\xc6\xfb\x98#\x09'\xd8y\xf3=z\xc5&\xd8\
q\xb1\xf3\x885\x1a\xc4?\xce Ao#5\x90\xe0\
3\xcd\xd4\xc3\xb8\x13\xa5sP\x9e\xb7\xbb\x88\x90_\x0f\
x\xa6A\xec\xbd\xe6\x84\xc3\xb7\x13\xa0\xaa\xf3\xaa\xff\x00\
X!\xd8\x8d*9\x98\xa8\xea\xd1~u\x9b+X\x07\
i\xbcH\xd1\xae\xa4\x9ag6\xeb5\x87O\x11H\x1c\
\x16\xff\x00Xt\x0eS4\xcaN\x07\xfeq\x92:\x91\
cU\xcb\xdf\xccxS\xe9\xce(\x90\x84\x88|\xc6\x92\
\x83R\x87\xac6\x90\x91\x7f\x18I\x0bk\x91\xef\x13\xbb\
#\x1a\xfd\xb8\x22U\xde\xd9\x07:l\xec.\xafX\xa2\
\x22\x9cD\x1d=\xbc\x18\x92\xb4\x08\x84\xd5|B?q\
\xb1\xee\x04(\xfcMy\xb8L\x9a\x0d\xbc\x94O}L\
h~\x1a\xd1\xd8/\x00\xf3\x815\xe2g\x83g\xe3S\
\x1ct\x1b\xb85N\xb5\xde\x09\xc0\xb9\xc2\x1b\xa3\xb8\x84\
\xc5\x80D\x9e]b\xf3i\x97\xfc1h\x12\xcb\x19\xfd\
\xcc\x01\xce\xc8\xa5\xd2r]|\xc5\xda\xf8\xb0\x9d\x95j\
1\xf7\x9cY\x02\xc7\xe7\xc9^\xb2\xd1\xe2B\x93\x92;\
c\xdfx\xe5\x14\xa95\x87D\xb8\x0a\xc8 \xb6\xec:\
y\xdepy\xa3r&\xde\x0eu\xe7\x19d\x06\x88\xad\
\x19\xcb?\xac\x9e]f\x0fzs\xab\x8d\xc1\x07v\x0b\
p\x1f\xa3\xee*\x14m\x07w\x08\x0c\xe9\x07W\xdey\
,\xf2\xd4\xcfq\xc7&bx\xacd3\xca\xe0\x00<\
\xae7\x9d;\xb6\xe0IB\x10\xb8\xa0w\xcf\x19\xa7\xec\
9AZ\xdbU\xde\xb2\x08\x22\x0cv\x06\x9e\x9c\xb8\x85\
A\x04F\x03\x00wf\x0b+J\x9a\xf0\xca<q\xbb\
\x97\xbc\x0c\xc1\xa60\xe6\x1dd\x14\x93\x95\xb1\xc0\xf4A\
\xb9\xb8\xe5(\xdc\xee\x0e$\x93\x04\x0en\x8e/7\x9c\
U\x06\x11,h\x9ew\xa9\xde\x19%*@)\xad\xf3\
\xbd\xe1H\x94\x03Tt\xcdNS\xde%\xeb\x9ap\x7f\
\x224\xde\xb1\xac\xf4\xb2=[t\x07gs\x0e\xfb\xca\
\x1a&\x84\xbeL`\x85V\x1eQ\x87\x89\x0b\xf7(%\
jT\x86\xbc8\xd6\x0ae\x8a\x11\x8d\xd5\xe55\x1c\x88\
{cN\xf5\x1f\x90ssk\x84\x1d\x1b\x86\x03\x86\x22\
\xcd\xb8<J\xb1\xceIH#\x04\xfc\xc5\x9c\x14\xab\xfa\
d_\xa1\xe5\xac\x14\xc9\x0d\x04}\x9c \xe9t8\xfd\
\xcdu\xc5'K\x9a~\x90Q\xb7\x1e%R\xdc\x7f\xc3\
!\xd2\x06T\x0e\xc5\xfa>\xe6#\x8d[E\xc3\x13\xb5\
\xeb\x05f+\xe4i\x03\xbd\xee\xfb\xc5lp\xd8d\xa3\
\x8e\x7f\x8c\xb4\x8a\x14\xe6\xe9S\x89\x1c\xdc\xceo\x154\
\xd7\xd0\x93\x0b\x00J\xa9\xc8\x13\x98<\xe2\xb8\x85H\xa9\
\xe3\xb4\x9a\x99\xcc\x16%\x8b\xb4\xbc3\xbcN\xe5\xe1\xd3\
M\xa9\xd7\x1a\xc3RU\x00\xd7B\xbbn\xeer\x9ey\
Mg\x82`\x84\x19&Wt\xd7\x0d\xef+:\x07b\
\x93j\xf5\xce\xbc\xe2#\x90\xa2U\xd1\xae^\x7f0\x9b\
A\xa9%\xa0ZC\x00\xee\xedO\xc9?1%\xd1\xd2\
\xf7\xf7\x14\xc26\x96o\x01W\xa9Mca\x8a\xec\xf2\
`\x0d\xaf)\xdc\xc1!\x05\x81\xdc\xc4\x19\x00\x8b\x977\
\x0d\xae\x96a\xf11\xdb\xbb\xeb \x98\xd9\x9b\xa2,\xeb\
\x16\x88\x04l\xd1`\xd7s\x0a\xae\xce\xb5\xe0\xfe8\xef\
%@\xb3^\xc5\x8b\x1d\xcci\x1cV\xfc\xd4\xd9\xbe\xb8\
q\x11j:V\xb7\xa7\x8da\x85h\x12_5\xcf\xfc\
\x5c\x86\xed \x82x\xf8\xcf\xb8\x87\xdaR\x0f \x0f)\
\x89G\x8a+\xd8\x1f\x0fx\x83\x15%\x15\xba\xfe\xeau\
\x8c\xd3B\xe9\x1b\xe4\xde\xf2\x5c\xc2\xfc\x97Z\xee\xf8\xc9\
C\xc7I\x83D\xdf5\xde\x06NZhA\xd7\xa7x\
\xd2\xc1\x09\x0a\x92\x0d\xf2\xf3\x9b2>\x0a\xee[v\x07\
\xacQo\xa0\x07s\x849\xd5\xc6g\xca\x88M\xe3v\
k\x18E\x0aP\xa1\xa9\xa4\xf2\x06\xb0Ha60\xe4\
>m\xfbqyvi8\xc8\xa9\xd9\xdf\x06'\x07\x97\
>\xb0\x9ei\xb38!\x5co\x1a\x13\xa7\x1e\xf2\xba\xd4\
\xd3\x1ce\x9a\x1a\xaf~\xf0\x8f\x1b\xb6\xf2\xbb3\xfdf\
\x9fj\xd1\xd3\xde9\xb3r\xdf\xfb\xbc\xe4\x90\x08\xb6{\
\xfe\xf0\xd5\x0b\xec\x10\x04\xee\xdcD\x01\xb0\x9d\x0e#c\
\xbbpO\x00\x00\x838p?\xf3\x8c\xa0$\xcb\x02\x0a\
-y\xe7\x15\x99\xb0aB\x84{d\x1b\x0a\xb0?\x98\
^\xcc\xd0\x93(E\x5c6{\xc3\x84\xc2\x7f\xb3\x1f*\
+4\xdc~\x03\xda\xae|g3\xab\x1d\xbb\xa7\x038\
\x1e\xdcD\x94\x98\x8e\xea\xbc\xcdo\xee\x0bs\xd3J-\
\x82z\xd7\xdc\x91\x1a\x1c\x1d-\x00\xe7\xa7\x01Y\xa5\xa2\
-\x04\xf4]aH\xf4\xe6\xe0\xd2If\xa6\x0bN\xd0\
@5\x17\x84\xef\x1b\x97\x22\x0b\x06\xd7\x8d\xc7\x8c\x81\xee\
&F\xda\xe9\xb9o\x11\xa5p\x8e\xce\xbf\xb9\x80\x142\
\xa9\xd2<\xd2\xf8\xc0,\xe2\x09\xacD\xd9\x14}\xe7\xa3\
8\x01\x18\x93\x97\xf8\xc0\xf8u\x12i\x03\xbd\xee\xf7\x8b\
\x5c\xc0\x18D\x17\x0eq\xdd\xb2\x1dK\xab8\x8d\xde\x05\
\x8d\xd8H&\xd5\xfd\xd7\xbc\xbdy\xad\x95h'=\xef\
:\x8b\x06\xa3\xaf$\x0d9 \xf3\xc1\xbb=bA\x00\
\x8bA\xc0|Z\xdaG\x0f4\xc2\xdd\xe2\x88 \xe8\xf3\
\x9dXt\xec`\x9d\xaat\x0e[\xde\x11\xd2L6\xee\
\x97m\xb75\xd6\xda\xe9u\xe1\xa2\xf1\xf9\x83\xa8 \xe7\
\x8eM\xef\x9b\xeb\x01\xc8T-\x83\xb18_\xdclp\
\x8c\xbd\x80\xf3\x18 \x22l\xae\x0f\xe2\x7f\x96#Y\x18\
\x95QG\x868X\xd4\xe4\xa6\x9f\xc0\xfd\xc2\xe3\x12i\
[\xe8\xecI\x91$\x02\xa7\x1d\xdb\x99\x8e\xc8\x1d\xd2\xc6\
\x9bj\xd8L\x04\x19\x8f\xd6\x14\xf8[\xbfYW\xc2\xd6\
*\x1d\x03\xc7)\xef\x14\xfe\xc3\xddno\xb1\xb7\xacH\
\x93\x00\x07\xa5<\xc1\xe3\xbc#\xc8\xa6\x92\x88\xc3\xce\xb7\
\xeb\x1c:a\xb3Q\x13rC\xed\xc4$\x81\xe8C\xc9\
\xab\xfd\x5cL\xdfn\x09\xdd\xfcI\xef\x04UJ\xc26\
\xd9\xbbd\x1c\xb2p\x92,\x1dboX\x06\xaf\xd5\xc4\
\x08\x05'\x00,\x81\xf2z\xc4uBS\xfa\xc9\xbd\x22\
\xfb\xe1Q\x02Y\xb3\xde\x10{]&\x8fy\x07l\xf0\
\xd3\x91\xc1\xa8\xb6\xbc\x99\xfe\xb1\xc0\xf2\x09\xa0p\xeaw\
\xbf\xdc\x9a\xbfA\x83*}\xa7\xcc7v\xe5A\xa4/\
~q\x02\xcb\x12(\xd7N)O\xb9\xb9\xf0\x0e\xe0\x94\
\xff\x00\x9c\x030\x09\xb6\x1a?\x11\xc02\xb4\x07y4\
\x9e\xe1&h\xa5ITv\x0b\xc0<\xe5e\x1a\x0aS\
g\xe3S\x1e\x0f\x95\x01.\xd1\xfc\xde0\x14 \xe0\x88\
\xa9\xe7Z\xf5\x82\xa7\xb7\xb0\x1d\x95\xce\xf7p\xee\xe7\x05\
\xe0\x9aq<3\x98a\xd8\x8e\x86q\xbd\xdc\x02H*\
\x90M\xab\xfb\xac\xdeL5*\xd0'=\xef\x01\x0e\x85\
\x8aG\xeaML\x01$t\xa1\xb5\xbcSf\x08\xaa\x82\
\x9d\xf6\xe4E\xf7&\xf0\x83\x8c\x1b\xef\xe6/\xe2\x0c\x5c\
 \xd7\xdb[L\x03U\xd4^\x0f\xb9\xa2Y9q\x91\
\x93\xb9M.N\x0a\xfa\xbd\xe1\xdc\xedq\xb8\xcb\x90T\
d\xb8\xea\xf9d\xc1\x82\xdd\x16\xf4\xff\x00\x89\x88\x82\x13\
2\xb5\xb7\xc1\x98\xb6N\x06\x8b]\x9e\xb8\xfd\xc4\x06\x95\
\xb3{\xefN\xf8\x98DF\x8a\x09\x9d\x8e\xaf<\xe1R\
Pl\x8f\xf0\xe6L:\x9a\xa9I\xf4\x9e\xe5\xca\x89\x1d\
\x0e^M\xf7\x84ak\x05\xa7+\xee\xdc\xb1\xc5J_\
\x80\xf3\xce1\xc6IZV\xa5\xff\x00\x18-0\xf5p\
\x1a!\xd7;\xc0\x07\x99\x15\xa1\xd2\x8f\x184\x83\xa0j\
4\xdf\x9b\xc6\x15\x96\x92\xcb\xc8\xdd\xc3\xac\xd2nU-\
\x9cM]\x5c\x1etB\x05\xbc&\xfa\xff\x00x\xedt\
\x95\x0b:\xd9\x19?\xac\x14\x1e\xc9\x01\xcf\xe4\xc2\x8cJ\
\x08\xf2\xaf\x17\x93\xff\x00Y\xab$r\xb9\xa4\x1f\xf0\xc2\
\x11\x18\xa3\x9a\xc9\xa6\x866\x92x9\xa6\x0b\xaa\xe2e\
\xd0o\x18\x01z[t\xf0[\x0e+\xdb\x11\x166\xa6\
\xf0\xbb\x025x2T\xc4;Z\x00;\xb5\xc5\x10]\
B\x0dA\xc6\x95\xb8\x1dH\x83\x88`\xb7\xaac\x96\xe4\
\x90\x06\x87\xc9y\xe7\xbcGJ\x0b\x1f\xb8\x96\x08Zf\
\xdfX\xb2P\x15m|b\x99)I\xc7\xfca\x1c\x95\
\xd0\xe3\xde\x17\x08\x12i=\xe7))\xa4\xe5\xeb \x09\
\xc9\xc0\xc7\x8f\xe6\x18\x81\xb6\xa0\xa2\x0ct|~a\x90\
#\x01\x13\xcd^f\xb7\x89\xb4\xb4\xd0[hy\xe3Y\
'0\xa7#t;\x1d\xe038h-\x82\xf5\xb8c\
\xb5\x09\x05Z\xe4\xe2\xf53~@\x00\x08\xd1N\xdco\
\x07\xe1\xaa\x1d\x9c+\xcd\x99\x1f\x019\xef\x00B\x09I\
\xb7\xder\x22uW\x06&\xa1s8\xf2\xca\xb7\xd6\x92\
I\xf5|\xe4J\xcc\x92\x9di8\xa51\xe0$\x9bR\
_\xee\xf0\xca\xd5\xf1G^\x80\xf7\x9c\x86\xd9\xf2\xa6\x9e\
\xf6G^\xf3\x9a\xaeb[D'\xf3\xef*C\xe0\x90\
\xd9\xf9\xa4\xc9\x9fi\xde\x9e\xef\xde\x7fs`\x9a\x81i\
r@jm7\xeb\x01\xa4\xc5wp\x8f\x01\x81\xabq\
\x85!\xae\xf9?r\x80i[\xa6\xdd\x96\xe0i\xd2\x1b\
?\x9b\xdd\xc0\xce\xa0\x14\x08\xe5\x98\x17xm\xc7\xe2(\
h=w_xH+hjvtoY6\x83\xaf\
\x87\xa7l\xf9\x9b\xca\xb63\xe0i\x7f\xfa\xca\xc1\xe6\xd4\
\x18\xf0\xe9\x9a\xc5\x11\xaa\xd7\x1a\xed\xbf\x0f\xdc\xba\x98p\
\x95\xfa6~b\x0dV\x11\x1c\x5cI\xc6\x0d!\xa2\xfc\
\xbf\x92\xc9\x9aq\xe0lb\xc2y[\x8f\x81\xc5{\x1a\
G'\x9f\xc3\x1e\xd4\x95h\xea%\xe5.m\x92\x14\xf9\
j\x91\xba,\xb84-\xb9)6<L\x17\xb8T\xab\
\xea5\xa0=a\x05\x02\xe0N\xcb\xce\xd3\xfb\xca\xc2(\
\x1a\xf9C\xd2\x06F\xc7:\x85\xbdJm\xc7Z\xa9\x1b\
\x01.$\xc5\x00\xf0\x98\x06B`\xf1r\xc5\x00\x8c\xdd\
\xf1\x83\x89:\xac\xef\xc62\x08\x968p\x12TE\x92\
<\xe50L\xe1\xc6;\xf1(\x01\xcf\xbc\xe3\xf8\xa0\xb4\
\xa4\xbc[\xaf\xccH\x1a\xddX\xba\xbd\xf3\xbf\xdc\xd0\xc3\
\x09\x0ee\x07<\xeb\xe66\xfa\xc2\x02j\x03\xc3\xe7#\
\x04\xf6\xafMM\x06\xa9\xf7\x1c\x13@&\xb9O\xf9\xc1\
\xabr\x94\x85y\x0f&\xb5\xef\x02P\x1c\x9a4\x9c\x0f\
M\xc6\x9e\x19\xdf\xd4\x08\x90.\xb9\xc8\xb2i@mm\
\x1f:d\xf1\x81t\xc2\x1aC\xc9&\xb0w\x12\x88\xa4\
a\xcdp*\xc9\xb1\x03\x13\xd2\xec\xfb\x8e\x09\xacOO\
\xfc\xbdL\x1di\xd6\x14\xe8\xf4\x1d\xdcx\xf5{\xc8m\
\xde\xc8\x93\xdeX\xfd[%4O\x9d\xe5r\x08\x17I\
\xbf\xd3S\x1a\xdd\xa0\x06\x0dE\xd5;\xcac\xd5\xb3\xd1\
}8Q\xe9\x02\xc0}`\x09@>\xf93\xc5AT\
\xc1\x0a\x90\x8b\xbd'\xdc\x8b/\xb7\x18q\x08\x10\xb2a\
\x10JS\x97\x17\x00\xcfn\x5c9E\x80\xf02\xd7}\
\xe3\xcf<\x0c\x87G\xb6L\xaakY8<[&1\
\xb7\x17M7<3\x18\xache\xe3k\xbdq\xfb\x9b\
\x91 l/w\xcb\xc7\xe6P\x10\x0d\x7fT\xf1y\xc2\
)\x86F\x9f\x13\xdd\x93\x07\x1e\x0f\xd6I\xd5\xe7\x03?\
P\x0fe\xbe\xec\xc5\xbf1J\x87\xcf\xbbn!\x04Y\
\xa3\x9b\xa3\xbex\xc0\x84\x88:\xbb\xea^\xf9\xceP\x8e\
\xad(h\xd7\x5c\xe4\xa8\xcf\x16\x8b\xa4=\xcc\xa0J$\
]>x\xe3\x01\x95Y\x8d\x97\x93\xbb8\xc7\x98\x16\xac\
Fo\xd8\x97\x09\xedimo\x08<I\xfb\x8a\xc2R\
-\x8b=\xf0\xc9\xfdbL\xc5a\x93|>&1\xcd\
\x00F?\xbaw\xfb\x85\xe0o\xb9\xbdf\x95\xf5\x8a\xa0\
\x00sq\x9aB\xf8\xcd%s\xa0\xc4\x87\x07\x9f8\x09\
Z\xf8\xc6\xa0\x1ddr\xc5\xac\xd5\xa5\x8d\x18\xe6\xb6l\
\xdf\xc3\x01X\x80\xa5\xe0\xca\xb8\x1e\xc0H\x05sw\x97\
r\xa6F\xa8h|#p\xa0\xae&2\xa1N\x14\xc8\
\x22z\xdd\x5c7\x85\x91\xcb\x08\x86\x13\x05w`\xa9\xbb\
\xe3\x11\xb7J\xb1\xbb\xef \x8cM\x1a3\x93M\x13\xa0\
\xc9\xae\x09\xb2k\xce6\xe4\xd0\xa6\xdfY\xb5\xd1\xa6\xaa\
?\xed\xfe\xb1\xe1\x04K\x10\xbc\x9a\xbf\xd63\xe7\xa7@\
\x9b\xb7\xd4\x8f\x9c\xd9\xef\xab\xb2n\x95\xbb\x0d\xf5\x86\x95\
-P\x97\x82q\xe7)\xa3\x10\xbb7\xbe\x0e\xa6T.\
^\xaf:\xb9\xa5\xdf\xf1\x9e=\xb2\x8f\x00<u\x86\xcd\
\xf4>\x18\x00i\xa9\xc3\xee2\x09\x81\xa6\xcf7&\xb6\
\xae\x9c\xe3\x85h1\x03\xebY\xaa\xe1M\x1f#\x8b\x15\
\x8cZ\x09\xc3B\x94\xc1\xb8\xe8\x01\xa4\xb7\x9b\xdb\x912\
d-.Bl&,[\x8dMSZ:O\xe1\xc2\
xx\x04\x8a\xd3\xc6TF\xb7\x02\x97I,$\xcdN\
\xa5\xce\xc0\xbco\x10\x9a\x85\x09\xa3&\x92j\xb5\xbb\x8d\
\x9c \xf7\x5c@\x98\x18;q\xae\xa1\xaf\x84\xc6\xb6\x9d\
\x1e@\xc3J\x85\x18\x93\x10:\xa0\xf3}\xe2\x89\xd7\x10\
\xda\xe2\xa0\x88\xe9a\x82\xf1\x02\x9ce\x17\x5c\x91\xf0\xf1\
\x92\xb8\x90\xaf%\xc1&.(\x9a\xda:\xe3^s\xa2\
\xacQ\xbf\x93\xb6\xcd\xe26MM\xf8\xa5\xf4\xc3\x94\xbe\
\xc5k\xa1\xe1\xbd\xe6\xafS\x99\x13k\xad[\xfb\x9b\x02\
\x19\xc0_5y\xfc\xc2\x17\xfe\xb8\xb4\xa9\x0e\xcf9J\
At]\xde\xf1\x19\xb9:\xf3\xef\x12g\x0bQ\xd1\x81\
\xa9\x08v\xff\x00X\x03\xdc\xf2\xe6z\xc0\x17&\x1d\xa6\
k,@\xf0\x98\xcasR\xf0\xfc\xc86B>W6\
\x13US\x9b\x8c\x8c\x94\x1c\x5c\x06\x82\x1bz\xcaU\xa4\
\x1al0\x11\xe3\x01]\xf6\xcfE\xc7\x1c\x0b\x14\x81\x1b\
\xef\xfa\xc3\x14\xcf@\x8e\xad\xdc\xfe\xe68\xec\x0e[f\
\x9a\xb4u\xe2b\x0b\xf2\xefMh\xd9\xd2\xf9\xc7\x96\xad\
o\x87=YO\x18\x06\xa0b\x04N\xdc\xeao7\xc5\
\xb2\xc1\xe7\x87\xf0\xf1\x88\xd5\x0a\xefS\xbc\x97\x80\x1b.\
\xd8\x1a:4\xff\x00W\x13\x00g\xfa\x18\x05\x9a\xd6\xf0\
\x9f\xf3\x87\xb4@\xfc'\x93\xc6q\xd3\x18\xba\x05'}\
\xbe\xb1+S\x05\xa5\xd3]'\xf3\x88\x10KF\xad\xad\
\x1d'\xf1\x92\xb2U\x09\x1a'\x8fx\xa6\x86\xff\x00:\
\xc99\x9a\x99!\xa7t\xe0\xd4^\x13\xbc\x10\xbf]\x80\
9\xfb\x89\xafX)\x11\x13\x8a\x8fX\x94\xc2\x05\x1b_\
8\x0a\xa6\xa3\x94\xf0\xe2\xbc\x9aZ\xd3\xf7\x0d\xb1\x8a\x97\
\x13\xd6=\x81\x0591\x86j\x1d\xef\x9c\xb0\x18\x80\x1b\
\xde\x09\x83\x03\x15\x19\xcf8D\xfa\xb2\xce@\x9c\xc2o\
\xbc\x1f\xe1X\x15\x8b\xed\xc6\xb3c\x8a\xad\xdb\xb2\xbc}\
\xc9\xdc(\x1a\x1a\xda\x9f\x9a\xc3\xf6\x921\xae\xf9v\xf1\
\xbch (\x05)\x9fq\x95\xba\xd2}.\xfc\xe2\xf1\
I##\xed\xcds\x88T\x9e\x16\xfd\xcd}\x83B\x07\
\xcb\x81\x94VO\x9f\xf5\x81d\x12\x8a\xf9m\xe7\x16D\
Z\xa0\xbe.6\xba1I\x9cVm\x9eq\xa8\x0b\xb4\
\xea]\x9e'x+\xeb\xb67]B\xd9\xc6\x22\xd3\x14\
 \xca\xa5\xeab\xb6\x80\xa0\x82\xb7A\xe2Mu\x84\xa5\
X\x81\x00\xf0\x94b\x5cpS72\x9c\xf0\x918\xde\
\x1d\xb4\x95\x10\x0e\xf6r\xe0\x9e\x03\xbbR\xde\xce\xc7\xfa\
\xc84\x97\x0f\x01\xdb\x11\xcf\xff\x00\x86h\xdc)\x87x\
\xf6\xf9\xd3\x96{\xff\x00l\xa0\x8a\x84;E\xac\xa0 \
#Cx\x84J+N?p\xa4\x14\x16\xb5\x88`\x04\
f\xc9\x00\xfd\x96\xe4\x04\x0b\x03JqgS\x8c\x1ab\
\x02\xa6\xb8\x0dw9\xca\xc1\x06'\x03\xa7N\xa3q\xc8\
 \xd28\xf5\x85\x81\x06\xd7+\xe0\xcb4\x1a\xac\xe6\xfb\
\xcd\xccH\xd3\x83\xee\x5c\x08\xc4\x1d\x06\x12\xe6D\xdf3\
\xc9\x826\x14\x9a\xed\xf3\x92\x05\x04\xb5<\x1e\x1e\xb0\x81\
\xcc),\xb5\xc8\xaf\xf1q\xec\x92\xc2\x01\xba|C]\
\xe2\xdc\x101[\xc8\x16\xd4\x0fX\x85O\xa2\x87\x96\x8c\
\xe1\xef,d\x06M\x1a\xb1\xee\x93\xac[\x85\xc1\xb3u\
\xdf\xdb\x9a\x047N1\x8e\xb1E\x9b0\xb9\x18N\xda\
\xf3\x88\x96\x0e\x13\x93\x18\xf0\x96&\x13\x98\xaa3\x9fX\
\xa4'e\x9f\xd6<;C:4\xbf\x8cr\x99:@\
9<\x97\xb7\x03\xd0\xd0@W\x90\xf2k\xf9\xc6\x14\xa6\
\x0e\x03\xc7b\x7f\x0ej;\x80\x80\xac.\xc3\xfd\xe2\x1c\
-\xa9\x8drqz\x98nf\x08\xa7\xb3\xcaG9\xad\
`\xf4\x8c\x0d\x17h\x9a\xbeL\xd3\xb0\x9a6\xfb\xc1\xa5\
K|\xb2\xdd\xad\x15\x089\x1d\xdfZ\x94\x0fY\xd4A\
+g\xcc\x09\x08h\x1eL#/\x80i}\xe5d\xa2\
\xd2\xc1|\xe0=\x82\x9c\xb9i\x01\xb6\xf7\xe92\xd3i\
[\x09Nq\xc2\x8bc\x02*y\xa6\xbdg\x11:\x04\
n\xc2\xf3\xbd\xdc\x9c\x17w~\xb3\xc1?\xf6\xca \x18\
\x82\xbb\xa6\xb67w\x0d\x04\x05\xf4I\xb5\xe9n\xbc\xb8\
\x03\xc8P\x8eY\xd7#\xfcb\xc9\xe4\xe7\xaf\x99\xc0%\
\xb2\xf5\x83a\x19\xe4\xef\xee6\xc1\xeb\x83\x03\xd5\x09o\
\xb9\xe3*\xaa\xac\x5c\xb3\x156y>\xe1T\xb5\x89\xb0\
c\xe9\xef-LK\x80\x1b]8\x01\x05DZ\xaf\xdc\
l\xbd\x8cw}\xe3fx*\xea\xe1\xd8\xd0yu\x9b\
\x13t+\x99\xeb\x01\x8d\xce\x05\xaf\x9b\xe8p\x11dM\
]\x1a\xf5\xba\xdf\x18*\xc2((xya~\xcc \
\x88:\xd3P<\xd2\xfc\x98\x0bh9\xc1\xaa\x0e!>\
\xdcB%u\x11\xd6\xde\xae\xbe\x5c\x1a\x1d\x0d\x081\x1e\
\xe4\xbe\xf0H_\xe4m\xdb\x84(\xca)\xc9\xf3\x17\xf0\
\x04e\xc5@\x90\xf3|\x5c\x87\x87H\xe3\xd6-\xcc]\
\xa3\x89\xd6I\xce50\xba\xde\xbd\xd1\x00\xf4\x97~\xae\
1J\xd0A\x5c\x87\x93Z\xf7\x86b\xb8:Q\xe3\xa2\
s\xe1\xc8\x13\x19\xb0V\x17\x8e\x9fp'I\xe5\xbar\
qz\x98\x1e\xa8\x94\x08\xd8\xa7#\x84\x9b<\xd2dt\
\xf6\x1f\xe3\x12\x16E<=b\xdd \xe8\xdb\xef\x08\x96\
\x0c\xf7\xf7\x18\x14\x03\x042^\xec\x05?0#\xa4\x22\
\xe4\xcd-\x1a\x00\xd9\x8a`\xd8I\xa1\xf7\x9au\xb5\x01\
Q\xe3\xce'\xe8@\xaas\x17\x80y\xef/\x89\x8c\xa9\
,}\x8dLW\xf0\x04A.\xc5\x7f\xceC@b:\
\x06\xda}5\xeb9O\x14`;\x97\x9f7\x04\x83\x01\
dmg\xdcR14+%D\x04Evu\xbc\xe4\
\x9d:x>\xe2np\x8b\x10\xc6+\xd9\xb7W%\xd1\
A\xa1\xb5\x7f\xc6j\x90\x14\x0c\xfe\xf3\x81\xa7h\xf0c\
e^\xa0$\xf1\xe2dt\x87d.\xfd\x14\xfe3\x9a\
\xac\x1d6*\x8f\xcdb4\xa9\x13EV\xfd'\xf1\x8d\
c\x00\xa3@;'\x843m\x02\xa2_;\xbe\xfcc\
+\xa6\xa1@\xee!W\xfc\xcc3\x1a\xda\xa9\xdc\xbeF\
~\xe1\xc9\xc4\x9b\xc6\x22y{\xc5E\x07\xcf\xcc\x92%\
)\x1e\xb0Rx\x13\x18p\xf6<.\x02\x81Pt\xe5\
\xac\xe1bF\xcd\xdb\x80R/s\xfa\xc0\x13\x14\xd9\xd6\
\x1f@\xf8\xb2\x92G\xad[\x88q\xbf,y\x1dRY\
\x8e^\xb1O\xc1u\xbd\x17\x0f\xf7f\x1e\x02\xf1'X\
\x0c\x9ery\xf2\x98Pn\xb4\xbb_\xbe3\xb0m\xd3\
\xb1\xc5\x00JP\xea\xe1@\x87v\xe2ex\xab\xbf\x18\
WN\x81w;\xc6\xcdM\x17\x92h\xec\x81\xf3\x00\xc2\
\xc0\x09F\xc7\xb9y\xfb\x8b\xb1\x81\xc0\xf3\xd2\x8c\x99 \
Q\xc2X\xf3\xecB\xf8\xc0\x8a>\xc0\x0d\xf4x\xc9\xdc\
\x10\xb5\xd9F\xad]u1;\x1f\x10\xf1~\xe2:s\
U8}`\xa6\xa7\xc8\x9b=`wS\xa3\xaf8\xa4\
\x1a\x1a\x0d\xc9\x88@\x0c?\xeb\x10\xa1A\x19\xbb\x95\x1b\
ef\xef\x8c1\xa0\x14\x1c9{\xa1=\x01\xa2\x1f$\
\xbc\xe1\xe9\xb4;\x07Z\xd3YQ\x95\xdbnT\x89\xb2\
\x1b\xf1\x92\xda\x00\xec\xa5\xee\xc3\xa9\x8a\x04\xa1\xed\x11\xda\
\x96\xe4A*\x13a\xb4\xdb\xa4L\xe5E@j\xe9\x8f\
\x19\x05\xa9\xd1\xaf\xec\xcd6ASo\xbb\x85\x84\x0d\x06\
^\x80c\x06\x9c]\xe0\x06\x87\xc3\x1d\xa4C\xe6|\xc5\
\x95B\x00\x89\xed\xc2\xa8\xf0\x92\x97\x08\xc5\xc4I\x05\xf2\
`\x1e\xa0\xa8\xab\xf3\x1b\x84N\x0e\x93\x89\x83\xbe\x1e\x11\
/~\xb0\xed\x12\xf8\xb1\x17[i\xafX\xc5%\xd5\xe3\
\x1fb\xef8?'\x228x\xe7\xa9\x8cH9\x9e\xba\
#\x8d\xee\xfa\xcd\x81\xf7M\x91\xb5|G^\xf0g\x84\
\xb5\xbe\xa24\xcenH\x04\x1e[\xfcc\xa8\xa3\xf0\xf7\
\x80\xd1\xce\x0a\x0e7P[H\xe2%\x93\x17\xf9\xb1\xa6\
%\x05\xc0\x08A9r}\xc7\x22\xbb\xe7\x83\x03\xb1\xaa\
\x17\x8f\x8c\xb8\xc8j\xf3\x9b\xa3 \xd9\xb1\xef\x16\x82x\
\x0f\x0f\xbc0}\x1b5sf2\xec\xf3\xf3\x1a\x04Q\
\x17s\x0b\x89\xb0\xd8\xd0\xb7\xd9\x19\xa6\x82,\xdf\xbf\xda\
\xdc\x01S\xad\x8a\x7fj\x16y\xc8\x9dP[\xbdB\xf4\
\x96\xf8\x98\x18\xa5\xaa\xe9\xeaG\x82O8\x1b$\xf4}\
\x9d\xefW\xc5\xc3\x81\x15x\xe0'\xe40\x9bm\xd5v\
\x1f\x98\x13qR9Ln\x10\x1ap\xf9\xb8eV\x00\
\xf1pE@@\xa6\xee\x22\x00\xea\xff\x00\xaca3\x94\
h<\xb8^\x02\xa1\xe9\xe6\xe0\xc2\xb93\xce|4|\
\x5c\xab\x82%4WD\xd99\xc1\x96\x04+-{\xe0\
\xba\x98\x0b,\x9d\xab\xa7j^\xb0\xf9\xae\xa8\x08l\xd7\
#\xc4\xf3\x80\xb6(}.+\xb6\xff\x00\x18\xbc5\xd0\
\x87\xb2}G\x02%:\xf7\xf7\x07p\x9d`\xcee\x0c\
\x1c\xe4N\x0e\xf4\xd6\x11X*o\x0f\x91)C\x8c\x05\
$\x910\xeb\x07%\x89\x16\x93'\x1a*\xaf}\xbc\x17\
YQP*\xc3\x98\x92w\x1c\x10\x93\x1cpy<b\
\x1a\x83*i\x11\xf1\xb6\xff\x00Y)\x19\xd7\x88\xef\xe2\
\xef%:\xd8\xecA+\xf7\x11\x92\x83\x06\xae\x13A\x82\
\xf4'\xbc\x17\xbbmx\x9e\xb1U\x10E\x88a\xb3K\
\xe4\xc6\xe3!\x0d\xaeY\x80\xd4^\x5cP~+\x84\x01\
\xab.\xe7\xcc\xa8od<\xbd\x0f\xe3\x00\xb2\xb8\x8ca\
a\x1f\x1f\xe7.f\xc0\x02[{\x16\xff\x00\xa3\x19@\
@R\x80v\x1a\xec1\x03\xb8\x09\xf7sw\xf3\x1e`\
\xbb\x0d\x0e\x8f\x7f\xe6`\x1aK\x16\x1a#\xf4i\x83Z\
\x17\xf0t\xbf\xd7\xf3\x8e\xd9\xd0\xdf\xbc\x81\xd9\xdf\xcc\xd3\
'u\xbe\x0c\xbaB\x00^1\xc7.\xa9\x84\x04\xa0e\
y\x0b8\x85#B7\xf7\x1d\xb5\xab}z\xc9\x17\x01\
i\xcei\x8a\x9c\xb9\x88\xd3\x8d[\x8aFe;9W\
\x92q\x8f\xf4\x11\xcf\x00\xd7.\x98R\xc3\xcc\xd3\x1d*\
\xc9:\xc4w\x03U\xb4\xef\xe6\x05\x89\x9d7\x8f8\xac\
\xc7\x85\xe1\xc1E\x10\xd9\xde\x00\xf7~}bx\x03\xcd\
\xa6\x02\xc4\x10\x07r\xef/ \x10\xd4\xaf\xe4\xb3\xf2c\
\x02\xd7\x0c\xf9\x84\x9c^w\x80\x05V\xf4\x9d}Y0\
\x0c\xb2\x08\xfe\x07\xb9p\xe5\xa4 y\xed\xba\xbcc;\
\x89S\xa5\x15\x1d\xdbs\x8f\x03\xcbW\x0e\xb82\xef\xcd\
\xeb.\xf9\x1f\xa1\x97\xb8\xccg\xf9q@\x19\xc0\xde\xb0\
\x06\xf8\x9c\x9f\xf1\x89\x16\x925\xcd\xf5\x8f2n\xa3M\
\xf0\xe6\x8b@\x83\x81\xc1\xe8\xa9\xb1]\x9a\xd2\x5cTp\
h\x0a\xec\x01\xbe5\xe3\x1e\xbe\xb2\x12\x0a\x84\xde\xcer\
\x8a5P\xd1\xab\xa7\x1dLR[\xae\x8e\xc8r\xe7\x19\
\xd1\xe0\xc9\x05p\xa7S\x12we\x04}\x0delz\
\xd7\x22\xf3\x93\xc30{<\xdc\x8a\xee\xc2s\x8e&E\
#\xfa\x9d\xe6\xe3\x13F\xbef\xa9\xfbO\x1e\xae\x1a\x00\
\x1a\x84p\x02\x96\xfa\x0f\xcc@\xf3\x14\xe3\x9f\xcc\x07D\
6\xd6\x1d\xe9\xa2v\xfc\xc4\xac\x8b$\x0d9\xc21\xdd\
\x1a\xa4t\xf0\xaf\xf0`0\xdd\xb4\x08\xce\x07\x0b\xbc\x1a\
\x91\x15\xd2\xc7\xf2\xdd\xe3@\x95\xf4)\x87\xc0\x96\xe7\x91\
g\xa6\xf9\xa4\xe7d\x7f\x9c\x19\x1dm\x05\x10\xfc\x1es\
\x84\xe9\xc3\xb4\xc2\x99Z\x01\xc7\xdc\xf0\xde\x83\x90\x98\xaf\
\x02j\xa6\xf3hA\xcao\xdb\x1dd\x0d\x06\xd7\xde\x08\
\x16\xa7A\xf1\x80@Ko\x06\x0bB\x88]\x87\xcc\x16\
\xec\xa0\xf3\x8e\x81\xa9\xe48\x8a@qdp\x88\x22\x0d\
w\x91QC\x16\xdc\x00\x88\xc8\xbc\x9fry\xc6\x02\xe7\
(\xb7z`?6\x1a\x09\xec\xbfn\x1eu\xb5E\xe8\
\xe9\x96`%!\xcf\xf7\x8e\xf59\xc9\x8d\x1d\x00\xf6I\
\xd4\x98\xcakL\x067O\xe2\xfe\xe3\x8a\xa9V\x9b@\
>\x010\xc3\x9a\x8dw2M\xba\xe8\xeef\xe8\xb04\
t\x9e\xf3O$w\xe1p\xf2\xcck\x9b\x94\xf3\xc5c\
\x9b\x9c)\x0f\x01\xf76\x22n\x87\x83\x0d\xb4VyT\
\x03\xbd\x83\xd5\xb9\xbc\xd2`\xa6\x95\xa3\xe1\xef\xdeXA\
\xd0Q-_\x0d\xd2u\x82\x06 \x8d\x89\xfa\xae7\x0b\
\xbb\xca:\x87w\x89\x95L\xe0x\x9a&\xf9\xae\xfd`\
\x22\x10\xa7!\xe0\xea\xef\x02\x01|\xba\xf3sI\xd9\xe1\
\xfd\xe6\xb3\x84\x04_\xcc\x5cJ\xff\x00\xa1\x89\x0a\x07N\
\xf0\x16\xa8\xddq\x90\xf3\xa8\x04\xe3\xdeA\x90ip-\
&\x03\xach\xafj>7\xac\x10LB>Ix\xbe\
\x7fq\xc9\x84\x00\x01\xe5:\xde\xb1!t\x0a`N\x1e\
\xdb\x81\xb1@\x04\x08\xcdN\x0e\xf1\x8f\xd8\x13h%{\
\xc1V\x12\x8e\xfe\xe2-\x9a\x15\x90p_\x0b\x91M\x07\
\x83\x17\xa9,\xf2\x07\xac\x15\xc6\xc0r}\xc2\xbc&\x00\
4\xbe\xf0\xadljap\x0c\xe0W\xfcd\xa9\xaa\xcb\
\xb9\xe2b\x82N\x88\xf5\xe3\x0c\xaa\xd0\xd6\xd1\xb7\x5c;\
?\xbcO\xb0\x03(F\xd1[\xb7\xcfF(D\x01@\
\x03\xa0\xc7\x9c\xd8h\xdfC\xb7w\x7f<\xe7!\xe9T\
!\xd1]s\x7f1\x0cAD\x03\x8d#\xef\x19LU\
[uX`\x9a\x87^pL\x82s\xef\x08c\x92\xbe\
1\x03\x81\x88`\x82\xce\x8e.\xd0\x14\xae\xb6\xcf\xef\x14\
\x00jpo\xab\x8c\x9bZ\xdf'\xf1\x94\xab\x02\xfb\xc2\
\x1a\x9a\xd0\x90\x8b8\x80\xff\x009\xb3\x89\xd0\xab\x86\xad\
\xeb\xac+0\xdf\x10\xe4\x13L\x1eqW\xaa\x8a\x18\xa7\
\x90I\x92)\xcd7\x93\x11 \xae\x97\xbf\xccB#r\
^\xf0M\x22A\xc8\x91\xaa\xed\xc9\x8c\xcd>V\xeb-\
 `A\xff\x00x\xf8\xff\x00\xd2)\xba\xae\xdb\xdf\x89\
\x80\x94\x01\x7f\x89}/?\xb8\xf8\x15R]\xf8\x0d\xe9\
\xb2a@\xb55=\x0b&\xe5\xcd\x1a\xc9S\xda\x97W\
\x8f\xdc\x96\x84(\x8alw\xb7k\x81Q@\x15\xd6\x1c\
\x85\x0e\x17\x97\xd6DM\xc6\x97x\xc0\x22\x22\x8f\x1fp\
5\x8a!\xbe&\x0d^m/?2\x052\xfa\x5c\x12\
\x1d\xecwp.z\x0c:\xbe\xf0l\xda\xbb:\x98\xdb\
\x1e\xbd\xf3=f\x82`\xf6\xdek\x0c\xc1'no\xc6\
;\x9d\x7f\xd3\x8ax\xa2\xab\xd3\xeb\x12\xa6\x97\xe8`\xe0\
\x07\xd1\xd7\xbcA$a:O7\x0b\x9b\xb1k\x22}\
\x04\x8e\xfcc\xe05G.MC,j\xfd\xcb\x1aY\
k\x1dW\xdc8\xf7\x8bF\x12^\xdf\x99\xc2\xb0\x9a\xb8\
!+t\xef\xe5\xc5N[\x8e\x1b:\xef.f\x9a\xd1\
\x04\x93\x82\xdf\xe3\x18\x0b\x010\x8c\xa4\xd0<\xe4\x13%\
s:\xf6\xaf\x7f28rV\xcb(y\x13\xf9\xc6%\
\x86\x8dSZ:O\xe1\xc2(\x0c\x0a\xa1\x06\xf0\x1f\xe7\
\x0ec\xd2w\x8a\x18\x08\xb0H{\xc8U\x16\x8e\xc3\x16\
?\xd0\xe1\xbfY6\x81\xbc;\xbc\x5c\xb8\x80 w\xf7\
\x06B\xfb5\x07\x08F-o^\xb1\x80V\x02\xeex\
\x98\xa1\x85A\xfe\xf0\x14\x09\x104\xc5_$\x16\xa3\xeb\
\x04\x00i\xf7\xf320\xd3j\xdc\xae\x22*\x04m\xdb\
\x8cmE$Y\xd1Nv3\xc6m8\x02\x0d\x1e\xd7\
[\xberB\x02\x8d\xf2\xe1\xe1jx\xc5\x8f\x1f\xb8\xee\
\xd2\xc2s\x95dt\x82{,\xba\x93\x19\x8c\xb5\x01\x9d\
;\xda\x5c\xd9\x02\x1e|\xe4\xa8X\xf8e\xde;#\xc1\
\x9a@\x01\xe0\x98\x99\xbf:\xba\xc1\x08T!\xcb\xe3!\
\x82\xe8\xbb\xbe\xf2A\x0c(tf\xca\xae\xec\xeab\xa0\
\xcf]\xc3\x1e\x1d\xd0\xc2<4\x88\xf9\x0d\xf0\x1e2\xf9\
Kk\x89k\xa6\xad\xa2`Kh\xe4\xa1\xb0<\xf3\x8c\
 \xa1\x0bJ\xd4>x\x98\xaai\x93\x0e#F\xba\xda\
\xdcT\x84F\x08\x87\xc0Q\xe3\xd6<\x01\xeb:\xc0\x1d\
\x10\x0e\xb1/\x5cC6\xfe`zsT?\xce)\x98\
\x82\x9e\xf0\xaf\x09\xaabYB\x0e\xb02$\x83Bs\
\xeae\x82\xe3\xa3.\xed\xfd\xd7\x8cg\xe87\xa8\xeb\xcb\
\xde\x17\x10\x00 G\x90sn\xb1b\xd1kX8\x8f\
\x0e\xf0\xd1\xe8\xb6\x9ae'\x03\x8b\x22\xe3[y_\xef\
55I1z\x03GA\xfc\xc9\xb7\x85\xaa\x1c\x064\
\x1avw1\xd6j;\x08\x9f\x5c\x11\xea@\x06\x8f\xb9\
b\x00\xa4H8<\xec\x88\xe7\xe6\x0a\x85\x1d;\x0c!\
U\xa7_\xce 1JX%(\xf4\xb0\xfe1`\xee\
\x07)\x1bE\xf3w\xf9\x88\xf1P\x19\xb0\xa5\x9c\xf3\xac\
\x8a0Q\x22\xf2y\xf3\xee\xe0\xf2QP\x81\xa8W\x5c\
\xd3\xe1\x89s0s\x86\xb4\x9fs~\xae\x02\xd7\x007\
\x01\xa0\xc8\x91t\xe7\x16\x90\xf6\xf1\x9e\x01O\xe3\x15'\
}f\xd2\x07#\xc3Y\xfd\xe6\x81t\x9d\xbe2S\xb9\
\xd9k\xeb)\x9b\x22\xf4\xfa\xb8N\xe2\x054\x11\xf0\x91\
\xfer\xf2\x96+u\xd8\x9e\xe6\xa6\x0d\xf7L\xd4\xe4A\
\xe8\xef\x17\xc4o-\x0a^\xa4\xd6\x0024\x98I$\
\xb4]\x19\xfa\x0d8q\x10\xa1\x05sp\xb3Ect\
\xc7\x10\xdf\xe4\xf1\x88\x98\x15\xad\xb4Ox\xde\x16\xb0\xcb\
\xa1\xbeZ[\x93\xb5\x85\x11$vIz\xc7\xd9\x82%\
k\xa9\xf67\x04\xa6\xa5\x0c\xfd\xbcF\x5co\x5c\x02/\
\xec\xe6\xbcg\x85\xc7\xa2\x8fKTm\xf3\x93\x14v4\
z:6OI\x80@\x81\xecrGOjf\x80\x82\
(\xf0b u|\xe81\xba6\xc5q\xacm\xa5\xdd\
\xc7m\xa6\x97w\xder\xc3\x04\x1d\x5c\xb6\xa5\xdeZL\
g8\x94v\x9e\xb0\x91]:;\x99d\xb1\x0d<\xf7\
p\xd9\x0d\x94\xde\xcc\xcd\x5c\xf9Z\xff\x00\x13\x0d\xa0\xef\
\xa2\xef=\x1d\x8cz\xea\xe2!m\x02p\xe1\x892v\
\xe1\xf9\x95:\xd1\x15\xdf\xbcc#\xb2{\xb8\x8e\x8c\x91\
\xc2\xe0\xb7 \xdb\xd1\x85;QS\x83\xce \xaaP\x8e\
O3\x04DBj\x8e\x17\x00\x125~\xe3\xbaG\xec\
4\xeb\xbc{$:\xf5\xa6\x8d\x8e\xed\xc5\x96{d\xd3\
\x0fBb\xc0\x03\x93By,\xdd\xb9\x0dB\x8a\x00\xb3\
G\x90\xce]\xc04C\x88vN|9X\x0a\x05\x8f\
\x0b\xb08\xfb\x91\x86\x93\x8b\x7f2B5pO\xb85\
\x00\x95\x9a1\x9a\xa9\x08\xe3/\xf4\x86\xdfn\x10\x89\x91\
\x1f\xef(\xfd\xd8\x84\x1c~8U\x14\x9e\x0c\x81\x22\x83\
\xb7\xccF\x81\x0e\xf8>\xe0Vp\xc2P\xc1[^\x0b\
\xfdf\x82@\x89\xd3\xf7\x06\xc8\xea\x07\xb7\x93\x12\xd8\x13\
@\xe8\xdf\xee\x168\x82TWB9\xd8\xb7\xac\x0e%\
\x10\x0aY\xf0S\xde\x0c\xf5\xc5k\xdcz)w\xd6#\
\x82\x1b\x98\x9b\xa3\x88jw\x8cN\xab\xaa\xaa\xc5\xe6\x89\
\xf2ex\xe3Q\xd8k\xfe\x99\x84\x90\xa9\x1br\x5cX\
\xdb\xa6!\xf0X\xf418\x089p|\xca\xa3\x07o\
y\xa7\xee\x9e\xc6i9\xb0<8\xd0`A\xd0\xe0\xc2\
\xae\xf2\xd4\xc1nJ\xf2K\x84\xd5t#\xea\xefW\x8c\
\xba'p\x06\xef\xd9\xb6\xe5\x8d\x05P\xdc\xd0\x09\xc5\xe3\
\x18\x84\x0d\xaf.\xb6\xef\x9b\xeb\x01\x06x\x9aa\xa5:\
\xe5\xc1\x07t\xc2i\x15w\xc6\x06\x91\x96;\xe1\x81\x9a\
>\xa9\xfe\xcc{\x1d~\x8f\x9c`.-\x0d\xdb\xde*\
\x15\xc2\xa3\x81\xcd\x19!\xac\xe3.Zlo!\xeb4\
5p\x90\x9c\xb7\x80\xc8\xa5H\x05\x03\xda\xfb\xaf\xcci\
\xbbf\x88\xe8n\xe7\xf70\xb6@-\x86\xc0\x9d\xda\xff\
\x00\x19\xb1gt\xd1\x0e\x9b\x9en\x09\xaf!+h\xdd\
\xd7\x16{\xc8)\xd1;@\xe7q\xcb\xf0H\x9c\x1ep\
\x18\xcc\xc7\xb5\xca?\x1d\x879\xb2\x14P\xfe\xaeN\xd0\
\x1d\x84\xc4jT:\xd1\x85I\x0b\x09\xa7/\xd1\x81T\
\xe6\xe1o\x1a\xa3\xbc\x05\x0e\x96\x9d}\xc1\x8d\xa4\x8a\x81\
\xfd\xdc\xa6B\x03\x81\x1bD\x1f/\xf5\x923\xe4l\x85\
\x1b\xdf,\xc7\xc6\xac\x8d\x03\x8b\x1f\xce\xfc\xe3PE\xa6\
\x87\x80\xfe\x1d~g5I\xab\x844\xeb{\xc5K\x0c\
\x11\xdf\x04\xf9\x89\x11\xbe\xb2\xa0\x82n\xe0\x01\xa4[\x89\
\xe8K\x9b\x94\xef\xbf\x98'\x08\x86\xf9\xb9\x85\x04\x5c\x02\
7\xf8\xc1D\x11X\xb5\xbdf\xbeBX\xce\xf5p\xaa\
\xe3\x84CCC\xe3\xfd\xe5\xe1\x9b\x95]\xdd{\xd7\xe6\
)U\x91\x14J\x1a\xe9\xd6]k\x16\x04\xed\xc10d\
h\xac\x1b\x9e3WAl\xe3\x02\xc62\x04\xfe\xcc\x95\
\x88`3n\x11fKg?q,\xaf(\x0d_\x17\
\x00\x8b\xdb\x84\xe37@#\xbe\xdf\x1fn\x0e\xd60\xa0\
\x8dS\x5c9@PO\x81C\xee\xf3a\x1d*/B\
\xfe\xef\x00\x87\xb0 \xf6_=a\xdb\xac\xc7\xd0D\xe7\
b\xe0U\xae)\xc7\x93\xcd\xc7\xa1\xc17\xfa\xe0\x16\x0b\
\x82\xc9\xc4\xd4\xff\x00yR\x02\xe8\xdd/\x8c\x05\xe4Y\
\xff\x00\x8c\x04\xf2#\xb3\x09]\x949>\xe2\x19\x11\xf8\
O9f\x8d\xa9\xd8\xf5\x8d\x0f\xe17\x11y4\x8e\x18\
\x9d\x83\xa0c\x7f\xef\x10\x8d'u\xdf\xcc\x18\x14\x14m\
\x8fd\x8a;\x1fp\xd0\xdbD\xe9\xf7\x11\x19\xb2\x05\xe0\
\xf9\x82I\x87\x15\xa9\x8d%\xf7w\x9c\x0ec\xb4\x1d\xae\
;(\xda\x9e}\xe4\x89\x09\x17C\x94\xb4m\xf4\xf5\x9b\
\x0f\x1c\xf73s\xc7@\xec\xf7\x89gr\xa6\xb7\x89|\
\x0b\xa3\x86\x9cb\x1a\x9a\xa1\x0e\x84\x0e<\xdcB\xc0\xa1\
\x11 \xd7\xe7\x19v\xe0k\x04B=\xb3w\x03ha\
\x18\x13\xb7\x08\x17I\xa0\x10\xb6{\xc6k\xa8\x00\xd3\xcf\
\x98`\x0d\x81\xb9,\xf5\x8e\x83\xbd\x03\x87\xc6\x02@;\
Q\xc6\x03\x09\xe1\xa6U(I\xc6\xe7\x9cc\x0dhf\
\xbe\xe0\x08U\xf4\xe7\x22\x80\xf2\x8es`\x8b\xacX\xe0\
\x96\x1ag9P`\xbb\xa9\xa2a/\x87GL\xa0\x16\
\x10\xed\x9a\xacPI9\xfb\x9364\x11\x9b\xef\xc9\xac\
x\x89^\x12q\xe9\x7f\xceQU\x02tx\x80\xf5\xc6\
3\x9bp\xc0w\xb7\xc3\x13\x03\xdf\x94n7os\x0f\
\xe1\xd0\x5c\x9d\xd3\xe8\x9f\xc6\x0b\xd4\x8cD\xea\xfe\x03\x17\
H\x0cy\xc0\x1d@Y\xd9\x90\xb3\x90\xbd\x18\x88\xcd'\
\xa3\x06\x9c\x08a,\xa2C\xdf\x9c\xb4\x06\xed\xf7\x9a\x83\
pb.\x0a4y0\x06\x1a\x17\xc8\xc5\x98b\xd8.\
\x03_\x10\xc3\x0d\x10\xb6\xa7\xd7\xb6\xdb\x9b J\xc5F\
\xbd\x0b\xc6Pc\x03\xe6t\x8e\xe3\xcd\xc5\x1d\x15\xcb\xa3\
\x8a\xeb\x5c\xe0\xe0\xc8\x8b\x8e\xa96\xcep\xeb\xc7\x91\xd6\
\xec\x9f\x99\xea{U\xd6h\xc1f\x8b\xb3\xf7\x18\x00\xd7\
\x9e\xf0\x98\x05,\xe2\xe2e\x22W\x1e\xad\xcb\xdc\xc5\xba\
:\xf4\xd69o\xbcu\x9bE(\xef\xeb,\x13X\x93\
\xd0\xf3\xacq\x05\x004<_W\x14\xcd\xc3\x08<\x10\
\xeb\x1d&HQ\xadW\xc6\xb1\x059-\xad\x1d\xe5\xf1\
\xa80\xbf\xaav\x0er\xe9\xd9t\xe5\xc3\xac\xa0\xa0\xef\
47N\xb8\xc5H44\xe38\xdeSG?\x98\xb2\
\x14\x06\xc78\x94\x18\xd1\xdf\xcc8\x03wd\x9fp\x10\
e\xa1\x10S}\xef\x08L \xb6h\xe9'\xd7 \x03\
\xd4)\xaa\x22\xef\xb7\x14\x97k\x0a\xc3\x8aM\xeb\xf9\x98\
\xa2\xd2\x01\x07\x22G\xa5\x98\x80Ka\xfc\x1c\xa1\xbc$\
\xd8'\xe0\xeb\xd6\xb1\xa3{\xeay\xc8\x88\x84\xdc\xf7\x94\
\x22k\x9b3\xb2\xdfc\x05\x83G\xb6Qx\x03\x9a*\
\x98\xc2\x86\x04*\xbf\x99\x14\x00\x05\xa3\xdfMr\xb7\xe0\
+\xd3\xfep\x90)\x1a\x1a\x8do\xcd}\xcd#`U\
yT9\xdb\xbc;\xa0ZTP\x1ee\xcd ,\xb8\
\x91~\x1f0x\x88\xd2\x13!\x05o!&Sr\xe8\
\xff\x00c\x02\x17\x07n\xf0\x80L\xd8;\xfd\xc0\xb8\x04\
_\x17\x1c5M\xef\x10Q\xf7\xff\x00\xa0\xba\xfd\xc1\x81\
\xb9\xbb\xa8\xc5\x03\x8a\xe6\xd8\x9e0\x12vK}\xe0\x04\
\x8dv\x95\xac\x22\xf5\x05\xa2>\x0e;?\xdeZD$\
h\x17\x5c\x1e3k\xb2L>\x80\x9dL\x05.\xd8\xbb\
:W\xe1\xd9\x9b\x22\xb4r\xf1\x16\x9e=a=\xc1\x06\
\x04\xf2y\xfb\x81q\xea\xdf\x7f0U\x22\xbbp\x80\xdc\
4\x0d\xb2\x8e\xdcTf\xb0\x00/Iu1ZW\xb7\
s!lFv\xfd\xc0\xbbD\x01\xc9\x8e\x98\x8eF\x1f\
\x98\x8d\x0e\x13\xe5pYA\xb5W\x1d\xb3\x11SB}\
\xc2\xaf\xe5;\x03\x1c\xa80J\xe3\x03\x86.\xbcL.\
\xd8\xd1.\x19U\xda\x1c\x87\x1a\x14\x13\xb0{\xf7\x80(\
d\x93\xab\x81%Bm\xa9\x845\xce\xeb\xb9\x80\xc4\xb6\
G\xafy\x1b\x90\x06\xdaOx\x1a\x98\x0b\xee\xf5\x80\xbf\
h]$\x1dwqF\x85\x04\xdf4\xf7\xb2q\xef\x14\
-\x19\xc2\xb7\xbf\x84\xff\x009yt\x00\x84\xbbO\xd3\
\xf8\xc4:8f\xc6F:\xdb\xfe\xb1\xd3\x9bH\x85\xc3\
\xc7\xfb\xc5\x0a\x9c\xb3\xceq\xbd\xe3\xbd0+\x956\xbf\
\xeb<\x96er`]&k\xc7X\xa4\x85\x1d\x03\x84\
\x99HP<\xec\xcd'q\x06s\x85\x80\x80\xd4\xb7\x00\
[\x07V\xfea?\x15\x83\x8fNX7\x15N1\x91\
\x18\x0d2C\x18\xd3\x8d\xfd\xc7+\x22\x0b\xb0\x93\xf9\xd6\
\xb2$\xe9A\x8d]\xb1\xee\x5c\x7f\x0dE\xcdi\xea=\
\xe1\xc0[W\xc8\xda\xbds\xaf8\xa9\x81\x80iF\xb9\
f'pwH\xa3Z\xf1?\xbcF\xba\x97j\x06\xf2\
M\xa2_\xbe\xb2\x5c\x13\xc3w\x80\x18\xd1\xd3\xc1\xef\x1d\
\xe1\xbc7\x85GXv\xe1\xf9\x81T\xeal\xe7\x02\x12\
)\x1a\x5cG\xa4\xa1;=e\x18\xa5\x85\xcd\x013\x0c\
[\x94d\xc4>~\xff\x00\x9c\xd26\xa7\xc0]\x11\xf1\
\xde\x15Z\x5c\xd1\x17\xf8b\x1b\xaaD[\xe2\xbde\x22\
x@\x05\xf9=\xc9\xbf\xdcy\x11\x9d\x0a\xed\x1ex\x99\
/\x96d \x10x\xca\x92+\x17\xbc\x8eP-j\xe2\
\xed(\xde\xfb\xeaf\xfc\xa2\xd1k\x8c\xa2\xe3q\xe0\xea\
\xe3y\x08&\xf52\xf7\x0e\xb9)\xafXYv\xae\xf9\
7\xa7\x8dcn\xc2\x08\x86l\xf3\xcf>1A\x81 \
\xc9\xef\xf5\xfc\xe3\x14\xa6\x88\x1eA<\xb8\xa8\x00\xe6\x03\
!\xc1^Xs\xc6\x11AA.\x98\xce \xcfoX\
\xa81pH\x11\xaf\x07nl\x1a\x9c\xa0\xf7\x82\x93E\
\xe7z0W[\xe5\xd6\xb1\x07E\xae\xdc\xb5\xa1\xc2\x7f\
\xbc\xdc&\x0d4\xdb\xf7\x01\xc4!\x1di\xc6$\xe5\x86\
M5\xfd\xaf\xf1\x82\xa8\x01\x1fM\xce0\x14\xc5a5\
\x0cYh\xf3\x9c\x9e0\x05OWA\xef\x006l2\
\x0e\xb1\x8e\xdb\xc6H\xab\xd7Z\x0c%\xd8\x18L\x10\x1a\
[.\xae4\x80\x1e\x5c@F\xce04\xf05\xc1Q\
\xe2\x83\xaa`\xf9\x0e\xd7\xa9\x85O%\xff\x00\xbcKR\
0\xd8\x98\xa7\xdb\x17\x0a\x0dG\x9e \xe2\x99\x5c\x16v\
\xa0vv\xe4\xf5h\x07}\xea\xf0]\x18\xa6\xeeV\xd0\
\xb1\xe0\xa7\x18\xc3\x01.\x92cZt\x96q\x88>H\
\x86\xb9\xf7\x91\xe9/J\xbd\xe2\x0a\xa5`\xe77\xb5\xe0\
\x1a\xc4 \x0a\xe9\xa2u\xbc\x17z4q\xfcb\x04\xe8\
\x05\xcc\xdf\x9b\xdeX\x82b\xbbv\xa6\xcd\xef\xe6E\xa1\
\x13\xba\xd4g/\x8c\x84\xa0\x9eO\x84/\xcd\xe0\xb8z\
\x05\xc9\xa8jMk#\x0ci6\xe4\x17\xfd\xe1\xdd!\
\xb3E\xb6\x8e\x09\x93\xc1Jm\x93I-u\x95Fx\
\x04Zz'x\xd6\xad(\xa0\x9a{N\x87$\xa2S\
\x146\xa3\x93\x01H\xab\xe5\xaf\xb9\xbc\x00\xe0\xb3x\x97\
Y\xb1\x1b\xb9\xcf\xc4P\xef\x1dP7x\x13,\x03m\
\x0eC.+\x1aL\x9f0h\xf5\x0f\x9b\xe7\x0d\x1b\x91\
\x06\xd5\xf3\x9bmF\x8b\x079@\x06\xf4g \xae\x17\
\x7f\x8c\x10\xa05p\x1a\x0di\xfd\xb7\x8c\x00\x8dK\xc3\
\x91\x00\xc0\x1e\xf20\xb2\xe8\xf3\xe3\x17fty\x19T\
\xd7tp0\xe8\xbe\xce\xb0T\xe4#\xba\xbf1\xd5\x5c\
A\xe7N\xfec\x15\xe4h\x1aK\xc5'\x18M\xe4\x1d\
!\xe0\x8f2\x5c\x04\xc1\x85\x9f\xc2\xf8\x98)\x06\xc0\x00\
\x8b\xb99\xeb\x01\xb1I\x81\xa4\xdb\xbe\xb8\xdej9&\
\xe3|\x1d\xdb\xacKOq\xe2\xe0\xa1\xc1U\xf3\x8a\xa6\
\xba\xd1\xe6\xe4\xea\x0e\x18\x08\xeao\xaf7\x11hD\xaf\
\x18A\x1cS\x10\xf0\x8a!\xcf\xdc\x18\x04\xdf\x85\xf1\x8c\
R9N\x1cJ\xab\x94f\xcc%\xf3\x14?\xbc\x09E\
\xf4\xeb\xcd\xc1\xa0\x8a\x04\xc9\x1c\xe2o\xe7X\xed4\xdc\
!6\xb4p\xbc\x1e\x22\x14\xcd\x1dZ\xb4\xab!y^\
0\x96\xc8\xac\x09\xd8\xbe\xba\xfd\xc7U\x9d\xb0\x93a\x1e\
\xf7\xac\xac\xde\x22$<\x81\xc1\x19\xf9\x93\x11`\xe4\xa5\
\xd3\x87\x85C\xf4\xc9u\x02U\xe7!\xca\x1d\xf9.,\
\xe1\x10\x97\xc1\xe3\x129\x84+\x8cI\xb1@70\xcb\
n@\xe1}c.\xd0\x22=\xe6\xec!C\xbf\x99\x01\
\x90b\xb8&Qn&\xc0\xc4&\x01)\x90F\x17\x81\
\xea\x8e\x03q\xfc\xb1\xe0\xfe\xa6\x1d\x0e!\x18\xbd)\xc6\
\x8c\x86s\x90,\xd2//\xf9\xcd\xfc!RB\xd6\x1d\
\xf5\x93e\x15v\xd2\x1a\xebA\x84&1C\xac\x066\
`\x8f\xfb\xc0D\xd0\xd8\xbd\xe2\xdc\x88@\x1d\x5cV\x10\
2\x98QA\x13\xb3\x85UZ\xbc\x00\xfewqD\xa6\
\xa9\x0e{~`\xa0\x85G\xfa/yDg\x15\xe5\xe4\
\x9e\x13\x1d'Z\xda\x06\xfa\xf3\x81\x12DC\xb4\xdcn\
(\xe2\x0b<\x07\x12L\x9e\xdeLTb\xbc\xbb\xf7\x89\
\xd9h\x9dy\xc0\x10{%\x9b\xc0T1*\xe8\xc2\x9d\
\xd5\xd8\xf2d\x80\xd2\xf5\xcb\x95\xa8dD-\xfb\x9b\x16\
Z\x87X\xbeR;;\xb8\x92\x80\xb4\xe98\x7fn\xfe\
e\x8b\xcb\x1b\xd5{\xfc\xc4\x8c\x06\xaf\x83\xbe;\xc2\x85\
\x05\x94\xde\x14\x00V\x227\xaf\xdc\x89\xd0s\xb0t^\
?\xf5\x80\x87P\x0f`_\xee\xe1'\x05\xd4n+K\
E\x0b\xab\x89\x18\xec\xaf7 %N\xcc7\xd8\x8d\xfd\
\xc8\x84\xe2\xa7\xcb\x80Sr\xd7\x9e\x83\x00\xed;]g\
\x11z\xe6h\xfer\xdcb\xe7 i\xe7`^\xb1\x85\
p\xee\x1c\xf1I\x1d^\xf1\xc1Ze\xb7{\xfd\xa4\xeb\
\x1em\xc1\xaaEv\xed\x1cY\x12m\x9ce)q\xb7\
I0>\x1c\xe1-\xf7\x8dD\xc8\xe3\x93\xee0\xa0\xae\
\x0c\x0c\xa3\xfe\x8cU\x82*\xf4\xf5\x92\xce\x0d`\xf9\xa5\
\x0eOT\xe8rbv\xc3\x80\x1aV\xf2\x17f1#\
\xb4A]Pr\xf8\xcd(0\x89\xe2\x07\x8e7\x8b\xa1\
\xdbW\xa6\x93A\xadg\x10\xa1HI\xc9\xe7\xeei\xc6\
\xa0\xe2\xbc\xa3\xc9\xade\x0d\x90uT\xe8\xecLDz\
e\xf6\xb6'\xac\x19Hh\x07\xa7\x82^\xa6p\xcd\xe1\
\x04lF\xe3\xc3\x82\x82%Z\x0a\xd2\x15\xfa`jx\
\x14\x93\x9b\xc8\xe7\x9e1\x0b\x01\xb2\x9f\xcb\x0fO\x0cy\
p\xe69\x1ahO\x19\xc9JQ\x94\x0c0g\x22\xe9\
\xf5\x82\x22\x8fF\xef\x17  \x11\x1b\xaf\xbc\xad\xc1\xd9\
\xd0\xe0\x05\xc0U\xe3\xd60\x0d\xdc\x17s\xe6&\xc20\
\xff\x00x\x15\x1d`4\xben$t\xd53x\x96F\
S\xdf\x99\x85\x18\x0c\x0f9#1\x1d\xb91\x876\xa4\
x>\xe6\x8a\xc1\x17a\xf3\x01\x0d\x07o\x7f1\x1ff\
y\x98\xf1\x86\x1b\xc5luk)8\xc2\x9a\x81\xcc\xf1\
N\xd9.\x13a\xdd\x15=\x17\x89&$u\x1aiM\
\xc7Q\xe2\xfa\xc2&\x0d\xd2\x1d\xab\xbdY3s\x18\xd4\
\x0d\xfe\x8d\xb7\x12\x94\xf64\xe3x\xcc\xdd{\xf5\x81L\
\x1d\x17g\x8cVK\x83G\x014t;\xd6\x182\xb3\
o'\xacH\x82\xef\xd7\xbc\x12\xea\x94O>\xf08y\
l\xeb\x17\x1d\x92\xb7\x91\xf5\x85\xf7~\x86G\xa9\x1dx\
\xf2\xe2\x80\x0b\xfc\x13\x00\x94M\x03\xf7#\xd5\xbb\x92\x91\
\x86q\x06\xe6\xdc6uk\xbanI&A#0h\
\x9e\xd77(.[\x8dZO%\xd4\xef\x0d\xd1\x9d,\
\x94&\xf6\xd7~\xb0\x22\xe2\x0e\xcaA\xc78\x10\x0a\xd8\
\xeb\xfb\xb9\xa9\xd4\xf0\xc3]\x0b]/\xac^-tQ\
\xf5\x8a\xc6/K\xe2\xe1\x222(LY\xab\x03\x8d\x19\
!\xe6\x8e\x8f\xb9\x92\xa8\x05M\xb9\x0b\xa9_?\xbeq\
\xcd\x0a\x10\x83\x1e^\x8ccs_\xce\x1d7\xaaN\x98\
\x13\xc9\xaf9\xd3\xa4u\x9e\xd7\xfc\xf8\xb8:\x94\x16\x15\
G\xe23\xcd\xcd\xcfb\x136'\xb9\xa9\x83\xacd\x14\
r\x0b\xc0<\xf7\x8fEz\x1d\xa1/Mp\xca\xd7\x8d\
\x0e'\xbc\xe1&}\x81\xe7\x10\xcePZ\x8f\xac\x80\xc6\
\xdby\xbeq\xf5F\xc1\xdb\xbc\x870DYL\xb8\xa2\
Ez\x06\xb5\xcbp\xccU\x10\x7f*\xebw\x07\x11E\
.\xfepR\xcf\x18\xa8L\x06+\xf6q\x0bsL\xad\
=\xce\x8dy'\x18 9@\x9e\x04\xed\x92\xe2*\x9b\
\xae\x0cd\xf51\x8a,i^N\xf3L\xdb\xd1\x7f\x9d\
\xe3\x5cO\xa3\xa7\x22jl\xad\xd5\xc1\xc5\x93\xb3\xfe1\
\x94\xd9\x80Z\xcfX\x81\x90)\x1ag\xbcd\x08B8\
L\x0d\xd4*\x1d.\x1bu\xe0\x9eZ/k\xfd\x0e2\
;\xa0\xbbu\xd1\x0eN\x7f\xac\x07A\xd8\xd6\xab(\xf0\
\xf3\x8bP\xa1\x09A\xa6\xc8w\x8f\x98\x06+:\x8fp\
\xe3\x02\xea\xf0\xbbw\xa8\xcb\xab\x85@\x9d,\x1c\xa2n\
k\x10X\xa0\xf1[\x88n\x0b\xa3\x16\x866\x8d\xd2\xe3\
\xc6\xa3\xb8\xbd\xe26\xfc/9\xbc(#qZQ\x07\
\xf6\x1f5\x9a\x85\xa8@`\xf9nX\xa8\x14o\x0f\xf1\
\x81/\xceUZ\xf5\x8d\xa8H\xcd\xcb\xb8\xde\xd0=d\
\xa8\x90\x8b\xcc\xd9\xe0\xf7\x9b0\xb0\x14N\xd7\xf5I\x86\
\xb01\x05%\x0eLq\xa8\x94Z\xf4\xfa\xc1\xd8\xda\xd9\
6`e\x22|y\xc4\x8cB\x0di0\x17\xb5(C\
\x11L\x11\x14\xdd\xf1\x8bB\x8a\xb3w\xc60\x89\x0a`\
\xe1\x16\xb4\x9dy\xc8\xe2B\x8emA\xd9\xeb\xbc\xdf(\
\x80F\xebB_>\xb7\x94\xa4\xc3\xcd\xe3F\xc97\xf7\
\x00a\xee\x91u\xcd\xd5\xeb\xc6\x1c\x8c\x08\x01\x1eo\xa9\
\xbc\x80\x8c#P/!\xe7\x8c\xbb\x03nw\xdf\x04\xd9\
9\xc6V\x14\x01\xd9\xba\xbc\x1dL\x19\x98h\x07o\xc1\
z\xcd\x94\xa9\x04'{\x9bN\xb2$b/\x0b\xbe\x1e\
\xf7\x8b\x01\x08\x1dPv\x81\xc0\xdd\xe2\x00\x80\x09\xa8s\
\xea\xddMb\x84\xb93\x97\xef\x0e2\x12\x22\x88>c\
\x15\x92Z\xa3\xe6\x1b\xa8\x04\x5c\x9f0Z0\xbbM\xfd\
\xb9%14\xd5\x5c\xbbuu\x91\x5c=(\x16\xb7G\
\xc6S\x9a?'\x8cRJK\x0e>\xe1\x1d\xa2\xbd\x83\
%auZ\xdf\xac\x96\xd9\x11N\xef\x9cDN\x18n\
\xe4\x8dP.\xe0\xe3\x0d\xe5\x15\xd0a\x9f\xa8\x85\xd8|\
\xc1\x90\x09\xec\xf7\x8ew\x8f4X\xf1\x86\xb4@S\xc5\
\x1eT\xfe2\xae\xd8A\xf4kL'\xdcr\x0a\x00:\
8\xda\xec\x93\xc62R\x0aS'ex\xea\xf9\xc6p\
\xf5\x07\x91\xa7W\xac\x00\x0d$\x8e\xfaE\xabo\xddb\
\xf4[\x82up\xe8\xa9 \xf2\xe0\xa5\xc8\xd3\x97\xacb\
(\x05^\xb0%/-\xebO\x19;1\xed\xe4\xc4\x08\
E\xc0;\x9d\xef\x0da\x09\xa9\xe7\xbb\x82@\xbcz\x7f\
\xd3\x9b\xd0\xc6\xf7w\xeb<Tx.\xf20\xd8\xdcx\
:\xb9\xf1\xf0\xf5\x84\xfc\x18\x1ek\xd6\x17\x1e \xbb\xd3\
g\xa7\x0d\xc2\xd9\x88\x0bQ\xde\x9d\x92L\xd36)d\
2\xed\xce\x13\x0a\xba)b\x22\x1fz\x98\x85H\x8d!\
\x05\x08t\xefx\x1a\xc0\xc1\x16\x14\xe3\x94\xf7\x86A\x1e\
\x01\xa9\x81\xb6\x08&V@\xa0\x84_YkWj9\
\xf5\x81\xa0\xa2\x83\xbf\x17(;\x0dBb\x93\xb0L\xe3\
\xf3\x0a<\xa8\xf2\xfc\xc1\xdf@\xb3i9\xc5\x0a\x15\xd3\
\x9c\x03\x90F\x8e}a@\xfdV:\xd4~`QD\
\x86\xf4\x83\xc1\xc6\xb1Vx\xc0j\xe5\x7f7\x9c\x12\xe3\
KZ(\xf8\x9a\xfb\x90\x98\xe7Kw@\xef\xa7\x14\xf5\
*\xc3\xc8/\x05\xd6pqb\xc8\x82}z\xce1;\
\x04'\xbc\x08o\x8a\xec\xc4cq\x05\xa8\xfa\xc0\xa1\x22\
r\x1b\xbes^.\x10\xf7\xef4\xc1&\xbd\x0f\x8cr\
\xd5lj\x0d\x13\xfc\xe1\xbd\xef\x81/\x07\xa7\xf7\x82%\
\x80\xb6\xbe|R\xfc\xc9\xe20s\xce\xa9\xc4.9\x9e\
\x8d'\x18\xd7\x9d\x7f\x18u\x08\xbc~k\x98M\xf7\x83\
\x99\xaa;\x8fX\xcaq\xd2=f\x84\xe3@v~\xe2\
\x22A\xc5\xef+\xbf6\xebW\x15E\xa1\xe5\xce\x22\xd4\
x\xdf\xe2d\x04\xd1\xc4z\xcb\x82\xa04q\xe3\xd1\x7f\
\xef\xaf\xac\xd2S\x86)#x\xbf\xe0\xca\x11\xed\xd6\xa4\
\xd6\x86\xce\x7f\x9c&\x86,\x03+(9\xd3\x8d\xd22\
\x84\xa8&\xf8=\xe0\xa4\xba\xac\x93\xd3-\x9c`E\xd2\
5\x01\xde\x8b\xce\xaeZ/h\x0e\xfc\x0f\x03\xfb\xce%\
\x0f\xb2q\x88`5a\xe0\xc1\xb4\x07\x13\xdb\x0e\xd5\xc6\
\xe3k\x9a\x16\x9e9\xc4PX\xdc\xf7\x89\x0e\x14\x1dG\
o\x9a\xc9\x1b\xb8\xb8\x87\xb4~e\x08(\xd7\x0a\xf4w\
\x80v l\x1d\x9e\xbdaS,\x9alc\xafV\x5c\
\x03X\x00\xa3\xff\x00\x12\xd9\x94!<\xed\x15j\xc6\xad\
\xb7\x13\x1a\x0d\xa8\xdc\xa3\xb6\x9c\xb4U\xda\xbd=L5\
\xcc\xac]\xe5Y\xeb\xd7\x8f.2\x04 \x1d'\xbc=\
mv\xe1pC\x0dZ\xe6\xe2j\xb4\xe1\xcd\xf1\x81\x99\
\x16\xc3\xfd\xe2\x9a\xf8\xfdO8E\x22\x0c\x13\xfb0r\
gK\xb7\x96\xb8}\xe22\x88\xac\x87\x84G@\x1ci\
\xc8h\xc5\x04/Kuu\xf2\xe1\x1bF\xa8\x0e\xc7\xd4\
\xfd\xcd\x7f\x01\xad\x99\xdcV\xf0\x1e\xae\x0a\x8dw\x82\xed\
\xd6\xb8\xd6\xfd\xe4P\xa1'f\xab\xe0\xea`\xaa;p\
}rsu\x9b\xb3\x87\xc5-5\xd9\xd4\xc7\x02\xc8\xb1\
\xa6\xc2o\x9f>\xb1\x89\xc9\x8e \xf8q\xce\x0d\x02\x92\
\x14\xceo\xbe\xb0\xe3\x0eM\x07\x93\xb4\xe5;\xc6\xe1\xd8\
\xfc\xd3\xef\xac\x03\x0b\x1f\xf4d\x0f\x91\xa3\x8c\x1b\x0eZ\
\x9b5\xcd\xc95\x0d\x02~\xe3\xadqK4\xe2\x10\x11\
h\xb7\xe6CS\xf9>f8A\x05\x01'\xdcW@\
\xe5\x941\x08\x22Q/\xbc\x80\x8a\x13G\xf2\xc3\x15\x81\
\xa3\xbf\xb8\x87D\x87H>\x9c9%-\x14\xc7\xa8\xd0\
.C\x01\x15F\x13g\xdc\xb2\xb2u\xb3\x93\x9c\xd46\
\xc65\xbbV\xd3^\xa67\x12P\xd7z\xf2\x03\xfb\x81\
\xf8\x8a\x19x}\x84\xf9\x87\x1d\x08\x8a\x05\xd8\xab\xaeG\
\xde\x10\xd1\xdd<\x06'\x97\xac\x94,\x94E\x00\x0e\xdd\
\x8b{\xb9\x18\x00\x9e\xd9\xce;%j\x1b\xbfyG\x01\
\x18/9&\xc8+\xe0\xcf*\x12_\xf0\xc64v7\
\x93'\x02\xda\x07\xfd\xe6\x9cCK\xc3\xde)\x91\xbd`\
\xa6j6^\x5c\x8c\xf5\xf9\x18\x82\xf2+x1\xb5O\
\xde\xb1\x02\x01\x03\xb7N2|\x85,\xeev\xdf\x87\xee\
\x0e=\xa3\xde\xfd\x1c\xb7\xfa\xc5\x07\x1d\x19\xe2\xe3\xcc\xff\
\x00,\x0b\x00\xf5m*\xec\xd5\xba\x98<\xbcE \xa3\
];\xdeK\xceP\x9cL\xae\xc6\x5cp\x98\xe8\xf1\x82\
\x8a\xa0\x85\xff\x00&\x0d$-\xbb\xf7\x9b\xbe\xe6\xebk\
\xef\x0c!\x05\xe9|cA(T\xf5\x90\xb5\x01\xe4g\
CE\xad\xcf8\xc7\x11\x03\x5c\x9fp\xcd#<\x9c\x09\
\xb0@\x8d\xfc\xc6{tc\xb2\x929ib\xcbZ\xd6\
\xda\xb3^.\x03\xf0\xb1\x02|\xdeY7\xe76\xeaV\
\xc1{\xa1\xe7\x88}\xc0<\xc4v;P8z\x7f3\
Y\xc9\xca\xbd\xe9\xe47\x0cd\x1b\x05EN\xde\x17\xa7\
\x150\xc2\x111\x17|\xa4\xd1\x8b\x9cH#\xfcx\xca\
1\xf0>.\x00\x16\x86\xc6\xff\x00\x9cQ\x08h\xb2\x0e\
\x0d\x12\xae\x9d\x0d\x1e1\xe8\xc2\xee\x89\xc0N\xba\xc0|\
\x0c\x0e\xcd\xbe\xce|`\xa9QP\x1b\xaf\xc3\xf9\xb9\xca\
S\x84\x1b\xa5\xe6\x9f\xc6\x05/\x12\xd7\xb8|&\xfb\xc0\
\xa3Z\x0b Ty\x9cgl\xa8\x00\x9d\xef\xac\xa6\x0a\
M\x08r\xd3\x11\xfd\x1a5{\xe4\xdem$k\xff\x00\
\xa5\xe7!\xc3\xec.\xe4\x81\x86\x0d\xd1B\xa7\xd7\x1a\x18\
,$\x0b<\x7f\xbc\xd3\xccS\x07\xcd-s\x5c\x04&\
W\x1c0\x0d \x04\x0bZ\x8f\x9cA\xbak4kS\
\xd7?\xce\x1dA\xdb\x00\x15\x94GzqR\x0dI\x5c\
\xea\xbdb\xd6n\xa0\x91\xf1\xabg\x19\xa1\x88Z'\xc2\
\xfa\xb7\x18;V\xd3k\xd3\xc6\x8f\xccl\x14\xb4\xcb\xa5\
\xd9OA\x84\x85E\xd0\xa7\xf7\x9b\x8e\xec\x9fqP\x95\
\x13GyD\x9f\x13\xc2\xe41\x19\xc1\x1d\xb3\x81\xc8\xac\
C\xdc\xef\x8c,!F\x88w!\xe3E\xca\x0d\xb0\xa8\
98F\x8b%,\xac\xf0Yp\xd7\xc4\x04\x9e\xee\xf5\
l\xc67\xa4z\x1e\xfe\xad\xb9Fi\xb5\xaa(\x12\xcb\
\xc6\xf2@\xb1v\xee\xfa\xcd\x83\xed7\xeb\x11(\xc6\xd1\
\xe0\xeb\xf7\x102xG\x09\x84\x00\x95\xdaK\x90'\x1a\
Ww\x11Iv\xf9\x5czd\x83V\x7f8\x82\x92\x9a\
\xd7\x1f\xf4a\xe01\xa1\xf1\xdaf\xcb\x88G\xcb42\
\x83\xc1\xbe\xb0\x80\xe0k\x17\xe1\xe6\xfa\x98,\xd2;B\
~\x1e\x12~\xe6\x97\xb2@K\xb0\xf6\x03\xd6\x1aA-\
^\xe5<\x1e\xfd\xe2HEP\xca\xda\xc7\xbdL\x1d\xc4\
h\x83\xcf\xe4\xe7\x13\xb2\x8c\x9d\x87P\xefz\x99\x0c\xc0\
\x92\x90(B\xf3\xbd\xfa\xc6\x15\xa6(A\xd2\xec\x9d\xfd\
\x984\x10\x17\x88s}\xe3\x85a\xa0^)\xbd\xc1~\
\xe2\x8a\xc2\xd6\x16\xa0k\xad\xfa\x98~\xba\xd0\xd9\xca:\
\x1d\x98\xca\x04,w\x8d\x89\xba\xb5\xc6\x18\x8d\xc9\xfe^\
\xf2\x0a\xac\x06s\xf9\x81\xf1{\xc9\x81\x10~\xaf~.\
/\xeb,\x12o9<Q\xe8\x9e\x9c\x22%4N}\
\xe3\x17>.\xdfw+\x9a8a\x11V:i\xcb|\
\x1eC\xfa\xc4@\xa4\xf2\x18\x96\x08|\x0f\xb9:\xf9\xe0\
\xbc\xbb\x1cJ\xe7$\xd5\xce\x8b\xcd\xdf\xcc\x04\xc0\xda{\
\xea\xf0]|\xc1\xa5\x9c\xaf\x88\x93\xbb\xbf\x18\xed5\x10\
k\xb4\xfd\x13\xcc\xc6\x22I\x13p\xc7[_\xe2`\x8b\
\xc7\xce\x08!6R\x9en\x03\x94PF\xcfx,\x8d\
\xe0\xde\xfd\xe2*\x90\xd1\xc0\xb8\xe1\xa8U\x83(7\xb3\
s\xc4\xc7{\xbb\xe9\xaf\x0e@\xd1\xb7m\x18\xbb\x11\xb1\
\x93\x16\xcaq/\x07H\xccK\xcb\x900\x0e\x85\xc5\x09\
\x10\xaf\x8c\xaa\xd1\xe4\xef\xaf\x98\x1bNcM\x1b\xden\
\xde\xc2\xd8\xd6\xd1u\xc6\xbc\xe5l\x90\x88\xd7\x96\xf6\xdf\
\xeb\x1d\x90_\xe1?\xa7\xf9e\xba:\xd6\xd7\x87\x8a\xfe\
\xb1\x18\x06\x95\xc4\xed\xaf/\xdc\xe8\xec\x08+\xf4\x8b\xf9\
\x81\x02\xf5\xe7XM\x22#\xb3\xcf\xcc4Y4]\xe3\
\x9f\xceg7\xde\x1b\xd0QC\x8c\x07\xa4\x95\x7f\xf5\x85\
;\x90\xf22\x8a\x06\x13\x99\xef\x03D!\xe0\x98\xd8\x14\
\xa0\xf1\x85\xd1\xa0\xa9\xb5\xf1\x82\x8a\x9a\x0d\xa4N0\x18\
\x81T!\xc2\xdd]|\xb9\x0c\x1c\xa9\x02v>\xa7\xee\
5w\xa2\xca]\xd0\xdd\xa8\x07\x8cg\x07;\x86\x9b5\
'\x0b\xde^\xf7\xf4%\xee\xde\x86\xc3\xc6#\xd2A\xf8\
i\xb6\xd2\xff\x00X\xf5C|\x13\x14T-_\xf1a\
\xbaD\x93\xfb\xcdo\xe07\xf6\xe5\x82'\x0co\x95\xed\
\x9c\xfa\xc4\xd0\x14\x8a B\xf0d\xff\x00X\xb1\xe2\xb3\
\xc5\xf1\x89\x14\x10Q\xef\xb7\xc6\xa3\x90\xd6\x08J\xe6\xa3\
\xfda0\x9a\xa2\x9c\xa8\x1f\xdf\xcc5\xa8o\xf6i\xf0\
]e\x04\xc0\x9b\xcc\x89;\xef&\xbb \x82\x1e\x17\xf8\
\xc4\x14K\xb5\x00m\xba\xdbx\xf5\x96b9\xe4\x1d\xcf\
;\xdeY\x0f\xa1\xb6\x9di\xc79nh\x05R\xc2\xce\
7\xbb\x80\x18\x03\x8f\x01\xb5\xe9\xcd%\xa8\x19W\xc9\xce\
\xee\x000p\x07\x8aE\xba\xde%Qn\xe5v\xf0\xc3\
E\x94\x04\xee\xf5#\xacL \xbd\xabf\x91^9\xd7\
\xbc\x00\x1c\x8dp]\x0c\xef9kd\x09\xc3\xde\xfa5\
\x8f`\x13R\xd0\xb6\x07\x99f\x03|\x0ecG'\xa0\
\xdb\xf9\x8c7\x19n\xd7\xeel\x06\x93MLV#L\
\xbdLF\x97\x98S\x9c\xd9*\x00\x0c\xe7\x107O\x13\
7\xf7MO\x17\x0e;x\xbc'?\xcc\xc1\xd0eS\
c\xc9=\xcc\x22\xb1)*\x9f1\xb2\x85\x06Q[_\
\xdf\xf1\x80\xb5_\x86\x15\x17F\xe5\xfc\xc1\xba\xca\x0a{\
\xd2\xdd\xd9\x8dr5G\xdd\xde\xd2\xae#y\x1dU1\
\xb3\xa1x\xc1\x12\xa3e\xef\xac\x1c\x9a\xba\x7fL\xac@\
m8\x19\xe1\x97\xb6\xb0\x91s\x14\xb9\xc8\xa2C\xbb\xeb\
4l\x1d\x07w\x14\xa6K\x1df\x82\xf7\xf1\x86\x82Y\
\xd5\xe9\xdc\xc4\x5c/t]\xe7e\x05CH\xe5\xc3f\
U\xd0\xfb\xcb\xaa%P\xa4\xf9\x9a\xefV\xf16\x1b\xeb\
\xdeZ\x05*\x1a\xb9\x14:\xbck\x22\x1e\x0dD\xf2\xa3\
V\xdc@\x14\xc8S\xc9\x0e\xe5\xcd8N\x94\xbbkm\
s\xac;.\x22\xfd\x86\xbaw\x8a\x00\xb1\x1d\x16\x1d5\
\xfb\x8aj\x10+q\xaa\xf1\xbcg\xd0\x84\x03\xec\x9ba\
~\xe0\x9e\x02$\xe4\xd4\x07\xd65>\x12\x88\xd1\xc7\x10\
\x9fn\x09f\x858W\x0f\xe9\x81\xd8\xb0\xf8\x0f8L\
\x14\x9cu\xe7\x15\x84\x14\xf2q\x15`\xa2w\x91\xb1\xaf\
\xd1|\x5c}\x07>\x93\x08\xbc\x806`P.\x92\x7f\
~\xb1$\x98\xe19<\xe2\xac\xb7\x86\x0dQ\x83\xe4\xf5\
\xef\x10q\xaa\xa2\xdcT\x0c\x1a8\xf5p9\x00\xec#\
\xf5\x8c>^\x91\xb3\xa7\x15?(_-\x83\x871\xc2\
\xfc\xec\x8a\x5c\xd1\xe7\xbdd\x94\x06&^\x1b\xa7\x9d\xe2\
\x1de*\x034}\xa6\x1f\x10h\xebH^\xfc\xe2\x9b\
\x1e\xe0D \xe2kX\xaf\x10J\x1b=\xe5\x0a\xb0I\
\xaf\xb8\x9cRQ\xe8\x5c\xa58*/\xf1\x83zK\xe6\
O\x19kI\xb8!\xf1\xc5\x00\x8e\x95;\x034\xbb\x0a\
i1Y\x0e\x09\xdd\xf3\x8c\xd9\xbaCk\x94*tx\
\x0b\x9c\xed\x98\xf5\x88\xa4N\x97s\xe6+\x15\x11`\x92\
\xed\xeb4\x1f3p\x22\x8f\xa6\xb0\x89\x82\x90\xab\xa1y\
n\xef\xcc\xe3\xaa\xe4\xa6\x93\xc11\xa0P\x01m\xa58\
ox99]\xe2m^\xb9\xd7\x9cZ\xe7\x83\xaa\x93\
\xcb;\xf1\x82Dw\xb7\x16J{[L\xda\xd8\x096\
\xf7\x8be\xd7\xea\xfb\xc5\x05Z(u\x80\x02\xa7/\xf1\
\x89@\x8bE\xdc\xcd\xde\xeci\xdc\xf7\x88P\xc8M\xeb\
\x1cy\x81\xdb\x8b\xeb\x22\x93q\xb77\x19\xb8h\x8f\x91\
\xc6\x11!K\x16\x9b\x1e\xcb\xdf\x8b\x83\x08\x09\xa0\xdd\xfc\
!<\xe3Gm\x00\x11\xd8\x1eP=b\x96(\x01\xd6\
j>\x1a{\xcaA\x18\x14\x1d\xd7\xea\xa7\xac\x871\x10\
\xda\xec\xdb\xad\xff\x00\x18\x1a\xc1-\x1d\xe0\xb4\x10\x9a6\
a#\x12\x81\xd6\x05V\x5c|\xfb\x8c>-\x13\xfe\xdc\
S[\x88\xc9r\x89\x01\x0f\x01\xad\x9a1k\x9a\xd2\x19\
|\x17\xc6s (\x9aoi\xb9\xa8\xe7!8=\x9a\
\x8f~2\x97\xaa\x17^h\x1f\xde\x18\x85(\xde\xcd>\
7\xac1\xa7\x22\xf1X\xf5w\xbc\xd1n\x0e<\x1e#\
\xad\xe0\xbc'GDN\xfb\xff\x00\x8c@ux\x81\x19\
\xf8\xce\x886x\x84\xc3\xa9}a,\xfc]\xe4\xba\x9f\
H\xe0\xae\xf8\xc5\x16\xc45P\xf0$\xf0\xbe\xb0\x1e\xcd\
@\xe1@\xf53A\x1a\xa3Ev\x9c\x7f\xc6i\xa5\x0a\
F\xbdq&)\x0e\x0asSM_N\xb2\xae\xa0\xa5\
\x10x)\xce.\x22\xd0\xb3S\xd9\xce\x8dcVQZ\
;k\xcc\xff\x008g\xf6\x17\x0f?^\x5c\xbdTX\
\xbc90\xa4AY1\xd1\x97\x87\xa0\xca\x91\xb85n\
0\x01@\x05\xe5\xf7\x9a\xaa\xa1\xc1u\x8a\xf6\xb7I\xd5\
\xf9\x85\xd0\xe6+\xc1\x0d\x9e\xec\xc0Q\x08\x07\x90\xf5=\
\xcc\xd3\xa1(ki\xfb\x91\xbb\x00\x80\xe6\xf3\x7fp\x1e\
B\x18\xd7\xed\xd1\x19\xaf\x98Zi\x0dG\xf7\xca\xa2\xfa\
\xc8\x19@H\xcf$Z\xc6\xfd\xc9;\xde\xf2\x8dN\x00\
\xb9\x02U\xa46\x5c#\x83\x0d\x0b\xebN\x14)Wn\
\x8cY(.\xb6q\xf3*\xe3\xb4qSA!y~\
\xe2\xf9\x00\xd1\xe1\xfd\xc8z@\x06`\x83\x9eO?\xc3\
\x15\x84\x1a\xdd\xa7x\x1dYh\xbf\xce5z\x9b\xc3\x90\
F\x12\x87W\x00\x8e\x0f.\xb0\x0c\xbd\xbb\xaaa\x02\xeb\
tw0\xf0\x13p\xdbw\xc1\xcb\xca(7\xaaqB\
\xf9\xc5\xb2\xca;k\xf9/\xf5\x87C,\x95\xe9\xc4\xd7\
8\x99y\x90\x12\xb5\xb7|\xe1\x97@\x1c\xf8u\xff\x00\
\xbc4l\x01\x88\xfc<\xcb0\x06\x10kO\xb4\xbdN\
p`\x89\xd8\xbe\xb6z\x93\x0c\x80\xa4\xb1\xf3\xedP>\
97\xb0\xa3\xa0\xc7A|+\xcc\xc8t\x01\x1eI\x8e\
\x0b\xc9\x13\xb7\xdeK\xcd;\x9da\x88\xca\xde\xfa}g\
.\xca\xfa2\xc5Rh\xba\xf7\x92!\x0d\x1e&\x10X\
hL\x1554!\xb7\x0aR{\xb2\xd7\x10\x22J8\
\x1f\x19X\x10k\x83\x81\x12\xb3{x\xc6\x9c\x18p\x0b\
t$\xe6>p\xee\x9c\x88e\xdd\x1e{\xd7\x8ckb\
\xbb\x18\xeb\xa3.\xfe`\xb6h\x90<PK\xce\xbeb\
\xc1\x90D&\xa0\xe0\xf6\xfe`\x8f'mM\x86\x93A\
\xaab\x04m\x0e\xb8\xf7p\xccg\x09\xc6@\x0d\xa7\x83\
\x90\xa4\x83n\xcf\xccq:\x17g\x13\xd5\x00\x81\xe9\xc0\
\x03\xb2\x8aP\xc5H+c\xc7\x8c5\x89h\x06\xcfx\
p4\x88\xe2\xe4 O\xe08\xa8P\xda\xdf\xf1\x8c4\
)\xc0\xe6x\xcer\x12\x8d\x02<\xb9\xb8J1\xd2\x22\
\x12m\xa6\xbd`\x80\xf6\x8c\x0cO-\xee\xe0\xc9\xed\x0b\
q\xed8\xf8\xc7\x11yX\xba3\x88\xee\xe2\xa2\x8b&\
\xe0\xe4~$\xcf,\x9b\xd2 {\xd7x\x00\xfce\xf0\
\xf1\x8f\x18\x94o&\x5c\xaah\x1e<\xe7\x18\x0e\x8d#\
\x90A\xe1\xbf\xf8f\xd8X\xfb0\xc7\xd1\x0e\xd3\xee^\
\x92<\xf0\x5cJN<\xb4\x1f1\x02\xe4\xb6\xbc\xfc\xca\
Z\x0a\x22\xedp\x08\x86!\xdc\x1d\xf9\xc5\xd1\xad\xa0\x89\
\xdd'\xcb\x8f-%\xa6\x03\xfeRchI\xa5\x12\xfb\
\x8fa|e\xfb@\x11|\xf9xl\xf3\x94\x81\xa1\xb6\
N\xefJ\xb6\xf8\xcb{\xb0cW`\xf3\xad\xe5\x81\x99\
\xb5\xe6\xfa\xc3\xa2\xda\xd3f4\xb4\x0a\x06,\x11\xd1:\
\xc1\x8d\x15)\xfd\x98\xa9h6\x9b}L\x0a:4\x0a\
r\xf5\xeb\x1a\x09\x83\xa0\x8b\xc9\xcd\xc7\xd0R\xd0&\xef\
\xcaI\xde3\x9f\x0b\x13\xcd\x8d\xb7\xa7\x1b\x94\x90\xe4w\
\xb0\xe3\x98\xb8\x0e\x01J\x16\xf7G\x99\xbdb\xa9v\xeb\
A\xc5\xe1\xf7\xfb\x84\xf9\x10 G\x86ro_3o\
\x87[\x81$xw\x84\xd1\x88\x08\x11\x94\x9c\x19\xab\xd1\
\xc6{I\xb7\x9e\xf2DE\xa0\xdb\xad\xfa\xef\x08)\x85\
\x0d\x86\xb7;\xc1{\x1a`\x05\x90\x7f+\xf7\x0e\xf4S\
@\xf0\x13\xa9\xac\x9e\x10\xa8G\xb7\x11\xc7\x83\x11\xab\xbf\
\x137`\x1e\xd4)\xa6\xbf1r\x17\xb1\xc3\xb0\x13\x9c\
k\x9b'\xa5\xd9\xf3X/\xefQ\xad^S\xa3\xc1\x80\
n)\x01\xd2\xf9\xca)\x02\xec\xe1\xc4\x1c\xd0\xc1\x00y\
G\xe7\xccj\xa8\xa1\x0b\xaf8\xaa\x16$\xf6}\xc5o\
\xcc\xd1\xe3\x1bZ^\x9f\x7f0\x82Ml=C\x8fv\
gR\x89A\xf8\xfd\x97\x10\xa8\x09\xb4G\xefX\xb0\xe2\
\x08\xd3|\xdfy`/\xe9\x81\x06\xd7\xb1\xeb\x15\x0b\x89\
U]\x09\xcdE\xf5\x85\xe8H\xa0\xf0w\x1b\xf77\xb2\
\x10[F\xa9\xc0.p\xff\x00D6\xbe\xf0\x09\x89\xbc\
\x988\xcb\xc0\xabz\xf1qRB\x83}|\xc1j\x0c\
\xc6\xc4!\x17W+\xc0\xa8\xa8\xdf\xfb\xc8\x8c\x80\xd6\x04\
\xe07\xc8\xb3\xe7\xcc\x87\x0ek|\x9e2iE\xaf\xf9\
\x06)\x13\x82Y\x1e\xf0F\xf3\x15\xf7\xf3\x1d\xb1#\xca\
\xdc\x0f\x87J^L\x02\xba)8\x1fL\x84q9q\
\x8a\xf06\x09\xd5\xf9\x84\x0a\x85\xcb\x0e\x9f\xf4e\xe5^\
*\xe3j\xcds\xaf8z\x1c8\xec\xd5\xe6\xb9\x17h\
\x14\xba\xfc\xf8\x99M\x19U\xa7\xa2i\x96`r\x10u\
\xbc\x9b\xde\xa79\xae\x02\xb6\x13\xdd\xd5\xd4\x98\x06\xc8\x81\
\x07\xb1>\x5cQ%Q\xf2I\xd2q\x80\x22w\xbbL\
\x8140]\xccC&\x01W\xf9\xb9W\x03\xabv\xc1\
5o{w}ac\xbf\xb3fX\xadH\xc7\xafx\
\x00\x97Ho\x01h\xc9\xa3\xfe\xb1\x13\xe1;w\x92/\
E\xa7o\xbcy\xdd\xc5:\xbe2\x1cX\xdf_2\x9a\
/q\xa3\xe4\xc5.\xb0\x966\x88d\x8d=\xe0\x82\xa3\
\x9bGk\xee\xfed\xc5#\xd1\x1e\x1b\xb8?\xb3\x08\x90\
\xd5\xc8\xa6\x9a\xb4\xfe1\xde_\xc2\xda\xa3r\x01\xf7\x1e\
,\x93\x05GmP\xb3\xac>\x91\x08\xeb\x8f\xdc\xb5\x9c\
q8\xf7\x9b\x86\xc5\x06s\x85\x8c\x00j\xe3}Q\xa3\
\xfd\xe1k\x09\x18'\xe60\x88#\xa6\xb2\xa9q\xa9\xff\
\x00g\x19F\x05\x0f/k\x81`\xf1'\x1fq\x90\xa5\
@\x9arG\x00\xda[\x82\x96\x87\x83\x7f1\x82%\xb4\
@\xd7s\x1e\xd7\x05j\x88\xc1\xe1_\xe0\xc3i\xb72\
\x83\x1e\x1c]\x9fp.\xa1\x07\x16v\xfe\xef\x0820\
\xc5:\xf8\x13\x9ct;\x5cw\x8d?t\x93\x03\xdf\xb6\
\xa0\x91\xd8^sE\xf9\x05\xdc\xf1\x86\x1e\x86\x87\x8fx\
\x1a\x07\x08\xb4<\xe1\xc6\x04\x137\x8c\xff\x00\xdc\xb7\xce\
'9\xc06\xb8\x00B\x1e\x07\xf7\x10\x95\x96\xde\x0cM\
\xc3\x88]\x84\xf1\x9a\xe8\x0d\x0f9d\xd57w\x9c>\
\xd9#\xb5\xe7[\xcd0B\x12gz\xef\xab\xfb\x86x\
\xdehN\xa1t\xd92\xf0\xb4%\x1e\x8e\xbb\x97\x013\
\x04\x11\xee\xef\xbb3\x96s.\x1f\xedm\xc3h\xa1\x12\
\xdb\xd1\xcc\xe6gQ\x0c\xaf~\xb0F(\xd4\xbb\xc0\x10\
$6\xe3\xee\x05\xe8.;\xc3B2!|y\x0c\xdf\
\x0f:7\x89I\x09R1\xca|5\x86\x88\x90\xe4\xa2\
\xed\xcf8\x8d! \x84lO\xd8N\xf1\x16\xdc\xb0<\
\xe8//x\x08\xd6\xa2\xc0\xf2\x9a\x91g\xbc\x9e\xba\x99\
B\xee\xdfw\xf3\x1f\x8ekT\x1eM\xcf\xef\x0b\xd0\x07\
htC\x9bx\xc5=[W\xd4q\x1b\xbd\xe0\xe1\x13\
F\x9ae\xd7\x03\x9b\x91N\x98\xbdM\xb9\xbd\xe0jN\
%\xc6\xb2\xb7Hs\x93qx\xcd5\x10\xe5\xf1\x89,\
\xc3\xaeY\x0b\xf3y-\x00\x01\xbd55\xd6\xb3Jb\
\x84wU\x7f\xceQb\x1b\x89n\x94z\xd6!\xad\xd0\
J\x13N\xbb\xd61;\xdd\x9b;\x0f_x\xb55\xae\
\x87\xc7?:\xcd\x8f \x1c\xfe\xe2;(\x80\xdd\xe21\
D[Z\xb86\xe0\x00\xe0\xa2-\xacz\xf9\x8f\xc0\x01\
\x1e\xbd\xe22p\x0d8\x9e\xf1\x85m\xb9\xeb$\x83n\
0\x9c!\xec<\x1e\xec\x99Xu\xd2\xcf\xa2\xfb\x97\x00\
\xf2\x0b$?N\xf5q3h\xd1\xe3\xcd\xf7sv\xdd\
\x91\xb1\x05\x9d\xff\x00\xceUOL\x01d\xe1\xd9\x5c\x89\
]\xafx\x80\x9dFy\xc7\xed\x14\x12\xb4\xed{\xcah\
\x1dF\xcb\xef\x1e]\x1b:\x1b\x83g\x86\xd7\xc7\xacZ\
D\xb8\x073\xc4\xc0na\x88I\xf7,\xa2D\x1d\x5c\
yKJar\x18\xd0N\x7f3\x84\x05Q\xdc\xf9\x88\
:\x16\xde\xbcc\xa0\xd9\x00h`\x1a&\x09\x91\xc9\x14\
\x06\x97\xcd\xf3\xfc\xe3\xa0\x0a\x03n!\xae\x11\xdbI\x8f\
\x96\xa0\xde\x83\x1e\xd0\x81\x0b\x13\x14\x065\x0d\xf9\xf3\x86\
\x0c;/.T*>\xb5\xe8{0\xf4\xfd\x5c\x05h\
\xd7g\xf5\x8b2M\x04\x9d<s\xc6V\xf6\xda\xd5;\
7\xc3. \xc4\x09w\xed\xa7\xac\x14\x14\x0c\xc9\xf6\xf3\
\xa92m\xe0\x06\x11\xce\xbb\xf7\x88iO\x84\xf6\x0by\
\x93\x0e\xce\x82v\x878\x85^\x91\xc0\xc3{\x81\xa3\xc7\
\xdc\x18\x96\xd5t\xfc`0\xa9\xc3\xb5\xf5\x88\xc0B\xe8\
5\xc5\x067q\xe0\xf7\x8c e\x83u\x84\xc0\xd6\xd9\
\xe4\xf5\x81\xdbzn\xf2\x00 \xbaw}\xe7\x11\xdc\xbb\
\xd6\x05\x22\x07\xd3\xf3\x16BcG\xf8L\x83qB\x0a\
.\x91\xedOy\xa3w\xeb_k\xc6\xfb\xf1\x89(d\
%\x0fM\xb0\xbff\x13Ok7Z;S\xf8\xcdf\
\x118u\x01\xc4'\xdcH\xd1\xa0\xb3\x91\xe4\xbc\xce\xb0\
\x91\x04\xddq\x88\x9a \xd3\x83\xce HPC\x9c\x18\
\x11\x12\x1c\xe2\xfb\x01A;\xc3\xb6\x06\x91\xfd`\x0aQ\
\x5c\x0f\xea\x96.\x05tB>\x8f7\x043\x01\xbe\x18\
\x8b\xb8S|\xbf09D#-\xc82\xd1\xd3\xfd\x5c\
c\xa7\x17i\xf4\x1c\xe0\x1aK\x90\x04\x93\x82\xbf\xc6\x12\
\x01\x8c\xd2;\x13@\xf2`\x1aL\x85\xa6\xd7\xcfo\xac\
H\xc0\xb0it\x87\x90\x9f\xce\x02&E\xcd\x9a@\xe9\
?\x8c\xa5\x11U\x22\x80\xbc.\x01DO\xa4\xc3\x02\xaa\
\x015\xef\x0d\x9b\xf1\x0a\x18c\x1d \xb5\x1fX\x80+\
p\x9e\x5c\x5c\xd6\xc9\x04n\xfd\xc28H<\x07\x0dk\
\x0b]\x1e\x0c7c@\xbb\x0f\x98r)\x03.\x08\x8d\
-/\x9c6\x85\x80\xe8\x17\x9f\xccvt\xe4\xf0\x22\xf4\
z\xbeq$\xd4!R\xf5\x07U\x93\xc6l\x80-\x8f\
\xd1\xe3r\xe1\x11\x0a\x8a,\xf6\x9c\xee\xcc\x07a\xa2\x08\
\xee\x97m\xb7\x15\xbb?X\xd7C\xc6+\x95\x8f;\x5c\
\x10\xb4iw\xeb\x00\x94\x85\x0c\x99O\x9a\xb7z\xc32\
.\x15\xe4\xef7\xc8G\xef J\x82\xd9\xaf)\xdf\x18\
\x10\xa3\x0c\x89\x8f\xd4\xb9T\x02\xd2\xc28kV\xc02\
C&S\xdc'\x82\xe5\xc1\xc1AC\x86\xbd\xd3\xde\x0a\
h\x00\xa4^\xdf\xbf\xd63_D \xe8mg\xf70\
\x17\x80\x1b\x85@\x0e\xedq\x1a\x81\xeb\x10\xd4\x17\xcd\xcb\
\xcf\xb8\x0b \xc1x\xb9+\x1e\x07\xd4\x96\xf9\x9b\xb8/\
\xc8\x86\x92q}\x86p|hy\xd2Hr\xf7\x89\xae\
\x84(\xee@x\x93xI\x87BZ\xf0\xf0z\xfc\xcd\
\xca\x05\x83O+\xfe\x7fqr\xd0R\x9a\xf2\x9e\x09\x86\
\x1dbg)\xb0\x10u\xce\xf1\x13\x8aWc\xd5\xeb)\
\x02/\xa6\x0c\xc9\x0cG\x18\x0b\xda\x80\x1b/\xbcE\xc2\
\x02\x88\xb0}\x98'\xc86?\xc6$\xa9\x0a\xa7)\x8a\
\x83\xd4\x9e1|\xadx:\x98\xedl\xd9\xbe0\xf5D\
S\x9fx\x0d\x06\xa8\x97T\x0f\xe6g\x1a\xcd\x1b\xfe\x8f\
\xb9\x80\x0c\xaa\x93\x8fm\x9e\xf1}TLi\xec\xf6\xdc\
A\xac\x16\x9a\xa9\x9a\xe7\xfd1\xb6\x94c\x0d\xb2W\x1c\
o\xdb\x85\xa4&\xe9\xe1\x0dO\x98\xb65\x08\x07_O\
\xb8^\x0c\x92\x9f\x5c\xb1z\xe2A\xbf3\x80Mjs\
\xf3 \xa9QWo\x99\x14:(\x84\x9d\xef\x08\x8d\x94\
\x0eC\x08\x03\x14\xad\x1742b\x15~e\xb1\x94\xa1\
\xcb\xeb!\xa3\x85A\x04\xf0\xe4\x85\x9aST1e$\
\x01'\xf1\x9c\x8bW\x0e\xef\x17\x18\x8b\x04\x06\xdcEG\
\x0chL\x0e\x7f\x82\xec\x9e2p&\x04\xec2\xa5\x00\
\x01\xb1\xca\xdd\x84\x8a\xdf\xbf\x19\x0dF\xb6.\x9c`\xa2\
RKv'O\x7f\xce%[z\xb8o\xb7\x1a\xc5\x10\
9.9E]k\xbc\xe0\xde\xc6\xc1\x0d\xb4\xff\x00\x18\
\x86\xafA\x07yy\xba\xcd\xc1\xbc\x9a\x8e\xe5\x8c\xd7\xdc\
 20\xabu-*\x9f0$`M\x11\xce\xdfS\
\x12-T/\x07\xdc\xd4\xa16\xff\x00L\x16\x03\xbb{\
\xc6\x09~\x95\x5cc'4\x7fL\x86\xbc\x05x?\xde\
;\x81\xda\xdd~2GC\xaa\xf2e1\x05\xd4\x7f\x9c\
g\x028\x1d\xde\xf1f3\xa5\xadbtV<\xbb\xea\
f\xf2\xa3\xa1\xdb\xfb\x8a\x81\xd0\xcb6\x0d\xad\xb3\x1fm\
\xe1Z\x8e\xff\x00-\xc5M@\xa7\xd89\xb2\xcf8G\
w\xa1\xfb\x85\xeas\x8b\x03\x8aO\x1f\x0fRy\xc2j\
sE\xaa\x1e\xeb\xfesc5T\xf5\xf3\x00\x12\x9a\xf2\
\x98\x05$\xb2;3C\x08\x09\xc2g\x1a:\x87\x8b\x88\
\xd4\x84E\xe6\xf82\x14\xd1UM\xdcic\x115\x8b\
 b:\xd0c\xd0\x224\xe0\xf3\x90\xb0\x8a\x1a\xe7\x0d\
A\x09\xab\x80Z\xe3\xfa>1\xf9\x9dy4u\xdeK\
\xa6\xdaT&\xcb\x1e\xee>\xc0jHui\xc1\xe7\x14\
h\xac\x01\x93\xc9NV\xe1\x05\x11\x17C\xc8y5\xfc\
\xe1\x1d\xd5\x0d(\xbcv'9\xab\xa1E4\x9d<\x82\
\xe6\xc9z\xbd\xfc\xc4\x05\x05\x82ONy!\xe6h\xc1\
vR\x08\xfe\xcc\x5c\x0a\x09\xa3\xf9a\x10\xe0D\xef\xf9\
\xc1\xe7\x1e\xcdA\xc1\x86%\x86\xa7\xacd'g\x84N\
0\xe9\xe4bs\xfb\x89vt\x00\xd89\x0c\x11\xa7a\
\x1e\xff\x00q\xe7\x1a\xc3\x08\x10z\xd7\xd9\x86\x8d\xe3i\
\xd4N\xaa\x9f1\x84^\x128;^#>\xe3f\xb7\
o[\xd2sQ}c\xc2\x04$\x13\xa0\xf4\xdb\xe7\x0e\
\xec\xa8\xab\xb3\xae\x0er\xdc\x8f\xc0=\xe2\xa0\x04h\xbd\
\xe3\xd1\x10V\xf5\x81\xb4\x0e\xff\x00\xfac;!\xa6\xff\
\x008R7\xd2<y\xde4\xac\x1e)\xf6\xe76\xc3\
)\xf5|N0\x9d\x8f[\x97\xaf\xab&@\x01F\xaf\
\x14I\xab\xce\x01VD\x00m\xd6\xde\xec\xc5\xf8\x8c\x00\
\xbf\xfb\x9b\xb8*\xdc\x81\x06\x1f\x1b\xda\xcca\xb3\x1a\x93\
\x86\xaf\x1c\xe4\x94B\x8cp\xd6\xce\xb1X\x8c(\x05\x84\
\x17\xde+s\xeb\x89\x9f\xcf\xbc\x5cw\x90\xc8\x12\xfd5\
0\x18\xbb\x87JI\xa7f:\xb21Eu7u\xac\
`g\x10F\xe7OX\x90\xb0\xd1\x81\xdc8\xc4>:\
i\xc6,\xeb)f\x9c>x\xdd\x06\xe497\x05U\
s\xf9\x88\x90A(q\x81\x00\x8a\x1a(`\xbceb\
i\xc5N\x10\x15Nqb\x15\xb4\x1c\xe70\xddMC\
 #z\xc7\x8c\xd1^K\x8f2)8\xc29\xc6\x95\
\x99\xc7\xeb\x887\xe4\x14=\x8a\xebi\x90\x9a\x10\x94\x07\
{<\xb9\xab\x22$\x1196\xef}\xe5\xd7\xc3\xd9+\
\x84\xed'\xf1\x82\xd1\x98)O\x00\xf0\x13g\x9c\xba\x9c\
\x96\xdcXx\x1f\x1f\x98\xd7*\x82Z\x1c\xa1_w!\
xg\xa3\x16`\x94\xe3O\xf1\x8c\x08#\x97+\x8a6\
p\x1c\xfc\xc7$4`I\x9b\x0dD\xf00\xa9G\x83\
\x07\xd3\x17>M4\xb8\x01\xb6\xd8\xe5\xc5\xf3\x04\x08|\
\xc61\x0a$P\xc4V`\x0a\xeb\xe6k\x03\xce\xd3\xf9\
c\x81\x0a#\xf8\xdeA\xc5\x05\x1a\x1c\xa4\x8f\xb6\xf2\x06\
O\x22\x08\xb4\x9e\x8c\xa9\xc6`6`\x03\xc2\x07\x17\xde\
 \x1bpz\x17\x14<b\xa3\x9c]4A\xd9\x8d>\
\xf4O\xcc\x02\x1eP&\xb9E\xf1\x80J\x0ftS\x97\
\xad\xee`\xbf5\xd5J\xdc\xbc\xdac\xf0\xe9U\x8dS\
\xe7\xf70\xb7#\x9a]D\xea\xa9\xf3\x19\xc2\x88!p\
*\xe9\xdd\xf7\x8e\xff\x00T\xbb\x03\x10\x0e\x09[?1\
'\x14\x0f7\x113a\x0d.\x0a\x89\xaeH.\x13p\
\x1b2\xe87]\xff\x00\x86\x02av\xf2w\x9c3t\
G\x8f;\xc3\xcb\xa3[\xe1\xef8\x00\xe9\xbf\xf0\xc7f\
X\xc5\xe5\xcd\x12\xf2vi\xed\xc5P\x19\x04%\xd1\xdd\
y|L_\x90Z\xda\xc3ix\x8e\xf1Su\xab\xf7\
\x0e\x80\x19\x8a%\xaa\xd1\x88h\xefZ\xdeNZ=^\
\xd5\xd7H\xc1\xbfDf\x86\xd3\xd3\xb7\xcb\x8c\x17|\xd7\
\xafX7\x91C]\xcc !qGs\x16@\x0c\x0b\
\xa9\x90\x87\x91\xa6%Et\xbc\xdc\x87$\xaa\xf9\xb8\x1d\
!\x84\x1f\xef\x0b81\x1f\x13\x02\x0a\x80\xd9\xd7\x93)\
TT<\xcc\xf1\xca\x93\x84\xf7\x81\xdc\x0a\x87W\x07\xb9\
\x0d\xec\xdfX\x919\x01\xa3\x81\x07\x1eoy\x105\x94\
\x1d\x0b\xe2\x93]e\xbd}\xe81#\xc87{\xc4i\
\xc4\xba\x0b\xaf|\x1f.(\xb2\x12\xc1\x05\xd6\xb6y\xc7\
\xfb\x9c\x17\x05z9&o\xc2j?>.4\xfe2\
'\xafx\x91\xf6n\x9f\x98]@\x94d%\xcb\xd7\x7f\
nK\x86\x0d?\xce0B\xc2\xc8`S\x09k[<\
\x18\xa1\xa1}\xf8\xe3\x1a\xb8%\x10\x93\xd3\x84f\x1c\x1a\
\xd0\xe0\x96\xc8\x17\x13\x04?\x9chK^\x88H\x7f\x89\
\xe7\x00\x885\xe5\xea\x0f\x17nGVL\xe9\x01w\xb1\
\xfesx\xe6\x02\xac\x88\x9c\xa2\xfa\xcdL\x0aC:\x0f\
Q\xfb\x83VCN\x0d\xbf\xdeW-\x847x\xf0L\
vu\x91\x0c6\xfa\xc4\xa0\xdd|\xe1\x19\x94\xd3y1\
\x90Et\x1f\xe5\xb8>\xa0\x024xW\x9e1\x10\xe4\
\x0a8y\xf4\xc7\x08b\xca\xb7\x83N\x9b&_X\xdd\
\xe3\xd2,\xd5\xe7\xf3 \x90\x10(\xae\xaf7vc\x0a\
$L\x1e\xdf\xdd\xc76\x89WN\xbc\x7f\xac\x22\x15\xe0\
]\xdfX\xd6\x00h\x83\xb1\xcabF\xe3\xc7\xdc\x98t\
\xb4Gc\xdeM[&\x0f~f.\xe2\x0d\x9d\xe2L\
\x97:w\x80\xd4\x00_o\xb8?\xa5\x0d\xf0\x19F\x04\
\x911X\xf4\x02\x1c\xe07&\xb4\xe7\x14\xb1?\xe5\xf1\
\x88\xed\xe2\xd90\x0d\x9fk_\xcb\x14\x14B\x9ci\xf7\
\x89\x08@l\xae\x04[4\xb6\xb8\x12\x0e-5\x0c@\
P\xaf\xe0e6S\xc3\x8b\xae<q\xbc\x82j\xe1,\
\xe9\x1f[\xc1\x1b\xd1\xbb\x03Q\xfep\x116\xe4\x07\x1c\
\xfb\xc5\x01\x81p'!\xfb\x8a\xb0\xc0V\xdbF\xbc\x0d\
\xf7\x8f\x15J\x87u\xd9\x1b\x02q\x81\x16\xf0*\x22\xf2\
i\xbcx\xc4\xb1T\x988^\xb1\x8eMD\xf4\xc8_\
%\x09\xcb\x0d\xe0\x04\xa6\x00IK\xc1\xdf\x8b\x9a\xd8\x85\
\x88\x93\xfd`\xdd\xe1\x8b\xd2}\xc1\xa8\x8c\x87/x\x90\
\x84\x03U}\xdc-vH\xe7\x15\x0cw\xac>9\x00\
K\xb4h\x981\xc0pu\x82\x15\x1bT\xdf\xdb\x84\x16\
\x09$\xe7 8\x8a\x9a\x7f\xed\x88(\x5c\x11\x7f\x0c;\
\xf6\x02\xa2cN\x01)\xb1\xf5\xc0U\x88@\xd1\xed\xca\
M$\xe2\x0f\xe1\x8e8d\xa9W8\x1ac\xb1\x8aK\
\xf1\x9f\xde;j\xb68\x06\xc5\xf1\x8c\xd5\x90pG\xbe\
\xf7\x85/\xa2\x0d\x14v\xc1\xc3p\x12U\x00\xa1\xa8\x7f\
\xc6r\xdeZ\xad\xea:\xe3{\xc3a\xae\xd1p\x8b\xbd\
\xd3-\x063\x9c\x0c\xd6M\x9a\x04\xad\x9f0\x9c\x0a\x02\
n\xfb\xc0\xb4D\x1c\x8b\xef\x1a\xe1\xa8\x96\x17\x05\x87\x05\
\xef\xf9\x85\xc4\x0d\x8b\xb9\xe2d\xad:>Lm\x09T\
]\x18\xa3q\xb1\x91\xf5\x89\xc2G\xd7\xdb\x18B\x08\x86\
\xd7\x05\xf4\xba@v\xed\xcem\xf4\x88\xa3\xa0\x9c\xf7\x80\
\xa9dMO\x1bY)\x85\x84\xf2\xb6\x9c\xa6\xf4-`\
\xb0\xe1.\x83k\xc0\x93Y\xa5T0)\xde\xd7l\x93\
/|\xc0\x02\x12\xf8\x7f\xef5\xdfG\x95\xb8\x0f\xa1N\
LQ\xdd\xc4x1N\xe0r\xd0|\xc4\x08%\x12\xe9\
r\x9c,v\xdf\xc6j\xd2\xdd\x9d\xdc)+&\xcde\
\xe9\xb1\xe5\xa9\x85\xc3\xc05\xdc\xf5\x9c\xc6\x0c\x8e\xe6[\
\x86C\x96\xa7\xbc\xd7\x14j\x9e.#h\x02/6\xf5\
\x8e%;\xa0!\x07\xc24\xf3\x94\xdf\x12\xd0\xf05\xb1\
I|en\xdd(\x12Q\xe3F\xc7\xbc`\xce\x22\x00\
N\xc0\xe7p\xf5\x86\xb9\x14\x16j\xd1\xe8{\xc0\x93A\
\x11R\x92\xaf\xed'X\x04\xa2*\x13K\xe3\x10H-\
\x1c8#l7\x1b0R\x12$\xfe\xf0\xde\x07\x90\xeb\
\xcd\xc0/\x03BN\x7f\xce4\x94\xe03\x9f\xcc+I\
\xad-\xc5\x96\x5c\xd7\xbe,\xb8@\x06.\x93\x96\x0fA\
j\x9a\xfeX\x8b\x11\x03\xbd\xbcp`\xcd\xba\xa0\xa0M\
\xbc\xf6`\x8clG\x96\xb7\xad\x9b\xae*\xa25\x95\xc4\
ggY\x1eh\xb1\x82\xc9^\xca\xe1\x8e}\xc2\x1e\xb4\
\x12jk\xceo\x8e\xd9\xd0/\xb6\xb0)\x1b!\xc5\xf7\
\x82\x03\x15\x15\xa1pN\xd0,s\xf3\x14\xab\x90\xee|\
\xc2v\xd3\x938\x05\xf4t{\xc0w\x98KJ\x97\xf3\
y\xb51m\xfa\xcf\x04\xb8\xfe\xc7\x8c&\xe0g\x0d\xdd\
\xc2\x00\xdcK\xd0\xd5\xd3\xd6M\xb6,F\xcd\x14\xe7v\
dEBP~6\xebw6\x22Gmq\xfe28\
\x81\x13f\xef_\x98\xcd`\xec\xbb\xb8\x05\x8e\x8c\xda{\
\xc1\x9d>\xf7X\xf2\xe0rM\xf9\x98\xdd\x14y6\xe6\
\x83\x0f\x8eo\xbc0\xc9MR\x0e&0v\xf8\x0c\x09\
\xb65\xbeC\x1ddC<\x9c\x94\xd6(\x9d\xfd\xca\xf2\
m^\x97\xeeX\x80\xaa\xcdb\xfa\x82\x8b\xd0\xc8Z[\
\xe1\xcf\xbc%\x94\x07\xbcE(\x9a\xeb\xfd\x5cs\xa7m\
 o\x00\xc2\x17O\x8cj:Z\x1a\xef8\x06\xd1\xc6\
\xf2 d\xc5xH\xfa\xde\xf3o\x0ah\x0e#>\xeb\
\x10\x82l\x14\x0e\x19\xef!\x1aB\x92Mk\x5c\x5cC\
O\x0amB\x91\x9a\xd0\xdc\xf60H\x8e\xec\xe2q0\
L*\x1c\xe5/&\xb7\xfca\xad\x90\x08p\xf1\x8a\xa4\
\x0ci\x13\x10Q4B\xd3/\xe8\x04\xd78uu)\
\x1a_\x17\x19\x02\x96\xbc0\xa6\xea\x05\xe4L\xb9\x08\x9a\
-\xf6\xe2IY\x0191\x8c\x95H\xe7\x02\xe8\x10\x9f\
\xe0\xc5\x05\x02\xba\x7fY\x1e\xb8\xb1\xff\x00f,\x08\x9a\
'\x07\x17\x1b0$\xd3\xf76\x17\xf1\x5c\xdcj\xaam\
9\xf5\x8a\xc56\x9e=\x5c+\x0a\x0e&\x08j\x980\
\xe3\xf9\xc4Ujq\xa7\xf0\xc7@\x185.\x01\xcc\xed\
&\xfe\x5c\xde\xe9\xa4\x95\xa0f\xe5\xff\x00X\x90o\x91\
dz\xed\xbf\xe3\x1c\xf0\x0aq\x8f$\xe0n\x1f\x92U\
,I\x0f7\xb3\x18\xd7\x8a9kwI\xba\xe3\xac\x01\
\x83\xa2\x81\xb7\xc61\xd6\x00P\xd1\xe7f\xc7\x1ed\x03\
\x5c\x9e\xb3E\x0a4\xd9\x80\xa8\xe9\x13F\x0dQ\xa9\x1d\
\x0eS\xd8\x01G?0\x0e\x14U\xd90OL\xb0B\
xsDo\x11\x942\xf3\x13\xa2\xd4\xf9\x96O4O\
/9#\xee\x11\xba\xfb\xc2\xa8\x0a/\xb1\xcb\x94\x7fd\
T\xb6\x88\x7f\x9c\x02\x0d\x01\x13\x16~u3Axk\
\xc0\xd5.\x8aw\x89\xe1\xa6h\x0d\xd1\xe9\x09\x82\xf1H\
\x08\xad\xc5\xe6\xd3'\x17\x05\x00Ag\x1dc\x95\x88D\
\xb6\xe4\x8bf\xc3\xa4\xc4&\x0a\xf3\xc1\x89\xa00v\x90\
\xca\xe9D\xa7..\xd5\x0d\x9d\xe4\x03\x0ek\xbc\x95@\
\x0aw\x9b\xb7C\xcb\x93 kb/Y\x00\xa2\xb1w\
0\x0fB\x1c\xb51 \x1b\xd3\x85\xc4\xca\xd8M\xee\xe1\
)\x1d\xe2H\x0b\xeaq\x93\x8b4\x01='2\x5c\x9c\
s\xca\xc4?\xf0\x98\xb8\xb0\xa06v\xc7v\x5c\x04\xb0\
%o\xad\xb7\xa1\xe3#X\x01R\x1c\x98\xd5\xabN\xb1\
+\x01C\xa8x\xcda\xaa\xef\x9b\xeb(<K|\xcf\
\x19d\x00\x03\xfd\xe2\xdd\x06\x9f\x136\xd4\x09\xb3\xaf8\
\xa2\xa0\xa03n#\xec(\xcb\x84\x04\xc74\xf7\xe2\xe1\
\xe3a]q\xbc\x06\x0er\x98\xda\xb4\x02\xa0\x0d\xa7\x06\
\xdcB*\xe8%'\x92\xcd\x9b\xc0\xf9t\x187U\xbc\
\x85\xae\x12N\x22\x0a\xd5\x07/f>\x9f\x05\x04X\x81\
\xe3\x8d\xfd\xc1\x8a\xc6\xc7\xa7C\xc1\xc6\xbf0|d\xa0\
\xff\x00\xb1\xb6\xe4pk\x13F\x02\xbc\xa7\x81q\xb4P\
T[\xf3\x12%\x9bv\x9e2d4\xb4\xff\x00\x0e&\
\x8e]5C!R[\x9e\xc9\xe7\xeeH\xa0)n)\
\xaf\xde\xa6X\xb6\xd1\x92\xc0|ow\xd6\x01\x9f0\xb0\
t\xd7\xc3\xd7\xbcr\xeeCQ]\x02s\xc2\xfa\xcd\x82\
\x10\x10]v\xd7\xf7\x8f$M~\x7f\x8c3\xca\xc05\
W\x22\x84!N\xd9\x0a\xe3\xb1\xc3\x0a\xdf&\xdb\xaf\xc6\
*\xa4\xb4\xf6\xc5mz\xbd\xb1\xa0!\xba\xbb\xb9\xa2\xe5\
\x02\xb0\xb9L\xd4;q3\x8a\x999v\x9e\xb1\x06\xc9\
v\xdc\xceD\x92\x93\xcf\xbc\xacGk\xce\xcf\x8f\xe7\x10\
N\xa4O_1\x82Y\xa0\xdeC\x00\xdcX;S\x0a\
\x85!<`& \xa8\x8e\xe7\x17\x16\x87\xd4\xe3x3\
@]\xb3\x8c\x0c\x8d\x03\x5c\xfb\xc2\xdcS8\x7fy\x08\
\x80\x03\xe97\xe4\xde\xfe`\x8f5D<Fs\xce\xb2\
\x08\xa4\xda\x84\xd4\x07\xbf8\xa20@\x12Mjpc\
e\xd3\x0dB\x13|\xfcc\x11\xa5\x04\xaa\xd6\xf4\xee\xeb\
9\xe0\x8aO&\xdc\xe1\x95\x84\x09\x01\xd7\x07_\xc6I\
\xb2L\xf2\x0f\xccc\xd4tNg\xbb\x81u\x01\xa7\x0f\
\xdc\x8aI(M.\x08\xadt^\x9fYI\x0e\xc7w\
5J\x88\xc3\xfb\xc8\x81\x8c\x07I\x85\xf0\x87\x86\xb0\xb2\
\x10\x13\xb5\xc4\x8bV\xd6n\xf8\xc9qU\x03\x8c\xac[\
\x04\xe80\x80R\x03\x10\xf3\x9c\xa3\xf02\xae\x22+,\
v\xe3\x03\x08\xa3\x81\xf1r\x7f-\xc3\xf9e\xa4H=\
\x83\xe6 \xe0f\x8d\xb8\xdf)\x09\xde4\xe6\xa2G\xf5\
rj\xcf\xdd/^\xf6:\xf7\x9c\xa1\xac\xa9\xd0\xe27\
mw\x81u\xabhA\x86\x9c\x18\x8c\x16\x09!%\xbc\
\xd9\xbb\x96\xd4\xa0\xb0z\xb7\xb0\xbb\xca\x1c|#k\xaa\
\x09^\xcc~L\xd5)8\x06\xc4\xbb\xfb\x88\xa60\xa3\
\x7f0\xaa\x03\xd6\xf1\x09\xc28h\xc4;\x22\xf0\xd3\x91\
\xc8\x02\xbb~\xb3o\xdc\xcf.2\xb8F\x08|r<\
\x86h\xa1\x87\xbd\x00\xb3\xfcc\x14A\xb56{\xb8\x07\
\x8c\x905\xbf9\x03\xbd\xa4NNf:PJ\x22\x9a\
\x0b\xc7\xbcZ\x97\x09\xbdcM9\x9a\x98m\x8a:\xa0\
5O\x09\xde\x17\x98\xeb\xf3\x06\xd7\x8d\xa3& .#\
\x16\x1d\xbe\x8d7\x96 \xd6\x0d\x12\xff\x00^14M\
\xa3\xbf\xb8\xe3U\x0a\xe0q\x0a\x87?\x0c\x1cH\x10\xbb\
\x0f\x98M\xd9\xc0\xd0\x00\x00\xdd\xfd\xc5\x89\x9a\xa6G\x1e\
K\x07m\xc9\x92,^L\x03\xa1K\xbeL`\x1a)\
\xbe\x0cO\x88\x11d>`jQ)\xder\x91p\x0d\
\xde\x00x\xd0\x00;5.\xc4\xc7zQh>\xce\xd9\
.\x1a@\x82\xd0\xc9\xd1~LR\x10\x03`n:\x9b\
\x97\xd6\x08\xd1\x0c\x02\xe6\xbb\xd5\xe3\x0c\xf1\x17\xa3\xdf\xd5\
\xb7\x0d\xd5\xaa=\x9b\xaf[\xc4\xc0\xb4\x82\xed}d\x18\
\x15\xd4wr\xda\x06\x04p}\xce\xc5\xccK\xac2\xa2\
'~=bT\x8a\x0d\xb6\x93\x09*hy\xaf\xbcT\
+F\xed\xad8\xcdqM\xafOS \xd6\xd99\xb3\
!\x96\xa3u#\xde\x89\xfe1V\x88\x0e\xb0\x97\xdan\
\xe5-|H\xf4\xbc\xec\x07\x8c\x08]6UI\xa6\xaf\
\x9fYu&\xbek\x18x\x90\xbfr\xf5\x17\xb3Hk\
\xc3\xd7\x8af\xbd\xd3\xce:\x7f\xac\x15)Bt\xf7\x84\
\x1aJq\xa7\x00\x00\x03i\xce\x1b\xe2n\x9d\xfc\xc4>\
\x12\xc1\x0f\x8e^\x00\x5c\xf01\xf2d\xa2+\xad\x90\xe3\
\xdejR\xcd\xf1q\xcb\xe6\xef4\x92W\xda,\x9aq\
w}b\x9eCP\x9d!y\xd9\xfe\xf0\x1f\xd0!\x04\
\xe8Z\xf0\xb9\x1dR s\x80\xf5?reiz&\
\x9c\xe0\xbdZ\x13\xcb\xde!\xb2\x9d\xa6\x17\xeeG6r\
`\x1c\xf6\xabz\xf9\x81\x1c\xcd[N\xf04\x01Sf\
=\x09B,\x8e\x16\x90\xcd\x9d\xe3\x11\xdb\x91\xb3\x22b\
X=\xbe0\x85q`\x0e\xe6/D\x03\x0f\xbe\xf2\xf3\
W\x98\xeb\x04\xd5C\x93\xfcL\x9b Z.\xe6\x1a{\
a9\x9e\xf2@\x224\xe1\xfb\x80:\x85C\xa5\xc7\xac\
\xb6T\x9d\xf5\x8d\xdeU<\x8c\x0a\xa3&\x8f\xed\xc2\xa1\
%\x019\xfd\xc2ZDn\xd97\xe49OX\x9b=\
\x14x\x90\xe7\x9db\xcb`O\x84\xd4\x8f\x0e@3\x0b\
O\x1a\xa4\xe0\xd6lQ\xc2\x88\x9b\xae\xfc?r\xa7|\
r\xa5tw\x7f\xd6\x14\x0b\x82\xe9\xf3\xe2\xcc\x02\xd2\x1b\
\xb1ym\xc6v\x14\xcf \xce\x07:k\x99\xef\x0d#\
\x95u0\xd7A_\x15\xc0&\x03\xd8\xbc\xdfXM\x8c\
^(\x9e\xb0\xa6\xc2\x1c\x81\xa7M|\xc7l4\x05\xdf\
\x04\x93\x17\x94\x03\x04\x8e\xf8m\x9b\xc1\x83\xb2\x1a:)\
\xe3\x01j\xabZ\x07\x80\x1a\xc0s\x82wt\xa1]\xcc\
!%\xd1\xbc\x07\xdc\xb4\x1cB\x9b\x9eL]\xee\xc8\xa6\
\xdf\xe7\x12\x82\x88N\xdfx\x83T\xdau\xe9\x8e\x85\x06\
\xde\xa7\x8ccT\x91^C-BS\x8a\xa7\x97*(\
\x09\xe1\xc8\x11#@\xf0\xbfqQk\xb0\xad\x1e\x0e\xf0\
\xa6\xbf\x8c@\xd4\x17\xca\xdc0wP\xe2\x18-\xea\x98\
\x9f\x12\x07d\xcb|\xcd\xdcZ\x9b\xd4\xa7\x08\xde\xe0\xe6\
\xcf\x18\xd4\xab\xa65u\xbfY\xda\xb3\xb8\xae\x98\xeaF\
\xbd\xe3\xc4\xc1G\x0f\xdc\xb3\x02\x1b\xd6-\x1a \xf8c\
\x18B\xe8s\xf9\x9b\xa0\x005\xfc\xb1\x9f\xde\xc1\xcf\xac\
\x9014p\xe2\x1d\x0dWt\xc9\xf6\x03\xa6\x17\xc0\xbc\
7\xedp\x11I\xa4\xe3\xdeMp\x1ec\x9fF0\x97\
%\x80\xacO\x06&\xd5\x9e\x03\xd3\x93\x8b\xd4\xf1\x93I\
\xca0F\xc4n?\xe77Z\x04V\xc6\xf5\xd9\x7f\x83\
\x0d=f\xd4\x1e`\xd0\xdf\xe7\x1e(!\xb8\xca\xbe\xe7\
\xf1\x80\xccDG\x7fpDd\xaa\xc89;4\xda.\
\xbdb\x1aK\x00\xbb=b\x9c\x03\x07_rp\x96\x80\
\xd8LD\x86\x09Z\xde0\x96\x046\xbeqA\xb0T\
5q\x84\x1cEp&$4\xd6\xf80\xc5\x0cA\xe4\
\xc50\xc7\x19#@\x06\xef\x19\xb3\x11p\x08\xef\x9e\x13\
\xf9\xc2B\x84\x22'\xae\x18K\xe7\x1a\xe0\x8d\x01\xb9\xe0\
iu<b(\x1ad\xef\xde\xde\x22\x8b\xe7\x0e\x89\x83\
\x8bs\xb2\xd2\xf0a>\x1a\xa0\x1e\xe2]\xa3nDr\
Q\xe4\x13\xc1Mc\xa1\xaaJ\xbb\xcd\x9b\x05\xf6:\xde\
\x11{\x04:\xc0\xd6\xe7\xcbX\x06\x9f9k02\x10\
\xed\xdc\xcd\x89\x81H\xf2\xfb\xc7m6\xd3x\x0f\x03\xee\
\xbd\xfa\xc9\x9c\x18\x9c\xb7\xa3\x02\xe5(\xa9\xa8\x0f\x0c\xeb\
\x1b3\x02\xadG7\x8e7p\xea\x07H\x1e\x91\xe6\x0f\
\x18B\x07T\xadH\xc3\xeb~\xb1\xa7\x09\x06\xcdDM\
\xc9\x0f\xe7\x0c\xf9\x0dK*5\xab\xfd\x5c\x82\xaf\xa7\x1b\
\xcePm\x08\x9c\x19\x0a\x08\x87\x97\xe6iX\x0e\xae6\
\xc0\x1ay|\x5c8\xbaz\x19x\x1b\xca\x9ca=R\
\x97\xc6\xe9\xc1\xbc7B6'\xa7/7\xbc\x15\x09\xd2\
#Y\xbb\xcfl\x22\xcc\x10\xdc\x93`rO\xef'h\
\x03\x5c^\xcf\x9b\xfb\x9beLY\xce\x0dMMaN\
h\x9a\x8e\x8erR%\x08l\xb8-\xb3bp9\x22\
\xe8U\xe3'4/m\xfe1\x17@\xc1\x84\x89\x01\x17\
F\xb7\xbc\x04Bg\x04pH\x12\x87\xb7\xe6K\xf4W\
kp\xbb/\xf62\x08\xd6b\xf5\xf7\x1d#$\x0f\x18\
Xj\x9e\xda\xfc}\xcb@\xb1\xdb\x08\x88\x15\x22\xeeu\
\x9a\x83\x9c'3\xdel\xca!\xa7\x13\x08(5\xa4\x8b\
\x9a`b\xde\xefS\x12n\xdd\xe5\xce\x1d\x00\xf5\xaf\x1e\
s[\x10\x81\xe2d\xb1\xe0\xe1S\xfbM\xb3\xbc)(\
\xaba\xe2N\xedq\xa1\x22\xe9\x22xnd\xe25\xda\
kW\xd0\xcc\xb4\xc9I\xc2vW\xc7\x1a\xc5\x85,\x05\
\xa7/5\xfe\xb1m\xcdi\xf5}8\xfa\xc3\xf6*\xb4\
\xad{}e\xa1\x15%\xe5\xe3!\xc5\xf0\xf0b\x11D\
\xa9\xa9\x92lC\xbd\x17\xd6\x01\xf88.\xef\xac\xdcT\
d\xef\x93\x00(\x98\xc8@\xe1\xa3q\x85\x93\x966\xcc\
\xff\x00\x13\xfc\xb0\xf0\xf0\xe8\x958P\x1d\x8c\xc4\xf4R\
\x85\x8e7/S\x9c\xef\xb3\x0d\xeb\xd8\xf5&\x14X\x8b\
\x04\xc3\xael\x978\x5c\xc8\x9e\x03\xd6M\x8a\x90o3\
\xd6P\x00\xf8\x17\x10'3R\xf3\xdd\xc5P\xf2Y\xaf\
\x86k6\xcb]=L\xd6\xe4\x90\xf2\x98\x92\xebS\x5c\
\xcc`\x94F\xcd'\xbc\x16\xeaj\x1d\x5cE\xf7\x09\xba\
\xd3\xab\xf3)\x1b\x16\x8e(h\xf4\xe5\xcda\xf9!\x85\
\x85;\x99\x1e*\xf3\xbc\x13\x9e8\xdd\xc6\x84}!N\
\x18r\x87X\xa4\x10[\x9a\x9b\x07I\x1b\x9a..J\
\x8a#D&\xbb\xb9A6\x8a\x1c_\xb8\xb2\x045z\
\xf9\x8dA4\xdep\x06nA\xabO\x98\x12\x22\x00x\
`\xf7E\x11\xcb\x87H1#\xbcA\x08U\x9b\xf9\x80\
\x05\xc5\x8e2\xdd%\x1b\xd3\xce6\xce\x1e8<\xcc\x15\
p\x0c\xf9\x9d\x18\x91\x82J\x96\xba\xbc\x17S\x00\x87\xc3\
m\xa7\xa5n\xb1x\xfdD!\xb1\x9bG\x8f\xb8\x97\xa4\
\xaa\xd1\x8e:\x15\xe7\xc1\x9b\xc19j\x8c\x89\xc0\xff\x00\
\x9c\xb5\xb0\xe1@\x95\xcbr\xfc\xc3XI\x07\xf9\xc1\xaa\
\xc3\x9b\x83\x8a\xd8=\x87;\xe3\x04d\x9fC\xd6;R\
\x98\x09>\xe0\xdc:\xc3T\x1c\xaa\xf9\xa6\x8b\xe4\xca\xb6\
\xa0Q\xb7\xde\x16\x90\x1b\xd9\xfb\x8c\x00d+\xc0\xe5/\
\xb3E'\xacA\xa9\x88\xb9\x0c\x00H`\xe4\xfb\x81\x98\
\xd49\x17\xce0\xc6\xc2\xaaMi\xf3\x83\xc2/\x0d'\
\x8f0\x9ff-TIU\xd3\xd2\xd3\xe6\x1e\x93\xce\x81\
;/\x08\xa3\xef*;Cq\xf4\xc7\x95\x7f\x8cWy\
BA9#\xb6#\xf7\x22q\x12\xb7b3\xad\xf0\xf7\
\x86(\xd2\x0eN2 \xa6,\xdeCd\x05qA\x1d\
v\xeb\xe6\x10&\xbe\xf90\xaf\x09\x1c\x80\xfb\x81\x0a\x10\
\x85\xe3\xcd\xcd\x90\xf6\xd5k\xf1\x8b\xb6\x0a\xd7\x97\xa9\x8f\
-\xa8\xec\xf2\xe7\xf1\xc0B\x18\x11P;W1\x8e\xa8\
\xe8U\xb9\xfe'\x97\x9c\xaa\x14\xab6X\xb1\xd8u\x90\
q\xee\xd7u6\x17\xa9\x1c{\xe2\x1b5q#\xc42\
\xcc\x91$\x89/<\xbf\x99(7\xf6\xe0\xf9\x813U\
k\x8c\xa6eP\xd6\xdc\xa6B&\xb9\xc6\x05E\x1e\xde\
3UF\xd1\xc6\xf1m\x0dm\x9cz\xc7w\xb61\xd6\
\xcd\xd1\x876\x98A\xa4\x9eK7pU'\xb4\x1b\xd5\
o!\x9cD\x92\x0dh\x919:\xfe0\xcd$\x025\
\xe0\xbcq\xbf\xb8\xa5\x1b\x00vt<\x1e\xb1\xfb\x84\xd4\
\x8e\xaep\x16\x04\x104{\xcd4\x07#Nh\x03\x02\
\xa9o\xcc\x01Myv\xc2D\xc9cS\xee\x0c\xa0\xf4\
\x07F2q)\xb4/\xac\xd6\x98.\xd6s\x8a\x0a\x03\
CW\x19\xa7\xe2\xc7\x93%\xe07\xa0>\xe1\xb3\x9cE\
\x93/\x13\xbck\xbf\x9fsVU\xa6\xdb\x91\xbc\xea/\
&B?Tc1\xfa@0\x22v\xea\x97K\xff\x00\
\xdc\x98!yw}b:\x91\xb3j\x9e2\xf0\x8d\xcd\
;\x9d.B`\xb4\x0f\x13 \xd4\x19\xf2:{\x95\x9e\
\xb2\x12\xe5g\xc1\x0b\xcd.m5i\x1a'Z\xfeq\
R\xdf\x05N\x85\xe2\xeb\x1e\xcbSO#O,\xd6\x08\
\xc4I\x0b96\xd5\xb5\xb9PE\x0a\xb6\x90\xe8\x98\x96\
\xa8n\x89S\x98\xb1\xfb\x85\x01\xb1\xd2\xf3\xe3n8\xfb\
\xf8\x87\xfb\xcb\x115U\xd4\xc4\xabQ\xa5\xa3\x83\xd9\x9c\
\xd9\xcb\x8a\xd98y;w\xf3\x0f\xb1\x1a\x00\xe0N\xf4\
\x5c\x08\x0d\xd5\xbd=\x17\x06\xef\x98\xac\x1d\xcdj?\xde\
R\xa9\x07M3k\xbe\x13\xf7+T\x8b@V\xeb\xdb\
$\xf5\x89/y\xf8\xc4\xf6\xd1_8 \x11\x8f-L\
\x00\x96\x9c\xaa\x98\x04\x94\xba\x0e\xe6<\x81'\xfe\xcc\x16\
\xab\xdbU\xb7\xff\x00Xo\xa0o|\xbe\xb0hmy\
;\x99*\xde B\x1e\xf1\xaa&zOx\xf8\xa3y\
iq\xc7q\x83\xd8\x09~\xe0u\xc9H\xd2\x9c\x0c\xea\
\x5c\xb4\x01\x92\xa6\x8e\x9a9\x93\x06h\xa9b\xbc\x7f\xc4\
\xc4\xd1\x89\xd8*X\xa0-\x98\x80 \x10\xbb\xa9\xa7\xc2\
bP;\x1d\x85\xe1\xec\xe0f\x90\xd2.\xf4r\xb0\x16\
;<|\xc9\x13a)\xc8ci\x8d\x82\x1b\x9e\xf0E\
\xce\x07\x84\x9d\xe1E\x22a\xe2\xfa\xca\x5c\xccWw\xd6\
ra\xaa9\xbe\xf1\xc8`!\xc0\xe1 \x10\x8d\xe03\
\x85hl\xd8f\x98\xad\x94\x8a\xeb\x10o\x11g5|\
oS\xac\x15\xf08\x09;|\xdczL\xf9\xc1\xd15\
G\x89\x8c\x07\xb1\xaa\xb1\xa8\xde\xda\xb7\xc6:\x927\x00\
(z\x09\x82\xb0\xdd\x87B\x0a\xca\xa9\xberE4\x93\
\x22j4=\xb2+N\xd7,n\x1f\xa9\xbf\x979G\
\x16\xc91\x0d\xa0Vh\xc6\xb8\xf4\x9c\xfc\xc8|\x12\x93\
o\xbb\x83T\xaa\xc78\x05} \x83\x93\xb2f\x86\xbe\
\x18\x10,\x08\xb9\xc8\xbc$\x22'\xdc\x00gA&\x8f\
xz\x00\x8b-4\xff\x003\x05p\xd3\x10\x0d\xaf\x05\
'\x99\x8a\xc8\x9bA\xba\x82wK\xe3\x19\xca`9\xf2\
-\xc8\xa3\xef\x1d\x08\xa9\xaa\xe9\x119O\xcc'\x0c\xa8\
f\xa0w\x11\xfb\x8d\xee\x94%\x0e\xd7\xad\x8b\xf3\x07\x18\
\x22[\xbch\xce\xb6\x9e\xf0Z\x18C\xacm\xed\x9d\xb9\
>cB#\x9bi\x92F+\x97\x07\xdc\x9c\x84\x10\xf0\
r\xc44\xa1\x7f\xe1\x8c0\xbc\x9bW5\xa6F\xb2\xa8\
6\xbe\x9c\x99\xcc\x14\x9ar\xe6\xc62\x140\xae\x8f\x1e\
?\xcb\x0c\x85up\xbb\x84\xd4q\x8a\xb2\x01\xd0l\xec\
\xde\x13\xf7&\x0c\x8a\xbe\xdd\xe9\xd9\xa9\xeb\x22\xd0L\x10\
\x0a'<\xcb\xef;\xad\x1d\xba=e\x00Z\x14\xeee\
\x1a\x03D\xe50<\xa8p\xe7\xee\x14Pj\x1d\x5c>\
\x03\x95\x9d\xfa\xc5\xe1R\xa6\xc8c\xaf\xd0D\x1a\xdb\xbd\
e(\xfcF\xb2\xdf3w\x0aN\xe0x\x9d>\xc1\xe3\
)\x85\x07)I\xb8\xd5\xe2\xdcWbi\xa2X\x91\xe2\
N1|\xee\xa9E\xeb\xc3\xd7\xe6s\xb4\x14\x93\x8b%\
\xbdC\x8e=\xcc\x94\xb9\x0e4\xfeb\x88\x04\x0d\x8bO\
YQ(}\x1fYZ\xe8\x08\xc7\xc3\x9aq\xee\xb9\x03\
#D\x9c\xb8\xbe\xb2\x04(\x05\x1b_8\xf2\xd8\xa0v\
\x9e1\x9a\xd8Q\xa1=\xe5\x01e\xec\x06TRDd\
\xc6@\x96\x7f\xbad\xe1H\xc0\xdb\x80\x1c\xda\xd6\xe91\
\x10\xb7\xc8\xf5\x92\xd3SG\x8f\xcc\xd2L(t\xb8\x97\
D\x14\xbd\xe2n\xba?\xd3$ \x8d\x8e\xc3\xac\x01B\
\x08\x1e17%+sN=\xcb0\x8c\x22\x7f\x80_\
V\xe41\xdaa\xd18\x19\xd4\xc0\x85/\x8b\xe0\xb7\xb9\
0\x88\xad+\xd2v=\xbdu\x87\xa0\xe6(\xd2\x03\xb6\
5\xbd\xe2\xc6\xc5\xd5D6N}f\xfa\x86\x01\xdai\
\x1c8\x1a\xa0\xe8\xba\xf5\xb7\x01\xa1-WGF$\x11\
\xa3\xb1\xfd06\x89\x1d\xbf\xf7X\xcad\x9b.\xf2*\
\x8e\xcf\x87~\x9c\x9e\xb5\x1a$\xe0\x86\x94\x8b\xe7#K\
S\x11\x8fk\x1d&0Y\xf6\x954\xdf\x0c\xff\x00x\
\x80\x13`\xe0\x87\x22\xe3\x8dy\xc4\x11\x10j\xb4\xde\xd4\
\xaf\x13\xd6@d`\x04\x0b8<G\xdeK\xe4\x09\xbe\
N\xc5\x04<\x8c\x9d\x97\xd0\xe8`\xc9\xc4\xe5&U\x01\
\xe9\xbe\xbf\x18j-\x9b\xae^\xb0]*\xea\xbf\xc6\xf1\
\x22@\xe9\x90\xc5\xa5\xa4P\xe8\xc5\xc7\xdbGNWG\
\x10\x10k\x1f\xf3\xf3\x06\x03W}:WZ\x9c~\xe4\
\x99\xb9j:\xa4\xdb%\xc0\xa5\xa9\x11\xe9\xf1\xe3\x1cd\
\xee\xd2\x9c4H\xfe\xb3f\x86\xdau;o\xc3\xf7\x15\
\xb2uj\xa1{\xf4\xf5\x88\x06\xe0\xa1\xd6\x14`5\xb3\
\xcf\x89\x9a\xeaMn\xe6Bg\xe9\xcc\xf7\x92\xd0\x08\x1e\
\x99\xc3\xd8\x1d\x9d8\x02W&\x9d\xdc\x1a\x0eU\x9c\xdf\
y\xc5D\x1a:\xb8\xc0!\xdd\xb8\x0ceo\xa8\xdeC\
\xc9\x81\x15$u\xd2\xbc\xe59\x9c\x8aV\xd65\xcd'\
Xd\x9aI`X\xe5\xcf\xf3\x84&\x05\xab]\x00\xf3\
jLAH\x81\xc3\x0dA\xe9[\xde:\x0f\x80R\x0c\
\x15\xe2\x99D\x87\x85 C{\xd6\xf2A\xb4\x095\xe7\
\x16 \xb0SnlB-\xda\xdc\xed\x1f\xe4\xce.m\
\xf1-\x9cd>\x04W\x86U\xd4$\xc2\xdd!8s\
\xee\xe3,2\xe9\x94$:;?1\xa3Su?\xac\
= *l\xc0\xd0\xc3\x19\xbc\x09|\x07\x0d\x1fp\xde\
\x92Zi\x8d\xb8\xc2\xf8\x82B\x10?\xba\xf9\x8a\x96\xad\
\x88\xf1(\x89\xbd\xe2\x84\x0da\xdb4w\xba`\xd0\xaa\
o\x8e\xb6N\xca\xe4\x11\xcaI=C\x5ck^rC\
\x8f\xcb\x87k\xde\xef\x8cQKS\xc8\x1f9\x0a\xc6\x82\
p/\x9cg\x18*\xe5\xf9\x80P*\x06\xa9\xe3\x09N\
\x964Oy\x01M\xbd\x80\xc6\xd3\x00##\x94\x095\
\x0f\x7f\x98\xd2\xcf\xb0m\x7f\xd6\x04H\xe0(\xd1\xd7\xaa\
\x19\x83\xe4!\x05J5\xa5\x98\xb8 \x18\x97\x07\xb5\x9c\
1\x97\x95\x8c\x956\x17\x86f\xdc\xca\x90\xd9\xb5.\xa4\
\xfd\xc2\x93\x05\xec\x0d\xd7\xb7\x89\xeb\x02O\x81\x04\x93\xfb\
{p\x16hq(\xba\xbc\x9a\xcfX\x88*\x9d\x1d\xcc\
\x8e\xfc\x06\x9cL7\x5c\xd4\xbc.\x14{\xc5\xdf7\xd6\
\x1a\xd7\xba\xfb\x5c\x0d\x13\x10\x10j-\xc2\xb5\xb1\xdf\xc1\
9\xe3\x8d\xdc.\x80\xc8\x1at\x89\xcc:\xcaS\xca\x94\
\xa9\xb23\xc0\xdc\xb1l@\xdd\x22&\xe4\x86\xb1g\xa2\
\x98\x22\xcd\xb4\xbf\xd5\xc5\xba2>YD\xde\x8d\x9cc\
\x1eQ\x83?\xc3\x00*\x04|\xe4\xc9\x03]\xdfW\x03\
BJG\x07\xbcE\x16(\xd9\x885\x81\xa1\xfd\x98\xa1\
DAf\xde\xf0\xed\x92\xa8\xe5\xcb\x16\xa9A;\xef\x08\
gq3G\xaf\xb8\xcck\x11'\xf1\x912[S\xbb\
\xe7\x1a+*\x0dpn\x08\x07\xa0\x9fq*\xb1F\xf0\
z\xc5\x08h\x85\x93\xd4\xc8@n\x1e\xf8\x0c\x0b6\x1b\
^\xb1\x11\x91\xe1\xbf\xc6[\x1c\xc7r\x1da\xa0\x0e\x93\
\xc7\xe3\x1a\x1c\xa2/>\x0fr\xcc\x09\x06\x88vz\xfe\
[\x9c\xf5\xd2F\x87\xab:\x9cf\xe9\x966\x84:[\
\xdc\xc0\x083\x0d)\x096\xf7\xe3\x0a$\xda3\xa8\x1d\
\x94c\xde\x15H\x1a\x86K\xeb\x9fZ\xc4\xa2PAk\
\xc7\xb6\x1aC\xccn\x0d\xef\x00\x8e\x96\xbb\x87\x83 \xac\
\xe8]\x87\xcc,\x84\xc1\xff\x007(C\x00\x03K\xf9\
\x8f\x5c\x1d\xce\xfc\xfb\xc7K\xba\xa8\xf1`\x0ca\xad\xf3\
1\xbf\xd8\x05_\xdd\xb3S-\xb9#{.\xd2\xba\xeb\
~\xb0\x07.\x1a!(\xbd\x84\xc2!\x91M\x9d\x0a\xee\
\xe9\xb8\x06\xd6gc\xa7dA\xe7\xce\xf3W\xe8D\x05\
u\xae7\x87@\xc2\x9d\x8f\xdcK\xb0\xdeH~c\x04\
\x10C\x13\x06\x01\xbe-\xfe\x98H\x85#V\xbdd\x14\
\x85_\xf2\x1c\x96p\xe9\xe0\xc9Pr\xdb\x1c\x1c\x9ey\
\xff\x00\xbep\xd2\xa0\xa7\x99Z\x16w~\xe5\x1ce\x86\
\xba\xb5l\x9cd\xcb\x10Tx!\xca\x12\xe6\x9d\xa5y\
4\xf1lMLH\xd8\xbb\x0a\xe8^\x19\xfd\x5c\x03\x1b\
\xa6\x84\xd6\xd4\xba\xe3^pZ\xdb+D\xec\xf7\xb3\x8b\
)l\x1b\xd6\x0a\x1d\x87g\x97\x05Gv\x8e\xc7\xdc\xf0\
\xc6\xa6\xc1\x8b\x0dPr\xd6\x10nCk\xa7\x07L\xaa\
.\xeeE\x16\xd4\xbb\xb8\x88\xa3\x00\x87W\x00\xa6\x83]\
OXJ\xd9\xc4]\xcfY\xb9\xd0\x88\xc0\x15\xe7\x00\x96\
\xd5\xde\xcd\xbaj\xdbr!\x08(\x82\xc0\xef\x9e<\xcc\
\x22E\x82\xd8+[y\xde\x1a\xe5\xaa\x8e!\xa3\xe1+\
\x85^H\x90,)\xb1I\x8e\x00\x9b\x1e\x81\x13\xa7]\
\xe4\xec&\x17\xc7\xact\xacO\xa3\x8e!\xa2\x89\xdf\xdc\
\xdcD\xbb\xe1\xe9\x81\x08\xb2\xb4\xe3\xe61\xd7\xb3\xb0l\
\x86\xb0\x97\x014c\xc2\x02<&\x16Pa12@\
$s\xeb\x16EyNq\x19@\xb1\xc3\xe2\xe1U\x18\
\xd6LC\x0a\x05x~f\x82\xe5\x89\xa7\xf3\x0d\xa3D\
\x1e\xc2\x8b|oY\xa9\xdcF#\x8d\xae\x90\xbb\xf9\x92\
\xfe\xe2\x0b\xaa9;\xd6W]\x13rD\x0f\x1co\xee\
\x0b\xe00\xf0\xf0<\x1ck\x02\xa9\x12/\xca\xe7\xad\xfd\
\xc3\x82B\x08^y\xf7rXh\xc94\xe2,\x00\x14\
m\xf9\x93VWa\xf5\x95c]\x82\x13\xc3\x96uj\
.\xc0\xc4\x18\xc0\x89\x89\xf3\x00\x10U\x13\xbb9\xc3\xa2\
\x96UkpQ\x82\x05\xa0\x12\xde\xf4\xeb\x0b6\x82\xa2\
U\x02i\x87x\xf4\x95\xde8o\xbc\xe10\x86m\xb2\
\xec\xda^\x19\xde\x02\x16\xd0iC\x90x\x90\x98G\x10\
\x84\x86\x9b\xda\xed\xe29+\x02\xcb\xa4)\xfeL\x8cl\
\xb3m\xcd\x19\x89w\xc9\x81wM/\x06\x08i$\x0f\
\x07\xbcR)\xbd.\x97\x02\x0c\xe9\xde\xef\xac\xe0\xc7f\
\xdb\xb8\x88\x1b\x82\x00\xd1\xb4ypU\xb6u\xaf\x1f\xf1\
&o\x0d&\x8a\x96,w2\x97\xa2V\xf3Sf\xfa\
\xe1\xc1+B\x8d\xadoO\x1a\xd6_6\x00!\x9b/\
%\xfe\xae\x19\x9aD\xf0\xd1\xc6\x15\xd4\xa0\xd3a\xe6a\
]\x08\xa1\xe5\xc2Y@\x8c\xb8\x0b\xb2zy|\x5c\xa9\
\x02/Ll\xb6\xc0\xaf\x09\x9e\x03\xb2\x9c\xfb\xc2\xb2\x22\
8o\xdb\x03Bj\xc799 \x9a!\x91\x84\xa5\xa9\
L\x06\x0b\x1a_\xeb\xd6\x1d^tm\xe2\xe1\xd4\x02\xa9\
_\xdcP\xe3`\xac\x83\x80\xe1m\x14\xa0z\xc5\xb5\xe1\
M~\x18TX\xd0\xee>q\x8a\xb8\x90\xaa\xfb\xc4\xd4\
\x92\xbb!\xfc\xe2R\x06\xd65\xfe\xf0#\xc1\xab\xc1\xf3\
\x00\xc5\xa4\xb9\xa7\x1e\x19f\x0d\xbd\xcd;\xe9N5n\
B\x88'y:WZ\x9cc\x0cQ\x1cc\xab\xe5\x98\
b\x84\xd9\xc2\xc8{\xd6\xf1\x98{\xf2\x07\x10'\x1a\xd6\
8\xdc\xdb\x90\x96\xff\x00\x9c\xda\xceH\xc1^\xe8f\x8b\
g\xb3\xa1\xc9`\x05\xbc\xe9\xe8\xc5$\x0a\xc9\x1d\x878\
h\xb0`$\xfb\x92\xa8P\x07!\xef&\x08\x14\xad\x1f\
\x99\x19\xd1%uc\xe6\xff\x00\x8c\x22b\x05$\xef\xda\
\xef\xc66\xd8(B]\xa3g#}b\xa2\xc8(A\
\x1a&\xf6\x13\xd6.\x87\xab\xe0\xec\xaeE\xdd\xc4Qq\
\x8a\xc15\xb3\x9e\xa6\xf1\x8elk6D8\x15\xdb\xd6\
I\xcb\xba\x09\x88Lw\xb3\xa0\xc0\xd6 \xf2\x0cN\x80\
\xa7m\xf31\x19\xcf\x11U\xeb<\x12\xa0\xb0p\x03\x02\
\xad\xeb\xa3\x08\xc1\x04\x9a\x87\x89\x8b\xb5\xca\xe8\xed\xf4P\
w\xd6O\x11\x85\xa7uN!\xfeq\x02\x04\x92\xbe\xef\
*\x7f\x19S>\x04~\x11\x8c'\xdc\x94\x88@\xb0\xf6\
\xb15\x8d\xf3\x18\xdb\x17b\xba\xeby\xb2\xe8\xe0\x10\x8b\
\xd8\xa2y\xcbX-w\xb5\xef\x9c\xa0G]\xf1\xa7\x11\
\x90U\xeb\x03D]\x16_\xdcR\xee^x2\xe5f\
\xb1\xbf\xe1\x97\xc1\x8d_\xfb1d\x916w\x91\xe4]\
\xf48\xf5\xc0\x0aw\x9c\x9c\x05\xdb\x93\xac\x00\xd5\x11w\
0ijp\x84\xf3\xbfx\xdcd\xa5\xa0\xef\xea\xdb\x93\
O\xb2\xca\xe9\x09\xe7\x8f\xcc\xe8\x0c\x00\xabU\xbe\xad\xc6\
\x9c\xd2\x94D\xd9&\xa7\x18\xcf)\x90Dt\x84\xdb\xa5\
\xcaI\x8e\xc7Q\x1e\x1ca\xfea\xbb\x9e\xb1\x00\x0aG\
\xbe\xdc)z\xa6\x83\xcfw4Zcf\xf4\xe2\xb1\x5c\
\xdd\xf3\xd4\xc2\xeb\xca\xfd\x18Ur\xc4<{\xc5 #\
\xa8x1\xb9(\xc1?\xc6Ul\xd6\xd3x\xc3\xbc\xec\
v\xfb\xc5\x00(\xa3\x8b\x8b\xe8c_\x19F&\x8aq\
\xf9\x88y\xe3yo\x9cH\xd7\xa4\xa6\xa7=:\xe7\xde\
5\x09\xdei\xc77@w\xe6a\xb1\x89y\xae\xb4%\
\xf2x\xcd\x90j\x8c[\x18l\x90\xbfr\x99\xd7\xa2\xa9\
\xc1\xc0\xb3_p\x8b\xb4B=\xaa\xf3\xd6\xfc\xe4f\x1b\
J\x81Z?5\xfb\x806KI\xcf\xb9\x87\x88\x01v\
p~l]\x9cX#L\x10\xf9\x9a\xf9\xa5\xa9C\x0d\
'\x12>L*\x00\xd8\x1a<[\x93\x16\xec\xd8\xbf\x02\
/\xd8d\xb1P\x05(M';\xd4\x98\x11\x1a\x9dj\
h/\x01\xde#]_\x12\xb3\xf3\xa9\x8f>[\xa5\x0d\
Q{;\xc82\x80\xa9\x07!\xf4&\x02\x19d\x82\x0a\
\xa5su\x95\xc3\xb4\xe6\xf9\xc4\xc5K\x16\xdc\x90;\x8e\
\xdc\x99-\xf7\xa4x\xc4\xb2 \xe7\xc1\x87\x91\xdc\xa7.\
G\x9c\x10\xb5\xb8#b\x92\xbb\xb9\xc5M\x14h\x9a\x9b\
p\xaf\x9a\x9bt\xff\x00\x8c#D\x19\x12\xb5\xb4\x86\xa3\
\x15\x09\xf4,jy|~\xe5<\x01K]\xbb\xd3\xc6\
\xa6\x17\x16\x91\x12_#\xdf<\xfd\xcab*!\xe0c\
\x8c\x94\x9b\x81\xae\xe7\xac\xd9\xc2\x92r\x9e\xf0\xe0\x22\x12\
w\xe6\xe0\x8b:\xbe\x17\xc6\x131\xce\xa7\x19\x08\xa0\xec\
\xcd\x9e\xb0 \x14I9\xc4\x10\x12\x81\xad\xa7\xdc\x9d\x1e\
\xc8\xe7.-D\x87\xf1\x88v1\xa1\xaf\x93\x00(\x92\
8\xc7\x88\xa0\xf5\xfeX\x01E\xa80\x13\x00*@\xe3\
\xe8\xe8\xa2\x9a\x97\x83\x19U\x05\x18\xe3 \x0a\x84\xee\xf9\
\xc5O4Ck\xef*q-8?\x9c7\xec\xe7z\
:\x98\xc3C\x13|\x1e&M/\x01\xa7\xfc\x14\xbf1\
\xc6p\x15\xbfg\x10\xb7\x12\xbd\x9f\xd25\xeae\x88\x12\
\x04\xc7G\xb6a\x8c\x97\x10\x05\x91~o\x16l!>\
\x18M\x1ck\x14\x85\x88\x05D\xa7\x9f\xbf\xb8\xb9\xb4\x0d\
\x22\xbd\xd3x\xb1}\x01\xa7\xf8\xc8\x88C\xb1~z\xc8\
A\xa5\xf4=e\xc4\x01\x80\x93\xef\xac\xe4\x91\x9ch\xfe\
p\x8a\xf3\xa1\xd1\xf4\xc21\x1b\x1a\xf2^\xd7G\xdc\xa2\
%YG\xc2I\xbb\xbf\x18\x0f\xd8\x9dh\xf2~\x89\xf3\
\x06\xff\x00FI\xc2.\xe6\xdb\xfdb1f\xa2!\x8c\
N\x17w\xde\x1c\xe9\xb0m\x07\xf2\xdd\xcc\xd8\xc5\x8d\xe1\
4\xe2\xed\xf9\x82\x0e\xd8\x1c\x89\x16\xf6<\x1d\xe7\x950\
\x1b':\x9b17\xa2\x22bz\xc0Q\x9aCc\xe7\
&\x04\x94\x0d/\xbct\x00\x8d\x83C\x96+\x0d\x86\x87\
\xde\x0c\x82\x92*\x98]\xa6\xd9\x8b\x0c\xa1\x1av\x8a\xf6\
\x0e\xf0\x12\xa74\xc6\xeb;\x0f\xf3\x96\xeb\xbeR\xb4\xbc\
\xd1>L/\xb4\xb3Sz\xdfG\xf3\x81\x98@\x16N\
\x1fk=c\xa4\xc1\x85\x02\xed/\x1c\x8d\xeeatz\
\xc0)i\xe55\x87bh\x8e2\x9a\xbd|\xef\x99\x95\
d\xd1\x0d\xaf\xbc\x95,\xa8\xb0\x7fq\x12\x84\xda<\x1d\
b,|\xcd\xee|\xc34\x83\xb3\x04\x8f \x0da\x99\
\xb6S7\x80H \x97\xbczD\x8b\xb797\x90\x22\
\xf5\xf7\x11\x8d5(\xbf\x93\x05\xc0\xa5A\xea\x8bt\xdb\
\x8d\xb7k\xb5N\xbd;\x9f\x98\xd4\xea\xe9k]%\x9a\
\xb7\x01\x00AQ\xe6YI\xc7\xeeF\xe7e\xf4\xa7n\
\x97\x11\xb0\x09\x02\xe2!x\x9cg^f-S\x08\xb7\
\x1a\xdd\xcf\xb8\xe2 \x84\x0f}\xdc\xed|\xe3\x7f\xa3\xee\
Ct+\xbe\xfa\x98\x15\x02\xb0n\xfd`;\x16\x16?\
\xc5\xcd\x0f\xc7\xe3\x11]A\xcb\xfde\xad\xd1\xf4g\x85\
\x8b\xaeo\xbc >\xd6qp\x94\x965x>c*\
*\xc56c\xe3\xc5\xd73\xcb\x95A&\x87\xa6\xde\xbe\
\xf5\x89\xc8i\x00\xe8\xa3\xdc\x1e;\x98\x0d\x1a\xd4\xb4\xd3\
\x0c\xba\xdf\xac\x07\x98/*\x88\x9b\x92\x1fn \xc8\xbe\
\x84\x0dm\xab\xfd\x5c\x5c\x0aJ\x06\x9b\xbf\x89\xbf8\x98\
\x0c\x1a\x1bm[R\x0e\x00h\x046\xbc\xa0\xf1\xb9\xeb\
\x13\xe3\x12&\xf0\xaf\x80\xbas\x9c\xd4$\x13\x15\x8d\x8a\
\xa9u\x80\xb0\xa6\xc7\x1f1x\xf3\xbf\xff\x00\xbb\x84\x0c\
\xb0\xa6\x96\xc5\xe7f\x9f.1r\x82\xdd\x8a \x1e\x1b\
\xf5\x9a\xd9\x19\xb7L\x0b\xc4u\x88\x1bVnx\xb4\x92\
Y\xa9\xe3:b\xa1\x00\xd5<N\xf0\xa1EA\xca\x1b\
z\xde\xe4\xc5>\xafF\xea\x8fJ\x9b\xf5\x80\x0b\xa4\x19\
\xdd\xe3\x10\xa3\x06\x1c\xbf\x98\xad\x08\x8b4&:eQ\
\xf0dx\x01\x0b\xb3\x08C\xd3g?1\x80\x8f\xd0\xdd\
\xe1ud\xec{\xfb\x8b\xe4)\x91\xa4'n\x01\xf3\xb5\
\xb3\x87\xc7\x8c#Z\xcd\x857<3\xfd\xe5N\x9bi\
\xb6mw\xae?rp\xe1b\xa9{\xbe\xf8\x9e\xb2\xd6\
3P{\xc4\x9c^\x7fsD5G\xc2\xc7\x18\x00,\
\x94Z\xccP\xc2\xa6NfCdx<\xe0\x16h\xb4\
<\xbf\xfb\x888=W\xcd\xeb\x12\xe9/\xd0\xca\xac\xc9\
\xa3\xaf.\x09\xaa\x03ZLh4\x84\xef\x8cb$\x11\
sq\xc8Qfv!\xc4\xc6&f\x9a\xfd\xf5\x9f\xd5\
\xb9\xbf\x16\xe4%KS\x9d\xe0\xa6\x18:g>\x0bB\
\x9f\x98H&Q\x1b2\x88\x22\x884\xf7p\x06(H\
\x1e}\xe3\xd8\xe5&\x87\x0c\xa6\xad\xa9t\xbc\x19h \
b\x17a\xf35D\xdc\xe9W\xf1v_x\x9c$\x87\
<\xea\x9cB\xff\x008\xd9sVJ\xe1\xaf\xac\x9f\x81\
\x09\x90\xe8\xd6\x96d\xc3\x03T[\x10<I\xbc\x95\x1a\
\xcd\xda\xea\xf0z\xc0H\x13\xc0\x0c\xday\xd7~w\x8a\
\x9bp\x94\xab\xe1\xe7\xee(U\xc6\x1eX\xe4\xe0Z.\
\x15\xf3\x1bG\xf8\xb8\xac\xe1-\x0e;\xc5QP\x1dq\
\xf8\xe1\x1f\x14bi\xdf8)\xe7\x106\xa7w\xfc`\
m\xc9\x8d\x93{\xe1\x1b_NV\x95A@f\x83|\
\xd3\xd9\x820S\x225\x00~\xbdLrX-$x\
B\x0b\x93\xee3\x03\xe0\x86\xd3\x97\x9b\xde\x1d\xaeP\xa9\
L\xe4o\xb7\xe6\x00\xa8\x08\x1b\xf2D\x1c\x9d`\xaa.\
\x91\x0e\xb6\x1e\xab\xf7$\x98xo\x22\x11:e\xe7,\
N!\x8f\xc1\xe1\xe3xH\xc1\xd2\xc1v\xde\xb5\xce\x02\
\x0a\xf1\x9bl\x80rb\x12~\x81F\xd3\xd3\xde7\xa1\
}\x99\x8d$\x96jes\xd3\x879E\xe1\x09r\x00\
+\x00\xa8\xddD7\xd1\x80\xa70\x05\xab`y\xbb\xf9\
\x90lo3\x9c>\xba\xf9\x88\xa1U\x94\xbc$\xee\xef\
\xc6h\xf86\xca\xdao\xc8\x9eS\x0d\x0ah\x14\xe81\
H\x18\x22\xd4\xf9\x82\xe4+\xc3\xcb\xce]\x81;\x15|\
\xe7\x82{:\x1c\xa0yJ\xef^\x0798\xf4\xbb\x9e\
&\x1d\xa4 \xfe\xee\x0a\xc1.\x96\x86*\xf2i29\
\x05\x91\x07\xbd\xf3\x80(\x0c\x1br\x06\xd8\xd0\xb0O\xb8\
\x01\xc2\xc8\x00\xa7f\x10\xd4T\x82\xeb\xb37\xf7\x08q\
\x9b\xb9z\xe0\xa5\x9e2\xfe\xc0a\x11\xbbV\xa1o\x9c\
~=\x0c=Z\xb7N<d?\xf41<\x10\xd3\x09\
|\xe4\xd2[\xc1\xd3C9\x09\x88\xa9\xfc\xbd\x8c!\xed\
\x90<\x1fq\x90\x00\x11x\xc4D*+\xac\x13\x8a\x8e\
-oYEq\xc3\xcb\x13\xb2\xc8)\xc0\xf7\x9b\x1a;\
\xefX\x84\x9a5^N\xf1N#z\xdd\xe0p\xe8\xa6\
\xf7{\xb8\xb4\xecv\xdd`9(;:\xfc\xc8vO\
&\xe4\xc5P\xb9\xb9\xcc\xf7\x89+CN&\x06J\xac\
(\xc1F\xedPr\x01\x95\x9eTlxM\xe3\xc0\x00\
\x03W\x128\x80`\x9b@rY\xc9\xe4\xaf\xf1sW\
\x8f\xc2\x11\xbb\xf0\x87\xdc~\x8cL*\xb4\x0bjK\xd6\
R%\x8a\x89\xa2)\x22\xa7\xbc\xe2\x83\x16Yl\xe2\xb7\
\xc9\x81\xc1yK9\x0b\xcc\xf5\x88\xa2Aq\x17\x8cK\
5\xd1u\xc96\xe2\xc2\x95\x08+\xddw\xd7\x1c\xe5&\
3\x94D\xb7\xd4\xdf\x9cB\xd2I\xa9O!\xe4\xd6\xbd\
\xb8u\xd2#J/\x1d\x89\xb7\xc6N\xf3\x00\x8b\xd1v\
m\x0c\xdf%\xda\x9a\xd7'\x17\xa9\x91\x85\xd8\x806#\
u\xfep2[\x1a\xdblMC\xfc\x18\xe2\x88\x19\x00\
\xec:\xad\x7fp\x11\x02\x0a\x9b>pZ(a\xbb\xf7\
\x10\x18cVA\xc8:\xf6\x92\x81\x86\xe6b8C\x10\
\xa0\xa0\x1b\xb8\xca\x12HypM*1y\xc1Z\xd1\
\xc94\x81\xd5\xc4\xadS#\xa7\xeap\x98Q\x19\x156\
\xb6o\x86d\xb3\x86\xef}\xa2\xebf\xb1\xd2\xc9$\xda\
\xefo/\x13\x0d&\xa0\xa7\xcb\xae\xcb\xcf\xee2l\xd3\
\x96\x9d0\x1a\xef;\xac\xc2\xb5\x14\x06\xd3\x0b\xd6\xa7n\
>\xe6\x896\xd9u\x8e\xabG~}`G6\xc6\xdb\
<a\xd1r\x9a\xe6{\xc0\xe0\x8c\x03\x912\xa6\x85\x84\
\xd2\xe39\x89 \xd8\xe5(\x09P\xdd\xc5\xa4\x82\xc3X\
\xc0\x1ab5>\xe6\xb34\xe3\xfb\xc1T\xc2\xe9\xc9\xf0\
\xef\x15\xa8f\xca\xfc\xc7!\x91\xf21|Gh6{\
\xc0\x0c\xc3B\xf9\xc5^\x9a\xce\xa0\xdcw\x0e\xfa\x94\xfc\
\xcb\x10V%l2.\xbd\xe3c\x5c\xfd\xe2\xe6\x98a\
\xf3\x85|H\xff\x009\xb3\xa1\x19\xa2\x9aw\xebS\x0f\
\x05w^9\x02s\xae\xf0d\x5c\xcch$\xeaCY\
\x11XuL\xd6\xda\xbf\xd5\xc7P5\x90.\xef\xa9\xbf\
9z\x89*r\xd7\xae\xf1R\xa8`\x85\xb8\x8e\xd1\x04\
e\xc76\x9e/~/\x9c\xd0\x82-\x9c`\xd9\xbeK\
8\x9e\xb0B\xd2M\xbf}e\x10\x18\x09\xb7\xdd\xc3J\
\xa0\xf11\x0f\xc5o\x92\xe3h\xee\xc9\xe0\x13\x90\x8e\xbe\
dc\x85b\x13PTg?\x98_\xf4\xb5\x81\xc8\x9a\
\x17%\xf3\x8f\xaaH$'\xb1\xe5\xcem\x9456e\
o?\xfa`\x19(\xb2\x05I'!?\x8crHg\
\x06\xb2\x14\xd1\xad\xfbpH\xed\xe1\xd8px=~a\
LK\x09\xec^z\xde\x0b\x8d\xe5v6\xa0\xdf\x1a\xf7\
\x8fo\x19%R\xd0\x1c\x9d\xe4\x1d\x00\xfb8\x0a\x5c\x0c\
m<\x07\xa7'\x17\xa9\x96\x04@\xe0\x9b\x8ao\x84\xfb\
\x91t\x97\xba\x85\xa8<\xb5\x93$\x80\x91\x06\xc0h\xde\
\xfd\xe1\x085\x81\xf7\x0f=\xeb\xf3\x03\xa6\xee\xbcQ\xd4\
y\xdf\xee\x0b\xc1&Qc\x9c\x83\xbf\xb8\xcf\xde\xadJ\
\x18\xa2(\x11\x9cbA\x83h6{\xc3-rAO\
\xdc\xb2\x7f\x08\x1c;\x96l\x8b\xfc`\xae/\x17O\x18\
 \xaf,\x13\xf1\xc7\x97\xc1j\x84\xc2\x09R\x0b[\xf5\
\x89-$\xd3\xbb\xe7\x11\x80\x04\x07\x9b\xe7\x10@\xaa\xb3\
Bg+\xf0\x01y\x1d\xdc\x02z\xcc\x18\xe0\xf4\x8f\xdc\
 \xac\x98\xd1\xe7{\xd5.\xfa\xc0\x0a\xc9\x98\xee\xa9\xc4\
/\xdb\x9b[I\xdb\xba/4\x9f1@\xd2W\x87\x88\
\xc6\x13\xec\xc2/\xee\x82\x88\xa2\xf21\x1a\xd0/\xb3\x18\
\x8eU\xdb\x83\xeeHQ\x00\xb2`\xc6\xd2\x95\xef\xe6#\
\xa3\xc7n[\x8b0\x8d\xd1\xed\xd6Gpmx\xcd\xaa\
+n\xff\x00\xc3\x1d_\x1ao&h<\x17\xfbaJ\
\xc7E\xe1\xee\xe4H\xd5n\xf5\xf8\xcb\x86\xce\x96\xdf\x18\
6\xa1\xa2\xef\xd6K\x22c\x1e\xbd\xe3%gDu\x85\
M\x14\xfd\xa6\x83\xefi\xfb\x9a\xdb\x8a6\xc6\x82\xde\x1b\
p\xa8\x92\xa6\xc5GO\x04\x98\xd1\xb2\xd8%\x1b\x1e\xf6\
\xf3\xf7\x03\x83\x9e\xdd\x1c5\xaa2c-f\x8c\xa7b\
x.\x14\x84\xb8T.\x90\xf8i\xef\x018\xc9U\xbd\
\xbdo\xfa\xc4$S\x05\x0f\x0f,\x17\xec\xc1e \x17\
\xa2\x06Z_\x93\x13\x84fF5F\xe4#\xef\x12\xe6\
#@\xf1V\xea\x81\xf2\xe7\x86\x89\xf0.\xc7\xd4\xbe\xf0\
=\x91N\x8a\xf4\xdd\xd8\x1e\xb3\xa7U\x04J\xe8\x9b'\
>\xf1\xb3\x0d\x11@\xad\xdf\x06\xd2`*\xa4\x0a\xa6z\
W\xacmWP\x09lg#\xe3\xcc\xc5\xf9d\xf5\x08\
\xb1\xe1Y|\x5c\x07\x8fH\x9c\xbeq\x14\x84D\xcd\xbe\
\xeeFXj:\xb8Geh \xe4\x5cmjRz\
\xcdk\x82\x0b\xb3\x09\x04hF\xc7\xcexM\x86\xeb\xef\
7\xa4\xdf\x80\xb8\x9a\xa4\xda\xa9\xad\x13\xf7\x15\x84-N\
\x1b\xfd51\x80\x06KcjWZ\xef\x08AP\xac\
!\xb5\x1fa0#\xc2\x116\xefk\xbb\xac\x22\x09\x17\
I6\xce\x12\xf3\xe7\x14\xd0\xa3\xb0\xf2\x8cg\x1c\xb7|\
\x98C;\x22\xf0b\x8cd\x82\xf1\x96\xa2n\xca\xd5\xcd\
\x81;\x0b\xcb\xeb\xde\x07\x10]\x17~\xbf0\x83d\xee\
={\xc5I\x83@\xe4{\xc3d\xc1\xdaE\xc9\x9e\x8a\
=\xdf\x06E\xea\x8a\xac\xdd\xf1\x85\xe1\x8a\x07\xf9\xc2\xc9\
8\x8e\xa7\x9b\x92\xf5Sf\xbe\xe5`\x00H\xfe\xb0a\
\x91\xbeF\xf8\xc4\xe4\x95\xf0~\xe2\x12\x96\x80\xe3\x03J\
\x0a\x02\x1b\xef\xe6C +f\x9ab\x04\xd7T_\xc3\
\x02\x99\x8a\x0e\xd9TX\xe3\xcd\xcf\xaf8\x13Z5\x0d\
\xb5\xf95\xf7\x18PT\x0e\xc59=\xeb\x08X8\xad\
\x1d\x82\xf1;\xc3\xd5\xb8\x15i\x1b\xe2@\x98\x92\xbc\x10\
C\x0b\xb2\x95\xfe.-\xbbt \x9b\xa7\xc4>\xe5\x81\
i\x00c\x5c\x02\xeb\x18u\x1a!\xb4\xf9\x8c\x8a\x07\xeb\
9\xb0vt\xbe.hd\xdb8\xc1T9\x13g\xac\
*\x93M\x17\x8d\x5cE,\xa0&\x93\xee.\xa9\xd4\x88\
a\x1e\xe3@8\x96\xa8\xddx}f\x95)+Mh\
\xd8\xcf\xe7X\xc6\xdbp\x07\x16\xdd\x08Y\xd6+DI\
\x06Q\xec\xa1\xbbsD}i\x15\x18]\x9f\xfa\xc8\xed\
\xd3\x1a\xb1\xb8&\xc8o\xc3\x85\x91\xc6\x8bk\x10\x1b\x02\
l\xf3\x8f\xc9\xd4J\x90y4\xf8\xfc\xc9\xa86\x01<\
\xdb\xce\xa6\xfc\xe2\xbc\x12\xac\x0b\xba\x8d\xbcC(r\xc1\
^T\x09\xb3\xb7\x10\xf1\x80^\xed]\x86\xe1\x8a#\x91\
T\x9f\x05\xeb\x15\xa5\xd3B\x1b\xb9\xb4\xeay\xc0\x01\xb0\
n\x09/\x15\xb6\xf3\xe3\x09*\x22R\x01\xe0\x1c\x1b\xdf\
\xb3/\x1f\x92\x08t\xdeku\xbf\x19iM\xab\xa7\x0d\
].\xf7\x86\x0d\x09\xa7\x9f\xb8\x86aK\xa3%%\x0d\
\x18\x89\x85x)\xef\x08I4\x0db\xd8t\x16i\xc7\
*!j\xaf\xcc\x13\xfd\xa7\xf36\xac\x9a\x09=9w\
\xfa:\x84\xc4r\xa4\xd3X\xa1\x05\x09i\xbf\xb7\x02Q\
\x91\x1d\xfd\xc5\xba\x88*\x10q\xe6\xa3W1\xa3\x11\xa1\
\xbc \xc3A&\xa6\xbc\xe2\xa3\x0b#\xb3o\x087\xee\
\x1c\x1561\xba\xe2><\xe5\xfd\x94V\xab|\xa8\x9f\
&\x0c}\xba\xb1\xdf\xc7Z\xdc\xc7\xea\xa5\xb7\x17bj\
\xe5\xac\xd0\xbd\x09\x90\xcd\x8b\xe0\x18\x07\xf4(\xec\xf9\x81\
\xc1C\xd8\x19\xce%\xe0\x846\xb7\x0c\xe46&_x\
IE\x80i0\xda]\xfe1\x17\x13\x9b\xc9\x89]\xa6\
\xc3\x7f\xbc<\xc4a\xa29#\xb2F\xf5\x88l\xa3{\
\xe5\xeb\x06\x81\xf2\x1b\x85\x81\x0d\xb6k4\x8atn\xbf\
\x18\x7f\xa5iy\xc0\xb5\xfd\x0b\xa1\xf4\xd4\xa6\x09\xa0\x14\
r\x1d\x8bU\x92z\xc5\x14XLF\xe98\xbc\xfe\xe6\
\xfa@Z\xf5\xf5d\xc8f\xa4\xb4z\xa2M^q\x10\
\x02\x08\xdd\xa6\xbc6g\x123F\x93\xf1\xba\xdc\x80 \
F-\xfd\xb4Y\xe7\x0fb\x15\x7f3\xd8\xb7\xc4\xc4T\
\xecF\xbdH\xe0\x09\xf7\x1e\xd5\x10\x08x\xafb\x92\xf8\
\xc3Ce\x00\xd7k\x8dK\xef\x0b\x1b\x11\x82\x1d\x80\xb7\
`z\xb8\xef\x15%(\x16\x8c\xe1\xef\x12@\xd6Qm\
\xaf\x8d\xd2u\x83F\xb7pN\xdf7\x1fJ\xc0\x06Z\
\x06\xad\xe2c\xf0\xe1\xe7\x13\x801\x93!$\xc4\x80\xa2\
p\xdf\xdb\x87\x81-\x0c\x86\x22\x0fG\xccg \x96\xb4\
\xf9\xeb\x08i\x04G\x18\xb2PH\xd8\xf6\xe1\x1aL\x8e\
\xae!\x10$\x93NZ\x92+#Z\x1c\x1a\x04U[\
E\x9as52\x89z8CT\xf0\x9d\xe4\x1eJ\x80\
PCm&\xf6\x13\x11\xb8\xd1\x94Ue\xe6\xd3\x14?\
\xa1l\x92\xce\x19\xfd\xcc]]\x9a7\x83\x09j\x8b\x1e\
\xbe\xb8\x80eT\xdf\x07\xdcl!\x00\xc4\xc3\x5cw\xed\
\xdf\xff\x00pxXT+}c\xa4S\xa2\xef\xd6O\
\x87V\xd7^\xf1\x04,I\xe2cQ@mi}a\
PZ \xbb\xb9\xb8E*\x0en\x0d\xb0a\x06\x0c\xd0\
v\xd3\xa6\x02;\x01|\x9f2\x8c\x88?X\x9c\xbe\xea\
\xcew\xdeF\x80(\x1a\x1f\x18.A\x12N\x0f\xb8g\
1$\xf3\xdeZ>m9\xf51\x03\xb0\xbas\x9d*\
\xe7\x97\xe6hE\x18\xf3m\xf5\xad\xe0q\x12\x05\x0d\xb5\
\x1f\x9a\xc4S%pD\xe4\x0e\xf5\x9cLu\xba\x16\x82\
\xf1\x8e\x01\xce\xb5[\xde\x9d\x90&\x0a&\xc3\x88f\xd3\
\xcf?\xc5\xc1\xeb\x0d\x04\x13cZ\xa2\x13\xce+T\xc1\
\x03\xb3\xc4\xeb(\xc8\x16\x1eS\x11\x0ds\xb2?p\x0f\
ih]/\x8cgBmn\x9b\xd6r\x96\xc3\xc8\xf1\
\x96\x1a\x11\x85\xa7\x9cn\x80@:Le\x12v\xd0\xe1\
2\x22\x14+|e\xe6\x84&a\x0fF-\xd8\xdc\x9f\
\x1b]P\x19\xd68\xedSC\x22\xdfF\xef\x7f\xb8c\
\xbd.\xc1\x88+z\xd7\xb3(d\xf9\x02n5\xc4\x1b\
\xef.(\xd7\xe5]\xd3\xa9$\xc2\x09\xa0\xd4\x08\xbc\xfc\
\xdf\xe3\x1b\xe6Z\xc0\x9b\xa7\xc4\x09\xde$\x7f\x05d\xdd\
\x95\xb5!\xe3\x12\x05\x84\xb0\xd3e$u{\xc6\xacZ\
\x94\xbd\xd7\xd2\xa9:\xc4\xd3!\xd8\x0b\xcb\xcd\xc2\x82\xd8\
\xec\x8e\xb5\xd8\xf13m\x8d\x95\xa4\xa17\xb6\xbb\xc7A\
}6\x07L\xa49\xfe2m\xb0L\x00%\x1e\xd7\x9b\
\xd6-\xba\xdeE\xf3{\xc3\x16!#\xfa\xc1$\x0a\xc7\
x\x16\x18\xb1f\x11\xa8\x13\x8e\x13\x9b\x85\x8a'I=\
\xe0+I\x03\xdb\x14b\x82\xd9\x80\xd1\x22\xe9\xfe\xaep\
\x8dX$\xc3h\xbb\x13D\xf5\x9b$\x80\xd3\x9d\xe2\x5c\
u\xa4\xdc\xf3q\xa0\x014\xf3\x96 \x12\xba\x0eh|\
\xa6\x9a]\x1b\xc4\xaa&\x87\x88a\xd5\xd6\x8c\x8a\xc9\x85\
]\xb6\xe629\xc4!\x94\x83u\x13\x9f\x18ZU\x1a\
\xabt\x1d\xdd\xfc\xce\xba]\x1e\x1d\xafW_0\xa0z\
b\xf0\xe7I\xf7(\xbb\x82\xb3O\xa7\x10\x22\xe9\x0aP\
=a\x84$\x22\xe4\xf9\x92\xf4P\x03g\xdc7\xc5\xa2\
6_xk\x8dl\xe0qB\x80\xab\xacA\x0f\xfc\x89\
\xf3\x0fp\x80\x9a\xd7\x87\x1d`\xde\x0bC\xce\x08\xd9t\
\xb5\x1fY\x02Pi\xbf\xe52\x90\x17\x80\xf3\x9c\xc1E\
\x0b\xcf\x8c\x0d\xe2sx1\xbb\x07?\xfa\xf9\x8d\x86-\
/Y\xb8P\x90{\xef\x11\x06\xf0S{e+\xc6\xba\
\xc1\xech.\x09\xbf\x8b\xce*@*\x0e\xfcM\xe9\xb2\
`N\x05\xb4z\xa2\xcd^p\x0a\x90\x1bCW\x9b\xbb\
3\x95)G\xf9\xff\x00\xbb\x81*&\x0a\x9e\x89\xa6Y\
\x81\xef\x08X~\x22\xf5-\xc1\xa1*\x1dOQ\xd4\x93\
\x12@\x8d\xd1\x1fM\xd4\x97\x19%Y2n\xfaj\x09\
\x9c+ZHn\xe1\xec\x07\xc6S\x89\xf5\xee7\xc0{\
\xf7\x9bA\x90\x19mt\xee\xd2u\x8a\x0fF\x16J\x1a\
\xab\x7f\xc6\x01\xb5\x94\xd6\xdc\xfd\xc1\x02\xdf\x22l\xf5\x84\
\xa9d\xd1\xd7\x97:G\xe5\xa9\xe7\x11\x00\x98\x8c1\x95\
@?\xacp!\xc93[d\xe9\x87H\x04\xd1\x1f\xd6\
0u\x91\x18f\xdaHq\xa7\xf3\x18\x11\x88\x12\x8dh\
z0eF\xbd\xa8\x9aI,\xd4\xc9\x0e\x96\x98\x03b\
\xf1\x94\xa9\x0ei\xa4\xdb\xb9\xbd\xe6\xf8xA\x87\x7f\xab\
\x96\x96.\xack\xfe\xbb\x99e\x07\xb8\xde\x0eq\x9a(\
,\xe11\xdb\xc5R\xba\x0c\x04\x88#I<`\xb0\x1b\
Ay\xff\x00\xeeE\xa9\x18\x11\xb8\x16\xab\xb0_\xf7\x96\
V]<\x1f\xef85\xceZ0\xc9B\x1bZ\x5c\xa0\
\x0a\x90\xbb\xc0\xa3\x05j\xef\xd6\xf1)\xa8X\xf1\xf7\xde\
!\xec\x1f\xf4\xfc\xc4\xfa\xe1\xd9\xcf\xcc\x00\x84\x09\x1d\xaf\
xH\x94Tk\xfb0!(Rj\xe0%\x0a\x89\xc0\
\x19(\xeeD\xf3\xdf\xbc[\xf9\xc2s}c\xcc\xb2\xe8\
\xe766-\xa3\xbf\x17\x1d#]\x08\xad\xfc\xd6\xf0\x8d\
\x90\x85\x056\xa3\xcf\x1a\xc4\xd6\x07\xa3e\xd0w\x86\x1c\
LvV\xea\xf5\x8f\xdf\x026\xbb\xefN\xff\x00\xd6\x02\
P\x06\x07\x16\xce,\xbc\xe0\xf4\x83+\x0f[j\xd90\
62!<\x9f\x1df\xa4t\x11\xdc\xca\x02\xc8\xd7\x8c\
\xdf\x8d\x8f.X\x09t]\xf3}\x5c\xdfD\xb3\xcc\xfe\
2\x82A\x91\x9e:\xb8\x814 zO\xf8\xc9m\xc8\
\xed\xc3\xf35\xef\x16\x9d\xaf\xee\x1d\xb0U\xf3|8<\
\xa9\x14\xfe\xb7\xd2\x9e1\xe9\x85\xd7VE\xc34\x9d\xb8\
Y`\x12\x14`\x0f\xcf\x97\x10\xbf\xe5\x94\x93OC[\
\xf71$\x9c\xcd\xd8\xed\x8f\x09&D\x10\x83\x0d\xc5\xe4\
\xbc\xf7\x8a\xb8p\x10\x9d\x89\xf1\x84\xef\x10\xd0\xc6\xc2\xb7\
\xa0\xbc\xa7=gU\xad\xc06\xa38T\xf7\x8e\x92\xd0\
N\xcd\xd7\xea\xfe`\x93\xd2\xc1g`\xaa\xc7\xf9\x98R\
\x00\x08\x9bN\x07\x9bd\xc0%\x7fB\x03P:\xb5n\
\x17\x95Q\xa0p\xbf\xf8\xd6(\xa8\xb2t\x9fp\x91\xa3\
\x04\x98\xac\x06\xc57\x8e\xf3q^\xee$\x80\x85\x0e0\
\xb2 \x8f\x81\x9f\x0fJ!\x8c\x1b\x08.\xce)\x88\x84\
\xd7ld\xa5\x02;\xf1qY\x11i\x128m9\xdc\
\xe9\xf9\x8a\x98F\xa7\x1e\xf1\xaa\xcf\x11:\xf3\x890\x10\
\x13\xfb\xf7\x9b\x176\x1e\xd7\xa9\x89\xa6\x8aP\xa3\xd1\x1e\
\xb1 )ZP\x0f\x80|e\xf6\xfd@\xd7{M\xcd\
G\x13T\xa6\x82wS\xb7\x8cM\x84\x01l\x1b\x07\x0e\
w\x9c0\xe2_Q\xe7\xe6@\x89\xe2\xbcv\xba}\xe3\
$\x140A\xf5\x9b\xddV\xa5\x0fX\x08\x96D\x5c\x9f\
1cZ\x81\x13\xde\x1a\xe6\xd4\x1b.\x11`\xa4\x8e\x85\
\xf2ai\xa0\xa8\xe7\xe6\x156O\xa4\xf1\x88%\xc5\x8d\
\x13\xc3\x9c{\xe1;\x0c\xd1\xe2B\xa4\xceg\xd0w|\
\xe6\x8b\x04Ck\x8f\x8f\x9a8\x1c\xa0 U\x7f\xac5\
\x007.\xff\x00\x18L\x93J\xeb\x1c\xc6WjaZ\
\x07R\x1fC\x97\x02\x80\x90C\x81\xcc\xbeq\x15\xc8\x10\
\xd9\xc7\x0d\x15\x88\xe6\xb3\x16Z\xf0\xa2\xf4<\x98`x\
\x81Fu\xb2\xdd\xd9\x93\xbcU\x08x%\xbeo\xee[\
\x84j\x8b\xd1\xd3,\xcb\x98\x06\xaa\xf4w5n\x10\x0a\
\xd5\x01\xec\xea\xeaLK\x88\x01@\xfb'\x89rOg\
\xa3~\xbf\xd4\xc97\xd4\x03Gl\x1ee\xf5\x86\x91\x10\
\x80\xfb\xdb\xd5\xe3\x0d\xe7\xea#\xb5\x1c[G-a#\
ow\x0f\xf9\xcb\x1af\xfe\xfa\xc0\xd7\x91\xf42J\x16\
n\x1f\xe7\x12\x00\x5cG_\xac\x22b\xc4s\x82\xb0\x01\
\x19\xcf\xacWJ\xac\x1c\xfa\xc5\x86\x89a\x05\x84\x8e\xb7\
\x85K\xf4\x89\xc7\xe6\x22\xedif\x9f\xcc L\xa4\xd7\
\x1dW\xaf\x99\xb4\xb4\x0c\xbb\xcb\xb7\x17\xacPh\xd4\xc0\
\x1b\x19\xb9\x90\x89\xfa\x96\xe2\xf0\x9c\xef\xf8\xc2!(\x12\
P\xf3\x07\x0d\xcd\xcb\xc8\xa9\x08C\xfe1\xab\xc9#|\
\x1c\xff\x00\xbcA\x85\xa2\xa1\x04\xf7\x86v\xe4.\xc0\xf5\
\x86\x9e\x11\x11>`\xbaV\xcdw|\xe3\x14Q\x10m\
p\x0b\xc8\x06\xcb\xe3\x18R\x17\x9e\x0c\x00\xd1\xc4\xdf_\
2\x86\x1b\xbf\xbc\xdcZ\x90;\x5c] \xae\xce\x1c.\
\xe6\x042d\x07\x9f\xf8g0\xd6\xdd\xe4\xbb\x9e\xf0H\
$\x12;W\x9f\xccq\x8b\xb7f\x9f\xfa\xc1\x1bQ\x07\
\x03\xef\x08\x02\x94N\xa6'f\x0d_\x1eLk\xbd\xa1\
6\xeb\x8c\xe2\xe0\xdb\x93\xbe\xf2f\xcb\xb1\xd5\xf1\x86\xd2\
\xed\x195\xbc\x8d\xf6\xa3\xaa\xee\xcd\xde&!\xe5\xa8\xdb\
\xbe\xf8;<\xe6\xa1I\xc7v\xea\xf0u\x8a\xb4\xd0l\
/\x97\xbb\xfdLZ\x9b/D\xf4\xfe\xcc\x04\xad\xa2\xda\
\xeb\xf8\x13\x1e\x91I\xbd\xcb\xbb\x0d`)\x1d#\x10\xc6\
\x82\x82U\xd65\xde\xafB\xe6\xda\x93\xb7\x97\xa9\x80\x9e\
\x8b\xa4w\xeb\xf3\x1b\x5c\x93G\xafyb\x1bt\xff\x00\
\xd3\xacJ\x14\x9c\x9eq\x8d\xba!cqH\x0e\xeb\x1d\
\xdfya\xb5\xcb\x12\x5c\xd1\x05Z\xe8=ad3B\
\xc5\xcdr~c\xf94'\x13c\xcaR\xf7\x95\xdam\
\x86\xf9C7u8\xc4Cm\xa0\x1a\x97ng\x96$\
\x07\xa2 \x87Mj\xd8\x06\x5c\x06^\xf8)<\x14\xdb\
\xeb\x22\xc5\x00\x03S\xa7\xd0\xd0\xf3\x9a\x88xa-\x15\
\xb5\xb7X\xaa\xa4}\x13\xd8\x1fE\x98\xf3\x82>G\xd1\
w\xf89\xe4@\x1b\xacSHH\xf1ur\xe9\x08p\
\xc0\x84H\x9d\xa7\xf5\x86\x86\xa2{\x5c~p\xab\xdd\xf7\
\x86\xcc\xc9\x04\x83\x88\x00P\xed\xc0z\xca\xda&7\x90\
\xf5\x84K%\x9aU0\x8b\x09\xac\x01\x88\xd4:\xbe.\
\x1b\xa3\x16\xa7\x0f\xac),\x92\xa6\xc9\xd6$[D\x9d\
yq0\x0e\xfa\xcdL\x0a\x08$L]\xdcP\xcd\xbf\
\x98\xd6t6\xa6\x8cO\x1a\xc8Hc49;<\xe1\
\x0b\x83\x97sd\x9c\x9a\x93\xbcT\x90\x06-\xf0\xda\xaf\
x\xd4\x1c\x80\xe6\xd3N9\xde){\x11\x11\x1bjQ\
\xe6|\xc7\x191L\xea\xae\x04b\xc1\x01\xcf\xacT\xb6\
\xba?\xac\xd7\xf5\xba\xf1\x810h\xb3f\x01%xM\
\x1e\xdc\x90u\x0e4\xfc0\x12$\xdas\x87\xc6\x94-\
}`\x92\x0c\xb2h<8\xbb\xdd\xf5\x9a&\x06\xad\x08\
\xb50\xe8y\xe0\xe5\xc5\xc3Nb#\x7f\xce/+\xf9\
\x03\x94L\xcd\xa9\xc9\xeb\x07\xc1\xf4\xbb\x9e0\xc8j\xa3\
\xc7|8\xa0m/`\xca\xbdT\x13#\xeb\x0aD\xb4\
]\xaf\x9cEvT\x04\xeb\xc9\xe6\xe4\xee\xe3L\x83[\
\xf1\x1e\x9cy1 \xa1\xd0$v/\xact\x85T\x18\
q\xb5\xd6\xc7\xceo\x88\x09k\xcf\x0e\x8aY\xe38y\
f6;\x1e\x1a\xb7\x1a\x01\xc3\x93\xe4\xaf4\x93 \xbe\
\x09`{\x1d\xea\x5c\x01a\x16Bm\xea\xfc\x98d\xb7\
\x8f\x96Hi\xb2\xe6\xcd\x90:\xa9O\x12\xef\x0a\x8a\xd0\
\xdb\xbe\xeel\xa8*\x8b\xc7\xa6j\xad5\xbc\xdfY\xec\
\x9d=\xe1(5nx\xea\xe2\x83\x88\x0f\x18b@a\
\xf1\xeb*\xd6\x80\xf9\x5cCoU{\xbe\xf1\xfe`\xa3\
\xce\x02\xe1a$\x8f7'J\x05b{\xc4\xa3\xa2<\
\xbf3Ob\xb1K\x9eO\xccrQw\xb8;Qs\
\x8a\xe6\x84\x08\xdd\xceN\xb0\x5c\xce\xc3I8\x9d\x9b\xfc\
bt\x80%Q\xe4\x0e\x0d\xef\xde-\xc4\xd1+CG\
\x9b\xe3\xf3\x00#tg:9\xff\x00y\xc1\xe6@\x87\
\xcc\xd2\x15-J~f\xa4\x19\x05\x89\xd6\xb0Wax\
9y\xc4La\x11Z\xde\xf0lqc\x81\xc8\xba[\
^\x8f\x03\x94r\xcd\x9d\x87\xcc5\x00Of*I\xd0\
\x03\xcb\x9a\x0c\x94=\xbe\xb8\xf4\xd4hd?\xdeI\xb0\
\xf2\xb7\x15N3kO\xf9\xc8\x91\x10\x91\xdd\xc0C\x0a\
\xa0\xec}\xe3\x84\xa4\xd7\xa7\x05\x11E0 \xba\xc4/\
\x8f&\x1b\xe2\xc8\xf2|\xe7\xab\xd7^}\xe2\x8dQ\x11\
\xa8>1\xb2\x83\x10\xc9\xa6\x1fS\x13\xcc\x03d\x85\xe0\
V\xec\x0fYG\xd3\xb8^\xddz\xf3\xef\x04x\x9e\xed\
\xdb\xf8u3\x8bq\x006\xf2v\xde\xfe`\x93\xab\x16\
\xeee\xc0\x84\x14A*\x8e\x84u\xa1\xbfq'c7\
\xfb\xaf\xf8\xcb\xb1\x1e\xb8\x1e\xf1\xa8\xc1\xce\xf0bH\xe3\
\xb6\xb4\xb8\xdc\xa6Ayr\xc86\xc3wq\x8e;\x9a\
\xc6]_s'\x12\xf9\xf5\xff\x00FV\x0eNM\xbf\
?2\xcc$\xd1w\x7f\xe3>\x0c\x03\xbb{\xc2\x81\xf4\
\x96\xd0\xe0\x06F;:\x98 n\x1bz\xc1\x13)\x81\
\x8c\xc8\xc9\x83g\xf9\xcdP.\xcc?\x87\xbc/\x00#\
q\x1d&\xd1\xb8\x88\x9b\x0a\xd8\xfau\x85(\x19U\x07\
V\xdc\xae\xad+\xa4\xf7\x89\x14\xab\xbaE\xf5\x90\xba\x5c\
ow\xd6\x00I\xae\xdb\x1ca\x8b\x83D\xd7\xdc\x88I\
\xa9\xeb\x17%3\x93\xfe0F\x13\xc1w{\xc3\xca\x8a\
\xb3\x9b\xef\x0b)\xa0\xd3\x8b\xef\x0d\x841\xdf\x80\xf5\x90\
\xc1m#\xcc\xf5\x84<\xc6\x0eg\xbc\x07\x06\x0a8O\
y9\xd0\xad;3\x04z\x1b\xdf7\xd6\x1a\x10\x1d\xbc\
\xa3\x85\x22,\x06N:\x5c\x06\xa4\xe3\xea}\xf9\x81\x80\
\x06\xb5\xb9\xda`\xede89\xf9\x8arHe\xaf\xbc\
Q\x02\xf7\xe1\xe9ru\x08\xab8\xc1\x1c\xaab\xa6\xcc\
m\x0c\x9a91u\xb5\x02i0\x09\x8b\x09\x81&\x0e\
\x91\xcf\xacd\x15\xe8\xe7\xd6+$.\x9c`\x0b\x01\x1d\
l\xc4\x95i\xe8\xfc\xc9\xa1\x92\x1e_\x98h\x82\x07\x18\
aT\x08\xef\xee'\x9c>\x07\xacu\xe5\xd5\x9cz\xc9\
\x8c\x0d&[\xabv\x9b\xfb\x84\x0c\x82 \xff\x008\xbd\
h\xb8\xd3sW\x00-y|\xc9\xa2(\xfb\xbee\x8f\
a@\x7fNK \xba2\x86i`\x90\xb5\x1fY\x10\
,\xe49y\xc7d \xc0\xdb\xf7\x0a\xa0\x05x\x1cA\
?\x91'\x8c(R\x00\x00\xe0\xd4\xc3\xeca\xf6\x9d\xe9\
\xd6\xcb\xf3\x0c\x12U\xc8>CMu\xde\x19\x95jb\
\xf9\xa6\xbcL62'H\xe1K\x16z\xde\x075\x87\
D\xf4\x87&=\x15b\xabi|\xe4m\x81\x81\xe0\xc2\
\xc9\xd0\xd5\x93\x06\x0eK\x1b\xac<\x85\x8e.\xd7\x06\x9a\
\x9an\xfdo\xc6h\x0cn=`$\x0cj\xdc\x18C\
P\x1d\xbd\x98*\xba6v\xb9\xfb\xd9\x9c\xdfx\x5cD\
\x10:\x1c\x0d\x00\xe9\x5c\x061I\xa1\xb3\x83\xc9\x9a\xcd\
\x14\xd2\xa9\xec\xca.\xf3B=\xcc\xd6\x03\x0e=\xb9\xf3\
pJ\xc1]\x02~o\xe61\x1e\xca5N4\x8f\xbc\
\xda\xbeOK\xd45\xcb\x80\xd5\x00\x96S\x81\xbbcR\
\x0a\xa4\xe7\x18\xe0\x92\x06\xbe&D\xa0KF\x8fY\xbb\
\xb0\xd2\xeb\xadaJf\xf8\x06K\x83\x8f\xc5\x0f>\xf0\
xyC \xe5\xbf^\xd4\xa4z3P\x8a\x85\xdf\xf1\
\x86\x91\xa8\x03\x7fsq,!\xbb\xc5<\x12\x01a\x5c\
|&\x02\xf0z\xf3\x9b\xf0\xde\xaa\xff\x00\x86l\xc8B\
\xd9K\xfep2A\xd1\xe5\xde\xf1L\xaa\x11\xc1\xf3\x80\
\x07\x80\x13\x0c\x01\x0e\xb6\xae\xb0\xd98\x85m;\x98\xde\
Bvo\xdf\xe6^^G\x5c\xde\xf2(J\x05t3\
 \xad\x0aY\xb3\xb3\xe6XJE \x13\xb1?\x0fX\
\xabWYBW\x9f\x1a\xdf\xbcg\xc3\x10vw\x7f\xc4\
\xc0\xd5\x05\x22\xa3\xb0\xadw[\x81K\xc8\x1e\x93\xc11\
c\x22 \x91\xd1F\x8d\xdd\xfb\x8b\x1b\xf4\x10}\xd7x\
\xa3+zx\xc0\xaa\x0eU\xe0\xcb\xf0-\x1b\xbc]\x98\
\x80\xf2\xfc\xc6Y\x03c\xb6@\x05\x0bL\x0fgm\xa7\
\xf4\xf9\x85\x07\x96\x9bi\xde4\x9b\x8d\x07\xf2\xde;H\
j.\xc7\xfd\xe0\xca\xcc\xd9\xab\xf3\x0e\xc3\x95\xdeL\xe8\
\x00\xb6\xa9\x8b\xb7g'\x06Gp\x08\x1e<\xe0\xa9;\
ri\xc0(Q\xba\xedz\x98o\x03\xb4\xef\xf9\xc9\xd5\
\x18\x835\xef\x1a;\xc7\xd7\x0d\x13\x92\xd5\xa5\xcb<r\
.\xee<\xda\xd1w~\xe2(\xd9(d\xc0:\x7f\xd4\
\xc4\xa4S)\xe4\xeee\x80\x87\x86\xc7\xde\xf27\xd3t\
\xee\xfb\xc6\x05\xba\x80\xeb\x14kFo>0\x0d`S\
jz\xc0a\x0e\x22Y\xef\x16\x8a\x03O\x19\xc3\xe3i\
t\xb8H\xf6E\xe6\xfa\xc4@-\xf4\xb9\xc7\xcfQ\xff\
\x008o\xdc\xe9\xc3a\xc6\xd0\xf3;\x98\xf0\x00\x9f_\
y8\xe6Q<\xf7q9\xfc\xa8\x7f\x069b\xb9\xa7\
\x0fS,,\x92\xa6\xc3\xac)2\xc8\x81\xd7\x97\x1b\x84\
4\xd6\x93\x0ab\x98M`\xae\xc2\x0a\x9b_\x18P\x9a\
\xe56\xb8\xe0V\x14\x9a\xbe.\x00\xc8\x0f\x0e\x18\xabv\
lpd8j\x1a\xe4\xca\xe2\x91&\xf0\xb6h\x1d.\
*\xd1\x06\x8e=f\xda\xd5Vq\x8a(\xc5&\x09a\
\x15\x89\xc1\xe6\xe11RI\xe7\xbcY<\x10g7\x1d\
\xce\x05\xa9n\x07h9{\x9e\xb1\xe2\xb4\xd0I\x8ca\
\x0fL\xd1\x85D5^O\x18\xec\x0b:7\xe2\xe0=\
@\x88o\xf3\x88qk\xaahr\xceV\xb6jx0\
\xc2\x08\x15\xb0\xf11\x84!\x03\x9f\xdcF\x97 \x0d\x97\
\x11\x99\x14j\x17\xd6N\xd0\x1d\xb7\x0d0\x14\x0dS\x1a\
uE\x8e\x93\x087GW\x83\xeeoi\x08\xbc`\x88\
\x03\x87\xfc,\x03\x05\xf5msNr\xf2\x7f\x0e\x06\xcc\
v\x8f\x06\x1bM>\xfa\xd3\x12\x80L\xa7\xafY\xa0&\
$\xdd\xae\x04\x03z\x0e\xeek\xd2\xa6\x8e\x87\xde[\x91\
m\x9dOYf%A\xae\xe6\x04\xd9,G)\x84\x14\
!\xf5\xf76j+\xe0\xbe.0\x84\x8d\x93\x87\x01\x96\
\x10SxCP\x9cs\xef\xd6.\x12\x80j\xd3\xce:\
R-y\xc5NH\x99r\x8a\x9a\xe1\xead>7\x1d\
\x06RH\x17h\xbcs\x8a\x17\x08\x83\xbfx\x04%\xb2\
\x84\x1f\xfd\xe0\x8e\x04|\x03\xe3(2DZO\x98O\
E\x02\x1b\x1c\x02\xe7\xc26_x\x84\xe7\x10p_8\
\x11\xd0\xda\xf8\xf1\x82q\x0f\x05\xdc\x9e0\xe7\x0d\xb2\xeb\
\xc3\xe34(\x08\x1b\xf7x\x04\x03mp\xe1`\x00\xdd\
1\x01\x1d\xdd\xba\xf9\x84I\x18J\xa7s\xdeIX\xf0\
]\xfb\xc4A\x1d\xc1\xdd\xef4\x105\xe5\xa1\xc2Y\x87\
n\x8a\xec\xf7\xad{\xcd\x10$Z\xc3v\xff\x00\x06\x1a\
\xc4\xaf\xc9&\xfe\x0de\xe5\x1a\xafe\xde\x9f\xc4\xc3\xe7\
\xa2\x14i\x03\xbd\xd6\xe0\xe1K\x13\xb4\x9a\xd9\xce\xe4\xce\
!]\x95:\x14\xe3{\xbe\xb0\x02\xa5\x99\xe9\xce\xdc.\
fs\xc2x\xc2\xabq\xd0C\xe6\x0e\xe4Jeij\
\x05\x1b\xfc\xc6\xc1'@_;\xc1\xc8@\xae#_\xa4\
\x7fO\x98\xc8U4\xf6;\xc1\xf4\x10\xe2s\xb3\x09\x82\
\x1a@\x8d\xdc\xc4\xc8\x08{|\xccb@)\x86\xe4\xda\
\xd0\xf4'\xee\x10~\xea:\x19!\xc9&\xc9\xe7\x0e\x88\
T\xa7\xf8a\xd1\x14\xf2=d\xa8\xe6\xb2(q=!\
\x92\x11\xa2\xaf\x1f\x18~\xd0w]\xe3m\x82\x1d\x8e)\
f.\xce\xf0\xd8\x10P\xc9\xff\x00L\x01 [\xb7\xfc\
>c\xa0c\x93\xc9\xdep\xb6\xdd\x7f\xb6$Btr\
\x1c\x98'B\xbf\xe1\x92Y\x87\x90\xdc!w\xc4^L\
\x08\xee\xa8\xc4>\xf7\x9a63\x91\xc7\xbc\xe2\xbch\xe9\
~dp\xa4C\x95\xc8\x92\xa6\x8e\xeeQ\xa4\x042`\
`<\x85\xeb\x06\x14\x8f\xe1\xeb\x12\x03\x1b\xa8\xef\xdeh\
\xb8\x9aG\xbfxn\x96\x1b\x86\xa4k\xad\xf3\xd4\xca\x1b\
\xbf\xae\x0auQ\x9d\x1e\xf2\x12\x85\x10\xde\xb0\x0e\x8d9\
O\xeb\x0a\x81!\xe5\xca\xe10j\xba\xe6\xfb\xc7\x82\x5c\
GW\x10\xbc\x07n?2\x0d\xcc\x83v\x87\xac\xa2(\
\xa16\xa6\x08\x10\x09\xaeqPP\x8e\x97 X\xd1\xae\
\xa3\xe3\x16\xc9\x0dVq\xeb\x10Q\x0a\x06\x00\x14U\x1e\
\x09\xcd\xc2E$\x93\xfb\xc5\x9b\xc4\x0c\xe79\xb0A\xa9\
n\xf2Ih\xfeO\x17\x1f\x83;\x04\x98\x9bI\xb9\x1f\
\xe1\x859$\x93\x01#\xe4\x9b\xe3\x9b\x93l\x93L\xa0\
**\x86\x9b\x90\xb0F\x87\xf5\x88\xb3\x10.L\xbf\xb8\
`6}\xc9m\x04\x00\x14\xfb\x92\x83(\x8e\x8b\xeb\x1d\
!\x03\x1b\xc9BZ\x0e_\xb8\x82b*hLb\x00\
o`10@\x02\xcf\xc6q\xc5\xe8\xff\x00\x8b$\xe4\
\xa3V\xb7%\xc9\x1a\x7f\xde\x0766\x8fY\xc3\xca\xdd\
\xba\xfcbt\xd8\xd9y0J\xfeA1\xea\x06\xf2\xef\
,\x03@\x87W\xe6@3\x1d\x9dL$E\xcaZ\xcc\
\x8b\xd3ds=\xe3\xe6\xa41\xbb\xf74T\xed\x05\xe5\
\x89\x01e^\x8f\xac+SAM\x9e2\x18\x8e!\xe2\
\xf3\x83\x84`:\x13\x07\x0a\xaa5q\x01D\x03?\xac\
K\xa4J\x8d\xdf\x13\x08;\xec\x9a\xd6\x1elu\xdc\xf3\
p\x99\x03N\x06\xf9\xde\x01Z/\x1a7\xd7\x9cMq\
^\x03\xe8\xc3\x0d \x8b\x93\xe6D\x22\x83\xfc\x8c\x08\xe5\
\x90\xa9|\xb9\xb0\xb6\x9a$\xfa\xc1\x08`\xaa]x3\
V\x1a\x11v\x1f0Y\x01\x0ep\x96HM\xd2\xf9\xc4\
I\x0e\x83M\xe1\x09pGc\x82\xe9\xa9\xd9\xb4\xe7\x8f\
\x99Aq\xaf#\xbc\xde\xba:\x7f\xe5\x88\x88\xdfC\xc7\
\xb3\xde(\xbe\xe8\xab\xab\x85-\x9d\xe7[x\xf7\xe3\xde\
5&A(^\xd89\xe2\xfa\xc8*\xa8M\x84\xdf=\
q\x84\xb0v\x17Z\xde\x9d\xdc\xb8!D\x9dA8\xa5\
1:\xf9\x13\x85J\xfd\xdeK\xfb\xdctu\xf0K\xf9\
\x8a\x99\xb9\x07\xaeA\x5c689\xf5x\xc4\xd0\x15\x10\
\x18\x87\xcc\x80\xe4\xf9?p\xc5\x14\x01\xc9r\x9c\x04\x88\
\xc2\xe3\x22\x08'\xfa\xcba\x15w\xb9\xf3\x14\x02(\x9e\
\x0e\x9c\x86\x83\xd0\x1a\x1esI\x1eR\x11\xc0(\x08\xa7\
w\x8b\x85h\xa8V\xfa\xc7\x0c\xc8\xb1\x94\xfa\xe4\xad\xcd\
\x95\xa0~e\xb8\x01\x1aL\x10\x09\xb0\xbf\xe5\x97\x9cR\
l\xaf\xce2\xa4\x11\xa3\xfeN3\xb1\x9c\xf4:=\xe4\
BuU\x0f\xe1\xf3\x0d\xfa\x9b0\xbeyAK\xf4\xc7\
\x00\x05\x1d\x1f\xdb\x00\xf4[1c\x87f\xf3\xf1\x87=\
\x0d7\xae\xf3F\x05\x05\xa1\xe7f\x1f\xc1&\xd28\xc2\
\xda\xc5\xfei\x8di\x8d\x06\xd7\xfda\x00@#\xb1\xf5\
\xc0\x1e^\xf8.7!\xab\xbc\x87\xcc\xb5$j\xf7\xf3\
\x22\xc2\xe8-\xae)\xb0.\xce\x1cS\x10\x03\xb29\x1b\
.\xbbi0\x04\x93\x8e\xed>\xe4\x0c\xdeid\xf3\x8e\
\x8fS\xb7\x18(\x97\xc2\xb5\x88h:\xdb\xbb\xeb!\x0d\
\xd2\xed\x91\xca\x9d\xc7\x83\xdeG\x05rx\xc0a\x02;\
<\xe2Rg\x85\xe7<\xa02\xf0\xfb\xc5d6\x95u\
\x81x\xa8\xb4\xff\x00\x8c\x05vP\xf2\x98l\xee\x04\xe6\
{\xc4Q\x80\xd3\x84\xf7\x89\x09Q\x0c\x8b\xeb\x05\x22b\
/7\xc1\x89\xa2\xc5U\xd8\xf8\xc6\xd2\x00\x83\x81\xc4\xb0\
^\x89\xd0d\xce\x04\xd9\xc1\xe7 \x14XG._\xc1\
-;\xc8\xa6\x0e\xfc,\xe3\x05R-\x9c7\x1bLl\
\x8d\x98\xc7\x85\x89?\xbfY}^\xb9\xb9\xe75\xe4\x90\
G\xf7\x94\xde<\xceq\x83\x02l\xab\xeb\x14R9\xa7\
g\xac\x00\x05\x1d\x86\x09eP\x93F\x1d/\xac&\x9c\
yxi\xb3\x95\x17\x05G.2\x10F\x84\x13\xc6;\
[\x14\xf0\x18y0Q\x89\xf3\x06\x00\xa8w\xbeq\xd9\
\xabP\xd1p\x11\xd1h\xe0|d\xaa!W\xc6\x7f\x93\
\xad\xfe2-\xa8\xd5\xe4\xcaBq\x07\xbcg\x00S\xc0\
\xe1\x8f\xd0S\xbc>\xb7\x1e]e\x91\xf1l\xa7\xac\x11\
p\x06\xeew\x81\x9e\xa8\xd3\xfb\xbf\xb8O0(\xf2x\
`\xa4X\xab\xe5\xd4\xc2\xd2-\xf5\xf5\xc6\x06\xc2\xa4\xd7\
\x8e\xae\x08\xb4@:L\x05\xa8]5}`A\x98\x22\
\x9b\xbe2\x8eaPl|aA\x06 _\xe7\xc6.\
\xc7\x87\xeb\xce\x06\xe8\x92\xa3\xf7\xde)U:\xbb/\xfb\
\xc2h\x96\xbc\xbdf\xb7%#\x8cU\x0a\x0am\xed\x8d\
\xcd\x81#\x07\xcb\x88\x0eFj#\x9a\x99\x8d\x94\xb4\xf0\
b\xa4\x12\xc9]\x0f\x98\x10\xbc\xc3\x938JD\x0e\xa9\
\xde\x01\x8b\x88\x8b\x0b\xeb\x08\xbd\x14sI\xa2\xad\xee|\
\xc2\x0b\x9d\x13\xb3\x194\x1d+\xbe\xdb\x8a\xa64\x8f\x06\
\xe4\xd1\xa4\x0a\xf7\xf3\x19\xa7\xb4-o\xfe\xbd\xe3f\xe0\
F\xd5\xdc\xf0\xf1}c\x0a\xcdhd\xde\xf7\xae?q\
\x8c\xe8\xae\xce\xdaw\x7f\xac4\x82\x9a\x9d\x1a\xd48\xd6\
nJ\x81\x0a\xea\x9f=\xb9\xa9\xf9w\xa2\xf3G\x04\xfe\
q\xd8\xb6\xbcy\xae\x05S\xa7\x86\xe1\x8d\xdb;V\xc5\
v>q\xa8\x97J\xe1\x9a\xc5\x83\x01\xc7\xdc\xdbS@\
\x1c\x97\xdeC\x84T\xb4_8oM\x07a\xf9\x82k\
`\x8e\xdc'\x0aB\x12\x9e\x1c\xd2\x04i\xd8&2\xb6\
\x12\x99\xbfX\x84\x91\x22f\xef\x9cp\x1c45~\xe6\
\x9c(\x8a\xf0'\xbcu\xed\xd1v\x06A&(\xc4\xf8\
b\x02\xa8\x09\xb1\xf3\x94\x142\x1a_x\xecqB\xc1\
r\x00f\xd6\xf1\xeb(g:\xae\xc8\xf1\xf3\x1bo\x13\
\xfeX\x0b\x92Z\x0d0\xe7&\x94\xcd\xfa\xf3\x8c=\x81\
y\xc1#\x85\xd9T\xf9\x8b\x97\xdbo\xd6A\x10\x81\xc8\
\x18\xe0\xcb\x04\xc8\xfa\xc8\xd0P\xa7vK\x94|\x88\x0d\
\xaf\xbc\x09\x84D\x0e\x9f\xdcd\xe7^x<k\x1aT\
\x04X\x87\xccoLvb\x9cB\x01\xbb\xf3\x88\xf27\
u\xdf\x9c\x1cB\x1b1\x8a9;m>b\x08)\xe7\
\x93 \x8b\xb4^1Q\xea\x11yb\x8eU\x97\xaf\xc6\
/\x11|\xae\xf0h=\xb9\xb2`\x83q\xe0\xc7\xa9\x99\
7\xad3R,mr\xd8\xef\x03\x97\xbd\xe6\x80\x13\xaf\
>\xf1A9\x05\xad~1\x1cD\xd2\xf2\xf5\x91\x1a\xa0\
+\xb9\x932\xe7\x81\xdc\xf7\x9d`\xca8\x99'(T\
.\xceA\xf3\xc6\xb4\xdc\xe0\xf7W\xca\xe0Zg4\xe0\
\xc4\x989F\xf0\x19\x06\x0e&\xf9\x98N.\x0f$\xc6\
\xad\x90D\xef\xee\x05\xcd\x1a\x86\xa2\xf8\xc0W\xae\xab\xe7\
\xd6\x16Se\x06\xcfXIR$\xbf\xb8sm\xbe&\
2\xea!\xf7\xbc\x1b\xab\xc2\x8er\xccF\xd1\xcf\xac\xa8\
(\x17\x8b\xe2\xe0\x1c\xa2\xdc\xe9\x8c\x0dH<1\x0bf\
\xe14\xe0\x0c\xc0q\xb7\xdeI\x97k\xd9\xcan\xa4`\
\x83\xf7\x1d\xa0:\x22\x86Z\xd0\x04]|\xc3\x09\x94#\
g\xbc\x0a\xac\x10\xd9}\xe3&\xef.\x87\x11M\xd8\xbc\
x3\xd9\xccos\xe6\x0c\x82`\xec\xf7\x87Hce\
/\x9cH\x91J\xe0\xe0L8{1\x84\x1d\xe6\xdb\x8f\
C\x82\x96\xdc\x01\x16\xc9\xf0\xfb\xe3\x026N/\x0e$\
=:\xd7\xe37-\xd6\xde\xfa\x98\x1d\x97\xb3__\x98\
u\x0e#\xe0{\xc8\xb1S\x00q\x88n\x01h\xd3\x85\
8\x98\x8an\xe6\x8a\xdb\x03\x9au\x81T\xac\x92\xce\xab\
\x9c\xad?\x091-;\xb5\xaee\xfe3\xa5\x8d\x11\xbf\
\x98\x92\xa3\xe8\xf5\x8e\xda\xfa\xc7\x1e\xb0\xdc\x158\xd9\xee\
\xe1\xa2\xac\xd0\xe2\xf7\x90\x1b(\xaf/\xc3\xbcPC*\
\x1c\x9e\xb1\x06\x14\x97t\xf9\x9aU\xcc\x09>\xe1\x0a\xdb\
\x09\xc8>\x5c5\xc2\x91\xe8_&2\xe8\x15\xff\x00Y\
@b\xd6\xf6>a\xb4\x83S\xc5\xed\xc8\x08E\x05\xa1\
\x91\x99iL\xdf\xfb\xc64t\xb7\xdeL\xf4\x22\x94E\
O\xaf\xfb\xca\x0a\x86\xabgexx\xb96}\xa70\
\xf6:\xe3\xf78\x8f\x93e7|\xbf\xeac\x19\xb7\x03\
N\xb4\x9a\x9a\xd6#\xc3\x1a\x05\xc9O?\x7fs_\x01\
4\x85m\x09\xc6\xb5\xef\x01\x0a\xa5\xdc\xa7@\xe1?\x8c\
\xb4\xa3\xdd-Zx\xff\x00\x9b\x84\x9a\x91\x14\x89O\xeb\
.@\x0c\xc0\x9a\x0a\x03\x90Lb\xc7I \xfb\x0ca\
\xcb\x22\x82\xe0c\xa8g\x975\x06\xbb\x10O\x0e)\xf2\
\xedP\x98d\xef \xb5\xbfX\x9a\x9a;y8\xb9\xab\
\x02\xd1\xbb\xf7\x0asT\x08>\xb2\x0eV\xd2Rx0\
\xb4dx\x13\xd6\x18{@\xe4>\xe0:\xaf\x06\xcb\xef\
\x18\xcbb\x9c\x0a\xe0\xac\xd1\xb0\xba\xf5\x9c\xd2\xf5\xf0\xe6\
L\x22\x8e\xe8\x9a\xd7\x87'\xc5\x87!0\xee\x80\xa4H\
_XO\xfc\x0c\xed\xf9\x89\x11J\xd6\xc7\x84\xc1J4\
\xd0\x82{\xc4\x11(&\xa8dF\x08\x02I\xf3\x18\x0a\
7\x87\x97\x17'X\x10\x0d\xbfp\xed\xc8\x5c,$\xee\
Z\xec\x9e\x9cO b\x0b\xb0\xf9\x8aw\x09\xd9\xfb\x85\
r\x90\x00\xd0|\xe3\xc2f5\x0b\xeb!\x05\xcao\x03\
\xb8\xa8\x1d\xa7\xccc\x0e^t\x9f\x5c\x95\x01H\xbc\x18\
\xda@E\x93\x06Q\xd3m\xbef\x22Vj\x1b\xbc'\
\x97`\xe7\xddrk\xc3i\xb0u\x8e\xd0\x03cpE\
\xa8\xd3y\xf3\x9b;\x0a\xa7\xf3\xbc-P\x1a/\x0d\xde\
Hx\x06\xb5\x8d\xc3\xc3\xcb\x9f\x135\x8bb;\x18\xce\
\xff\x00\xa5.\x0e7\xceZ\x98\xc0B\x1b\xbc\xb8\x22)\
H]\xdc\x82\x05<\xb7q@^:\xba\xb8\x16\x14t\
|L\xba\x82\x08\xee\xb3\x10\x04:tw0\xd4\x19\x0d\
;\xfb\x9b\xd7\x1d\x9b\xd6\x18\xac\xf7>}`\xd6\xbf\xa0\
z\xc5q\xa8\x10\xff\x00.nM\x19:\x98E\xad\xa1\
2\x91\xe2\x06m\xf5\x8caF\xd3\x97\x14@]]\xf8\
\xb8\x13\xa8-\x98V\xb4\x81\xff\x00\x83\x08r\xb7\x13\x9f\
y\xa6\x928\xdb\xee\xe00\xb5\x83\x9c\xb0zA\x0f\x99\
\x02\x82\x97\xa0\xf50\x9b\x05\xb1\xc6;D(F\xcc\x05\
\x8e\x10p>\x5c\xd8h'Pp\xcb\xa8-{\x1f\x19\
\x14\x11\xe3\xd0x\xc25\xe8\x1f\xe1\xc2L=\x01\xa12\
P\xdf*#\xeb\x0e`\x18\x9c\x14\x16\x95L.~v\
\xf3\x86\x1b\xaa\xe8\x9d\xb4\xc1\x96\x00\x93\x86\x5c\x14VU\
?\x1fq\xcc\xe8\xddyz\x98\x90'M\xdf\xac\xb7I\
\x8cc\xf5\x8eX\x89\xa7\x13.`\x96\xde\x17\xd6Gq\
\x04-n\x22\x86\x8b\xec9k\x96\x04u\xf7\x0a\xc7\xc1\
xO\xf8\xc0K3\x83\xab\xb4\xceX\x01\xa3w\xb3\x10\
\x9bz\x9c\xbe2R\x85A\xa1\xfb\x83$\xa9\xada\x00\
hZ\x93\xde!5\xc8_\xf0c\xe2Gd\xe7\xfe1\
PD\x7f\xc1qJ\x10\xd4#\xdbn8\x98\x83f\x8f\
i\x83g\x84\x89\x07-\x83\x15\x1c\xfcr\x8d[u\xf0\
\xf9\x94\xa7TMj\xd8\xe0J\xce\x9d\x83\x119\x82S\
\xab\x81\x91PO7\xcf\xfd\xf1\x8aD\x84)\x9d\x83\x92\
\xe0J\x81\xd3b\xec\xaf\x1d8\x1b'e\xa8M\xa9\xd7\
\x1a\xcd4\x00@\xd3|\xf2\xe2d(\xa8p\xee\x7f\xdf\
\xfd\x8dR\xd4\x0c\xbbw\xef\xce\x09+F\xca\xb6\x87\x9e\
5\xef\x12\xeda\xc1e\xd1\xd8\x9c\xfc\xc7\xa5\xfc-\x8d\
\xd5\xe3\x0e\xe1K\x01\xf0W\xa9\x85z\x03\xa0k\xff\x00\
X%\x00f\xf8\x1f\xcfx@\x8bd\x9c\xfb\xd6\x00\x00\
\x88i\xf6\xb8\x1aod\xdb\x8c\xac\xc3D\x1f\x19\x8e\x98\
\xa9\xc8\x1a\xe3x)\xc8\x0a\x1f\xeb\xc6Z9M\xe3\xd2\
\xfd\xc2Df\x82\xf3\xad\xfa\xc9\xd5!\x88\x1fZ\xc9\x08\
\xea\x85>\x17\x10\xe5D\xeez1\xd88c\xb3\xf5\x81\
A\xe4\x05\x0fx&:N \xbef.\xa4\x0a\xb5~\
`h\x04_\xf5\xb1\x92(X\x88{\xcbg\x815C\
\xff\x00y\x7f/\x04C\xf3\x07\x8bd\x8a\xbf2\xec\xdb\
Q\xcb\x9522\x10O\x0e9\x0d\xb2j\x8c\x0dJ#\
\xd7\xf1\x8a\xf0\x17c\xe1nH\xab\x04n\xfd\xca'\x09\
P\x83\x85\xb2\xa5\xb47\xd1\x88\x01\xb0:\x09\xe3\x04\xc0\
\x18\x13\xf9\xc0\x84\xd8\x07&\xb2f%C\xa2\xfa\xc9\xae\
\xc1\x14\xe2\x994\x81\xda{\xc4(ZT\xe1=\xe6\xdc\
\x22\x8fA\x89\x9c\x04,\x98\x88*\x07\x91\xcdc)\xb5\
\xae!\xcbZ,\xfd\xff\x008\x90r6`\xca\xc3i\
w\xf8\xc5\x1av^N\xf0\x844\xa0:\xc4\x99\x03E\
\x91\xef\x02\x00`\xff\x00\xc5\x8ci\x186\xbb\xfe\xb2\x08\
6#Jbt\x19\xd3\xc6\x01\xd0!\xcf\x83\x13\x94\x1f\
#\x17hS\xd8\xc4I*\xa7\x96+\xd3\x04\x9d\x5c\x0c\
Tw\x96\xa6!\x09\xec\xdaf\xe6\x03\xa3\xb9\x88z\xa1\
\xa3\xfc\xdc\xdc\x0b\x15\xdb\x00\x8b\xcb\xaf7\xd6hp/\
\xd1\x9b\xd8\xa3s\xc7\xbcf\xc1\xd1\xd6\x01\xa6CN\xc7\
\x936\xc8\x1b\x13nJE\xd0r\xde\xf2\xb4\xd5!\xc6\
\x9cbA$\xaa\x9cbD\x864\xe3\x0e\xd3\x8e\x16\x9e\
p\xc5X\x06\xb8y\xc5SJG8\x02\x020\x7fX\
\xe7\xb0Z?\xac!'\x1d1\xd9\x0a:>\xd7\x15\x17\
(\xeb\xeb\x97B$\xc2\x0e$1\xa5\x16\xdf\x18\x98G\
\xf2\x8fY)\xa0(\x84\x87\x87\x0a\xb4\xe0v\x197\x8b\
\x93[\xf2b\x1bH'7\xce\x02\x22\x90;L\x09\xa2\
\x1ahO\x0e \xe5T\xed@\xc9*\x1c\x92`\xc4\x06\
\xc1\xff\x00\x16D\x964\xb5^\xbe`xN\x88\xf55\
\x81\xe2\x1a\xd3\x10\xeb\x02>\xb4:\x98\xd4\x9c\xb5u~\
a:\x1aB\xee\xe6\xac\x01Qv8u1\x0a\x1e>\
\xfea\xb1\x9bd\xf4cZ\xa60\xf8\xf5\x8dyik\
\x97\xd6\x14\xd7v\x9c\xdf\x18\x8e\xa3\xa0\xe0\xc1\x9cP|\
\x0c\xad\xe6\x04I=\xe2\x8a\x04\x14\xdb\x8b*\xec\xd3\x97\
\x1f\xe1\x1d\xc1+^vd\x91Qn&\xc0ScG\
\xb9\x88#\x95\xe1\xfe\x98\xf3h+K\xf37\x02\xa3\xf2\
s>\xe4\xe2\xa2\xc3\x83\xc3\x87dJ\x1d\x87\xbc\x0b\x11\
h\xb0>~b:p\xda\xc4\xbe\xa1\xfd\xe1\xea\xa4\x94\
\x1d\xd3\xdf\xf5\x88\xe0\x83R\x08v*\xeb\xa6\xfa\xc0\x16\
\x9d\xaa\x10\xdbO\xcdz\xc4*\xb4\xb17\xb3\xc0\xe5|\
\x1e\xe1\xff\x00\xfc\x08\x82\x03\xcc\xbd?\xd9\xdf\xf9Tu\
K![\xa6\xed\x84\xc4n \xa7\xc9\xd18\xf3\xf3\x0e\
\x88b\x0e\xfb\xbb\xea\xeaf\x9a\xa5\xc1pv\xb9\xba\xc1\
k\xb8\x01;\xdc*\xb8\x9c\xd4\x9d\xe1\x80\x96\x0a\xe8w\
\xc6\x10\xc4\x13\xc1<\xe0\x85\xa5\x12\xe3{\x18\xc9.\x22\
\xb0\x05\x88\x9e\x9c\xd0\x0d\xe7\x83]`\xf0\x00\xd3\xfb\xc5\
\x09K\xac)\xee\xf9\xc2\xc2\x02Om\x7f\x19\xb9\x01`\
h\xdc\x81\xecl\xab~\xe6\xac9\xd7\x7f01\x85\x19\
\x81\x01*#\x81\xefx*\xc4\x9e\x0f\xf1\x80\xc0\xc6\xf6\
\x7fX\x22,\xbc-{\x99\xb8\xaa\xa0\x1ao)\xc4J\
\xf0'\xdcd\x08\xd15\xf9\x8ei\x22\x9d\x9fx(\x04\
T\x9bqw\x98p\x0f\x8e\x11]\xe8E\x0f\x9e\xf1&\
E\x18\xeb\xe6+R\xaf\x90\xf7qk\xa1\xa1\xfeX\xdb\
r3 \xff\x00\x1d\xe1\x10\x89j\x86\xf8\xc2\x06E<\
\xfcq\x93\x17\x16\x02O\xb8\x00\x03\x91\x0a\x1e\xf3[ \
\x9d\x0f\xcc\xa96\x05\x1b8\xea4*\x1d\xbfq\x01\x0a\
D\x84\x13\x1d\xe2\xe5.\xc0\xc6\x1e\xd0\xa3\x13\xe64\xc0\
@\x9b\x1f9\x7f\x16\x90\xdf\xe7\xfb\xc3f\x15\xb2\xc1\xf1\
\x80'\x05_\xeb\x07\x12\x05\x8bT\xf9\x86\xb0M'\x8f\
\x19\x0e\x0d\xa1hy\xc6t\x92\x09\x91\xf5\x93m\x84]\
\xef\x9c{\xa6 6\xbe\xf2Pk@t\xe4%g\x9e\
\x0f\x18\xeb\x0dP\xb2\x13\xc6\x16T\x8e\xcc\xd2B \xed\
\x82n\x89\xd1\x1c. \x05;\xc8\xe7\xa3\xcb\xac\xe8'\
\xb7\x91\x809\xb1\x07\x03\xeeiJ\x0erb\x07\xbf\xb3\
X\xe6\xed\xd5\xe7\xd3 \xea\xbfK\xd6o\xe8\xf8={\
\xc2j\xf7\x9e\xb4\xff\x00\x8c\xd04\xc7n\xcfYPl\
\xfa{\xc2z}\xd6\xf7wr1\x15E\xc2\xa9\x8av\
\xeb\xe6\x01KlI\xb0\xcd\x84 B\xb3\xce+D@\
y<\xe3\x90\xa5#\x97\x07\x1a\x04Dw\x84\xac\x85c\
\x18\xd4\x02\xc7\x7frzJD\xe3\xdd\xc4)a\xa4\xe3\
\xde\x024\x95\x9ap\xb8\x0a\xaaS\xe3\x00d\xc3\xff\x00\
\x1b\x1a\xa0\x85\xa2O\xb8kp\x8b\xd1\xac\xa2*0\xa1\
\x87\xc3P\xa3k\xe7/\xdb4\x1d\xbe\xb1i\x92$!\
=\xe2\xc9U\x93\xb0\xf9\x8d\x17\xa0\x09\x91<f\xdc\x14\
\x81\xcf\xb4\xc18\x94\x0d\xaf\x8fY\xc0\x5c\x11`\xf8\xc7\
\x1cg\x9e0\xa6\x04\x9c\xb4\x19\x22#k\xbcK5\x91\
y~\xe0\xe9\xc0\xa1v?\xfc\xc9\xaa\xa0\xa5\xc7\xfd3\
\x93\x1d\xe5\xff\x00\xa7X]\x07\xb8\xeez\xf72\x0c:\
\x1b\xbb\x93\xedK\x1bo\xbc:5F8\x1fx\xb9\x11\
[`w1\xb1\x14!\xf6\xf2b\xa8\xa4)\xb1\x96\xfa\
\x05\x06\xc5\xf7\x81\x8e\xbc\x9d\x10\x7fyk\xc0\xafXJ\
\x94\x94\x93\xcb%\xa4\x943\x9c\x83\xa0:\xb8F\xee\x9d\
;}\x5c\xdc\xf1PI<\xfa\xc0\xc4\x22\x044L\xbf\
]\xa2\x08|\x0e\x22_f\x18\xdc/\x0eM\x8f\xf8\xc4\
S\xadT\xa7\x09;\xef\xc6U\xfa\x10B\x1d\x8b\xfb\xfc\
\xc5\x0e\x82\xb2\x83\x93\xa3T\xd0\x1d\xb0\xc4\x91\xb0\x09\xcc\
\x0d\xe1\xfeWn\xff\x00\xff\x00\xa3P\x80\xa1\xb3v\x9f\
\xc7\xfb=\x91p\x8c\x08i\xbc\x9cy\xef\x1d\xe4\xc9[\
\xee\xbe\xad'X\x8c\x8a=\x84\xed\xf3{\x98M\xcb\xa4\
1\xa4;\xde\xa650\xb5bi\x0bo7\xd6\x1fa\
9T^~b%\xd8h\xb7\xde5\xab\x91h\xe3\x90\
\x08\x91\xdf\x8cT\x86\xd1Y\xfdLT\x86.\xcf\xfe`\
\x8a\x85Q8>\xe05\xa2M'\xbc\xe5\xbf\xd4=b\
4y\x1d\x98\xb8\x91(\xef\xc5\xcd\x1e\x93u1\xb3\xe3\
\xc1\xe1\xef n\xa4=\xbf3b #1%\x91\x88\
m\xe6\x5c)\x80\xcb\x81\x8f\x87\x9e\x89\xe9\xca{\x8d;\
{\xcd\x11A!\xd9\xf7|\xe05;\xff\x00N\xf1\xd8\
\x16F\x0f\x98\xe0\x14*\xb4\xf9\xbc=\xe7m\xc3\xfe1\
2\x87|\x9cKp\xb0\x81G\x03\xde-\x8e\xca\xf0o\
\xaf9\xaf\xc5\xb2\xaf\xccc\xe5\xbcM\xf9\x92@\x17B\
}\xc3q\x0en\x07\xfe\xf0:A\x12\x0f\xb2`\x88\xb9\
JW\xf5\x85\x02\xaa\xf7\xfd\xcb\x87\x09b\x09\xef9\x09\
!\x1a=d\x91\x00G\xc9\xf3\x0c-\xd0\x06\xcfx~\
\x99\x9c_x &\x82p7\xc6\x13d\x0a\x8e~`\
D\xd1\xb9xx\x98LzP\x13^\x1c\xd0\x9c\x98\xf0\
LBi\x812>\xb0\x87c\xc7\xb5\xe2\xe2\x81\x14C\
k\x89^\x8cX9\x22\x86\xd5\xb0\xf1q\xea\x88\x9d\x83\
\xe6)\xba\x01\xce$1Z\x1b\xbf\xccx\xc1\xe9\xa9\xbf\
\xf7\x89>`\xf6\xe20\x1a\xca4\xf9\x81\xa2\xca\xef\x93\
\xf7$M\x15\x03\x81\x9a\xb1\x83\x9f\x06$\xd8\xae\xde\xf2\
\xcc\x1f\x05\xe5\xc5\x0e\xa7\x05\xef\x11@R\x10\xf1\xf7\x0c\
\x86\xdc|`\x90)\x89y1\xa6\x8e\x9b\xbb\xde\xf01\
&Ry\xf7\x8e\xa1*\xdc\x0c\x841\xdb\xfda\xe1\x1b\
\x0d\xb6\x19W\x0e\xe1\x0d\xcfx4\x19\x80\xe90\xed*\
A\xe1}cm\x90\x8ay\xbe2\xc9Z\xab7|b\
\xd9 \xb1C\xfe0;J/\x03\xee\x18\xbc\x88\x9co\
\x9c\xa2\xb5\x86\x9c\xe6\x98\x99l\xf2\xc2\xd1\xa9\xf7\xdf\x17\
(@\x85\xa1?\xf8\xce=\x81\xc6\x8c\x02g\x18\x9a\xfa\
ci\x00Y\xb7\xde\x00h\x0a\xf6~\xe6\xdbd@\x82\
g'(.\xc3\xe6Pd\x00z\x9f1\xd9\x15\xbc<\
\xbc\xe1\x03xEW\x06\x9b\xeb\xd4|`\xb7\x00\xae\xf8\
0\x06\x94v\xd8|\xc2\x12I\xdfqH\x92\x00yq\
@\xc0\xd3wqm8\x0e\xc9\xe3\x03l\xb7\xcf\xfd:\
\xc8u\x8f'\x93\xff\x00\x99Ptt\x98\xbep\xb9\xc2\
\xdb\x1d\xdfx\x171\x06]\x1fp\xb6\xb2\xa5`\x8e\x8a\
\x03|\xcf$\xc3[y\xec>y\xc0U\x22\xd3\x97\xee\
-#mt\xb3\x8b\x8a\xb0F\xda\xfa\xca\xf0 \xde\x07\
\x9cj\xd4\x92\xf6\xfc\xcd\x1d!\x19\x80\x12(xw\xe6\
_8\xb0\x10X\x006\xab\xe0\xc2\x8c}FK\xc1\xa7\
z\xf4b\xc2A)\x086\x80\xd7;\xc4\x85\xe0\x17\x85\
\xa3\xcf\xccv\xc6\x0a\xcb\xc3\xaf\xe7\x0e0\xe70\xe6\xba\
4\xbd}\xa8`\x01\x94\x119Attr\xf2\xef\xff\
\x00\xf5R`Tn\xf9!\xe3\xc9\xfawP\xda\x8d\x89\
[\xac\xd6\xd7\x17\x1f\x08\x16w\xc9]\xff\x0034*\
\xe8\x9eMA\xf3\xc4\xca\xa1:\x0e\x81H\x1e\xea\xdfY\
HJ\x83\x02\xec\xa49?.?\xa8+\xc3\x1a}\xd3\
w\x00\xd3\xb0c\x03\x8eh\x91\xb1\xf1\x88[\xe5^\xef\
\x8c*b)5\x9c\xa0\x0f@2\x84\x09\x0aMy1\
yjJU\xf5\x8b\x80\xcd\x06!Qm\x8dz\x5c\x9a\
\xe0xcj,\xdb\x81\xe7\x10\x9d v\xb8\xb4 \x12\
\x7fl*\x0da:\xbe.8\x01\xec\x1cf\xc6)^\
\x93\x1a\x18!\xabO>\xb2Y/L\xe4\xf3r\xd8R\
D\xff\x00\xee\x0b_\x84\x8e}L\xa6mS9\xf52\
\x14\xe8\xe9\xc6\x01q\xd8\xe2<\xdc.\x03=\x05\xef\x15\
\x0f@\x7f\xd1\x85\xc6Jl\xdb/m\x89\xa7w\x99q\
Y\x14T\x13LG\x00\x06\xff\x00\x83\x09\x89\x06';\
\xe7\x0a \xc0ko\xbb\x91\xa5\x1d\x07x\xe4LF\x0f\
\x89\x93\xc1Ke>a\xa7\x08\xd5\xd64\xe0\x1a\x0d\x9e\
\xd7\x18\x9f\xa8\x9a=\xb8\xcb\x9cN \xe4\xdc\xe4\xaa[\
\xf3\x00\xb0\x9a\xfe\x16c,\x12X o\x87\x14\x02\xd2\
E(e0\xe2\x0bS\xe6;\xe3\xbe\x8eS\x9cE\x0c\
\x11\x0d\xad\xef\x17O\xf1A\xc3\x5c~au\xe0\xc5\x83\
\xc6\x95\xd0\xf10\xdd\xc9\xc0\x9fp-\xd3\x0bK\xe7\x1c\
.\xf9L\xde#\x10\x89\x9b\xbep)\x03\x03W\xf3,\
\xbeEM\x09\x8cWJ\x9b\xd0b: \x22\xc9\x87\xe9\
)\xed\xf9\x84\xc8\xb0\xda\xd7\x14\xd2\x9eD\xf9\x90E\x04\
\x1f\xe37\x1b\xcdn\xb4\xf1\x97\xc5\x1c\x9bL\xda\x184\
\x07\xf9\xc7\xc32\xe9\xdd\xbd\xe2\x80.\xc7/\xe8\xfb\x8e\
\x86%\x0b\xfcL\x0c\x95\x8d\xdd\xcc\x02MhGs\xde\
3\xc4\x00\x8e&\x01\xb4\xb3\x5c/\xac,\xb5QI\xbb\
\xeb\x004j\xa3\x9b\x86i\xe0\x1a\x1f\xf5\x9bO\x08\x93\
A\x80\xd4\x89\xb2B\xf3\x8ckB\x06l`M\x0d\x0c\
\xb8\xd4eg\xd7\xc5\xc7R\xa6\xe6\x09\xc6\xd1d\x98z\
:\x19\xc9\x83\xb0\x88\x93o\xbc\x03\xcb\xb8\xf3\x9a\x87\xa2\
\x10O\x0eE\xbb\xd4e\x00\xe8\xc1\xb6\xca=?\x99\x1a\
~}\xa7\x17\x0aj!k^\xaeBF\xf4\x0c8\x02\
Z\xae\x8f\x19\xa7h\x05\x88a\x00\x04\xed\xb8\x88\x04\x80\
*\xfe2\x84\x09a{\xf3\xbc2Dsq\x86\xfa\x17\
m\xd6\x9e>`<\xd0\x17\xaf\xfef\xc0!\xe6\xdd\xfb\
\x90\x0a\x16\x07f,B\xb0\xb5\xa1\xf7\x85\xc0m\xb7\x03\
7\xfc\x19\xb9g\x939\x11+\xed\xe7\x02:e\xa7o\
\xbcP\xf2Q\x04\x97\xc6i\x96;t`\xa9$Z\x90\
\xc66\x82\x0dm\xc6\x1c\xa0\x11\x98[JN=Yr\
'\x9d\x8c[}zLWh\xda\x82\x0b\xcb\xb6\xe9\xfb\
\x84\xec)\xad%\xb4\x0e9\xdf\xcc\x16\xb0T^\xca<\
\xf7\xac(0(\x13\xb8\xa5^\xae9C\x04\x0d;\xa8\
\x07A\xf9?M_\xff\x00\xdd1i\x0a\xc5j\xc3\xa7\
\xb3\xf4\xef7\xaf\x96\x0d\x0a\x03\xcb\xbe<\xe5\x9bKb\
\x95\xa8{vL\x11)\xe8#Xh\xf4\xe5\xb9&\x1b\
dXuN\xfdz\xc1\x02\xc8\xa2I\xab\xe0\x9b\xbd\x5c\
!6M4\xeeS\xce\x22y\xa4^o\xab\x80\xb2J\
\xa9\xbb\xe3\x02\x05B\x03\xfc\xe0\xc8v\xc4\xde\x10\xb2!\
H\x87\x93;K\xa1r\xber\xb3b\x89\xdb\xdej\x82\
\x82\x1cz_\xb8:\xe0T\x8e\xbd\x99\x0f\xda\x94\x22\x18\
\x96\x05!\x0d\xa7\x9c\xd7*\x0d\x19\xf5\x95\x97\x0a\x8b\x85\
\xf1r:c`\xeb\x155\xb7\xb4\xd9\xeb\x01;\xa3+\
^p\x04\x11\xe1\xd4\xf3q\x07\xcd\x04\xfe\xf3v\x92\x1e\
C\xeb\x1bT\x15\xd8\xf8\xc3\x0c\x83\x0a\x0f\xdc\xbb\xebQ\
\xe0\x9c\xe1,\x80\xe1#\xcf\xbc'\x22P\x8d\xb9\xb0b\
Q\x98T\x0a7\x9e\xfc\x5c\xb1\xd0U\x0c\x1b!\xc9\xc0\
^\xfc\x00\xb7\xde[$BNO7\x22\xa1\xa1\xff\x00\
M\xe0\x81\x0a\x13\xb3\xd62|\xc4s\xeb%+\x0b;\
\xf9\x92\x88QM\x8fw\x00R\xf6\x87\x1f\xce(\x06\x92\
q\xce\x1d\x22\x0a\x8bp\x88\x93|\xfcq\x8e\xb0F\x82\
OYA\x97xh\x99_\xf1\x04x\xef\x1e\x05.\xd3\
oV\xe0\x011\xa3\xfd\xe3\x12\xc7\x90\x22\xb8\x16Xl\
\x94\x9e\x0cB(\xbfi8\xc1@\xc4\x81'\xa7\x08\xc5\
0\x87 \x98k\x8c\xe0\xb0\xbe\xb1\x0a\x88\x19\xaa\xf9\xc4\
r\x13\x06\xaf\xdcP\x86\x11Y\x04\xc0R\xda.\xc0\xc2\
\x02\x02\x16'\xe6\x07\x5c\xbc\x97\xceo\xdd\x00\x1a_y\
@\x04\xa1a~\xe0\xfc2\xb1R%\xa9w\xf8\xc6O\
s\xcf8\x09n\xd1\xbe\xb1\xe9\x02qx\xc5\xcam\xee\
\xb5\xf8\xfb\x90\x8b{\x0b\xcb\x84\x9dBoX\x5c\x81\xc4\
v\x1e\xf2\x90\x014\xe3\x09\x00%\xb5\xd7\xe6\x00F\x92\
\x17w\x11\x85\xcdg7\xde\x14%a\xaf\x17\xde\x0a0\
(W\x01\x8fZ\xa1\xb3q\xef)\xe9\x07\x93\x92\xb54\
!\xcb\xdd\xc4\x82\xa4]/2\xe3J\x88[0#\xeb\
\x01RL\x1a\x17i9\xf7\x81\x1a\x03g9\xbaOY\
\xe7\x10\xa1$\x08|q@\x8d\x91\x140\xd8\x10E\xd7\
Z\xf5\x9cp\xe6\xd1\xcb\x8b\x81\xa8\x02\x86\xf9{\xc5L\
\xb1\x95\x90\xd3\x06\xb2\x88['\x83\x0b\xe0D,LL\
\xe8Bn\xe2\x9d\xd7!\xbb\xc5A\x09\x83\x0b\xe7y\x03\
\xc4\xe4\x90\xb8\x02J{[\xe1\xe3\xe6\x0d\xa8\xe7\x90\xc5\
\xbfW\x22o\xcd\xc7\x82\x94\xa7L>*\xc9ip\x04\
\xb7vu\x82\xed\x04Wiz\xf7\x893e\xaf/y\
\xaf\x8c\xa3\xb5\xee\xe21a\xa2\x12zb\x0e\x00\xd7\x0f\
\x8c \xf7\xd1Sa\x82\xf8\x8a!\xb4\xc29A\xd9\x1b\
\xdb\x90\x04\x11A%\xe5\xf3\x82\xd3\xf6\x8dF\xcdx\xba\
\x98f\xb3#\xa6\xcd7\x9e\x9c\xad\x81C\xd5m\x03\x8e\
Q\xc1b$\xe5@W\x0e\xc0\xbc\x03\xda\x18\xe4\x06\xd7\
\x008'\xe0;\xe5\xab\xff\x00\xf8m)\xa2\x7f\x13\xbe\
\xd3\xae|\xe5\x0d\xd8\x04\xed\xbeGM\xdf\xe6*.\x1f\
F\x944|9\xfd\xc1@\x05.R\xb6\xae\xe6H\xd2\
\xa1o\x8f\xb7\x89\x81\x0d\x94j\x03\xb0\x85\xbb!\x9a\xbb\
p?\xc9\xeb\x11%l\xa3\x9b\xef\x0c\x11a\xe2\x1fx\
\xa0!ho\x01H\x12\x17\xa3\xc9\x9d\xcd\x1d\x1b|\xe4\
\x16\xd3Iy\xee\xe2\x13\x9a\xd4\xfe\x8f\xe79\x95\xb9/\
\xe4\xfd\xc9\x1b\xb0\x85r\x18\x1b;P\x1c\xcfy\x09\x22\
\x1aX\x9e\xf0\x02(V\xdd_\x19\xd2Sg\xa7\xa9\x9a\
m\x85\xb1\xc9\xebX.T\xd0/\xeb\x9cI\x0e\x05p\
+\xa0;\x7f\x93\x06\xa0\xa1No\x8d\xe3\xb2\xec\xa7+\
\xef\x15!hp9\x04 +\x81\x9bP\xd4\xa4C\xc9\
\x8cw@\xb9F$\x8c\x82\xa77\xce\x06\xca\x0f\x87\xd0\
qT\x88\xa6q\x8bk\xd1\x86\xf0\xc8\x09\x12^\xf9\xc8\
\xa9X$\xe4\xf3p\xf63\x09\xfd\xfb\xca\x82\x81S\x7f\
&\x22\x0a\xc5\xd3\x9crph\xd9\xea\xe6\x85A\xdc\x98\
\x0b\xc98k\xd9\xc8\xafP=\xbf0\xfd\x88E\xacm\
\xfa<\xfcqr\x0b3\x83\x8fX\xa5.\xe2\xf0'\xac\
h8Z\x7f\xd9\x86\xb7N\xb4\xdc\xf3p\x81\xd8D\x9e\
{|\xe2\xda:!\x03\x86:\xa8.\xdd\x1e\xb1AC\
\x14o\x8b2 !`\xe0\xf7\x82>\x93\x1a\xa10\x04\
\x8d\x815\xf9\x9a\x08\x01.\xcf\xbb\x80\xda\xcbF\xef\xdc\
\xa5o\x0a\x84\x1e\xb3B\xde\x85)=b\x05`i\xb3\
&\xb3\xa0\x0d\x8f\x9c\xd1\xa6\x01\xb2\xe5\xa1$\xc2\xc2\xf9\
\xc2\xca\xcab\xb4\x0a\x8b\xbf\xc6\x04\xff\x00\xdavx\xcb\
\x05\x14\x17\xac\x8c\xf1\x85H\xf7\x89\x13Q6\xeb\xda}\
\xc8lY\xa6\xd5\xc1#q\x16\xd3\xad\xe3f\x81\xa8\xec\
\xc2\xc0\xd2X\xe8\xc2\x95\x8cl\xf3\xff\x00w\x9b5\x82\
.\xd7\xd62]\xaan\xff\x00X\xd1\x8d%\x8e\x8f\xb8\
Y\x11At\x1e\xb10JM\xbb\x9e\xb3^,\xb9m\
\xf3\x8c8\xb2\xc7\x9e\xeeE1\xba\xff\x00\xd1\xdeH:\
\x15^\x0f\x98\xc1B\x0a\xeca\xd9\xe0\x1a\xe7\x0d\x00\x82\
\x0d\x0cm\xc1R\x7f\xab\xde\x13S\x1c\x0f\xcc\x9d\x01-\
\x7fL\x87\x16A/\xada\xc1e\xder\xe2\xe2\xe4L\
\x83N\xfb\xf2`\x8d\xc9\xeb \xdc\x9c\xef\x1a\x14\x9e\x0c\
\xbb,\x22b|\xc3\x5cl\x8e\xcf\xb9^D\x83K\x9c\
\x86\x08\xb0\xafx8w\x8d\xe0\xeaa\xa1$\xedw\xa7\
\x8c\x97\xc2E\x7fp\xd4B\x88\xd8\xbd\xf1\x8a4\x07*\
#\x80`%^\xfed+\xe6\xb1\xb4\xc8\x0dD\xedO\
_\xd6:\xe8\x9al}\xfeq\x87\xa3\xd7]=\xdcl\
@I\xa7\x06q\x8dE\xa9\xdb\x83\xe6$\xc4H7\x99\
\xeb\x18.\x11\xa6\xe7\xbcT\x92Q\xbb<\xfc\x0d&\x09\
/\x8d\x1e\x7f7:\xb9\xb0\xaba\xa8\xd8\x87\xddL\x15\
\xf5\xb0\x1eMo\x9f9\xb5fP!\xba\xbdW\x83\x8f\
p\xc3>\x0a\x18\x07\x05\xf8\x0e\xf9j\xff\x00\xfe7\xfc\
\x0a\xbb\x0f\xf6[\xe2\xde87\xeau\x17d\xf0\xb3\x09\
B\xe2D=\x1b\x1b\x89\x8b5\xc3\x1bq\xff\x00\x8c\x06\
\xe8L@\xa9\xda\x02\x9b&\x01\x8e\x19\xec\x0d\xf0\xef\xa7\
\x0b\x8d\xcd\x0bo\xbclx\x0b\x1d_x\x0a\x80\x84\xae\
\x03\xd6q\xee\x9d\xf3<\x99\xa1\x05\x0e\xbd\xcf\xdcp\x90\
J'\x9fy`@\xdeW\xfe\x9b\xc0]3\x97\x9e\xa6\
\x0b\x0a\x98-C\xd6~A\x03\x99\xee\xe5\xda\x88\xd7\x89\
\x96\x9c5\xdb_\x18\x00\x1e\x07|\xdfW\x11k\x8b\xc3\
\xb7\xb9\x81\x9a\x8bi8\xe9nP\x80\x0fo\xfaL\x05\
k-\x1f\xed?0T\x06\x83\xed\xfb\x8c\xccvI\xcd\
\xf70\xbc* \xe3\xd3\x11\x8b\x04\xae\x03\xd6:\xc9 \
\xf6\x0fS\x1a *G)\xe7xX2\x1aX\x9c\xef\
\x12\xd2\xcb\xd0\xbe.\x15\xf0(\xa6\xc7\xd6,ZR\xbb\
\xd7Y\xa2\x8e [\xbe\x5c\xe3\x06\xed:\x0f\xb8]\xa7\
?\xf2\x19i,\x14\x9b\xf6c\x18\x9f\x07n#@\x17\
K\xe2\xe0\xb6\x8cxp\xc4;$Z\xe1\x8cuI\x0d\
s\x83J\x02j\xe1\xf4P<\xbd\x5cM\x1088r\
\xaa\x02\xcb8\xf5\x8b0!\x0f\xe1\xf5\x8b\x14^\xb3a\
\xc5\xb9\x0c\x1bN\x97\xbc\x80Br\xbc\xbf1\x8a Q\
Cw\x13y\x8f\xbf\xcc\xb8\xd4-T$\xc1\x11\x07\x8b\
D\xf5\x82\xa8\xee8>\xf0\x82\x18Rm\xf6a\x99\x8b\
A\x95\xad\x83d\x1c\xd7\xe2\xa9\xa2x1\xe0d'\x04\
\xf9\x91\x13\x94\x06\xc6\x11\xa7a\x05/\xbc\x12\x0e\xb98\
\x1c\x17(\x02\x8e~`\xdc@\xa8\xbbO\x13;\xef\xc7\
\x92\xecp\x09\xa0\xc6\xc0\xca\x9b\x86\x8c\x8d\xc4\x08\x14i\
s\xed2\xab\xa1\x9bk\x90\x12\xae\x97\x9f\x1b\xc6l\x01\
\xe1\xe2\xb2\x1a\x9a]\xd0|\xcb\x80\x06\xcf.=B \
W\x7fq4q@\xee\xfd\xc6\xc9\x80[\xbc\x0d\x88\x9d\
\xf8\xc6\xcc\x0dm+\xe9\x88\x03\xc0Gs\xbc\x0e\x84\xca\
W}\xdc\xa8n&\x89=1(\x0bJz\xde\xa6\x0a\
\xb6\x82\x9c\x87\xe63y\xa1\x0a\xa7\x9c\x0a\x00 41\
\xea\xe2\x93\xcb\xe3\x1a\x90O\x09\xf1\x97d\x11z=L\
\x89=\x02\x84\x7f\xac\x18\xb4:\xc3\x89\xcd\xc0\x80X\xe8\
\xfb\x85P\xda\xd2\x0d\xc7\xde\xbbB\x9f\x0b\x82\xd9tF\
\xcc\x81K@\xec>\xdc0C\xd1\xb3\xeb\x90\x0d4\x1e\
\x85\xc0\xb6\xb6/\x8fX\xb3\x18\xd2\xb6r\x93\x15\x10\x98\
\x7fyD\x09\x00\x1dS\xb7\x1c\xe3\x8d\xa9\xbc\x05\xc4\x0f\
\x13\x9b\x11\x96\xef&5+\x87|\xf6\xc0\x07\x80\xbf\x96\
\xf1Q\x00\xa0<=\xe3\x90\xde\x03\x85\x82\x00\xda\xeae\
\xcb\xe1\x06\xd2\xb6\xeb\xad\xe0\x94T\x00\x18[N\x0f\x18\
A\x81R\xf6\xbc\xb1\xabi2\x83\xb2,\xf2m\xce\x0a\
U\xf5c6 \xfb\x84\xce\x06\xc5P\xed{\x06\xd5\xf0\
yPf\x87\x02\x9a\x0e\x09\xe0\xf1\xca\xed\xab\xff\x00\xf9\
Z\x07V\x9as\xfe\xbd\x9c\x09\xb4\xd5P\xea\xf9d\xc0\
y9\xb7\xd7\xfe1\xb8\x87\x955\xb9\xadG\xf5p\x99\
\x8e\xb4\xaamw\xc2_y\xab\xfamW[\x1fz\x93\
\xd64\x8b\x82\xc8<\x98-#\x1f\xb3#PJl\xa6\
A8\xa9v\x18\x83\xa94\xfe\xef\xbc\xd99:\xad\xbe\
>\xe1\xd4\xa2\xd3\xcb\xd4\xfd\xc1xV-\xbfX\xc8\x5c\
\xa6\x98\xce\xae!DNz\x9e\xf1\xbd\xa3n\x97$\x93\
D\xbc\xdf_\xde \x87u\x03\xb1\xc7!\xa0Z\xe3\xef\
\xbc\x01n\x87?\xf4&-F\x88Ws\xb9\x91\x93\xd0\
\x7fo\xcc\xe1\x89\xbaw\xf5\x8a0\xf1P\xe0J\x8b\x0e\
\xfcz\x98K\x8a\x82\x9d\x87\xe6\x01/0G{w\x93\
\x8e\x01\x07\x09\xef$\x1a\xaa\xd3\x80zmB\xf3}`\
Z\x12\xcb*\x7f\xc6V6\x92<t\xb9Rs\xfe#\
\x157\x0azy1\x13`\x05M\xb1\x92\xe4\xb4;\xb8\
V\x8a\x8b\xd2\xf8\xb8\x1eK-4|\xc4\xbe\xb4^L\
[>D*\x98\x95\xe6&\xb4\xe0(\xc9N/\xdct\
\x09(l|\x18\xbaV\x0clN\xb0\xad\xb9I\xff\x00\
f\x03\x14u\x1e\x0f7#\x0b4\x9c\x1eq\xa8n\x00\
.\xde\xb2`\x09t\xb8M\x13|=\xf8\xb9J\xd2\x98\
\xe9\x82Z\xfd\x9d\x13\x05P\x1aNgy\xc5\x12\xe3\xb7\
\xf7\x08\xd0^8\xa3\x05^\x01\xf5\x8b\xcdU(\xf9\xbf\
\x982\x19\xe8l\xf5\x8f*\x84\x13o\xd6\x10J\xf0\x94\
=\xb8\x0bF\x1b\xd0\xb9H\x9c\xa8\xdb\xf3)\xbb\x849\
\x9f2\x8esF\xb5\xef\x16\xf2*r\x18\xf6X\x82d\
Nf\x12\xb6\x0f\xb3\xa5\xc3\xe7\x22\x03k!\xe9\x1a\xae\
\x9db\x04\x00\xec\xe0\xb1D\x0dtx\xf8\xc5\xbd\x14\xb5\
\xae#\xae\xa0;8\xb1\xf0\xd2\xbc\xb9\x13\x10I\x91\xc0\
\x06j\xdd\xd6\x02\xa4J-\x5c\x15\xed\x92w;\xca#\
0\x91\xe1\xee\xe3\xc9k\xda\x7f\xd3\x9c\xa4\x22\x1a\xff\x00\
Y,\x01\x00-C\x133JC\x99t\xb9\x08u4\
\xe1=\xe1*\xad5\xc2\xe1Q\xf4\xa1\xc3\xe3\x1be,\
&\xfeeT\x19I\x7f}a!=~\xb8\xb7&0\
x\xfa\xe7\xde\x1d\x08\x1bh\xdfFQ\x84l)\xf0\xc5\
P\x81\xabO\xfb\xd6 \x02@\xcd\xe0\x06|I\xc1\xed\
\xc4\x5c\xf8\x93N\x1c\x80\x17\xb0\xe7^\xb0u\x15\xbf'\
\x8c\x02\x5cQ\xd3^\x1c\x97&\xc86\x1e\xf1X\x1e\x9b\
M\xfa\xc9\xe4a\xf9\xc6\xe5*\xaaW\xe3\x10\x1c\x1aN\
Gx\x97\x02\xe8\xde\xe6\xdc=\xe0\xd2<7x\xa4\x0a\
\xd8\x03\xac:\x19\x1f\xd0\x0f\x8fXF\xb9\x9d\x9fo\x81\
e<`\xa0\x80(\xf2U\xea\xf1\x82J\xed\x97~\x8e\
\xeeO$\x09\x1c\x17\xdaa}\x8dR\x13o/i\xe0\
\x1eT0\xcaP\x8c\x01\xc8\x1f\x80\xef\x97o\xff\x00\xe6\
A\x11\x04t\x8e\x08C\x14B\xaf\x0f\x9f\xfd\x18\x13I\
R\xa2\xa3\x89x\x9a?3K)\xaaWC\xc3?\xab\
\x9b/\xb8\x12\xf1\xb5.\xb8\xfd\xc6\xd52\x13k\xc9e\
x\x8f\x89\x84\xb5\xc0$\xe4G\xeb\xbf\xb9YY\xcb\xaf\
\x8c\x81>\xab\xca\x9fr^\xae\xc6\x90\xc6W\x00\xd5\xe0\
\xef-\x8dV\xaf\xf4a\x1bB%\xe5\xeb)\x08r\xb6\
\x9f\xf1\x95`I\xd2\x18\xd2,H:\xc3\x1d\x8d\xb6\x99\
\xbf\x81\x11v\xbfs\xd4j\x1d\xdfy!D,``\
\x0d\x9c\xc5\xe8\xff\x00\x8c@\x0eu[N\xe6 E\x85\
63\xbf\xcc8fh\x1e\x1e\xff\x00qbV\xc8:\
\xfcb]\xa1\xdf\xfa\x98B\x15i]\xcc\x95\xd3\xa1\x1d\
\x85\xef\x0b\xe3\xe1\xaf\x13\xde\x18\xd8*\x94\xdb\x02\xa6\xdc\
Wk\xeb\x10\x1d\x93\x9e\xee\x18Z\x86\xac\xf9p]\xb1\
\xa7xzQ\x0a\xf3\xec\xc0u`\xfa\xaf\xee\x14\xc6\x8b\
Now\x22\x01\xa6\xd2\xe0\x12e\xa5\xbdx\x99\x02-\
;92\x8d\x00\xc4\xe6yp\x04\xb0\x008OxJ\
]\x90\xf0\xbe\xb1\x9b\xa8\x88\xbc\xdf\x06HY\x15{\xbe\
0\xc4\xb1\x01\xab\xef\x03\x1d!:\x09\xceD\xab\xd8\xe0\
{\xc8B\xd4\x19\xb7\xf3\x12\xbc@3\x96\x19\xaa\xf5;\
\x96\x5cq\x11Q\x9co\x0d\xb6\xd4Y\xc4\xf5\x8c\x19I\
69\xe7'\x93B<\x9enD\xb7t\x938\x03\x0f\
\x93\xd6*\xda\x8d\x0e}b\xf5\xafQ\xb3\x1c@D\xa1\
'\xb7 \xd7W\x0d\x1e\xf0\xecp\x8da\x0d\x09\x05\x1b\
~d\xc8\xb1\x0e\x5c\xaf\x0d,\x10\x87N\x00\xa4\x91\x14\
\xa1\x95\x04@&O\x99nqbyy\xcd\x01\x02\x22\
\xd7\xdes\x03x,\x1f\x180\x1f\xb7\xc1\x9aj\x01\xbd\
\x87\xcc(\x02j\xff\x00\xd9\x8d\x18d;y\xc5J\x0d\
\xbd\x18?&\x0b`\x8dJ\xdd\xe6<bVsn\xa9\
\x9a;\xd17a\xde\xf0A\x006l{\xc8\x02\x15\xe2\
\xe9\xecb\x86\xb1\x1a\xff\x00\x8c\x9a\x89`\xbbgY\x19\
\xb5M\xba\xea\xe1PB\x00\xe2{\xc0Y1P\xf0\xb8\
\x85p\x81y\x1fX\xc6;\x0a\xf7|d\xda\xe1\x05\xd7\
\x97\x05a\xb7O\x06B\xca\xa0\x90\x9d\xb8\xa4\x5c{\x85\
\xc8\x8e\xf6\xa5\xbe\xbdc\x8d\x89\xd6\xa7\xee\x1f\xb3\x0b8\
\xfa\xfed\x94\xd4\x80\xe3\xde\xf1\x82\x9e\x92\xcd7\xd7\x9c\
y\x00SE\xbe2f$\xff\x00\x990v0P\x12\
w\xbc7\x03\x80\x0d\x83\xef\x16')Z/\xac(\xb8\
\x0d\xce \x85k\xb3\xf1\x8a\xbc\x9aN\xce\xf0\xac\x05\xe4\
\x7fz\xc0T\x02\x05\x93\xfd\xb1\xa7F\x0f\xe4\x17\xac\x91\
ad\x18\xf1\x07\xb6LmJ\x03e7\x1dM\xcb\x82\
i\x99tv\xae\xf5x\xfd\xc8\x05\xf7\xb4\xed}\xdc\xd0\
\xf0\x92\x03\x97\x1b[V\x8f\xa8*d\x02\xa4\x07A\xd1\
\xd1\xdf-_\xff\x00\x012\x04D\xa2`[\xdbE\xda\
]}6\x0f\xc3\xa9\x05\xa9\x05\xa9E\xd2\xbc<~\x5c\
q\xac\x97\x02J\x1d:\xd7\xac\x14a\xd5M\x9am\xdb\
w~d`\xd8\x22\xa0O\x02^pu)\x95f\x10\
6\xab\xace\x1a\xaa\xf2a9\xfaB\xf0}0V\xd0\
&\xf0\x0b\x0aUy\xf31dTNJ\xe3XD\xd3\
y\xf0\xe4\x06\xc4{\x05\xd7\xdc`cjp\x1f\x1e&\
\x14\xdf\x1b\xc5\xdaPm\xcb\xff\x00\xcc\xa9A\xafA\xc9\
p\x00gl/\x9ej]I\x85\xb2M\x0dS\xb9\x8c\
\x02\xae\x1e^\xff\x000&\x12h\x1e\x1e\xf1\xa2\xb3\xe8\
\xff\x00\xeb\x1c=T//X\x09\x00N\xcau\xbc\xba\
\xfe\x8d\x8c>\xf8&\xae\xa6wB\xda\xea\xe2\xad\x04\x95\
\xb5\xf5\x92\xd1j.\xc7\x18\x12 \xc6\x06r\x01Q\xff\
\x00\xa7\x8c\xa8\x14\x1a\xbd\x9d\xcc\xa6\xf5;\x1fx]\xc4\
Rt\xdd\xdc\xd8l\xd5[\xf8a\x1a\xe4\xb5\xfe\xb0\x14\
\x9a\xc7d:\xca\xb1\xad\x09\xcc\xf7\x808P#\x89\x80\
-\x89o\x8b\xeb/H(\xa7\x9b\xea\xe5\xca\xd6\xac\xe6\
\xe1j\x14\x1a\x1a\x1fx\x18M\x8a\xb00\xa3Y\x06\x9c\
\x1eL\x0b.HCi\x87\x86 \xa0\xe7\xee\x0d*W\
F\xac\xe2\xe1[(\xb58z\x98-\x99IM\x9e\xb0\
\x12b0\xeb\xa7\x08\x8f\x01\x06\xa7\xdc\x0cp\xb0\x7f\xb6\
B\x01\xa29\xf5\x88\x22\xa1\xa4\xe7\xd6T\xb8\x14q\xea\
\xe1\xb9\x120\xc2\xa5\x88\xbc0\x87\xd6v9\xf7\x90)\
&\xd2\xbf\xac\x17\x9aP7\xf3\x1f_8\x0d|\xc6+\
+\x0aP\xf5\x86\xd1F\x0d\xe1\xe3Y\xbb\xd0\xbc\x5c\xb8\
\xb8\x17\x88\xa8n\xdf9\xa79GE{\xc6\xc6\x93\x96\
\xc9\xe0\xc1\x00T\x05\xdc\xf9\x85@\x18\x7f\xbc\x0b\xc9\x80\
\x1a\x5cU\x19#r8&\xd0\x1f\x9cC\x96\xea\xa6\xe3\
\x18\x1a\x1d\xbc\x9d\xe0_i\x91\xfew\x89qQN]\
\xe0\xc4\x01\xe6\xeb\xf1\x91\x95N]\xbdL\xa7\x11\x0d\xd5\
\x9d~b\x17\x5ct\xc7\xeb.l\x00\xf1\x98\xc0\x8d\x84\
.\x97\xd6 \xdc ^F\xfb\xca>P\xae\xef\x8c\xae\
.4/\xcb\x95w-m\x03\x0e\xae\x90:<\x5c\x14\
\x014\x8a\xaf\x89\x80\xe8\xb1L\xe7\x15\xf4\xef\xb9\xfb\x86\
>\xd1\xc7\x0f8\xf4\x10\x16\xb8\xf7\x84\x00P\xd3M=\
a\xa1\x00*\x97\xf1\xeb\x14\xe1\xaf\xf2X\xda\x97b\x13\
M\xef\x08\x11\xa05C\xee\x05\xa6\xe6\x9a\x17\x9aaC\
P!\xb7\xf7\x11(\x1c;\x1f2\x8dC\x93Z\xecs\
Fx\xc7^\xda`j\xa6\xe3\xe6m\xef\x03OC\xb4\
\x1c\xb3\x88=b\xbc\xe2\x92\xa5\xea\x1b\xdb&C\xe7\x9c\
\xd6\xbb\xdb\xc6\xe2\xe2v#Ngm\x9dY2K\xfd\
\x0b\xb2{\x1b\xf0NT2\x90\xdcN\x03\xb0:\x1b\x0e\
\xf9j\xff\x00\xf8\x87\x03 Q\x1e\x9c \x15d\xde\xfa\
\xf3\xac\x13\xd2\xe9\xc3Ae\x18M-]\xeb^\xb16\
\x22\xe1A\x88V\xad\xdd\xca\xed\xc6\xc2\xee'\x82x~\
\xe4ta\x84\x9d\x0a4loS\x03\xa2\xab\xd7\xc3V\
\x91';\xb8\xa4\xb1]\x99\x1f\x98\x90\x04\x1b\x0d\x18p\
+*\xdb\xf3\x1c\xb0\xd7%\x7f2\xbcL\x12\xf8\xe7\x0e\
(\x1bo\x07G\xbcN\xe3m\x94\xfe\x9f1\x98\xb9\xae\
\xc7\x7f2\x88,\x9e\xc7\xe6:\x90M\xf4=\xe0\xeb\x98\
+\xceHGk\x8d\x99\xbf\xa3\x9a\xf3\x82Z\xf5I\xc0\
\xfabE\xd0GO?\xde\x0a\x84\xee\x17\xaf\xc7\x8b\x82\
l0\x91\xb7\xaf\xdc\x02-v\xb6\xf8\xc4\xf0#\xf0\x5c\
W\xc5\x91\xba1\x15\x01\xddn\x01\xa1\xbc\x9b\xc5\x18)\
\xd9\xbc\x01\xfc@\x9e0\x14<\xea\xeb\x1c\x05\xba\xad\xa7\
s b\x1d\xb5\x1f{\xca\xad]\x03\xcfw*\x9b\xed\
oG\xfc\xe1\x85\xb1C\xaa\xf52\x08D#\x96u\x91\
\x89\xcc\x82\x0f\xd6(d@]}f\xd4Hy\xff\x00\
\x8c \x986\x9d\xdcF\x1bx\xed\xbe\xf2\xe0h\x1a\xf1\
}\xe5\xa5\x00\x96h=a\xb6\xda\x9b\xe4\xf4\xc8\xf27\
N\x9e\xf2\x1aY\x11;}\xe0\x16\xa8\xd4\xe9\xe9\x8f\xa5\
\xf6\xbc\x8fS$;n\xc3\x93\xc1\xac\x05\x80G]q\
\x5c\x16\x8d\x9a\x1cLh\x86a'\xee \x0aC\x0d\xdf\
\x18\xd2E\xb69p\xab\x10^\x0f\x8b\x9a\xc26\xb3\x86\
l\xfc\x1c8\xc5\x1aW\x85\xbf\x98\x0a\xc6\x16c\x7f\xd9\
\x13\x9fX\xc3\x05 k\xe6]\xaaM\x141\xc7q\x0b\
\xf5\xe3\x13I.\xd0\xe9-\xc3\x14-\x1d\xdf8\x89\xa6\
\xdc\x84\x1ada!h\xbaz2\x8d\x8a\x0a\xd0\xf9\x92\
>,\x0d\x9fp^\x84\x006_9/\x92\xa5\xa2\xf9\
1\xed$;1\x1c\x05\x83i\xf3\x00s\x95o5\xc6\
(5\x02\x9a\x0f\xb90\xc1\x02\xec{\xc1%\xcd\x06\xe9\
\xf8\xfb\x8e4\xe4//_\xb8&E\x12\xbdg7&\
\x06\xc7\xb6.\x0a\xc9\xaf\x13\xfe\xdcn8V\xf8\x5c\x9c\
\x87T\xb6\xfc\x5cJtT\xef\xb1\xe8\xc7\xa1\xd2\x8f\xf2\
\xe2\x85\x1d\xa3\xd1\xe7\xe6H\xf4\xc8><\x98A\x0a\x13\
\xb5\xf5\x88@\xaa\xb3\xbb\x9a\xd4u\x07\x0f\xdc\xac%G\
R06\xcc\x0e\xa4\xdf8\x90\xe1B5\xf8\xf3\x83N\
\x0a\xa0v\xc5_3\xee\xe2\xcb\x80\xa0\x87dy\x7f\x18\
\xa9\xb4G\x01\xf3\x82\xa9\x16$\x17\x05&\x80M\x9f\x98\
M\x0a\x95\xf6\x1e1*4\xb4&\xbc8pU\xb7\x91\
9\x5cB:\x98\xb0\xe5\xdf6\x8f\xacT\x84\x9d\xa2E\
\x9ck\xfb\x98A\xca!E\xd4C{\xd6!#\x10=\
.\xca\xf1\xb8\xbep\x0dNL\xe1\xa0\xe0\xd2\xad\x1e\xd4\
0K\x8ch\x808\x0f\xc0w\xcbW\xff\x00\xc87U\
\x02\x88\xf4\x99\xc8\xdb\xb1SW\xf0\xea\x9f\x1d\xc5n\xca\
\xac\xa7H\x1d\xbb\xad\xc5f=+\xc15\xb3\x9e\xa6A\
\x1c\xcc$\xe0g\x1b\xdd\xf5\x81/\xed\x09\x91*\xe9\x1d\
{\xb8\x899*\xd9v\x1a]-\xf7\x93\xaa\xb8V \
z\xca\x9ab\xfd\xb8\xe2L7\xb5\xca\x82W\x89z\xc9\
\xd6QW^\xb3i\xb1i\xa3\xc3\xc7\xcc\x1d<\xa0\xf2\
x\xce\x12\xb4O\xe5\xb3\x0eP\x1c\x02?\xbc\xe1\x00\x19\
\xecy\x98\xf7\x12.\xd6\x98\x8dJ\xd7\xcb\xf5\x8c\xa2\xa5\
7\xa0\xfc\xc7m!\x10ar\x06\xc2\xa7\xd4\xcdD(\
\x8a\xaf_3\x84\x1d\x97\xa7\x97\x19\x5c\x0d\xf8\x1d\x18\xaa\
\xc4\x09\xc6\xbe00b\xd1\xe7\xce\x0d\xa0\xa3\xd8\xf3\x84\
\xca\xab\x5c8\xa4\x8c\x0ah~c^r\xab\xd6\x7f>\
M{L\xa66S\xc81& \x13x\xfb\x94G\xf1\
\xad~>\xe3e\x83c\xdb\xd4\xcaz\xf5v}c\x8a\
\xc4\xd3\xc7L\xd1\x0f\x1a\xeb\x12f\x87\xa9\x81P\xd8\x85\
\xdd\xce\xc1$\x1c\xfdeu\xc4\x1d\xd5\xf7\x82\x92\x09\xdf\
\x89\x85\x10\xa2\x0dw=L\x91\xaaA\xb2=\xe0k(\
\x18\xe2\xfb\xc8w\x02\xa0\xff\x00\x06 xV\xbc\x8d\xd4\
\xcaA\xfe\xcf\xaf\xcc\x1b\x00\x89\x1e<\xb8,\xc9\xad\x0c\
\x02v\xa5O=\x99^\x09\xfa\xbd\xe1;\xb5I\xcd\xf7\
\x8b\x14\x01AK\xfe\xb1Y\x06\x97S\x15\xf0\x22\xa7\x1e\
\xf0(wT\xb7)j@k\x0d\xe6\xb4\x8e_\x17\x12\
L\x04\x0e:\x99\x1a\xc1ehz\xc0\xf6\x1e\x9e?\xc6\
:@4 G\xbb\x84\xb2(\x0ds\xcb\x96\x09\x1dh\
~2r\x046\x16\xdd\xeb\xd6$\xb40W\x0e\xe6C\
\x8e\x90\x11>\xb8\x14\xa4@r\x0f\x97,\xe2-\x18_\
&9 \x83\xc8\xfc\xc3\x00\xaa\x1bS\xc4\xc2\xd1qQ\
\x82x\xb8\xf3n\x22\xe8<\xdcCH\x81\xa4{\xfe\xf2\
\xc5*\xd6\xdf\xa9\xf7\x05\xc1\xd0\x15^\xb0\x1b\x86\xd5y\
:\xdb\x94p\xb8\x9c:}\xca8i\xcf\x83\x06\xd3e\
\xdd_\x98J8R\xbb\xf8\xc8C5\x91\xdd\xeb\xf3\x01\
u\xe1\xb3\x83\xdf\xbcyS\xad\xe7\xfe\x93$\xf6$/\
3\xb9\x80\xb4\x83a\xe5\xc1\xba\xc2\xde\xd7\xde&\x91\x88\
\x1a\xbfz\xc1\x98:\x0e\x83&[&\xc9=\xfb\xcaS\
\xb4\x0c\xe7\xff\x00yuSZv\xcd\x8d\x9b\xe2\xdf\x99\
q\xd7\x82\x15\x93\xcb\x10a@\xf0\xed\xc3\x80`\xee\x12\
\x0b\xe4\xc6\xd4\xf1h~0Y\x86\x89t\xc2Y\xeb\xe8\
9\xaf\x19-\x8aI4mq\xb6\xc9\xe3'\x11BH\
\x1d\xfe\xae?\x1d\xa065O\x9f\xdc\xc3O\xa8\x04\x0e\
\xa2{\xd7\xcc\xbe\xa2\xa8\x83\x9amQ\xe0\xebj\x18\x00\
\xe48@\x1c\x07\xe0;\xe5\xab\xff\x00\xe6x\x80:\x81\
\xe4p\xcd\xa1C\xcf^g\xf2p\xee8\xb4K7y\
=y\xf5\x9c\x9e;~:#\x89-\xf5\x829\x1a\x9b\
\x885\xec\x89=\xe4~\xae\x82\x85\x10~\xb7\xab\x88\xd8\
\x00\x07b\x87\x98\x13\xdc\xc1\xda\xd8\x80l}\xe2\x01\x80\
\x00k\xf9\x8ax!D`\xb8\x00\xd4\x13\x04\x12\x12\xb1\
/\xe3 /Q\xf5\xd8\xae\x03Wh\x07Z\xcdj\xf9\
HG\xd6\x181\x01\x1b\xed\x85\xa2\x19)\xc7/\x81\xcb\
I\xfb\x9c\xe3\xc8\xbb\x03\x19D\x05!>c\x10\x91C\
k|\xcc\xbat\xa1U\xf7\x880\xbd\x0b\x07\xc6\xf2\x00\
\xb6\xdb\xd7A\x8f`t\xd9O\x09\x8b<\x0a\xb9\xa4\x80\
\x83w\xe7\x11`4S7\x82\xc6c\xdd\x8d\x18\x9a\xee\
4\xf9\x87\x84=-\xbfY4%^\x81\x8f\x04 \x8b\
\xc6 \x22\xa87\xfc1\x8d\x99\xe1\xef\xa63\x04\x9aW\
\xbe\xb7\x89\x10F\xd3\x81\xe3\x07\x00\x07b:0\x901\
k[\x7f\xf7\x8d\xad\x11gw\xce*\x92\x1d\x1d8\x00\
gI:\x1c)\x15\x1ax\x9e\xb0!\xa4\x86\xdb\xf8\xc8\
!v\x80w0\xeb\xa4\x1a\x7f\xbc\x86\xe0T\xde\x9c\x0e\
\xde.\xf9\xbe\xb1\x07Q\xfb\xde\xb0\xefu\x1e\x87W)\
\x81\xb7_\xc3\xfce\xb8V\xae\xbfL\x15\xde\x03\xea\xf9\
\xe7\xacM\xba\xbe\x8f\xbc\x7f4\x94\x1a\xfde*\x09\xbc\
\x03\xe6\x22CaG_\x98BwF\xad>e\xd8D\
\x0e\xbd\xb2\xdf\xda\x1d/\xdc\x0c\x09\x08\xe1\xf1\x8d\x8e\x1a\
\xa8\xef\xc6)s\x1c.\x0f\x1b\x994{\xb8\x0c\xd0i\
=\xf3\x8b1\x09\x0c\xc6\x92\xe0\xd5a\x22\x00\xd2\xc6\xfe\
b\x88\x01\x80\x92oxs\x04A\xaa\x0e^\x80\xb0\xb0\
\xbe\xb2\xac\x90\x10\xdb\xf3\x17kP\x1d\xbe\x93\x17l\xca\
\x10C\xa7!\xebGz\x07\xdc\xe3\xd6\xda\xc4n\xf2\x0e\
0\xf6\xdd%\xc9\x8f\x08\x87\x95{\xc1\xbc`\x81\xd3\xe3\
' \x17\x9e\x0f\xb9\xcd\xd89\xf0\xc4\xaa\x1b\xbbW\xe6\
8\xb1H/8\x8a@Qkz\xc4\x0a g\x03\xdf\
\xb9\x86\xdb<_\xfax\xc9 `\xd5z\xeeb>\x93\
\xff\x006!7ES\x9b\xef\x08A\x92\x0e,\xc8e\
\xb0\x1e\x03\xd6F\xcc\x1b\x1c\x1eq\xdc\x8b\x02\x97\xf8c\
NP\x01LN\xef}\xa7|\xcb\x97\x04egL\x1a\
=\x0a\xf0\xef\x00\x81\x16&\x9f\x86\x17\xa9\x14\x0a\xbbH\
h\xf0o\x10i\xfa{\x82\xa7\xb7\xd6\x15\xcec\xa8\xaa\
\x17#\x7f\xc6\x01\x87t\xb4\x9bc\xde\xff\x00\x835\xc9\
\xa0\xba\x8e\xfe\x1b\x841\xdd\xd2v|\xeb\xce!k\xe3\
zW\x8boG\x1ba\x80\x14g\x00\x03\x80\xfc\x07|\
\xb5\x7f\xfd\x09\xbe\xc3\xd08k\x82\xedJ!\xfd\x02\xe1\
\xe9\xb5,A\xae)\xfe\x84\xb8V!\xee\xdc4\xfd\x22\
L\x90\x02\x9e\x85D\xf1\xef\xde\x00'\x19\xc6D\xf3\x0d\
OX\x01\xc0\xc5$\xa9w,\xbe0\x04*\x81\x5c'\
\xbcA\x00QP_X\x12\x1e\x0b7\xf9\x80\xb7P]\
\xa7\xcc\xac\x92ZhC\xceh\xcey\xd8<\xe1\xa4\x1a\
\x09\x91\xf5\x886\xa2'\xb1\xf3\x8e\x01\x06\x06\xbe\x8e1\
vE\x18OyK\x1a\xa5\xd8\x1fpp`\xa3\xb3\xf3\
\x00\x80R;\xbeq\xd74\xd0\xd1sa\xa7\xa1`\xde\
\xf0\x09x\xd9\xf1\xeb-\xc6<\xb7\xf8\xc1D5\x07\x8f\
x\x1do\xc8R\xf9\xb8Y\x0cM\xe6\xfdd\xf4\xa0\xeb\
\x8a\x18\x81E\xb4\xc4 \xd8\x85\xe4\xfa\xe3\x0c\xf6!x\
2\x1f\x92M\x93\x05(\xa9W\xa7\x8c7\xa6\x9eG\xac\
a\xf4\xb6M\xe0A\x00U\xe0\xf1\x9c\xb7]\xdb\xa3\xff\
\x00\x8c^\x82my;\xf8\xe6\xa0\x94\xdd\xbb\x8b\x88\x12\
\xe9\xee\xe1L\x9dJh\xc1\xdb\x18\xee\xe9\xf9\x93\x04i\
\x0bY\xeb\x1c\x0cV\x03\x10\xc6D!\x96^\xe4\xab\xa5\
\xf5\x87u\x01\x07\x9f\x8c@&T\x9bnA\xbb*\x1e\
>\xfe`Yb\xe3\x7f\xe9\xc60\xa8&\x87\xc7\x93\x15\
8\xd3\x97\x9f|\xf5\x9a\xea\x8b\xa3v\xf7\x88\x85\xbc\x14\
<\x1c\x7f8e U\xd1\xf5\x8a\x1d3M\xe4=a\
_t\x10\xac\xf3\x9c7\xa0\x0e\x13\x14\x12\xb54c\xb8\
$\x1f\x0e6\xe4%Y\xb1:\xc5\x8d!IO\x17\xd6\
+in<{\xb8j\x98\x93\xeb\x9cI\x5c\x85\x0d7\
\xd6h9\xa1\x18\xa8\xa0\xf9M\x9d\xcb\x84\xe8E\xa0\x1a\
y\xc2 \x19qC\x1d\x06)\x12\x1fL\xd4@B\xa1\
}\x8c%%\xd2\x1c\xb8q\x1c\x94\x10O\x0e<\x90\xed\
5\x82#\xc9\x11\x91\xf5\x9c3\x1av\xe9g\xdcxt\
\xdd\x85\xef6\x04h,\x1f\x0e\xf1\x95\x9d{\xe0\xfaa\
\xb64\xe7!\xe3\x0d\x09\x07{\xb6x\xc8\xba\xb0\x85\xdb\
\xe9\x8b$\x9c\x16\xef\xaf\xccT\x02\x80\x10\xe1_5\x8f\
\x8c\x5c@\xe2W\x93\xb9\xef!\xac\x1a,n\x05\xe4K\
[\xbe\xf0/&$\x92\xe3A\xc8\x15\xc0z\xc9t\xf4\
\x15\x94/&nQ e\xbeq\xe1\x88\xfb\x1eqJ\
#D\x0e\x1f\x16\xe6\xa9\x89\xb8HF\xca\x9c~a\xc7\
\x12\xd1\xcb\x1al\x0e\xe6\xae9JfS\x16,\x8b\xd2\
\x0f\x17\x095@$+P\xd9\xfe\xe6\x1bv\x94\x98\xb9\
\x89\xe5\xfcg\x0c\x8b\x1a(\xf2\x03\x86\xef\xdeC\xff\x00\
\xb6\x0a\xdb\xf4\x95u\x0d\xa8d\x11!\xaa\x10\xe0zz\
;\xe5\xab\xff\x00\xea\x1b\xef\x1bI\x8d\xb2]\xa9m=\
@\xd3\xaf\xdd\xa4S@%\xc3I\x0f\x09\x82\xc7\x84\x09\
4'\xf9e\xa1\x17\x97\xaci\xa73S6\x1f\x18\x5c\
\x83\xc0\x84\x5c\xeb\x8b\xa2\x90\xaa\xba\xdf\xae\xf9\xc7ZT\
V\x8b\xe7\x01\xc0\x91T\xaf\xac\xd9j\xa0\xe5<8z\
DP\x13GNy\xa7j(O\xf7\x9a:\x10L\x9f\
0%\xa4E;ur\xab\x11\x83V\xeby\x02\x14\x0a\
4&[\x0d\xb4\xec\x0c\x13\x80\x00X\x18Mi\x04\xdf\
\xee\x02IHl\xbe\xf0\x1c(\x07\xa1|\xe3\xae\xc1C\
\xfc`M\xc0\xd1w>e\x8e\xc2\x83Z\xe68\x07m\
\xe9\xc8N\xf1\x9e0\x82d}bG\x94\x12\xdb\x812\
\x0c\x8d\xbe\xb3q\xa1\x11`\x9f\x5c\xb2*\xa5t\x1fq\
\x02HJ\xc8\xf9\x87 \xa9\xd9|\xe4\xdf9\xb5\xaeS\
\x96-\xb0\xbew\x8f\x1a\x06\xd7\xae\xb0I\x03\x9a\xaf\x87\
\x8f\x99\x1fk\xc9K\xbc<\xcf\xfc&\xdb\x87(:\x1a\
N\xd8AA(\xff\x00\x86;E\x0c\xaf>27T\
M\xaae\x01\xdd\x17\x8c\x02n\xa6\xaf\x060\xd8\xdbv\
\x97(\x81D.\xdc!w\xaa\x0e\xfe\xb2-\xd8,\xe1\
\xf4\xf9\x92\xd2\xf9\x9f\xf4\xd6IA!\xbeO8&\x19\
i\xbb\xf7\xf9\x80\x08@\xa7\xb7\xbcx\x11\xa6\xcfG\xfc\
\xe0Z\xcb\x15/}L\xa3\x9b\x81\xbc\x86\x02\xb0\x0a\x13\
\x94\xc3\xf60\x03\x84\xc6$\x02\x8e\x97\xd6V\x04@\xbc\
\xdcA\xa5\x0b\x1b\xf9\x89\x80\xe5\x02\xff\x00\xf3\x0c^H\
\xe2<\xdc/q4\xd3\x9e\xfd\xe5n\xf5\x86sLa\
\xd7u\x18T4$\xd7\xfb.*a\x10f\x22(\xc7\
\x87\xe3 \xba\x86&\x9ffDd\x14\x95\xf6\xc2\x97\xa9\
\x0b\x5c\xdeH\x8c\x10\x97\x87\x16i\xbe\xa2\x89\x93T\x80\
4\x93\xc6]\xc1Q\x1b\xe9sJ\xde\x85V\xe1\x19\x08\
'@u\xbcB\xd3\xd8t>\x98\x8aB&\xec>a\
xZ[\xbc^%N\x0a\xe2r\xe6\x92\xa6\xf5\xbf\x19\
tb\xa2!\xff\x0034\xa3~\xee\xbf\xe8\xcb\xa4\xb0\
\xf2\xe4\xeeg\x22\xe1\x167\xbc\x1cU\xab6\xde\xee\x14\
\x05\x101\xdb\x1b\x19\x83\xb5\x81\x88\x15\xd0\xdf!\xea`\
\x19\x01\x1aU1D\x91\x08v\xf3\x88\x0a\x0d\x14\xea\xf3\
.\x09\xc2WXJd\xa0\xaf\x0c\xbd\x00\xa5\x90sa\
\x87RD\xbb.\xebV6\x1e&94\xdaR|\x0b\
\xd3\xfb\x8d\x85\xc8\x22[\x18p\xff\x00\x99\x90\x0d\x00\xae\
+\xc0\xe5\x7f\x8c\x15\x9dS\xb9n\xf8\x01\xbf\x81T0\
\xc8\x80\x124p>F\x8f\xd6\xaa\xff\x00\xfb<\xe2\x10\
\xde\xc7\xa4v&\xc4\xb8Y\x95\x84\xcdj\xc1\xc2~6\
lLh\x94\xd0\x05\xba'\xdbY`\x99-\xf5\x9aI\
<%\xc5>\xe4\x14\x11\xb1\x07.>\xcc\x04J\xa9\xaf\
Z\x83\xcb^\xb3|,bX\xf0\x0f\x0e\xfd\x8e\x1b*\
\xcbR\xbe\xe7\x12z\xbd\x9f\xb9I\x08\x90!\xfb\x8c\x00\
\xd4t\xa1\xff\x00\xbc\xa4@\x00\xb5\xbfF\x02{\x1e\xe3\
\xcemR\x91\x1e\xfc\xfa\xc1\xd8J\xac\x83\xff\x00\xbc\xad\
\x1c\xb4)<\x18\x00\xe8:\x03\xe6j\xa6\xa0\x0d\x983\
\xca\x90\xd9|\xb9\xb5VDH/\x93\x05\x89\xe0\xad\x9f\
\x98#\xa0V]\xcf\x98\xa0\xd1D\x1e<8\xf3\xc3\xa9\
(LVPlf\xefX\xac\x11!\xdd\x98\x86\xec\x81\
[\xf774\x11\x8d\x09\x8cwU+\xa0\xc7\xceA+\
\x1f\x83\x01\xa9!\xf3q\x0bj\x03_\xd35\x18\xaeH\
W\x87\x22Ar:0\xa8\xf2\x17\xfc>c\x22z7\
\xab\xbc\x0e\xb9j\x96y\xde\x1c@\x11\xa2?\xef\x08\x04\
\xb1\xb7\xf5>\xe4\xd1Y\xafl\x02\xa7\xba\xf6:\xde8\
I\xaf2\x18r\xcd\x1d\xf82\x06\x15\xa6\x96x\xca\xa0\
\x88\xf60\xef\x10\xa8;\xbdc(\x11c\xfephV\
\xda\xbf\xf4\xd65<\x8dV\xd2\xee`Y\x1d\x8d\xd9\xe7\
\xf3\x0e\x88\xc1\xf6wp=V\xf6\xdf\xfao,F\xf2\
\x9e\xfa\x98\x06\x16\x01:z\xc1\xa3\xcaD\xbfW&\x85\
\x98G\x13\x08{T</\xac\xb9\xcbD^n%S\
\x11S\x9f\x98\x09\xfaP8\xeb\x0f\x8aT&\x83\xcd\xc8\
p\xc94\xd2\xf3\x97~\xe6\x15n\x13\xc0xuY\x01\
'\x8d\xdf2\xe2\x1c\x873\x00!\xa8\x97\xfc\x19\xb1\xfa\
\x84\xd3\xf9\x88(\x08\x94\xdb\xec\xc5\x03mE\xae;h\
H\x10\x9e\x1cZF\xf22\x84\xcdn@h\x89\xe37\
\xa5o\x17).J\x90AU\xf7\x8fC#\xb4\x1ci\
\xc8Et\x0fF\x06\x9a\x01]\x81\xeb\x1aP%\xfb\xca\
\xa05\x1c\x9e\xbee\x04Q6\xef\xee\x15\x16\x15\x22\x1f\
\xef4\xb6i+_\xf4cQ\x10\xec\xf2w?1\x1d\
\xc7\x0d\x8f\xbf\xccH\x186-\xfdeL\x05,t8\
\x17\x01\x89\xfe\x86;\xcc\xc0\xdf\x8e\xe6\x05\xe3\xa4y1\
\x99qB\x1c\xb7w\x15\xb44^\x97\xc5\xc8\xe6\x07c\
\x09\xe2\xc1Z\xf5\xfc\xb8\xbe\xa8,\x074Sb\xa5\xc4\
\x98\xbc \x85\xdd\xf9T\x0e\xb1a\xb4iT=%\xeb\
\x13\xb1\xd4\x01-\x8c\xeb\xa9\xe6`2#x\xbd\xa8h\
\xbbx4U\x0c`\xb0\x9c 8\xe8U\x87\xebU\x7f\
\xfd\xc2Xv=='\x84v=e\x1b\xe5M\xbe\xde\
\xbb\x148i\xd8RE1j\x1c\x92^\x9f\xdc#t\
\x19\x04F#q\xff\x003:`\xe2\xb8\xbc\x0e_\xd3\
\x1d\xf8\xb6I\x1e@hn\xfd\xdc\x8a\xf0\x03\x826|\
W\x83\xc6\x0c\x18\xbc\x97\xf7/\x13\x12\x04>3\x12\xc6\
\xe6\xb6\x0c6\x5c\x00]|\xc2\x921\xe6\xf0K\x93\x1c\
\xc9\x1b\xfe}b\x88\xbe\xfaA\xbe\xbc\xe4\x99cf\x8d\
\xf8\xc5\x18H;\x1e\xb1\xdc\x09`\x03\x80\x1dX\x00R\
\xfb\xc1\xb5\x14\x88\xe8}\xe0*\xc4\x15\xd9\xefY]E\
.\xc9\xe3!\xd4\x96\x84\xd1\xd3\x8ao\xea\xbb\x13\xfd\xe2\
\x12m\x06o\xd6\x02DO\xa9\xc5\xc8\x8b\x05\x06\xaf\xdc\
\x11B#\xd0\x98j!\xd1JOX\xcb4\x12\xb6\x1e\
\xb0\x1c\xba\x04\xd8\xe4(\x98N\xcb\xef\x0b\x09\xa6\x96\x17\
\xce\x1e\xa1\x87\xfc\x18\x96QQw>c\x1c\xc5\xb7\x92\
\xf0\xe5\x03\x93\x82\xd0\x98\x14\xc4\x85H\xe0\x0b\xa16\xfe\
_\xce\x02\x0aA//X.\x14\xba\xf6:\xe7\x18\x1f\
\xceo\x8f\xac\x97\xe4\x8a\xbc\x1f0\xad\xb8\x96\xe5\xc5\xac\
\x08\x0b\x8es\xc6\x0fy%\xd0\x14\xe3\xfe\x98\x13\x97*\
\xba\xfcch\xc7^U\xb9\xef\x00\xce\xa3\xa8\xc7\xde\xf0\
6b\xe0\xf0\xf7pS\xb1\x5c\xdf\xfao\x04B\xe2\xd3\
\xbe\xa6\x1d\xd7 6\xa6\x02\x13\x14\x01\x88{\xc0\x01\x84\
'\x89\xef\x00\xdd\x92\xd7\x17\xd6_\xb9\x09y\xb8\xa0\xf7\
\x95S\x9b\xe3\x09@\x8c\x1f\xe7\x06\x93\xb27\x0f,\x09\
\x18\xd1$\xaf9\xdc\xe9\x8e\xcb\xe7Xc\x11\x06\xbb0\
\xd9\xd1x\xfb\xe6\x5c}q\x8a\xb3\xa6\xf1\x14\x18\xa5\xfe\
\x0c1\xe1bk\xd8\xc0\x90\x00\xd9_a\xc1\xbfR\xce\
\xdf\xf9\xc2NDF5\xee`o^\xd9B\x7f\xbd\xe5\
\xf4\xc0\x0fS\xada\xb3\xbd\xc5\xa3\xc5\xcb\xd1\xc2\x07\x9d\
\xf7\x82\xb0\x1b'\xa1\xa6\xb2^\xed\xd7d\xf0a\x8a\xa1\
+\x11\xe8\xc22\x08<\x8eN\x8b\xe1\xaa\xff\x00\xacP\
\x86\xec\x9d/M\xc6\xe3\xc1VC\xacJ\x01\xce\xddi\
\xe3\xe66*T\xbc\xe2kh\xd9\xbb\xde\xf1\x10\x04t\
t\xe0\x18:X\xe8pNZ\x1al\x9e\xb2\x08\x18%\
n\xbd`\x82D\xff\x00\x91\xceDhJ5\xb7\xde \
\xea\xba\x9f\xd1\x90\x82\x89\x8c_\xef\xc1\xda\xe0@\x18\x19\
M\xdd-\xa8\x1e\xb1\x22\xdb\xca*\xa58W}\xe2F\
\xa9\xae\x8b\xba\xfdT\x9db[\x93\xb8\x07o\x9b\xac\xad\
i\xa2\x13\xadP\xd1\xd9\xc6\xa5PO\xcb\x1cB\x1c\x07\
\xe0?Z\xab\xff\x00\x80s\x924a4C`b'\
\x09\x81tC\x84\x8a\xf1\xa0\xfd\x0a\x9a\xa0_\xa0@\x81\
\xe1\x9c\x9b\xe3\xc8eN\xb4\xba\x8b\x889\x7fL\xaa\xb1\
V1\x90\x1c+\xfc\xdc\x044T2:\x16\xf6~d\
N\x8ar\x18\xed\xa4.\xe7\x19T\x18\x16!\xf3X\xa7\
\x03U\xa0\xf9p\x1d\x02m\xc9\x89 +F\xc6\xb9\xb8\
\x8a\xd0\xa0k~s\xc1\x09x7\xd1\xde<\xc3-P\
\xdf\x18\xcaj+\xe9\xc6\x08\x04\x1d\x09\x88\xbe`j\x83\
\xfb\x85\x8a\x16\x1d\x0b\x8f\x22\x90\xa3o\xcc\x1d\xe0vm\
\xfb\x88\xde\xa3B\x09\xe1\xc1\x01\xc9\x8e\xc2\x7f\xbc4\x11\
\x00Z\x9f2\x9f-\xc1\xcb\xceL\xe0\x82-\xbepU\
.\xc9\xd4\x1b\xc6\x05&\x9b%#\xd1\x8e~\x99\x0e\xc3\
\xd6j* M\x98d\x8d\x90l\xbc\xef\x04\xa4\xd2\x8e\
\x05\xf5\x82x\x05\x5c\xbf0|\xda\xac\xbbLdq\x04\
\x04\xd5\xed\xc0x \xee\x8f\xa6\x0d\x04\xe2\xb28\xdf\x0e\
\xa6\xd7\xdaa+\x9aR\xd76\x88\x15\xb4\x1f\x1c\xe4\x22\
\x1bo\x07X\x04\x8e&\xcd|e\x83B[\x0bZ\x01\
\x80\x81B\xa5'\xf2\xc1 \x00\xb7\x0f\xccH\xcek\x8d\
\xfcc\xd6\x9c\xec\xa7y\xa0\x14\xe98y\xde\x06\xe0F\
\x9d=\xe1x\xda\xf6\xfe\x8f\xb8\x01\x03[\xf9\xea{\xc5\
YTM\xbf2\x94\xc3\x8b\x13\xa5\xc7p\x05\x07\x13\x16\
\x98\x81o\xbf\x98\x81\xdc\x8f\x95\xf5\x9a}\xf5A\xcd\xf0\
\xe5%\xb0\xd3\x83\xee(\x80\xef\x802T8\x8d6\x17\
\x92f\xc8\x82\x93\xb2\x9d\xe0\xe1q\x10\xe7}\xe3\x0f!\
\xe0\xef\x99qg(*\xc9\xa6\x15\x81B\xc8\x98\xf6A\
\xe8Zy\x98\xecA\xec\x19\xbe\x13u\xe7\xfep\x83)\
\xc0>8\x00\x06\xce\x94'Q\xc0L\xd2\x07\xfck\xd6\
\x1c\x04\x15\xb8m\xc5\xbep\x8a\xe1\x8e\xf9{\xc4\xdc\xed\
\x14!\x8d\x08%\xad\x81\xe9\xc7\x19 ,C\xe6\x1b\x98\
P\x1b>\xe2Z\x84\x83K\xef\x05D[d+\xc3\xbc\
\x0c\x90*\xbcx\xcd\x8d\xedZ\x7fO\x99\x1d\xd7\x90\xb9\
\xa1\x05\x10<\xbfq\xce&\xd0x\xc0F,\x9b\xc3\x84\
\xf3t}'\xac\xd80H\xd2\xf6\x984x\xcd\xdf\xff\
\x003\xc0\xc9I\xe7\xde+{\x8fX\xf4~\xba\xc7.\
\xf4P\x13\xa7TB\x7f\x18\xc0\x04J\x03\xbb'\x94\x0f\
X\xc0\x9b\x08v[\xa9\xc2\xf3\xef<A\xd4\xafu>\
\xd2u\x85\xc6\xa4\xe3\xc8\xed\xd2t\xc0\xf6\x82\xe5`\x09\
@6\x17\x90\xc3\xb6\xad_\xfc\x13\xaeZ%\x17\x95\xd0\
v8\x02\x11\x81\xb6\xa8\x1d\x0b\xed\xd3N\x92(nZ\
\xc3\x80\xdd\xef\x9f\x18\x22\xf0\x0dH2\x03\x85\xff\x009\
Hd1\xa2{\x16l\xc8Ii1^M\xd2.\xf0\
E<@\xa5\xd0\x7f3\xacA\xcd\xd4\xa7\xe7x\x98s\
0i\xe8q\xc6\x01U6{\xb8\x14\x07@\xd1\xed\xb9\
\xa55\x17\x83\x9a\xca\x83v++\xe0^K\xed1\x87\
\x08\xc1\x0f\xd6-\xc3C\x8a\x1fn\x075$\x88>\xcc\
C\xc0\x91\x5c\x0f\x9b\xa8\x9bq'\xc2B\x0f\x8c\xc6\x01\
\x1b\xa3\xb0\x7f9U\xe0\x02M\xfa\xf5\x83T\x1f\xccN\
p\x07\x89@\xcd\xf9\xc1\xf7\x84\xc87\xfd\xe0\xb8\xd3\xa1\
I\xe0\xcb\x0a\x10\xabOX\xa6\xcdA\x08\x9fp\x1c\x0c\
\x00\xd8}\xc6\xbe\xf3\x0e\x85\xf2d^RW/\xcc_\
'J\xb6<Lf\xc8\x95\xc0\x87NrW\xb6\xd4\xc5\
\x97)\x13&\xfa\xc4\x04W\x82yy\xc0\x98SCk\
\xef-\xe3`\x96\x0d\xe3\x00*o\xe1\xe2\x99\x04\x05\x02\
\xa5>0\xda\x99-\x81\xacc\xd8\xfc\xf5\x8a\x94\x15\x15\
\x11\xff\x00y\x01\xa0g\xb9\x83\x00m\x83g\xccP\xd8\
\x1d\xf6`\x81\x8a\x1e\x87{1@\xc0#\xa3\xde\x17\xe8\
\xadp?\x1fp\xb2\xb6B\xf2\xff\x00\xce\x09\x8c\x84\xda\
\xfa\x9e\xb2M\x93\xd3\x10\xea\xe3D\x98\x07\x1ac,\x10\
\xda\xf3\x80`\xd8\xf9\x5c\x0e[\xd6\x1d\xdfx\xd8\x8df\
\xbc_y\xb0\x81cL$\xdb\x04G\x99\xe4\xc4<\xd4\
#\xf9f\x8d:\x1a\xdb{\xc1\x82\x06\xd0\x93N. \
\xf2\x95Ri\xe3\x10\xa8\x09\x92f\xc7\x1aP\xb4\xf3\x9b\
?\x90\x12\xc7\x9c\x90R\xa0?\xed\xc3^\x00\x1f\xf1\x93\
\xa8\x08\xde\x87\xa9\xe7\x10z@\xbf\x8dz\xc2\xf8\x1b\x9a\
/\x1c\xdc\x10#V\xce|\xfa\xcaC|\xa1\x07\xae\xb0\
c\xbchR=\x18\xc3\x14\x03\x80z1TE\x0ba\
\xc1|,\xa2\x97\xdeo$@p/\x9f\xeb\x08\x0c\x94\
z\xe81\x88\xecm\x7f\xc3 \x92\x0e\xcd\xbb\xc1\x8cD\
\x97o7\x1dp6\xd7\x0e\x0e\x01\x02\xdcz\xc1\xef\xbd\
\xf91\x08\x94\xdd\xa5\xf4\xce\xc0\x9a.\xfd\xf3\xd6s7\
\x0d\x8f\xa9\xde\x1b\x8a\xa0pe\x1e\xe5\xe7\xc6\x0b\xa1\x88\
\xa48kTBb\xdc\xab\xa6\xb7\xbfb\x07\xac\x84\xc1\
\x93\x0f3tp\xf7\xef\x1c\x91\x01\x11m\xab\xd0\x0d\xa7\
C\xdc\x13Q\xe0\x09U\x03\xa5\xfd]\xbb\x7f\xf0\x81X\
\x01x\x0e_A\xff\x00\x8e3H5\x04\x8688\x07\
\xe1\xc9\x88\x98\x1em\x0dv\xd11\xaf\x01d\xe0\xe4\xe6\
\xcd\xdc\x1d\xc9\x80\x86\xde\xceB\xff\x00\x8c\x83D\xdd\xb1\
Q4%{?r\xabG\xa5-\x08\x1c\xea\x16\xe2\xb5\
\x10\xb3\xdf\x8b\x83 \x09\xaeq\x0b\xf4.\x87\xb8\xe0_\
I\x07\xfd\x06Z`\xadL>ET\xb6\xf3.20\
\xa3Bi\xbc\x1b\x05\xca\xcd\x13\xd3\x84`\x86\x89\xaf\xb8\
3\x8c\x8e6\xfe\xe0\xdf\xb1\x83\xfc\xe3\x08\x94CO\x9a\
\xc8\x00\x1d\xad\x0f\xc7\x11d!G\x19\xa7\x01[\x9b\xe2\
[\x87\xb5\xcd\x03[\xf3\x82>\xcdM7\xd1\xde>\xbc\
\x0bE\x1a\xf5\x80\xa4\x90u\x18\xfa\x83b\x11>\xb86\
z\x04(w\xde\x1d6\xd2:\x1ffR\x07\x02\xb4\xfc\
9r\xb5.\xc9\xe3&C$\x08Ox\xa1\x11\x12\x8c\
\xa1\x8e\x01\x80\x8c\x93\xc6N\x90oA\xcb\x8b\x8e\x0e\xc2\
!\xb5\xf7\x9e6\xe0X9\xbbb*\xf0t\x18\x82\x0a\
\x82\xbb>0\xcaC\x0f\xf7\x87TH\x00\xd2\xf9\xcdO\
\xd56\x03\xe4\xc2g\x0b\xb6\xe3\x00\x8f\x02T\xce\xeb\x83\
\x1e\x17\xce\x1b\xc0\xa4/\x07\xd3\x00\xc0\x84\x8c\xe5\xc6p\
[\x13\x7f\xf0\xfb\x87\xc8\xbd\x8d\xab\xd1\xeb\x0e\xab;W\
]o!\x1cN\x07\x83\xab\x8c\x0fa\xf8?\xe3&\xdc\
#v\xdf?\xd6\x08\x1a\x84]\xaf\xac\x9b\x1e\xca]\x8f\
\xbc\x80U\x0b\x18\x1f\x7f0V\xaa\x95\xd3\x1f\x14\xd1\x17\
a\xe4\xc1Cd#\xa7|\xf5\x89E\xc8Wo7\x0d\
U\xdbe\xfc?\x9cgM\x0a\xa7\x1e'\xee\x08\xea \
^\xff\x00\x18v#\x0dU<\xa6R\x99\x00xy\xc7\
\xe6e\x11\x89\xa2\x08\x9cz\xc5\x1d\xa9_\x0fQ\xc5\x80\
 \x89\xe3_\x86m|\x88\xd1\x1d[\x9c\x8a\x10\x1c\xdd\
o\xd6\x12TF z\x99:\xd9\xa2\xa2=\x1f\xc6q\
{\xc2\xe4\xfc\xfc\xcd|p\x10\x98\x08\x85\x90l\xbe\x5c\
\x1a\xc2\xd4\xe3l\x02\x06m|=\x18\x83\xba{;q\
\xf3\x0e)\x1a\xadq*\xee\x88\x9dY\xe4\xcb\xd9\x03\xbb\
\xd0\xfe\xe3!\xa6\x9a\xf1\x9bA\xd9\xf8\xf5\x88\x12 \x85\
\xba\xf5\x8c\xceF\xda\x0f\xbc\x22\xcfzJ\xe4\x8eju\
\xc4\x99i\xc0!\xd1\x14I\xc2\xf3\xbf8\xc5$\xc0\x02\
\x94S\xa5\x19&n\xb5\x01\xb5\xbe!\xe6Y\xc6Y\xf7\
\x89;\x14\x8dr<\x03\xf2\xc7wAY@\xe8\xff\x00\
+\xb7|\x7f\xe1B\xc9\xcdAp\xfd'\xf7\xb1\xd3\x81\
<gG\xb5\xcf\xadNJ\xf4\x8e\x1bm_\x8b-\xf3\
7r\x0dF\x1a\x0a\xc7\x96\xc0\xff\x00XQ\x10\x8dJ\
\x1b\x8dWCq\x7f \xa0\xee\xb1#`M\x98\x02\xe1\
\x1cl\x96\x0f\x8f\x07X\xc0\xa2GS\x14\x11\x22\xf0<\
\xcc\xb7\x8d=\x97\xf3\x13\x0aA5\xaa\xc0\xd2\x8f\xbb\xcc\
\xb2\xe3z\x1b4\xf2\xcf\xad&q=a\x1c!\xd3\x9f\
x\xef\xf4\x01*\xfb\xc0l\x07\x86)\xcd\x22D>b\
\x8c\x0a\xa1\xaf\x9b\xc1\xc2F\xc7\x187\x91]M\x9e\xf0\
\x1f\x9c\xd04{qF\x0b\x8d5_1\xb5\xdf@F\
\xf8\xc4\xd3)\xff\x00:d\x14\xe1\xa0\x1f\xa78L\xc9\
\xe0\x8f\xb8\x05\xbfp\x90~\x18\x8a\x90\x82\x82\xe1\xbbS\
\x0b\xb7\xee&n\x94\x08N\x87\x04\x81t!CX\x91\
LF\xc4\xf9\x82\xa2\x0a\xc3uqq\xed\x90\x88\xdf.\
x;\xadA\xb8\x01\xac\x0a\x8e\x9d\xc3\x00\x9a<n\x87\
9\xa7\x1a\xc4$\xefyi\x90\x03\x9a\xceA\xbdX\x0d\
\xeb\xee\x1d|\x08n\xff\x00\xeb)A\x93j\x9f0C\
\x98w\xc9\x82\x90l:\x1fL\x82\xf0F\x91\xf1\x97`\
\x16\x8e\xdd,\xc0m$k\x97\xacNq\xd2\xf4\xd3\xf3\
)\x01\x9bt\x9d1r\xae\x0e\xda\xc2\x9eCk\xcf\x9c\
\xea\x82\x97\x9b\xeb\x1dRl\x0e\xc7\x00\x99\x00\xc6\x07\xfd\
0*v\xa9u\x8b\xc48m\xaf\xc4\xca\x90\x1a\x87#\
\xf7\x12;\x00D\xef{\xb8\x08\xa5\x1a\x83\xa7\x87\xf3\x80\
\x0d\x84\xab\xd3\xd4\xc0U\xa8\xbe\xc3\xae0E\x13\x85S\
\xde\x15\x8a@\x0e\x98\x98\x1e\xa29~\xe4\xdd\xc4#\x8f\
S\x19\xd15\x5c'S5\xd0\xc4Or\xe6\xdfwY\
\xbf\x16\xf9\xc0\x87h\xe8\xdb\xcf\xbc8\x08\x9b\xa0\xff\x00\
\x1d\xe6\x87H\xd2\x88\xf4a\x0a\x8b\x1d\xcf\x998\xdf\x80\
D\xfa\xe0\xdaX\x00\xda\xe7xn\x01\xb0tW\xbf\xeb\
\x0a\xf2\xa2\xa5\xd7\x83:\xb8\xa5\xdd\xe9x\xf9\x86\xaeJ\
<vb\x98\xa47\xd0\x991DT\xb0\xbf\xb8wD\
\x0e\xe8\x9f\xe7\x06\x1dN^&i\xe8\xa8\xed\x09g\x97\
\xd6h\x94\xd3\x02\x05\xbbR\xce22\xe4\x0e\xc1iw\
RN\x8c\x02\x85\x98\xe9\x85\xa4\xe2\xf3\xbf8\x0b\x15V\
\xb8\xc6\xed%\xd2s\x9ai\x98\xc4\x0a\xa4\x0e\xb5\xc0\x17\
 0\x87\xd9-\xb0\xff\x00+\xb7\xd7\xfe\x1c\x05\xba!\
\xc6\x9b\xfc\x9c%\x1d8\xa0\xaexaU\xe8\xec\xe5i\
\xd2,=\x81\xc0,N\xdb\xff\x00\xbc\xf6\xe7\xe4\x0d\xc6\
\xb8\x83}\xe1\xb5\xd2\xe3mcN\xa4\x93&6\x19 \
\x8a\xba\xef\x8fW\x1d\x06\xaeA\x7f\xc0\xeb\x06\x8caj\
8a\xf0\xa1\xaa\xa6'P\x09\x85+,=\xfc\x5c_\
`88\xf5\x8c\xcb\xf3\xa3\x89\xd6^pG\x97\xef\xac\
o4\xc9\xed<\xe2\x84\x13\xff\x00'\xbc\x8d\x89\x00\x07\
\xf1\x89\xca\x03\xfd\x18\xbc\xa3\x16sPA\xe0\x08y\xb9\
\xde\xfc\x13\x8f{\xe7$u\xa4\xf0\x7f3K\xd0U\xad\
\xb7\xfcb\xd7V\xf1\xef\xcc\xberp5@\x02y\xf5\
\x82\x16R\xbc\x0f\xc7\x09\x22\x8d\x12\x0f\xc0\xc5\x0e W\
\x02\x90\x95Q\xcb\xf7\x1a$$ \xf8\xccp\xb2H\xd8\
x\xef%\xa9$\x5c\x9d\x7f\xac\x03\x80UM=\xb8\x04\
Hh\x14\xbe\xfdg\x9dM\xda\x83\x7f\xde\xb3r\x84\x15\
K\xee\x19fy\xf5\xees\x8c\xd4\x92\x02\x7f8h\x8a\
$\x9b\x13\xb74\x18R\x9eW\xac\xa2\xe1\x13w\x0c\x7f\
(\x1a\xfaL\x0d;\x97p\x7fY\x0a\xba\xb4h\x1fL\
s\x1a)\x13\xce\x0e\x02\xc6\x1b[\xe7\xf9\xca\x8b\x08\x85\
+u\xf3\x18\xc2\xdc\xfe\xa3q\x82g\xbd\xbax\xf7\x8f\
\x0apF\xe8\xc22A\x15\xb4\xef\xe3\x89\xbe4\xec\x5c\
Q,\xd5/\x0e\x05\x83\xa5\x9a\x0e *\xa2\xed\x84\xa7\
fm\xaaw2\x00\x05i\xcc\xef\x9c\x0cK*\xed\xe6\
\xe4\x80\xb7l$x\x7f8\x9c\xed.\x04z\x9e\xf1F\
\xf1%\xf0\xf1\xc6D\xa4$9\x9e[\x87\xda\x80&\x86\
8\x06\xa0\x84\xb8N\xa2P\xe1\xf1\xfb\x8b\x9a7F\xc4\
\xeb\x0d\x06Rm\xaf>\xb2{\x1bk78\xb77r\
\xc4\x17z\xbf1f\x0a\xe9\xa6\xf5\x0e\xf1^\xa5\xe4\x1b\
x.\x0c\x1c\x01[\xff\x00u\x8b\xa4 !\x1f\xac\x11\
\xde\x11\xb1}\xe2\xb1J\x0d\xd0\xde\xf0o0^\xc3\xc1\
\x97\xd4\xd7\xbf\xb3\x8f\xeb\x021?\xec\xb8R\xb0 \xd2\
\x9c\xe5\xc0=(\x11\xc1\x88\x81\xbb\x1d\x82\xe4O\xc4\xf2\
\xf5\x84\xb1N\xad\xd7J\xf1\xc1z\x98\x12\x1f pM\
\xa9u\xc6\xbc\xe3\xb6*\x8a\xdf\x93\xdb\xc4\xf50vi\
\x8b\xee\xd4\xe2\xf3\xbf8\x88{\x12\xff\x00\xc3\x075\xa0\
\xc8\x05\xb8/<\x0e\x87\x9eV\xdf_\xf8\x95\x80\xafE\
 <\x9d+I\xa7\x04(\x01\xb6\x12\xdd\xae')\x8f\
N3\xb9\xf0\x80\xd9\x19\xc47\xeea\xd9\xc2$\xb5\xda\
\x9dI&h\xc0\xc24ewy\xc1&fZ\x0d\x88\
z@\x9d\xdc\x06,6%\xd9\xa1t\xf4\xfec\xde@\
;\xbe\xf3[\xe0\x07N\x01n\x029|\x5cH!\x9a\
8r\xb4\x89C\x8fS\xf7\x098)\xc5\xd7\x9fY\xb2\
H\xe4&\xbc\xe0-\x0d\x86\x9f\xb8\x00\xa8\x13\xfc\x19\xbb\
\x1a-\x97\xd4\xc4daY\xc6k\xb2\x83\xd4\x1d\xe0l\
i\x5c'\xbc\x05(!\xc1\x1d\x04`\x15\x8b/\x13|\
\xcb\xe7\x0eh\xfa\x04\xe5\xfe3pZU\xd0\x9e\x9e\xf0\
\x9a\xcbA\x19\xae\xf0\x00X\xf0W\xbb\x86\x85\x85f8\
\x8e\x00@\x87\xcdb\x5c\x13\xc8<B\xe1\x1b\x84H\xe3\
\xe6#\x81TC\xed\x81\xa4}\x01\x9b\xf3\x90Z\xe5\xd4\
4\xf5\xde\xb2Z`*-\xf4z\xc7d\xc3\x8e\xeb\xb9\
\x97\xb3\x11\x11'\xdfX\x16P\x00\x0d\x84\xef\xee\x04\x06\
Zh\xb7\xacQ\x9a\x139y\xc2\x1c\x95\x05/\xdc#\
x\x8b4'\xb7\x1d\xab(]\x81\xe9\xc2!\x05!\xf8\
1\x02\x06\x82\xdb\xe7\x1e\x81\x14j\xba\xf9\x819]\xae\
\xd3Mp\x91\x89\xbf\x03\xc6j\xa0\xf66\x1ax\xf9\x8e\
\xbe\xc3{S\xb3\x03JH\xd3\xbctD\xad\xf2b[\
@X\xc0~a\x1f\xde\xee\xa6C\x09rZ\xb8\x02\x08\
:\x8cg\xfcc\xb4`4\xff\x00~\xf0\xd8\xaak\xb3\
\xe5\xf2\xe1\xd5\x94+\xfaOx\x85CY\xaeO\x1ca\
\xa8\x12i\xb7\xc9\xb8Eh\x01\xc0\xcb\xe0\xb5\x0d)\xfe\
r*\x10\x0bh\xe6\xcd\x86\xb0\xd8\x9d`Cp\x85z\
\xb9V\x8d\xae\xae\xb8\xce.Ri\xcf~\xf0\xaf\xa1$\
s\xea\x19_\x05\xe5\x0f\xa2\xe4R\x9am\xc6\x102H\
\x7f_\x98\xc3\xc0\xe0q|\xb8\xc1\xaa:\x94\xc0\xd3r\
\xa2\xd3\x9d8\xa6\xfbz\xdd\xf6\xe3\x01#\x16\x1f\xef%\
\xf0\x04\x1a\x0f\xbc\x89l\x0aaqIe\x84\xd8w\x0e\
\xd9\x82\x86\x88\x91\x86\xd6\xae\x93X\xcc0\x91D\xe9x\
<>\xe6\x06=\x82\x89\xad\xa2\xeb\x8dy\xc5\xf9D\x1b\
_\x93\xdb\xc4\xf50\x94\xd8M\x82n\x095R\xc3k\
\x90\x19!\xef\x95\xb7\x82\xf2\xf2\xb6\xf4\x1f\xf8\xbe\xac\x1c\
\x9f\x81\xe5H\xf6?\x9c\x92$\xfe\xfe\xdeRi\xe4\xda\
\xd9\x81\x16\x05\x8d\xd7l{\xd4\xf5\x83\xa1\xae\xb2q^\
k\xf5\x95n\xa61\x8d\x10\xfb\xa9\xef\x10\xd4\x0a$6\
B\xf2\xf7\xeb%\xa0h9\x01\x95<x\xf31\xbe\x86\
\x01\xd0\xc7\xfa\xca#J{\xc9\xe0\x80/O\xfb\xc5\x85\
&\xe7w\xc6$J\x02\x07^s\x80\xff\x00\x82\xc8\x22\
N\xb4\xfd\xc1\xbdAG\xb5\xeac\xe0\x13\xa3\x97\xc6&\
\xb4\xeb\x1c?r\xc8\x00\xc7\x1fYc\x93\xb3$\xc5\x82\
\xe5\x0c\xb8\xf1\xaa\xdc\xbf\x8c\x94\xd0D\xedM\xcb\x8eH\
\x22\x06\x0c\x00\xe4\xbd'\xaf9\xaa\xcet>\xf5\xc61\
\x82\x87\x1d\xbe\xee\x07\xd4\x9d\x1d\xf5\xfe\xf2|\x80b\x07\
\xd6\xb1D\x85h\xd7\x89\x82\xf5F\x86\x9f1\xdc\x00\x96\
o\xda\xe0\xa4\x99\x00\xc3\xed\xc4\xb4\x968\x83OYL\
\xa0\x15KGz\xc18\xc3\xd9\xa73\xeej\x85\xa0\x22\
\x1e\x1c\x11P\x055D\xff\x00xhrB\xd1o&\
S\x08\xc6\xcd\x9f8f\xb5\xdc|&=0\x22\x9a\x13\
\xeeHJQv\x07\xac:(\x10\xb1>\x18W\x1a\x81\
\xa6\xbd\xe3S\xa0\xe5_lQ\x83*\xda\xf4\xd7\x02!\
\x15x<c5\xba\xa8\xfe\x9f0\xf2\x91U\xe7\xc9\xfc\
b8Q=\xcf:\xcde\x9b\xb3\xbf\xfee\x10\x10[\
\xbc\xf6\x0bW\x93([J[\x7f\xeab\x00\xb7\x84\xc6\
w\x840\xa1\xff\x00\xb3\xdd\xc3p\xd8\xf5\xf0\xfer\xd4\
\x06-;\xea~\xe7\x09\x16\xcf\x83\xc7\x19J\xa0\xe18\
;p\xe8'\x02X\xf4\xc4\xc6\xcdC\xb1}`q\xcc\
\x0b\xc8\xf8\xc5\xd7l\x86\x91:\xc6\x0cGW\xd5\xb82\
\xc6\xde.\x0e/\xdcQ\xdcW\x0d\xb2\xfb\xc3H\x84\x91\
\xca\xf50\x06,ls\xeb\x7f3^9\xa5\xb8V\x03\
\x147\xec\xb8\xcamL\xe2\xf6\xdf\x98V\xda\x0d\x90\x7f\
<\xe6\xdb\xce\x03\x9e\xf4\xe5\xeb\x00t\xba\x92\xe5\x09\xc9\
\x06\xa1{\xc1zt\x00\xd8>r\xd6\x8c\x1e\xad\xc2\xf2\
\xbe1\xe5\xd7\xb5\x01\xbdF0e\x9b\x98\xe0\xcc\x04f\
\xdbWf\xb1:\xb1#f\xec\xabO\x0f\xe6\x005@\
\xc0\x01\xb5\xe9\xc6\xbc\xe0L\x19b\xd3\xb1\x7f\x9a\xd0m\
\xe3\x1d\x0csr\xaf\xce\xedy[z\x0f\xfci\xf4Z\
z\xb7\x90\xe9k\xfc\x088\xad$\x131,O\xc1\xf4\
1\x1c!$\x03K\x8b\xb7<\xe7?\x19\x9d\x87H}\
\xea{\xc4Z)\x82\x00P'N\xf7\xeb\x0ca\x04X\
\xbaC\xfa{\x99\x15,5E\x1a\xaf\x1b\xc7\xb6\xf2\x13\
N=t\xc4g\x0e(\x0d\x89T7\xae\xb14H\x80\
\xbf\xaf\x8c\x8aG\x96\xe2O8\x00\x09\xa3M^r\xa8\
ND\xab\xeac\xf3k\xa3\x96\x01\x14\x94\xf6\x9c\x5c\x19\
\x80+\xae\x98L\xa2\x13\xa7\xf0\xc8r\x0a\x09Ze8\
@\x84\xfeX \xa3D\xf7\xe2\xe0\xaf\x91Y\xe3y\x0e\
\xc7t\xc9:\xc2\xe1(\x9e\x9d\xe0r\xac\x02m\xea\xe4\
\xe0\xf7S\x9e\xb1DD\x9e\x87\xd6\xb1\x83\x83tk\xf2\
\xe1\x97(\xd8\xd3%\xc1\x12\xcd\xfda\xa4\x19\xa0\xc3\xda\
9\x08\xb0\x16A\xbf1\x82\x10*\x96\xdd\xc3\x07e\xbf\
\x7f\xb4\xf1qL\x92^\x84\xf3\xeb:g\x83T'\xa7\
\xbc\xb9j\xc2\xd1\xa7\xacS\x0d\xa3U\xe1nH\xe8D\
U\xf4\xe3\xbb\x02t\x09\x8e\x9c\x0a-\x03\xd6P\xd7\x11\
\x89<e-\xc0\x08\x8c\xef6\xc7\x84j\xfbLH\x02\
\xe6\xb5zk\x86\x07\x0a^\x0e\x83\xce;\x98r\xa7O\
\x18q\x8ci\xbc\x97\x8c\x0ao9\x1f\xce\xf1\x98 \xb6\
\xb8p\xec\x90-\xde\x1d\x9a\xdb^L\xb2-)m\xff\
\x00\xa9\x84VZ\x81\xdc\xf3\xf3\x1cRJ\x1c}\xf7\x96\
\xd69\x9b\xff\x00\xae\xf0\x88\x86+\xca\xeaa*\x12\x1f\
\xea\xe3\xac5\x83\xb8NgKq\x17\xa3\x13h\xff\x00\
\xdeQ\xd8\x96\xf8\xfc\xf9\x8c\xd6\x18S\x9b\xe0\xb8\xb6j\
\x9e\xc2u\x84L\xa5\xd5\xf8\xfa\xceIW\xf3\x92\xdc\x10\
Ia'=\xe5\xaa`n[\xeb\x1b\xf2\x87G/\x8c\
\x92\xc4y~d\xb1\x0ah/\xeb&\xd4\xc8\x0d\x1b\xe5\
\x1c\x5c\x5c\x16i\xbe\x8e\xf1'\x08\x15j\xf7\xafX\x8d\
\x00o\xa9\xdc\x99K\xb2@\x89\xdcpRJ\x09\x8bA\
\x7f\x9fX\x06\xb5M\xb9P\xbc\xa1>L\x1b8\xe3I\
\xe3sF\xbd\xccb\x9a\xa01\xb6\xd5\xd8\xcf\xdcV\x84\
$hn\xd2\xb5\xd3{\x98H\xc4h\xb0h\x87\xbe\xeb\
\x00W\x8c>\xf2\xaf\xbf\xdb\xd7\x97\x95\xb7\xa0\xff\x00\xc7\
\x8dP0\xd1\xbc\x87\xe8:\xd2l\xc2\x97D\x94\xd8\x81\
\xe5\x95\xe0~\xd3&YU\xad+P\xf7\xc91\x10\xdb\
\xa1\xf5\x02\x86\xbav\xfe`YT0*\x1dS\xbe\x7f\
\x8cd\xf4(]~\xfa\xd9\xbb\xd7\xe6R\xf3k\xa7\xfd\
\xfe\xf0b\x99\x88\xb6\xfa\x18BB*\x0d\xdc\x99\x904\
\xe0\xfb\x8br:\x8e\x0f\xac,\xa85N\x0b\xce0\xa0\
N\x0e_\xe7\x05\x15\x8d\x83\x97\xbco\x09E\x1a\xbe.\
&\xf0\x0a\xeb\x082@\xb3\x7f\x8c\xe8pv\xbe\xe6>\
\x9a`\x9c<\xe1j\xc4D\xa9\xd5\xc1\xfez8\xf5\x80\
\x0b\x8d\xd1\xc4\xeb\x01\xa4S\x8b}\xfa\xc6R\xcb\x86\xb4\
\xfb\xfe\x0b\x87\x9ea\x1c\xfa\x98\x96A6\x1c\xfa\xc7\xad\
\x1dcc\x90\x8ci\xa2\x7f\xd6\xb1\x0c\xe38h\xf7\xbc\
\x82:'\x1a\xfe\x1d\xe0\x80\x09\xb4\xfe\x9e\xb3\x82\x0d\xfe\
\xf4\xb8\xc2\x82X \x07\x9c)\xa7\x0b(O\xb84\xa4\
\x84N\xfa\xc5\x95\xc2\x1e\xcd5nB\x9c\x22\x1bz\xde\
\x00\xc5\x02\xa1\x11\x8e\x98\x94\x14\xa0x0B2Q\x89\
\xf9\x82\xbdXM\x1f9\xa1\xd8\x85\x16\xf7\xe3\xbc\x1a\xc5\
\xa3a^6\xe0'\xf9W\x8e\x83\xce\x00 qiO\
\x8f\x98\xc9Q^\xbb?\x8c\xdb\x00\xe4;\xed\xa6\x02 \
%p{\xe7\x08\x99\x85\xfb\xc0\xc0\xd5\xe7\xc9\x8c\x1c\x81\
wi\x90(T\x8f\xf2\xdc~.\x1au\xe6\xe2\xb5[\
\xd3v\xf8\xf1p\xc9\x97M{\xea{\xc8^\xc0\x1b\xd6\
~u\x91\x8a:&\x9f\xaf\xef\x1d\x02\xd3\xb5`\x9d\xe9\
;\xc8\xb8\xf8\x0b\x11]\x8f\xab\x89\xe7B\xae\xe9\xd6\xb0\
\x9d0\xb0\xa7\xd7\x0a\xd7\xda\xe0\xf3\x84\x80y\xbf\xc5\xf7\
\x8a\xe1\x1e\xc1\xbdLb\x0d\xa9\xdb\xe3\xd6:\xf2\x1ao\
\xe5\xcd\x11\x5c\xe2\x7f\xd6\xb1\x8d\xdb44{G\x17j\
\x91\xbd\x1b\xe8\xc4D\xd2\x85\xf2\xd7\xac\x9e\x08\xde\xe89\
\x98\xcc\x1bF ]\xbck\x1a\x82\xad\xa0\x95\xe0\xdc\xd1\
\xf7%\x9d\xac\x07my\x1f\xc9\x89) 4\x9b\xd6\xf8\
\x0f\xe6`\xfa\xd4!\x87w\x96\xc6z\xb9\xb1\xe9\xaf\xb3\
\x15\xd36\xf0\x01\x5c1\xfeh3\xe7\xe5\xe5m\xe8?\
\xf2/\x91\xc1m\xd5>\xda\x1e\xc7g\xb2\x01\x22\xfd\xda\
\x0b\xc8\x8b8&\xfdej\x11}a\xa6\xba\xda\xe0\xbc\
\xea\xa5\x87K{\x99-\x92\x00\xb5\x1d\xbcol\x1c \
\x8ex\x117B\xa63\xa4q\xcd\xec\xc8^\xe0\x9c\xdf\
y{(3\xc1\x8d\xa1J+\x89\x9605g\x03\xde\
A(\xb0A\xb4\xcb\xa6\x00\x90\xfe\xd8\xac\xbb\x1c\x1a\xbe\
.8U\xa5_\xf0\xc4<\x90\x14\x89\x87uHeS\
\xcb\x82b\x90:\xc3\xf0\xb1'\xfd\xf7\x8eL\x22#\x87\
\xc61\x1bi\x89=`\x87\x08D\xbf\xbe\xb0\x82\x92\xc1\
:\xe3\x0e\x81\x12I\x7f\xe4\xc2\xdbh\x87+\xd6-U\
\x9c\x1c\xfa\xc3\x0bD\x91\xe7\xab\x89\xcc7\xaf\xac\x90\xb6\
\xa5\x7f\xa1\xc8P\x85\xc3Ot\x0c;\xa4&\x9e\xd8\xf8\
\xdbdo\x16\x07\x9a`'L\xcb\x7f0J\x13\xefx\
*\x1b\x02\xd1\xaf\x18\x8a\x14%G\xa5\xb8VDDv\
\xba\xdf\xact\xb6\x8a\xd0~\xe72\x8e\xc2\x93\x18\xcd\x1a\
\x90\x9f0\xdd+\x11\xa7\xdc\xde\xab6Qp\x80\x0e^\
C\x87*\xa4Jo^\x0cJ\xd0\xedw\xdb\x8ca\xb6\
m]\xf9\xc3I/#\xbe\xddb8\x83M\xb8pG\
\x22\x0e\xf7\x90j/1\xbf\x99\x04\xcf,y?\x7f1\
\x03\xc9\x14\xe0\xefy\xa0@k\xd7\xfdq\xa9}\xb5\xc1\
\xf8\xfb\x88\xb4\x12\xde\xde\xa7\xbc\x01'D\x16\xbe\xbf0\
\x89\x9c\xe8\x18\xfd\x5cM\x8a!\xb3^\xd8\x8e\xc4\x0a\xd1\
/\xac\xb92\x22^o\xab\xfb\x8d\xa9T\xf9_\x0c\xc4\
\x90\xb3@\x7fpnP\xae\xf4\x12\x7f\x8c\x94K\x0dI\
\xbd\xb84x\xea*\xde\xb1\x15\x0b\x83\x97\xc6NNL\
\xef\x8f\xeb\x0d\xc9q\x81\x8a:\xa4\x07\x0d\xe52\xa9\xa1\
\x1aB\xbew\x8f\xc9\x93P\x9f\x1e\xb0\xe8\xde\xach\x16\
y#\x83+\x1c\xc3 \xd8-\xa36\xe0!\x84\x02\xe3\
u\x19\xbe\x8c\xab\xd6\xafz\xb7\xe8w\xf3\x1b\x10\xdc2\
\xde\x9f\x00\xeb\xcc\xc6\x05.\x9a\xed\xfd\x13\x9b\xc1VL\
4\xa2\x81\xee\xbf\xe6y_\xc0\xff\x00\xc9\xba\xda\x8cK\
+\x0e\xdd1V\xce\xc6X\xb5\xe1\xbb\xab\xad\xa8\xf0\x88\
\xe3\xfcGqC\xa6\xbb\x995\x02 W\x86s\xc4\xf2\
\xcb\xaf\xfe=\x9c0\xec\x17#i-\xe9\xa3a\xe17\
q\xf0\xa4\x8c\xdd9\x87\x09\xff\x00\xbc6\x82\x148\xbe\
\xf0h0M\xb4\x1e\xb2\xdf\xfeh=a\x14\xc2E6\
\x99hD\x14\x7f\x96\x03\x93yM=c\x08;\x1b\xd6\
\xfa\xff\x00\x18\xc4)\x01p\x87\xe6k\x16J\x15O.\
S\xa4\x80\x0e\x984=H\xd5\xc3#\x18\x88\xe1\xf9\x9b\
\xf6\x8a\xb1\xb3\xd6J\xeb)\xc3\xff\x00YT\xb5\xc3\xd4\
\x9c\xe05\x8d8\xe3\xab\x82\xabp\x22\xdb\x96\xaa\x86\xa6\
\x9cU8\xb4o\xf9\xc4bg\xa5\xfa\xd6#w\xc2x\
\x1f\x98\xe8\x94\xa0\xda\xfb\x98j\x82E\x06>\xe6\xdd\x17\
N\xfeb\xf1\x17@$\xeb\x14$u\x90\x9f{\xde\x11\
\x0d@\x8f\x0c\xc6\x04\xe5\xde=-\xc2Ia\x1d\x9c\xf9\
\xf5\x8d\xa1r\xe8\x1c\xd6\x94\xe4\x94\x9e\xbf\x8cqc\xa4\
bz0\xccq@\x91>\xe2\x9a\x0cGe\xf7\x8dx\
PN\x0f\xbcE\x18(o\xe0\xe2\xcf1\xbd\xdfn>\
a*\xbd\x1a\xd9\xde\x15\xc1\xe8\x14S\x9e\x1cw\x10\x09\
\xb7\x0f\xee\x00\x84 \xaf\x7f2jj4o\x08S4\
\x8e\xc7\xeeC\x8a(8\x1fs\x88\xe4\xd5\xe3\xd6!\x11\
S\x81\xf8\xfb\x93$\xb6\xbc\xad\xd7\xeeM\xa4{G\xd6\
\xfcd\xd3g\xa62\xea\xeb\x18\xc90G\xf6cz\xa4\
w\xd1\x7f\x8c\x04@\xd4Ww\xd5\xc5\xe0\xe4\xd3\x83\xe3\
X[K4\x0d{pvA\xaf\x80>\xe0-n\xa8\
\x1c\xb2\xe0\x94R\xc4m|`f\xe4\xa3\x97\xc6,$\
(\xf6\x9c\x5cQ!G\x86wqf\xba\x1e\xd3 \xc6\
\x90\xbc+\xd1\x8e\xe0$<\x9c\xe2\x9eE\x06\x09\xa2\xc9\
\xe11\x92\x1a\x84\xd3\xc1\x1d\xa6\xf0\x8d\xe1R\xa3u\x10\
\xdf\x8c\xaf\x81\xab\xda\xad\xfa\xbb\xf9\x85\xf5\x95Z\x1d>\
>x\x02\xba\xc7i\x14\xd3D\xdf\xf2r\xf2\xbe\x80?\
\xf2\xb4\x06|\x07\xbd\x5c?\xaa\xf4\xa66\x00<$\x11\
\x07\xa9/\x93e\xb9\xc0{Q\xb8'\x9e&\x08\x03\xbe\
\x1a\xd4X\xee8H\x1c\xb7\xd3SB\xf5\xc3\x8d\x80\x02\
\x17\xa1Y\xc2\x101\x19\xa9\x13\x80]\xcf\xa5\xdeE\x00\
I\xc0\x07\xacB\xebQ\xde\xc3\xd4\xc9t\xc1H\xe6~\
\xe3\x1cp\xa3\xbf\xb8WHT/\xe1\x8a\xa9F\xcfM\
\xd4\xcf1*.\xfeeyI\x18V^\x5c4\xf4\xa8\
\xa2`A\x15\x0c\x0c7\x13\x11s|b\x8a\xd1X\x9b\
\xf1\x8c \xa4\x05?\xf5\x82\xf6\x15\x8f\x06\x079&\xc9\
/~\xf3B\xba\xc3\xb5\xb9Q\x88\xe0\xe6\xe0\x15bR\
z\xe2\xe2\xe5\x13u0\x09\x09D\xe9\x1eq\x1c'O\
*y\xcdb\x22j\xe0\xce\x94\xe9\xdb\xea\xe3?\x11\xa6\
&\xf8\xf9\x8a\x19U\xe4\x09\xf7\xbcX\xe1lwg\xf1\
\x9a\xf2\xf9\x9e\x97\xcd\xcd\x05\xe9\x8f\xf3\xe77l\x09R\
\x06\xfc\xc1!C\x907\xd1\x92MR9=d\x5c\xb6\
\x03c\xee\x08g\x07Z\x1f.n\xc1h\xdd\x1ff3\
\xfc\x149\xf9\x92z\x15e\xdfn>c\xb7\xe6\x91\xea\
\xf0\xe4\xdd\xce\x02\xd3]\xe3\xbc\x80\x9c\x11\xfd\xc4\xc8\xd0\
\x86\xde|\xcc^\x823\x0f\xf0\xfb\x9a~\x91\x03\xc9\xfb\
\x93\xb5e\x1d\x0f\xbfp\xa8d5x\xc40\xdb\xb7O\
\xc7\xdc\x81\xebS\xb5\xeb\xe6\x04B\xf2\xab\xeb\xf3\x10\x8a\
'LN\x97/\x84B:\x7f\xdes\xa6\xb2\xdb\xa7\xe6\
\x12^\x04\xba~?\xbc\x94u*;x\xd7Yn\x14\
i?\xbcB\x1bV\xf8\x09\xff\x00\x18`J\x14\x9a\xf2\
eY\x09\xb1\xca\xde\xa6T\xd1tr\xe3\x22H\xa7\x87\
\xc5\xc1\xc6\x13a08\x16tOs\x11B\xe9Ce\
\x90\xe5\xc0\x9b\xf21k\xd9C\xaf\xe7/D>\x13\x1a\
\xe4\xe2\xf51@\x0d\x1bG\x05=7\x9c\x98\xcaJ7\
Q\x0d\xf8\xfd\xc5<\xa0\xb87]x\xaf~%\xe3,\
\x8fN\xb4\xf3\x9f\x85{\x9e\x00?\xf2\xe7\x86\x03\xc7p\
\xdd\x1f\xc7\x87N:8\x8e`'H:\xf3\x12\xdc\xae\
\xb15\x16\xd8\xa09\x9f\xd3\x86\x22\xd1\x16:i\xbf\x8f\
\xdc+\xa9Wn\xdd\xe9\xd9\x037\x8b\x06\xa9\x9e\xcb\xcf\
?p\xeb\xdc,\x10\xf1y\xcd\x01\x1c\x13fz\x98\xe1\
@\xa4;\x9f\xb8\xf78\x0a8Oy]M\x90j_\
\x18\x079\xb57}c\x1d\xed\xdb\xbdu\xacN2F\
F\x9e\x5c9\x08\xb0\x0e\x93\xff\x00\x98\xc4\x10\xc2\x11\xc6\
J\x0c#\xdd\xfd\xcd\xee\x15F\x9b\xe1\xc8\xc1\x15\x03_\
\xcd\xc4*\xd0\xa1\xe0y\xc2\xe6\x1dq'\xbc\x87\x0bB\
\x95p8\xcc\x19\xdb\x17-\x8f\x07|\xcb\x85\x18\xc5\xd2\
`\x10\xe9\x02\xc90<6\x86Zy\xc2\xd5L\x04\xbb\
a\xbd\xee\xf7\x7f?\xb8&\x00\x905\xf3Y\xac5\xda\
\xd0\xf5\x1c\x04\xd8M\x07\xadk\xd6\x15A\x0e\xb3n\xad\
\xf3\x84K\x82 <\xac\xde\x0b\xa9Ut\x1b\xf3\xbci\
_{\x03}\x17\x02IF\x8d\x98pq\x00\xd8\xfb\x9b\
\xaf\xd2%\x0e\xeb\x84\xdd\xb2\xb4\x0b\xe4\xc54\x12\x87?\
1wA-\xbc9\xe3\x0c.(\xfa\xf0\xb9)\x1cB\
\xd0\xf7\xacYd\xd9\x11\xb8\x86A\x06\xf7|\xe1B\xa3\
\xa5[\x82H\xc1\x17\x93\xf7\xdeI}\xdfA\xf9\x82\x08\
\x00\x9ak\xd7\xf9\xc5\x00\x89v\xea\xfc\xfb\x88\xe9\xe0\xbb\
\xbda\xa2W\x99^5\xf9\xce\x16\x16#\x19\x0e\xaf\xf7\
\x8c\xaa\x18#\xfe\x9ca0\xcc\xf1o\xe6\x08\x800^\
o\xab\x89\xb02\xc77\xc32\xf6 \x80\xfe.Ca\
\xd1\xe8`\x8e\x80\x965\xe7\x03\x8d\x14^w\xc92\xfc\
\xd1\x81\xcb\x86\xed\x15\x1a\xbe.,\x0d\xa4\xc5\x86\xa8\x9e\
\x96\xe9N\xec\xd6}g\xc8\x92\xa7D\xdb\xe2`\x88;\
,Z\xea\xec\xff\x00\xdb\x10\x18-\xa5:\xe4\xe2\xe3\xc5\
r\x03G\x05=#\x92G!\xa6\x9b\xd46\xeb\xa9W\
F<Y\x08\x0e\x97\xfe\x8b\xdf\xc8\x1f\xf9\x90 \x0b \
\xe3\xaf\x01\x1fg-pa)\x97\xa80\xe8\x22\xe96\
a\x05P\x03\x19<\xbe?qE\xbbb\xae\xfbGt\
\x9f\x0c\x07R\x12\x0e-\xf0\xb3\xb6\x0a\x9b\x1fO\x03z\
\xb6\x13\xb1\xc1\x89V\xa7\xf82tcdw1\x11\xaf\
i\xc2{\xc0'\xba\x87\x93\x82Y'u\xe5}\x5c\xa8\
\x84l\x1c\xd3\x83X 6nN=\xe2\x90\x06\x18\xdf\
\x0c\x16\xd5\x0c9\xf6aC0\x8ay\xbe7\x8d\x0a\xb5\
\x5c\x15\xf1\x88\xc6\x02\xc7\x18\xca\xc5\x91\xe0\xc4va\xd1\
/x\xa3\x80\x80\xcb\x7f1\xb9\x08Fv\xca5{p\
\xf7\xcc\xb8\xb6\xf1+\xe9\x96\xd2\xa0\xd0\x87\xcc\x0f\xb7\x13\
\xb5\xf7\x95\x11\x98'\xf2\xc4\xfae\xd2_\xde\xf0y\xc5\
\xa3G\xac\xb2\x0e\x97F\xba\x8fxwQ\x1a??\x8c\
\x1b\xc8\xf4\xf8\xb8f\x8f\x11{\xf3\xeb,k\x96\xd07\
\x8e1\xa7\xa9J\x09\xbe\x8c20#\xb1\xeb\x16\x01,\
M\x8fk\x821\x99\x06\xc1\xe7w\x05\x91\xa5\x0e\x85\xe6\
\x99pb\xa1\xb7\xe3\x90TEe(\x97\x8c\x00\x98\xa0\
\xd6\x8e\x9cO\x9e\x16\x87\x97\x13@\xdb\x19\x1fXq&\
\x07\xbd\xf3\xfc\xe2T\x88\xea\x1b\x7f\xf7\x80\x05h\xa5\xe4\
\xfd\xc9\x0c\xb2\xf8\x0f\xa6\x16\xfb\x86\xbdcP\x05\xbf\x13\
\xc7\xdc\x03c\xd8^^\xb0{Py\xf5\xf5\xbf\x1c\xe3\
d\xabf\xc1\xd6$\xb90^\x8f\xf8\xca! \xb6\xf3\
\xf3\xdc\xc0\x10\x045\xca\xfa\xfc\xc0J\x8a\xaas}\xe1\
Rh\xd3\x83\xa2\xe1U\xba\x92\xc7\xff\x00\x18\x19\x95\xc2\
\x9dy&m\xc6z\x0d\xb7\xac\x17Z\x96;r,\xdd\
G\x0f\x8b\x8aw\x10\xf4\x0a\xbf\x98\x0d\xd1\x13v\xed\x8d\
\xbb\x09\xe3\x01\xc5\xb3\xdco\x83\xb2s\xec\xc8By\x09\
k\xab\xb9\xd7\xf3\x8bT\x13\xc4\xce\xb98\xb8\x00# \
-\xa6\x92\xd9'\xef\x17\x00\xa1\x88\x16\x81\xe4<\xafo\
\x7f\x00\xff\x00\xce\x1d`\x22t/\xc0\x1d\xf4+\xa4!\
l\x04G\x02\xba:GcL\xd8\x11P\xab\xb6\xf4\xd6\
\xdf\xe3*\xa7\xd8\xe9\xc7\xe9f\x18\xa1I)\xbb\xd9\xad\
\xa4\xc9\xe7\x9a\x82Fhp\xbc\xfc\xc8\xf5\x0a\x85=\x1d\
\xe1\x96\x06\x11\xd3\xde\x10\x04\x95\xbe\x17\x02Q\xacw\xcd\
\xea\x7fx\xd0\x0d\xd5\xee\x9f\xfa\xc1C Y\xd1\xe5\xce\
1\x03&\xe4\xff\x00\xe6T$9;\xdfX\xaf\x82\xe4\
\xe5\xf3\x84\xee\xfb\xbd\xdfxap\x10\x1c>\xf2q\x9d\
\x07\x83\x11\xa1/\x09\x0f8\xd6\x22\xa2\x95{q\x98\x08\
7\xcd\xc8\xb7A\x89\xd5\xe6\x5c\x14H\xb6aY!\x06\
\x82z\xc0\xa8Rqn\xf9\xf5\x83\xe3\xa0a\xbe&\xe1\
=b\xc4\xc8\xd1\xa7\xd31yT\xe8\x1d@\xeb\x1e\x09\
\xb6\x0d:\xd7\xac\x19\x10\x9f7\x85\xbep\xbc$@\xf9\
\xe7\xe6,krH4\xf0w\x88\x11#d#^\x0f\
X1\xb2\x0a\xe1\xdep\xcf\xc1\x09\xf5\xfc\xc0\x06\x0c\x8e\
A\xf6b\x0c\x02P\xe8\xbe\xb0\xd9\x12\x12\xbf\x87\x0b\xda\
\x22\x92\xb1\xe3/\xc095\xa3\x91\xc8y4-\x09\xcb\
\x8e4\xf4\x12\x11\xeeb\x84h3\xbb\xe7\x1a`\x0e\xb5\
\x7f\xeb\x80\xd2mw\xcf\xd3\x84\x09\xb2\x8b\xc1\xf4\xc5=\
\xa1\xf3\xeb\x16\x13v\xee\xbf\x18\x80\xafj\xda\xf5\xf3\x13\
\xf5j\xbe\xb7\xe3\x9c\x83y#\x18\x85\xd5\xf7\x89\xaa\x0e\
]?\xf8\xc6\xb5\xe1\xb5\xe7\xf3\xe7\x19!\xc16\xd3}\
e$\x0dXw\x7f=`LJ\x1cZ\xfb\xf9\x85@\
\x15_\xf5u\x8fx\x87/\x0b\xb4\x99[3\xb9\xdby\
7\x85\x83B\x9f-\xe1\xc3\xe5\x94\x14\xbd_/\x1f\xb9\
!2\xf7\xd9k\xc97\xe7\x19g\xd5t\xd7\xa2\xb7`\
\x1fpX\x93\x9e\xf7|\x1d\x9e}\x99\x08\x8b!/}\
\xf0u>\xe2\xf0nS\x15\xd9\xd1\xb6;N\xf6\x04\x0f\
\x07\xbf/\x7f?\xf3\xc4\xab\xcf\xc8\x13\xc2\x13\x93\x82N\
A\xca\xe4)H\xaf+\xe2\xa8\x8f\x12`A\x1d&\x97\
<If\x12\x0c\xa4(\xb5\xd9\xabsS\x22\x0b\x12p\
\x87\x0bo\xcc\x88(\x94\x0b\xb5\x97\x9aO\x19\xc0,C\
\x9b\xb1\xbd\x8e\x19\xca\x1b\x5c/\xac\x00\x12\xa2^v\xeb\
\xfb\xcd\x88!W\xcf\xfa\xcb!\xc2\xe9\xfd\xe0\x0c\xe4\xe9\
\x84\xc91\xd8\xeb\xc9\x9c\xba\xc5\xcb\x9f|\xf5\x8c\xa6\xe2\
\xd3\xcf\xbc`T*\x1c\x5c<\x01#\xcc1\xbbx7\
P\xc68\xaaA\x95q)d\xa6\x00D\x05\x0c\xd5:\
\xb9\xa0\x9b\x0f3~1T1n$\xf5\x85\xc6\xe4\xd9\
n\xf9\xc0\x5c@\x0e_y:}H\xe7\xfeq8\xe2\
Q#\xe2w\x90\x8c\x95\xa3\xbf\x1e\xb2Fv\xc3\x8e\xbf\
1\x5c \x99\x09\xd1n\x15\x82\xe0\x1a\xdf{\xca\x1a/\
R\x0d\xf9\xde4w6\x02;\xe0\xb8D\xd0<Bb\
\x19\xca\x08\x03\xf5\x83\x0c\xd0\x04\x81\xfd\xcd\xb4%\x87B\
\xfa\xca\xc0\xc8*W\xd8\xc1,\x94\x80\xec|\xc0Y%\
\x10\x94:q!\x09n\xc12d0\x84\xc8\xf70\x82\
\x1a&n\x9a\xb8\x94\x84\xd0\xa5\xbdg\x22\x80\xed\x04\xfd\
\xf7\x80\x03uE\xd0~dC$\xe7'\xfdq\x88\x86\
\xbbu\xf8\xfb\x94\x82\xce//X\xc5P\xefW\xd7\xe7\
8\xc9&w\x19\x0b\xab\x8b\x1c\xe4\x13\xfe\x9cd\x14\xd1\
\xb5\xbf\xc6\x02(D<\xdf_\x98T\xcd\x15\x8eo\xb9\
\x8c\x19\x91\xab\xa3\xee\x08\x82\x1bGO\xfe2\xca\x02\x16\
\x1auL\xb6X\x9ds\xecG\x0e\xcc\xd0\xa9\xedf7\
\xea\xd2$(\xd5\x17\xfa\xb8\x05M\x87D\xec\xf9?p\
\xd9\xfa-u\xe8\xad\xd8\x06WQ\xf81,\x87g\x9f\
\x98>\xba\x17\x02\xbd\xeet\x1en\x0b{\xbb<\x9c\xef\
\xb7\xdf\xe7\xff\x00\xc0-\xfe\x07{\x109\xfe/|6\
\xc6\xd4\xaa\xa8\xa4%\x97\xfb\xd6V\x9c\xcdV\xfb;\xbf\
\xd5\xc5mYSL\xf0=\xbfLanh ^\xd4\
s\xcc\xf5\x86\x00\x00\xe7C\x93\xe3u\xf0\xaeT\xa1\x08\
\xe1\xf6bB\x0bc\x11\xbe\xaej\x80\x95J\x7ffi\
\x06\x8f\xf6?0^v\xe9\x122@\x83T\xeb\xce.\
\xe1\xf6\x17\xfb\xc9KKE\xb7\xbb\xfdc\xbbU\x14\xe1\
|d\x14&\x91\x86-\xb9A\xa7\x06/\x08(3\x93\
\x041\x84\xd3\xdb\x08\xb4\x95M\x05\xf1p\x88\x1c\x0f\x1c\
9\x14\x82\xb6\x1cz\x99\xa3\x04N\xd4;\xc1D\x9a\x14\
m<\xe1n\xb5\x06\x7f\xfb\x82h\x04@w\xe3!\xd8\
*\x97\xf4\xde\x1de)\xd3\xfe\xeb\x05\x05)\x13Ow\
\x227\x9ah\x15\xcd\x1f\x12\xe0\x7f\x0e\xf1\x03\x80_%\
\xe2\xf0b\x08\xb3\x221\xeb&\x18X\x9c\x1ew\xebX\
LH\x80J\x0f\xbb\x80Y\xd5\xa2\x0f\xb3\x09q\x82\xec\
=\xe9\xc2\xa1\x22\xa3\xb1\xf3\x00!\x80\x88Bxr\x03\
mB\xec<\xfe\xe2\x86sc\x22x\xc8\x08H1\xbb\
\xe7\x15\x80\x18\x1boX\xa0\x04\x8b\xd0\x9f\x5cf\xd2H\
^\x0f\xccD\x82H\xb2b\x19\x16\xecy\xf3>\xe2:\
\x85\xb2\xf2\xdd|\xc5I\xf6\xad\xfco\x12\x0c\x0e\x84/\
~\xf1Fq\x0d\xb0\x1a\xd4\x1f3\x02\xc0#\xb6\xd7\xd6\
\x04@\xd3\xa3Q\xf7\x83_\x01g\x07\xdf\xccJJ\xd0\
W\x0bB\x04^\x1d\xa65\x90\x22+b\xa1R\xb0\xc7\
\x11\x0e\xa8\xb6D\xd6\xa0LM\x89\xb0B\x0a5K\xf3\
W\x09\xa12\xe8\x1d\x9f'\xee\x17\xf7U\xd3^\x95\xbb\
\x03\xd6&h\x87\x98Y\x09\xb1\xef\xd9\x86\xd6\x82\x05\xbb\
\xf3\xfb\xff\x00\xf0H\xbe8\x94\xa6\xfb[\xd9\xf3\xc3v\
\x96\x89\x81D\xed<7{\xf0\xe2\x8c>k\xa7\xc0\xff\
\x00\xd9\x92Wd\x10/j:\x7fS)\xed\x09^>\
\xde#\xcb\xee!\xfa\xe9\x08\xbc(\x0bJ\x86Q\xedv\
\x9f\xc1\xc2[\xf0\xc2  \xca\x9e\x90\xe0$\xfb\x89\x1a\
\x15\x80\xea\xd1j\x0b8\xca\x22\xb4\x19+A\x92\x06\xc7\
\xc9\xef\x03])p\x90\x00s\xc1\xe4\xb8\x85zh;\
\x0e\x87\xa3|\xb9\x13\xfa\xe5\x83\xb4\x12\x90'\x1a\xf7\x84\
-\x09^\x05\xbec\xfc.\x18\xd2\xd6!\x1b\x1d9\x18\
\x01\xceV\xf5\x9a\x9a\xba\x0b\xcaK\xeb\x0e\x9ch\xce\x8d\
\xa38T\xbd\xe3\xa3\x99\x85/u\xd7j\x99r\xbc\x82\
\x15/\xb8\xff\x003\x0f\xb2\x0a2N\xa6\x8d5&\x0a\
\x9b\x17&M\x03\xdd\xb7\xd6r\xc5\xb8PP\xeb?\xf5\
\x81\x90 M\xd5W\xcan\xe5\x96\x1a\x09\xd1^B\xdc\
\xa1\xb1\xaa\xae\x96\x12\xdeO\x98\xe0D\x1a\xb1\x926N\
_\xb8\x11\x99\xack\x8d=\x0c\xa5\xf3\x8fd\xc4\x90v\
m\xcd9\x7fp\x1cp\xdcE\xccy\x08\xcfn\x5c\x1e\
\x01\xc0\x9cN\x89\xfc9\xa5\x8bS\xa9@\xbc\x0e<\xf3\
\x88\x10\x91D\x91\xcb\xc5\xe8\xdf\x8cJ\x01\x045\xec\xdd\
\x90F\xe18O\x22\x1bTf\xe7\x07\xdc_(\xa6\xcf\
(\x85\xe4w\xe2`RA6%j\xe8\xde\xb0\xe3\x9b\
\xb6\xa5\x89\xe5\xd5\xf1\x84\x1a\x92 <\x85\xd6\xc6\xfa\xcb\
\xb2'4#R\xb5\x09\xeb!\x0b\xce8\xc4\xaeGO\
\xec\xc3\x8c\x12\xf7\x9cN!\xd3\xc6W)\x1c(\x12\x14\
\xafxJaT\xbfV\xf0F_7\x19\x8d\x08\xf0\x86\
\xc6\xd5\xbf1\xf2T\x8f\xd0\x89\xcb\x11\xb8\xc5%\x83\xc3\
\xadpO\xf90l8\x03\x83\xad\x0dw}b\x82\x08\
\xa5\x94\xd0\xb3\x5c\x9fL\x05\xb5(\x8d\xda\xbet\xbf\xc6\
<\xc4$\x0bl^\xa3\xbc'\xc1\x09I\xe4\x03\x86T\
\xc0#(\x04OT\xf1\x05\x5c4\xa8\x00\xa2\xcdC\xc4\
\xd8\xe2\x15\x00\x0aW\x1d\x9cE:\xc6+\x95\x08\x1e\x5c\
H\x5c\x9c\xd6Gk\xc6\x0b\xc55\x95\xa4\x98\x08\x1a\xc8\
\xd6\x86\xf5\xc6+\x96\xb7F\xb2\x07\x88\x135\xa4\x02\x10\
\xb9-\xa5\xfe\xae\x02\x22e\xd0.\xcf\x93\xf7\x14\xe3\xaa\
\xdd\xb7\xa5m\x90\xc4DD\x18\xff\x00\xa7\xdf\xff\x00\xc2\
vdp\xa9\xaf.\xd5z\xb6;1M\x01\xb4\xba\xac\
NP\xa8\xe6\x99\xd0\xd6\x1av\x1b\x8f\xeac\x1c\xe24\
x\xfc\xf11\xb5*\x90\x9b\xe5\x01t\xb3\x00\xa2X\xbb\
{\xcb\xd4\xe7\xe1\x95\x22\xd7N\xfe=\x04\x9fp\xd6\xe9\
\xb8\x07\xe8\xb6K\xe38\x09-\x01M\xc7\x8d\x1c|\xf7\
\x844\x83\x86\x13\x10\xed\xc1\xea\xe3\x14\xb2\xe9bi\xe8\
\xd3}\xe1\x08\x9a\x0a\xa8\xed\x8e\xc7S\xd6)\x0c\xc8\xa6\
\xc2\xb7\xce\xf4\xc1\x8a<\x16N\xc4\x1fp\x9d\xdc\x98]\
\x899D\x9eS\x9fX\x801\x5c\x03u\x14\xe1S\xde\
J\x80\x8ae\x16\xbfU\xcb>1\x8a\x1b\xda\xee?\xcc\
\xc7!\x01]\xec\x84\xf3jL\x1b'GD\xe3\x97\xb5\
\xc1\xc4\xa1\xec\x05\x0eZ\xbf\xeb\x05\xa9\xd8\x1c\xf0\xb7\xcc\
\xdd\xc6l$\xe9\xf5\xce\xc0q\xaf0\x9aZ\xa2i\xdf\
\x93\xf79\xf9\xea\x1bx\x80\xf1&\xf2\x17\xf2T\xce\xb9\
\xe8e>\xe1\xa4\xdaA\x0d\x95y\xd7\x7f\xb8Z\xd0\x8b\
\x0ar\x1eMk\xdeP#C\x94\x95\xe0rO\xe1\xc5\
\x83U\xd1k\x0a_\xf9\x5c\xe1#kc\x5c\x92z\x17\
\x13\xa2\xc04\xbc\x90\xe5#\xf9\x82\x0ac\xba\x86\xea\x0e\
|~\xe4\x97u\x05\x9b`\x1d\xdd\xfc\xc0X\x853\x0d\
\xe9\xf0X|\xcd\x94Q\xd2\x11\xe4\x9d\xd8\xf8\xae4\xec\
\xb7Rm<lG\xd6 e\xfc\x0e\x08\xbdm\xa1=\
d\xc4\x89DF \xf2.\xef\xbcK\x05\x92\xf5\x95\xce\
i\xea`t\x01I:\x14\xd9X\xdfXIy\xa6p\
\x0d\xadG\xde\xee%*\x8dq\xfd\xad\xd4_Y\xad\x02\
r$\xea-\xd27\x1f_\x8e\xc0i\xe8\x0bg\x8dd\
m\x83&\xda\x8alM\xfe\x5c\xa20yfm_\xfe\
\x99\xa3\xf8\xec/\xa3\xcd\x8b\xf93Bp\x91\xafS\xfc\
\x9f\xb8\xcer\xf1\xfc\x13N\xd3\x1e\xc9F\xd3nH\xea\
[\xf0\xca \xa8\x82<\xa7RL\x02\x8d\xaa\x80t!\
-b\xe5\x08\x81tb\x0f\x10\xd8}f\x8d\xae\xe2\xd3\
<\x84\xeb\xde\x5c\xf4\xc1J\x94\xfc\x1a\x1b\x8f\xbc\xad\xc1\
\xa4`\xd6\xa0O\xf9\xca}e\x04\xb9Ki\x7f\xab\x88\
i\xab\xf1\xe1=\x8c\xd7y\xe7O+\xff\x00\xe1]\x91\
\xe3\x04\x91\xcfa\xae\x876\xad;\xb4\xe5\x19B\x08Z\
\xect\xd6O\xeb\x00\xa0v\xeeg\xcf\x13\x14U\xa6\x89\
\xa7h\x0b\xa5\x98B\x00\x13\xca\x8d\xcb\xd4\x97\xdc\xc4D\
\x9d\xab\xb64x$\xc3\xf0\x09\xdc\x0e\x96\xf7\xbd_\x17\
\x0bff\x08\x1bgZ\xd4\xf9\x84\x09\xea\xb5\x86\xed\x8e\
\xf8=\x5cd!Bi\x93G\xc0f\xfd\xe2]C5\
Tv\xc7wS\xd6)\xed\x81\xc8/\x9ap\xcb\xbb\xb2\
X\x86\x88{\xb0\x9e\xf0\x1d\x13\xb0\x9c\xe0'K\xdf\xac\
fT,\x14\x0e\x96\xf8T\xf7\x8d\x16\x82\xc8;\xaf[\
\x5c\xa98\x11C\x80n\xe7\xf73\x7f1;\xd9\x00;\
\xb5\xfe3mN!\x12q\x17\xda\xe1&@y\x08(\
-\xea\x98W\x00F\xfe9\xf37p\xb4\xd4\x8d\x0f\xe4\
\xd8\x0e5 \x13\x1a\xab\xad;\xf2~\xe3\x8f].M\
\x92>&\xf2c\x1aD\xcb\xaez\xbd}\xc1\xcd\xa5\x82\
\x9f7\xd7\x7f\xb8\x85\x00\x10IO(\xf2k^\xf0\x8f\
k\x0bK/\x01\xc9?\x84\xc4\xd5r\xc5-uN?\
\xf7\x97\x14>\x03:\xe4\x93\xc3\x14\xb0n\x81\x04\xe0\xa1\
f\xa3\x82\x07c\xd4n\xa0\xe7\xc7\xee_\x8f\xa0Q\xb6\
\x80ww\xf3$#\x01C\xbd>\xae\xbee\xca\xa0\x95\
-\xe9'v>.6p6y6\x9f\xa2|\xc1.\
\x86\xa4\xc1\x17\xad\xb4\xd7\xac\x0c9\x83\x94bW%\xdd\
\xf7\x93\xa1\x82N\x89\xe5\x9c\xf513RRN\x856\
V7\xd6\x1d.U\xd0\x8a\xadG\xafyu\xe4K\x8e\
\xf4\xad\xd4_Y\xa2Q2\x89\xd4[\xb0\xdc\x90\xbd\x0f\
$\xd38\x05\xe3\xc52\xb2\x81\xa3oE\x1d&\xf7\xe3\
\x12\xa8\x0f,\xcd\xafO\x0f8\xe7\x9a\xc6\xc7\xa39e\
\xfc\x99\x5c\x12\x91\xac\xeb\xfd\x9f\xb9\x08\x8b\x82\xf8&\x9d\
\xa6\x00\x16\xc7i\xdb\x93u-\xf8c\xab\xda\xa0L\xe5\
:\x92a\x13nt\x0e\x82\x12\xd6.<\x00\x89\xf2\x84\
\x1e!\xb0\xfa\xc5\xa6\x07\xa6\xd3 \xdd\x9d{\xca4\x08\
7\xba~\x0d\x0e!\xf2\xb6F\x91\x83\xc4\x0f\xfe\xe2*\
\x08)H(\xb6\x97\xfa\xb9\x7f\x1dai]\x1f\xf7\xff\
\x00\x7f\xff\x00\x0c\x0c\x02\x11\x12\x89\x8e\xc41s|\x18\
:u\xe0\xd7\x01\x86K\xb5ez$\x9cL\x85sp\
\x82\xed&\x8c\xff\x008\x9c\xde\x80E\xe7j\xd7\x1a\xc8\
H\xb7\xca\x5c\xd4>L\x15\x81R/m5\xbe\xf7\x97\
<\xc38u\x09\xd3&0\x9b\x1ad\xed \xf0a\xea\
\xe8mk\x91\xa3\xab\xc7\xdc>\x0et\x14\xda\xa4\xdbp\
\xd0\xd2\xf2I\xb2\xed.[\x9d\x83HlBy\xeb6\
\x1c\xd6\x88\x1a\x09\xe5\xff\x00\x18\xa4%\xa9o!oe\
s\xc2\xc3\x82\x074\xf6\xdckp\x12\xfc7\xce\xb1\xfd\
\x98+T<^\x91pj\xab\xd0\xd3\x83\xfbq\x09\xc1\
\x0a\x14f\x87\x9e\xce\xb0\xa4\x08:\x7f\x98\xf37\x82\xc0\
\x1d\x80\x15\xd5\xe7\xc5\xcd\xbc2[[\xa4\x97\xe4\xc7\xb5\
\x1c\xf9U\xd4\x9f\x03\x0bY\x14\x8b\x1e\x12\xdfZ\xc0\x9f\
%\x03\xa5\xee\xff\x00\x9f8\xd0\x04\x11\x80\xadX\xf3\xc6\
4\xb5\xd2\xef\x0fp\xecL\x09\x00\xab)jo\x83\x7f\
\xe7\x0at.w\x95\x97\x8bu\x8f20*[(p\
\xcd\xe5\xa9\xb0l\x03\xb8\x9c\xf8\xc1\xd9\x86\xcan\xd0\x9d\
\xdd\xe1 b\x19\x87\xb9\xa9\xd7\xcc\xba\x04\xa9k\xcfN\
\xbb\xbb\xc4\x1a\xfa\xb1!\xdb^\xef\xe6\x08\xad\xc8P\x12\
S\xdb\xfe\xb2c\x83j\xa7 N;\xfd\xc9\x0d\xc9\x0a\
\x5cS\xd7\x9d\xccr\xe1\x85]\xfa}X\xdfX\xb3\x18\
\x00 w9z\x7f\xce `\xa8w\x1b\xaa=\xb5\xf5\
\x89\xcc\x8d\xe8$\xeaz\x7f\x9cc\xec/\xdas\x1d\x03\
\xfdc\xf0|\x96\xb6\xbc8M\xef\xc6\x04T\x97mf\
\xd7\xa7:\xf3\x9a\xf8\xaaj\xbb\x0c\xa2\xf3\xf90#z\
\xd7\xa8O\x1c\x13\xeeF\xecwQ\xf3\x09\xa7i\x83R\
\xe8\x05\xbf\x0e\xe1-\xfc\xc4I\x9d\x82}\xd3\x92I\xfb\
\x97\x19\x08i\xd0\xd1\xcc\x97'\x89\x0a\xbd\xc2\x1dC\x87\
\xe61t\xaa-2\x0d\xd9\xd7\xbcC1(\xdaS\xf0\
hr\xf5\x03t[\x8e\x9e O\xf9\xcd\xaa\xb8;{\
\xff\x00\x7f\xf8_\xff\xc4\x00-\x11\x00\x01\x03\x03\x02\x05\
\x04\x03\x01\x00\x03\x01\x00\x00\x00\x00\x01\x00\x02\x11\x03\x04\
\x10 1\x12!02Q\x13\x143A\x22@aP\
#BqR\xff\xda\x00\x08\x01\x02\x01\x01?\x00\xfd\x8e\
Z\xe1F!F#\x10\x17%\x0a\x14(P\x87\xf8\xae\
po2\xbdVy^\xab<\xafU\x9eW\xa8\xdf+\
\xd4o\x95\xea7\xca\xe3o\x95\xc6\xdf+\x8d\xbeW\x10\
\xf2\xb8\x87\x95\xc4\x17\x10R\x14\x85*B\x95#\xa0G\
\xf8\x8f\xa8\x18$\xaa\xb5MC'\xa6T\x9cIRT\
\x95%q\x1f+\x88\xae#\xe5q\x1f+\x8d\xc7\xedq\
\x11\xf6\xbdGyA\xee\x1c\xc1Tk\x8a\x9c\x8e\xf8!\
\x03\xfe\x0dJ\x82\x98\x92\xaaT/2rz\xe3Q\xc8\
q\x06B\xa3\x5cT\x10w\xc1\x1f\xe0T\xa8)\x89*\
\xa5CP\xc9\xd1=9\xd4\x0a\xdfX0d*\x15\xc5\
NG|\x11\xfb\xd5*\x8abJ\xa8\xf2\xf3'\x12\xa5\
F\x98\xd1\x0a3\x1d\x10\xa3@$\x19\x0a\x85qPA\
\xdf\x04 \x7fn\xadQL'\xbc\xbc\xc9\xccbQ\xe8\
N\x81\x93\xabe:C\x8bL\x85B\xb8\xa8 \xef\x82\
\x10?\xb3Z\xb0\xa6\x13\x9e^d\xe9=s\xd2\x18\x08\
\xe1\xa4\x83!Q\xae*\x08;\xe0\x84\x0f\xeb\xd5\xac)\
\x8f\xea{\xcb\xcc\x9cl\x8eJ8=h\xd4q\x0a2\
7E\x07\x10d*\x15\xc5A\x07|\x10\x81\x9f\xd5\xad\
XS\x107Nqq\x93\xa8\x14\x11\xd2\x0a\xddm\xfa\
\xd3\x80\xe2\xd3!P\xac\x1e \xef\x83\xe4 g\xf4\xeb\
\xd7\x14\xf9\x0d\xd1%\xc6NJ\x08\xa9\xe8\xce\x81\xa4\xe4\
\xf4\xa7\x01\x10\x81 \xc8Tk\x8a\x82\x0e\xe8\xa9\x84\xd7\
O\xe8\xd7\xae\x18 n\x89$\xc9\xcc\xa3\xa0\xf4N#\
Q\xd1\x0a0uF\x01\x8c\x14\x09i\x90\xa9V\x0f\x11\
\xf6\x89Mt\x14\x0c\xf5\xeb\xd7\x0c\x107D\x93\xcc\xf5\
>\xb5J8\x1dyC%F!B\xe6\x0c\x85M\xfc\
a\x02\x9aH@\xcfV\xbd~\x0f\xc4n\xa6y\x9c\xce\
\x8d\xb1\x19\x0az3\xd0\x9cB(b5\x13\xa7\x982\
\x15:\x9c{\xee\x82\x07\xa9^\xbf\x0f\xe2\xdd\xd7\xde\xb0\
\x8e\x83\xfe\x19\xc6\xc6B\xa3W\x8f\x91\xdd\x04:U\xee\
8\x7f\x16\xa3\xcd\x1c\xc2\x8d\x00\xa9\xc4!\xd4:\xc6\x88\
\xea\x1c\x82A\x90\xa8\xd6\x0f\xe4wA\x0e\x85{\x88\xfc\
[\x93\xa4\x22tB\x9f\xd1=1\x99\xd1\xf5\xa4\x182\
\x15\x1a\xc1\xfc\x8e\xe8(\x95\xb6\x9a\xf7\x1f\xf5j\x95\x18\
8\x9f\xd5\x9e\x94\xe4\x9dQ\xa0\xea\x06\x0c\x85o\x5c?\
\x91\xdd\x04\xe1:..'\xf1j\x1a\x0f\xedN\xa2\x86\
OH\xeb\x92\x0c\x85op*\x08;\xa2Q\xc5^\xc3\
\xd3\x1a\x0a\x8c\x1e\x80\xd65\x84z\x07\xa6\xd2A\x90\xa8\
\xd5\xf5\x1b%\x13\x8a\xbd\x87LtF'\x07F\xfd8\
Q\x92\xa3P\xc1\x0aq9\x18\x8dv\xbd\x875\xbb\x0e\
\xa0\x0b\x8c\x05N\xd2{\xcam\x067\xe9p\xb4}'\
1\xae\xdc'\xda0\xed\xc9T\xa0\xe6o\xa6\x9bx\xdc\
\x1a\xbd\x9b|\xafd<\xafd<\xafd<\xafd<\
\xafe\xfd^\xcb\xfa\xbd\x97\xf5{/\xea\xf6G\xff\x00\
\xa4\xf6\xf08\xb7P\x93\xc8&Z\xbd\xdb\xf2M\xb3h\
\xdc\xafkM\x1b&\xfd\x15R\xdd\xec\xfe\xebc\x0b\xcf\
\x08^\xd2\xa2\xf6\x95\x17\xb4\xa8\xbd\xadE\xedj/m\
Q\x1bz\x83\xe99\x8en\xe3]\xb7b\x84\x15n\xc3\
\xa5\x8d/<!R\xa2\xdac\x96\xba\xf6\xf1\xf93\x07\
\x14>A\xd3\xad\xf2\x1d4\xe9\x9a\x86\x02\xa5E\xb4\xc7\
-U\xad\x83\xf9\xb7\x91Nii\x83\xa6\xdf\xe4\x1d\x1a\
\x96\xed~\xdc\x8a}70\xc3\xb4B\xb6\xec\xcdN\xc2\
\xa5\x1c\xdbR\xe0l\x9d\xce\x82\xf6\x8d\xca\x90t\x5c\xd2\
\xe0t\x8d\x8e%[\xfc\x83\xa7X\xfeeJ\x04`\x09\
0\x15\x1ab\x9bc\xa1sG\x8cq\x0d\xc6\x9bo\x94\
t\x0a\xe2Ohx\x82\x9c\xd2\xd3\x072\xad\xbb3S\
\xb0\xe8\xa4\xde7\x81\x92CD\x95V\xe1\xcf0\xdd\x94\
\x94\x1c\xe6\xecU\xbd\xc7\x1f\xe2\xed\xf3p\xce&\x1c\xb5\
\xc5\xa6B\xf7U<\xafuS\xca\xf7u\x15\xb5WT\
\x9e,\xdc\xd6u28W\xbb\xa8\xbd\xdb\xd7\xbbzs\
\x8b\x8c\x9cF-\x19'\x8b\xc6^\xf0\xc1%>\xe5\xee\
\xdb\x92\x15_\xe5S\xba \xc3\x90 \x89\x19\xae\xce\x07\
\xf2\xd1m\xf2\x0c\x15R\xa7\x00\x95\xee\x87\x85\xee\x87\x85\
\xee\xc7\x84.ZT\x87\x09\x18\x0a\xe1\x92\xde/\x1a-\
\xbb3W\xb0\xe8\xb3\x1f\x919\xbc|\x00\xdcJ\x94\x09\
i\x90\x9a\xee \x0e\x0ap\x83\x18\x94se\xf7\x9b\xd3\
\xcci\x8c\xdb3\x86\x98\xcd\xc3\xf8\x9d\x1e4Z\xbe\x7f\
\x1c\xde6@vG5m\xf2\x0c\xdc\xf6i\xa5S\x80\
\xf3\xdb\x01p\x87\x02\x0a\x22\x0c\x1c\xda\xf6f\xafaD\
\xe6\xcc\xf39\xbc\x1c\xc1\xd2\xda\xefh\x80W\xb9\xa9\xe5\
{\xaa\x88\x92L\xea\xb2\xfb\xcd\xee\xe3X\x12a\x01\x02\
0\xe3\x02Q2gE\x03\xc2\xf1\x9b\x814\xce\x8bo\
\x90f\xeb\xb3Da\x86Z\x13PU\xc4TpG\x16\
\xbd\x88\xa0\xabv\x15\x08\x0cZ\xba\x1f\x1esZ\x9f\xa8\
\xd8Nii\x83\xaerp\x15\x97\xdeow\x1a\xe87\
\x8a\xa0\x19\xb80\xc3\xa4r2\x81\x918p\x91\x08\x88\
\xe5\x9bo\x937]\x9a\x08\xc5.\xc0\x82j\xb9\xf9N\
m>5\x12\x82\xab\xd8r\x13\x5cZx\x82c\x83\xc7\
\x10\xcdJM\xa89\xa7\xda\x11\xdaS\x98\xe6\xf2#'\
I\xc4\xab?\xbc\xden5J\xb4\x1f\x9en\xcf\xe2\x06\
Ni\x19`\xcda\x0f8\x85o\xf2\x0c\xddvjh\
\x80\x06\x00U\x8c\xbc\xe6\xd7\xb35{\x0e\x9a\x15\xbd3\
\x07d\x08<\xc6\x82\xd0\xeeEU\xb4\x9elNi\x1c\
\x8e#A\xc0\x0a\xcf\xef7\x9d\xc1\x1dVc\x999\xbb\
<\xc0\xd5le\x99\xb8\x11P\xa3\x8bo\x937]\xba\
iS\xe22vA5=\xfc-%L\xf3\xc1V\x9d\
\x99\xab\xd8T\x22\x86\xf9\xa5]\xd4\xff\x00\xf12\xb3\x1f\
\xb1\xd0\x15j\x22\xa8\xfe\xa70\xb0\xc1\xcf\xd6\x0el\xfe\
\xf3y\xdc5\xd9\x8eG7G\xf3\x8cFJ\xb4?\x8e\
n\xbeC\x9b^\xfc\xbd\x81\xe2\x0a\xf6\xec^\xdd\x8b\xdb\
\xb1\x0a\x0c\x1fJ\x14 \xae\xaa\x7f\xd0`\xa2\xad><\
\x05W\xb0\xe0\xe0\xe8ew\xb3\xedS\xb9k\xf9\x1eG\
\x01\x05^\x88\xaa\xdf\xea\x88\xe5\xa0\xe6\xcb\xef7\x9d\xc3\
;)S\x8b>\xd3\x9b\x9f\x93U\xa7i\xcd\xdf\xc8\xbe\
\xf1k\xf2k\x85\x0a\x15Z\x82\x98\xfe\xa2I2rU\
\xaf\xc7\x80\xaa\xf6\x1co\x83\x9d\xb3J\xe0\xb3\x91\xd95\
\xc0\xf3\x08b\xee\x9f\x0b\xb8\xc7\xde'M\x96\xc77\x9d\
\xe1\x1dV}\xa77=\xfa\xad;Nn\x8f\xfc\x8a1\
k\xf2t\x1c\xe6\x81$\xaa\x97#f'\x12\xe3'\x01\
\x1cZ\xf6`*\xdd\x87'\xa1mT\xb4\xf0\x1f\xb41\
]\x9cl#A\xcd\x96\xc77\x9d\xe3]\x91\xdf7]\
\xfa\xadG\xe1\x9b\x935\x0a\x18\xb4\xf93v\xe2\xd6\x88\
^\xa3\xfc\xafU\xfeW\xaa\xf1\xf6\x8dW\x9f\xb4d\xef\
\xae\xd7\xe3\xcdn\xc3\xd3\x98\xe6\x15'\xf14\x1c\xd5o\
\x0b\xc8\xc0G6{\x1c\xdew\x84uY\x1edf\xec\
s\x07U\x01\x14\xc6k\x19\xa8si\xf2f\xf3\xb4f\
rvC'\x16\x9d\x99\xaf\xd8s\x12a{z\x9e\x17\
\xb7\xa9\xe1\x1a/\x02H\xd5he\x99\xba\x11S%\x0c\
Y\xf6\x9c\xdd\xf7\xa3\xaa\xd0\xc5L\xdd\x8f\xc6u4@\
\x03\x04\xa7\x19$\xe6\xd3\xe4\xcd\xe7h\xd58\x8c\x1cZ\
\xf6f\xe3\xe39\xa6\x7f1\xff\x00\xb9\xac%\x873\x80\
\xac\xc7\xe2sy\xdf\x81\x89\xc5\x9fi\xcd\xdf~v\xd1\
E\xdc5\x01C\x15\xdb\xc4\xc24\xd3o\x13\xc0\xcdg\
p\xb0\x95(\xe2\xd7\xe4\xcd\xe7h\xe8J\x85\xb6-{\
3q\xf1\x9c\xcc&\x99\x00\xe0\x89\x10\x9e\xd2\xc7\x10Q\
\xce\xea\x8b8\x18\x06n\x1d\xc5P\x91\xaa\xcf\xb0\xff\x00\
\xeen\xfb\xf3\xf7\x83\x8f\xeac\xb8\x80#\x04HNo\
\x0b\x88:-[.'7\x86\x19\x1etZw\xe6\xf3\
\xb4t~\xb3i\xd9\x9b\x8f\x8c\xe8\xb5\x7f\x13#\xc6k\
\xd0\xf59\x8d\xd3\x98\xe6\x18#\x00\x13\xc8+{r\xdf\
\xc9\xd9\xa8\xee\x06\x92\x89\x93\xa0\xe2\xcf\xb0\xe6\xef\xe4\xe8\
Z?\x89\x91\xe374I\xfc\xdb\x96\xb4\xb8\xc0T\xa9\
\xf063v\xe9|x\xd1k\xdf\x9b\xce\xd0\x8e\xad\xb4\
\xda|y\xb9\xf8\xceJ\xa1W\xd3w=\x903\x974\
;thS\x9d\x93X\xd6\xec4]U\xe2<#\x11\
\xa0+>\xc3\x9b\xbf\x93\xa1oS\xd3w=\x8e\x87P\
c\xb7\x08Z15\x8dg&\x8c\xd4xcI)\xce\
.2tZ\xfc\x99\xbc\xed\x1a\xa7\x00(\xcd\xa7fn\
~3\xa6\xde\xe7\x87\xf0v\xc8\x19\xe65\xdc\x5c\xc7\xe2\
\xcd\xf3:l\xfb3u\xf2d)S\xa2\xda\xbc\xfe\x0e\
S\xa8\x90\x04\x95q[\xd5<\xb6\xc8\xc5\xa7\xc9\x9b\xce\
\xd1\x89S\xa4\x1d\x16\x9d\x99\xba\xf8\xca\x8d4\xab\xba\x9e\
\xdb&]\xb1\xdd\xdc\x90{N\xc7\x0e{[\xb9O\xba\
cv\xe6\xaa\x5c9\xfc\xb6S\xd0\xb5\xaa\xd6\xb2\x09^\
\xbd?+\xd7\xa7\xe5\x5c\xb89\xf2:T\xae\xcby=\
2\xa3^%\xa72\xaa\x5c1\x9fj\xb5wT\xe5\xf5\
\xaa\xd3\xbf7\x9d\xa3Ddbsi\xf1\xe6\xeb\xe3\xd0\
t\x0eK\x8d\xdeT\x9e\x89Q\xa24\x15\x1a\x02(n\
\x85z\x8d\xd8\xa3sS\xcauG\xbbs\xd0\x04\x8d\x97\
\x1b\xbc\xae7yE\xeev\xe7\xa9i\xd9\x9b\xaf\x8fA\
\xfd\x19\xd6t\xc6\x98\xc9\xd1=/\xbdV\x9d\x98\x08\x80\
D\x15^\x81\xa6dm\x88G\x13\x99\xe9\xc6J\x8d#\
@\xc4(\xc0\xc1\xc0\xc1C'\x10\xa6t\x8d\x00\x12`\
*\x14\xcd6A\xd0@p\x82\xabP\xf4\xcc\x8d\x91\xd6\
GDt\x0fK\x96\x88\xc4\xe0\xa1\xa0\x9dC \x13\xc8\
*\x14=1'}N\x01\xc2\x0a\xaf@\xd326\xc9\
\xd0z\x05\x05\x19\x18\xdf\x07X\xd59\x8c\x1c\x9c\x944\
\x84\x01q\x80\xa8P\x14\xc4\x9d\xfa\x0ehp\x82\xabP\
4\xcc\xfdb\x14h\xdf\xab\x18:\xe5\x0d\x11\xaeP\xcc\
N\xa1\x80\x090\x15\x0a\x02\x98\x93\xbfI\xcd\x0e\x10U\
z\x06\x99\xfej\xdb\xa98\x84t\x1e\x84\xa9\xc4h\x8d\
P\xa1FZ\x0b\x8c\x05B\x80\xa6$\xef\xd4sC\x84\
\x15^\x89\xa4\x7f\x9f\xb2?a\xa0\xb8\xc0\xddQ\xa2)\
\x89\xfb\xeb9\xa1\xc2\x0a\xadD\xd2w\xf3\x11\xa4\xf5\xc2\
\x85\x1a\x06g'\xa5\x08a\xad.0\x15\x0a\x02\x90\xfe\
\xfe\x83\xd8\x1e \xaa\xb4\x8d#\x07n\x9c\xa9\xccd\xe4\
t#\x13\xd6kK\xcc\x05F\x88\xa4?\xbf\xa00\xf6\
\x07\x88r\xabH\xd31\xf5\x98\xfd\x7f\xb4\x14\xe8:\x0e\
\x92\x82kK\x8c\x05F\x88\xa6?\xbf\xa41R\x98\xa8\
\xde\x12\xaa\xd24\xcc\x1c\x19\xc8G@\xd4\x0e'I\xe8\
\x1d#KZ\x5c`*4E!\xfd\xfdA\x8a\x94\xc5\
A\x05U\xa6i\x98(i\x9dGH\xd2N\xb8\xe91\
\xa5\xc6\x02\xa3DS\x1f\xdf\xd8\xa9LTl\x15R\x9b\
\xa9\xba\x0a\x84\x11\xc0\x0a\x11Q\xa6V\xfd\x09\xd05\x9d\
\x0ciy\x80\xa8\xd1\x14\xc7\xf7\xf6\xaaS\x15\x04\x14\xf6\
\x16\x18:\xe3X\xc8\xc9\xc4\xe0f:\x0diy\xe1j\
\xa3DR\x1f\xdf\xdc\xabHT\x10S\xd8X`\xf4\xb7\
D\xf4\x0a9\x1a\xe7-iy\xe1n\xea\x8d\x11H\x7f\
\x7fz\xad!Ps\xdd=\x85\x86\x0e!\x144\x8c\x01\
\xac\xa3\xd2\x18kK\xcf\x08Th\x8aM\xfe\xe2\x7fz\
\xb5\x11P\x7fS\x9aZxOKe\xba\x8f\xd0\x84\xd6\
\x97\x98j\xa3DR\x11\xf7\xfe\x15z\x22\xa8\xfe\xa7\x02\
\xd3\x07\x13\xa25\x04z \xe8\xdd5\x85\xe6\x02\xa3@\
R\x1f\xdf\xf1+\xd0\x15\x04\x8d\xd7\x03\x87\xd2\xe0w\x85\
\xc0\xef\x0b\x85\xde\x17\x09\xf0\xb8O\x85\xc2W\x09P\xa3\
Y\xd241\xa5\xe6\x02\xa3DS\x1f\xdf\xf1\x01\xe9\xc0\
\x5c!p\x85\xc2<.\x16\xf8\x5c\x0d\xf0\xb8\x1b\xe1z\
m\xf0\xbd6\xf8^\x93</I\x9e\x17\xa4\xcf\x0b\xd1\
g\x85\xe8\xd3\xf0\xbd\x0a~\x17\xa1O\xc2e6\xb3\x9b\
G\xf8\xf3\xd2\x95*q*T\xfe\xef\xff\xc4\x00C\x11\
\x00\x01\x02\x03\x04\x05\x07\x08\x08\x06\x03\x01\x00\x00\x00\x00\
\x01\x00\x03\x02\x04\x11\x05\x06\x10a !1AQ\x12\
\x1304q\x91\xc1\x145@\x81\xa1\xb1\xd1\xf0\x15\x16\
\x22$RSr\xe123BCPb#%\x82\xf1\
\xff\xda\x00\x08\x01\x03\x01\x01?\x00\xff\x00\x1bTG\xf8\
Yi7\xa6\xa2\xe4\xb3\x09'%\xf4$\xff\x00\xe5E\
\xdc\x8d\x8d<\x05y\xa8\xbb\x91\xb2'G\xf6\xa2\xee+\
\xe8\x99\xca\xd3\x9a\x8b\xb8\xaf\xa3&\xf6\xf3Qw\x1f\x82\
\xfa6k\xf2\xe2\xee(\xd9\xf3#\xfbg\xb8\xfc\x17\x90\
L\x83Nl\xf7\x1f\x82\xf2)\x8f\xc0{\x8f\xc1y\x1b\
\xfby\x07\xb8\xfc\x11\x94x\x0a\x98\x0fq\xf8#*\xf0\
4\xe4\x1e\xe3\xf0^L\xedi\xc9=\xc5s\x0eR\xbc\
\x93\xdc\x8b\x0eR\xbc\x93\xdc\x8b\x0e\x03J\x15\xcc\xb9Z\
P\xaej=\xb4\x5c\xd4t\xad\x177\x10\xdc\xb9\xb8\xab\
J.n.\x0b\x91\x16\xda.D\x5c\x11\x82!\xb4`\
\x0a#\xfc\x1d\x9bf=h:\x1bhj\xdew\x05f\
Y\x8dY\xcc\xf3m\xed\xdex\x95\xc9@***.\
J\xa0\x5c\x95\xc9\x5c\x95\xc9\x5c\x90\xb9#\x82\xe4\x0e\x0b\
\x9b\x87\x82\xe6\xe1\xe0\x175\x07\x01\xdc\xb9\x98?\x08\xee\
\x1f\x05\xcc\xc1\xf8Gp\xf8.a\xbf\xc2;\x87\xc1s\
\x0d~\x11\xdc>\x0b\xc9\xda\xfc#\xb8|\x17\x935\xf8\
\x07p\xf8/%g\xf0\x0e\xe1\xf0NH\xb0\xe4&\x18\
\xa0\x149\x0f\x82\xb7l\x08\xec\xf8\xf9\xc6\xf5\xb6}\x99\
\x1c\x01\xa2#\xfc\x0d\x99e\xbdh\xbb\xcd\xb65o;\
\x82\xb3\xec\xe6\xa4\x1a\x0d4;N\xf2\xa9\xa5N\x82\x9d\
#\xcc@\xfc\x05\xb7\x05A\xdc\xad\xeb\x05\xcb>2\xeb\
z\xdb>\xcc\x8e\x00\xa2=>\xcb\xb2\x9e\xb4]\x106\
5o;\x82\x91\x91jE\xa0\xd3CW\xbdS\xa1\x01\
S\xa1\xa6\x851\xa6\x0e\xb3\x03\xd0\x16\xe3\x15\x05[\xd6\
\x0b\x96||\xe3z\xdb;\xf8v\xff\x00\x80\xb2l\x97\
m'y\x10j\x84m<\x14\x94\x93RM\x06\x9a\x14\
\x1e\xf4:\x1a\xe3EEEEM\xca\x9a\x1bu**\
cJ\xe0py\x98\x1e\x80\xb7\x18\xa8*\xdf\xb0c\xb3\
\xe3.6*\xd9\xd9\x96G\x00\x88\xf4\xbb\x1e\xc7r\xd1\
v\x83T#i\xf9\xde\xa5%\x1a\x94h2\xd0\xa0\x08\
\x04\x05:*\xe1_A\xa2)\xf6\xa0z\x03\x03\x82\xa0\
\xabz\xc3\x8aA\xceq\xb1V\xce\xfe\x19`\x0a\x22\x9e\
\x93cX\xceZ.k\xd5\x00\xda|;T\xa4\xabR\
\xad\x86\x9a\x14\x01\x01\xa1M\x0c\xb4k\xa9lU\xf4\x12\
\xa8\x9eb\x07\xa0-\xb8*\x0a\xb7\xac\x18\xac\xf8\xf9m\
\xeb\x80\xec\xcb#\x80(\x8fG\xb0\xec7-(\xf9Q\
j\x80m>\x01KJ\xb5,\xd8i\xa1@>u\xe1\
\xca\xa2\x07\x0ah\xd5m\xd7\x80\xd9\x86\xecG\xa0\x14\x0e\
\x0f\xb1\x03\xf0\x16\xdc\x15\x07r\xb7l\x18\xec\xf8\xf9\xc6\
\xf5\xc0}\x99`\x11\x14\xf4[\x0e\xc0r\xd0\x8b\x9cs\
T\x03\xdb\x90R\xf2\xed\xcb\xb6\x1alP\x0d\xd8\x90\xa9\
\xafJ\x88\xe5\xa1Lh\x87\xa0\x11U\xc9\xd6\xa8\xa8\x9f\
e\xb7\xdb-\xb8*\x0e\xe5n\xd81\xd9\xf1\xf3\x8d\xeb\
l\xfb2*\x88\x22)\xe8v\x15\x81\x1c\xf4A\xd7u\
7\xefL\xb3\x03\x10\x06\xdb\x14\x03r\x1d\x15j\x82:\
\x14[\xd5\x10\x1a;\xb1\xcb\xa0\xdd\x8du\xa2\x9ef\x07\
\xa0-\xc6*\x0a\xb7,\x17,\xf8\xf9m\xeb\x80\xfb2\
8Q\x11OA\xb0n\xfcs\xb1\x07\x9e\xd5\x00\xef=\
\x99(\x1b\x85\xb8D0\x0a\x00\x80\xc4q\xe8B\xa2\xa2\
\xa64\xc0z\x19\xe2\x80D'\x99\x85\xe8\x0bn\x0a\x83\
\xb9[\xb6\x13\x92\x11\x97 \x15l\xec<2*\x88\xa2\
:{\x02\xef\xc57\x10}\xf1F\xfd\xff\x00\xb2\x82\x01\
\x00\x10B(\x02\x1d(8k\xd0\xa2>\x81\xbfB\x8b\
b\xa2\xa5S\xcc\xc0\xf4&\x08\xc5AV\xed\x89\x1c\x84\
|\xe3b\xb0\x1d\xfc2(\xe0GKwn\xf9\x9a\x88\
LL\x0a@6g\xfb( \x10B!\x84P**\
i\xd3R\x1aUU@\xd7\x1c\xbd\x04\x221\xdf\x85\x15\
\x11\x1b\xd3\xcc\xc0\xec\x06\x08\xc5AV\xf5\x85\x1d\x9f\x1f\
8\xde\xb6\xcf\xb3\xb7\xa5\x02\xaa\xef]\xdf(\x02jd\
}\x9d\xc3\x8e}\x9e\xf4!\x10\x8a\x05\xb3\xa1\xdc\x8e\xa4\
\x0a#B\xa8ho\xd2\xcf\x0c\xb0\xcf\xa0\xae\x91*\xb8\
<\xcc\x0f@[\x8cT\x1d\xca\xde\xb0c\x90\x8f\x9dl\
U\xb3\xec\xc9\x1e\x88\x0a\xab\xbdw9\xcaMM\x0f\xb3\
\xb8q\xcf\xb1\x08@\x14\x08\x0e\x88#\x86h\xe0\x11@\
\xe9o\xe87\xe1\x96\x86J\x95\xd0\xc9mY\xe8\xbc\xcc\
\x0f@[pT\x15oX1Y\xf1s\x8d\xebl\xfb\
;p\xad4\xc0$\xd0+\xbfv\x84@L\xcd\x8d[\
@\xf8\xfc\x10\x14\xe8\xe8\xb6#\x85UzP(\x10\xdb\
\x8e\xe5\xbf\x0aa\x9e\x14\xa6\xac6\xac\xf0\xcb\x0c\xd6\xc5\
\xb7V\x83\xad@\xf4\x05\xb8\xc5AV\xfd\xdf\x8e\xcf\x88\
\xba\xd6\xb6\xcf\xb3\xb5\x14\x0d4a\x84\xc4h\x15\xdf\xbb\
|\x9eL\xcc\xd8\xd7\xb4C\xe2~\x08\x0e\x90cJ\xe3\
EA\x86zYho\xc7r\xde\xb7a\xbbK5\x92\
\xda\x82\xaa\xae\x1b\xb4\x1dj\x17\xa00F*\x0a\xb7\xee\
\xfcr1\x17Z\x15l\xfb2*\x88b!$\xd0+\
\xbfw9\x9aL\xcd\x0d{\x87\x0c\xceh\x0e\x97~\x8e\
\xcd\x0d\x9a\xf43\xc3%RVxd\xb7,\xd6\xec7\
h\xfc\xe5\xd0\xe4\xb7h\x14\xf3p\xbb\x01\x821PU\
\xbd`\xc5#\x1f<\xd6\xb6\xcf\xb3%EL,\x10\x0c\
\xfb@\xf1\xe9s\xe8\x0a\x08\x95T4\xa9S]\x1c\xd6\
\xc5\x96\x86Xg\xa7\xf3\x9e;\xb4\x0a\xa2\x8d\xa8]\x80\
\xc1\x18\xa8*\xde\xb3`\xb3\xe6y\x0d\x9dDTc`\
y\xc1\xae\xd44\xea\xb9@ A\xd9\xd0W\x1a\xaa\xe2\
\x0a\xaa\xafC\x5cw*\xeb\xae\x1b\xe9\x86h\xaak\xa6\
\x15U\xc2\xaa\xaa\xba\x01\x10\xb2@+\xdf\xd7!\xfd>\
(\xe1`y\xc1\xae\xd44ffZ\x96\x80\xb8\xf4@\
\x00\xa7\xef\x95+\x04\xa4>\xb3\xe0>*b\xdf\x9f\x98\
\xaf)\xc2\x06Z\xbd\xca)\xa7\xa3\xd7\x14d\xfa\xcf\xc5\
3=0\xc1\xabQ\x91\xd8J\x94\xbd\xd3\x8c\x9a;H\
\xc6{{\xc2\xb3m\xf9KC\xec\xc2y1p>\x1c\
tmY\xd3#+\x14\xc4\x22\xa4/\xae\xb3?\x97\x0f\
\xb5}u\x98\xfc\xb1\xed_]\xa6?,{W\xd7g\
\xab\xfc\xb1\xdeP\xbe\xce\xfeP\xef+\xeb\xb3\x9f\x94;\
\xca\xfa\xed\x1f\xe5\x0e\xf2\xbe\xbb\xc7\xf9C\xbc\xa1}\xe2\
\xfc\xafj\x17\xdc\xfeO\xb7\xf6Rs\x1eR\xc4\x0fR\
\x9c\xa1Z-\xba\xf0\xa6\x15O>\xdb0\x98\xdc\x88\x00\
8\xecS\xb7\xc2U\x9a\xc2\xc01\x9e;\x02z\xf8\xce\
\xc6\x7f\xe3\x02\x11\xd9_z\x17\xaa\xd2\x06\xbc\xbf`L\
_9\xa8\x7f\x9b\x00\x8b\xd8\xa4/D\x94\xd9\x10\xc6y\
\x11g\xb3\xd4P \xeb\x05Ta\xb9o\xc2nn\x09\
6by\xcd\x81}q\x92;a\x8b\xb8|W\xd7\x19\
\x1e\x11w~\xe8_\x09\x0e\x11w~\xeb\xeb|\x87\xfb\
w~\xe8^\xfb?\xfd\xbb\xbfu\xf5\xba\xcf\xe2{\xbf\
u\x0d\xeb\xb3\xa2?\xc4G\xa8\xa9kNRgSN\
\x03\xeb\xd7\xed@\xa2Uu\xaa\xeaU\xdc\xa9\xbd^\xe3\
Y\xc8\x7fH\xf7\x9cl\x1e\xbe\xd7n\x8c\xfc\xf3R,\
\x97\x9d:\x87\xb4\xf0V\xa5\xaa\xfd\xa2\xe9\x8d\xc3\xabp\
\xdc>x\xe9C\x19\x84\xd4+\xbbx\xccdKM\x9d\
{\x8f\x81\xf8\xe8^o79\xea\xf7\xf4Cj\xb2:\
\x8bC\xfdB\x0b<\x0f\x05i\xdal\xd9\xcc\xf3\xae\x9d\
{\x87\x15iZ\xd3\x16\x83\x9c\xa7N\xad\xc3p\xd1\xaa\
\xb1\xaf\x13\xf6|B\x08\xcf)\xbe\x1b\xc7b\x95\x9aj\
i\xa0\xf3&\xb0\x9f\x9dha\xbf\xe6\xa8\xecW\x93\xcd\
\xcez\xbd\xfd\x00$lVm\xe4\x9b\x92\x22\x18\x8f.\
\x0e\x07\xc0\xab:\xd1b\xd1k\x9cd\xf6\x8d\xe3\xb5\x01\
\x81\xda\xa2:\x95\xed5\x9c\x1d\x83\xc7\x1b\x08V}\xae\
\xd1\x85i\x81<U\xe3\xb5<\xbah\xc3\x01\xfb\x10\xea\
\x1e'\x10\x09\xd4\x14\x12\x8f\xc7\xfc0\x13\xea?\x05\x13\
QC\xfcC\x18I\x06\xa1]\xabS\xcbe\xb9\x11\x9a\
\xc7\x06\xa3\xd9\xb8\xaa\xe1y\xbc\xdc\xe7\xab\xdf\xd1\x01\xad\
Y\x03\xee-\x0f\xf5\x08,\xd6\xc4\xfb\xd02\xdcNF\
h\x00%Z\xd6\x94v\x8c\xc1v#\xabp\xe04)\
\xa1w-\x98\xa4^\x0d8\x7f\xe3\x8b\xd8x\xfcP;\
\xd6\xe5\xbf\x0b\xcb\xe6\xe7=^\xfd*!\x85\x15\x9fh\
; \xf0y\xa3\xdb\x98\xe0\xa4'[\x9ef\x17\x9a:\
\x8f\xcd\x15QD+\xd9\xaapv\x0f\x1cl.\xbe\xd7\
h\xd0\xb7\xe7|\x8eJ8\x86\xd3\xa8z\xff\x00dN\
\x12\xf2\xeeL8\x1alT\x95d\xdd\xe9y(\x04N\
C\xca\x8f=`v!\x08\x1b\x13\xf2\x8c\xccA\xc8v\
\x10Gb\xbc\x16\x01\x91<\xf3:\xe0>\xcf\xdb\x1b\xb5\
6e\xa7\xa1\xe1\x16\xa3\xeb\xc6jU\xb9\xb6\xcb.\x8a\
\xc2~v\xa3u\xec\xe3\xfd\x07\xbc\xa3u\xac\xe2k\xc8\
=\xe5}U\xb3\x87\xf4\x9e\xf2\xaf-\x97/gD\xdc\
,\x0aV\xbbMq\xbb\x96,\xb5\xa0\xd4q\xbfZ\x83\
M\xab\xea\x84\x85?\xab\xbf\xf6F\xe7\xc8\x91\xb6.\xff\
\x00\xd9\x0b\x9f#Z\xd6.\xf1\xf0L3\x0b\x0d\xc2\xd4\
\x1b\x00\xa0\xc4\xab\xe3h\xf3mC)\x07\xf5k=\x9b\
\xbd\xb8\xc8\xc8\xbb<\xe8i\x91S\xee\xedRWVM\
\x88G<9qg\xb1EdID(Z\x87\xb9Z\
WQ\x97a1\xca}\x98\xb8n?\x04\xf31\xb3\x19\
m\xc1B0\x06\x8a\xee\xda\x11NI\xc2N\xb3\x0e\xa3\
\xe1\xecAo\xa2\xdc\xaf1\xff\x00\xaes\xd5\xef\xc6\xca\
\xb3\x8d\xa2\xff\x000\x0d5\x13\xdc\xbe\xa69O\xe6\x8e\
\xe2\x8d\xccv\x9a\x9d\x1d\xc5\x1b\x98\xedu:;\x8az\
\xe8M@\x09n!\x16[\x0a~]\xc9x\xcbn\x8a\
\x10\x8a*\xe8\xda%\x99\x8f%\x8f\xf8c\xd9\xdb\xfb\xa0\
\x11\x08\xecW\xb7\xae\x8f\xd2<q\xb0z\xfb]\xa3\x0a\
a}\x5c\x22\x16\xa0\xed8\xdc\xd98H\x8ed\xed\xd8\
<P\x18\xcdK\xc32\xccME\xb2 By\xa2\xd3\
\x91@v\x83ED\xd4F\x08\xc4Cu\x13\x11\xf3\x8d\
\xc3\x1f\x10\x0f\xb3\x0c\xb1*\xfb\x7f1\xa1\x91\xf7\xe3r\
\xfa\xbb\x9d\xa3\xdc\x86\x91W\x8ao\xcag\xe3#`\xd5\
\xdd\x8d\xd8\xb3\xe1\x95\x94\x0e\x11\xf6\xa3\xd7\xea\xdd\x86\xdc\
/}\x9f\x0c<\x99\xb87\xea>\x07\xc3\x1b\x973\xc8\
~6O\xf5\x0a\xf7~\xd8Sr\xdc\xafA\xa5\x9d\x1f\
\xab\xdf\x8d\xd2\x15\x9f\xff\x00\xc9\xf0\xd1\xb6\xec\xa8'\xd9\
$\x0f\xb66\x1f\x02\xa3\x144E0\xf4L;\x0b\xb0\
\xed\x84\xd551\xceA\x0cp\xec \x1e\xf5\xca\xaa1\
+\xdb\xd7G\xe9\x1e8\xd8\x1epk\xb5\x0c\x0a\xbe\xd0\
\x9a\xb5\x17o\x8671\xd0e\xdcn\xba\xc1\xaa\x18\xd1\
;wl\xf7c1\xc5\x06\xb3\xac\xeb+\xea\xc5\x9d\xf8\
=\xa5\x0b\xafgm\xe4\x1e\xf2\x9b\x807\x08\x82\x1d\x83\
V\x89W\xdb\xf9\xad\x0c\x8f\xbf\x1b\x97\xd5\x9c\xed\xf0\xc0\
k\xd1\x98t4\xd4N\x1d\xc0\x9fbv2\xe4qF\
w\x93\x84\xbbE\xe7alo4L\xb4\x1an\x16\xe1\
\xd8\x00\x1d\xd8\xd1[\xf2\xdeQ \xe4#h\x15\xeeG\
\x0b\x05\xfeb\xd0j,\xe9\xdf\xabB\xf4y\xba>\xd1\
\xefG\x0b\xa2>\xfd\xff\x00\x93\xe0\xb7\xe1EDB\xb5\
\xda\xe6g\x5c\x832\x8e\x16\x0c|\xf5\x9e\xd4G\x85;\
\xb5 \x15\x15\xed\xeb\xc3\xf4\x8f\x1cn\xf0\xac\xfb}\xa8\
`B\xbeR\xdc\xb9X]\x1f\xd2}\xf8\xd8\x96\xa7\xd1\
\xb3!\xc3\xae\x13\xa8\xfc\xe4\xa5\xa6[\x99\x80:\xd1\xa8\
:\x14T\xd1\x18\xdfo\xe6\xb5\xd8}\xf8\xdc\xbe\xac\xe5\
8\xf8**h\x1d\x8a\xf1?\xccY\xee\x1a\xeb\x22\x9d\
\xf8\xdd\xb69\xebA\xba\x8a\x81\xaf\xb9\x0d\x07`\x11\xc0\
a;\xc5\x13\xf0snE\x01\xdcO\xbf\x06c\xe6\xdc\
\x861\xb8\xa6\x5c\x0e7\x0ccx\x05\x0c/G\x9b\xa3\
\xa7\x11\xef\xc6\xe9\x1f\xbf\x7f\xe4\xf8!T5\x227*\
\x22\xaf\x11\x1fH9O\x9dA\x1c.\xc0\xff\x00\xado\
\xd7\xef[0\xbd\xddt~\x91\xe2\xab\x85\xdf\x8a\x96\x83\
]\xa8c?+\x0c\xdc\xbcLE\xbc)\x99x\xe5\x9d\
\x89\xa7\x05\x08\xc6\xce\xb6&l\xe3\xff\x00\x0cZ\xb8\x1d\
\x8aN\xf93\x1f\xd9\x99\x87\x93\x98\xd6>*Zq\x89\
\xa8yl\xc4\x22\x19i\xea\xc2\x88\xab\xecj\xf3c#\
\xef\xc6\xe5\x0aK\xb9\x16~\x1aUW\xc9\xceL\x9c0\
\xf1>\xe1\x8d\xccg\x951\x1b\xbc\x07\xbf\x13\xc3\x1bm\
\x9efy\xd8s\xf7\xeb\xc6\xc2\x8c\xc7 \xd4D\xd7P\
\xc2\xaa\xf3\xc5\xc9\xb3\xe3\xf5#\x85\xd2\x15\x9e\xf5\x1f\x0d\
\x18\x8d\x05U\xa2\xf7=2\xe3\x9cI\xc6\xef5\x13V\
{P\xc5\xc2\xbd\xfa\xd4C\x0b\xd9_-\xd7\xc0cw\
\xfc\xe0\xd7j\x1a\x17\x8e\xc0\xf2\xd8|\xa1\x81\xf6\xc6\xd1\
\xc4|TpE\x010\xc4(F\x84\xbc\xd3\xd2\xd1r\
\xd9\x88\x83\x92\xb2oh\x8e\x8dN\xea?\x88x\xa8\x1c\
\x85\xc8Dp\x9a\x83\xbfH-\xe8\xab\xeb\xfc\xf6\xfb<\
q\xb9}V?\xd5\xe1\x86\xed\x02\xaf\xbcz\x9a\x83\xb4\
\xe3s\x1b\xa3\x0eG\xc4\x8fv\x85*\x8a\xbd\x8d\xf2m\
\x03\x17\x101\xbb\x11\xf2\xec\xd82\xa8\xf6\xe3z\xbc\xdf\
\x17h\xc6\xe8\xf5\xd3\xfaO\x86\x15UUW\x86\xdb\x82\
]\xb2\xc3&\xb1\x9f`\xf8\xa8\xb5\xebEH\xcbE5\
1\x03#\xfa\x88\x09\xb8D\x10\x88!\xd85\x22\x8a\xbd\
\xddx~\x91\xe3\x8d\xdf\xf3\x83]\xba\x14\xc2\xd7\xbb\xcc\
Z\x1fl}\x98\xf8\xee=\xbf\x1d\xaa~\xc4\x9b\x91'\
\x9c\x87W\x11\xb1\x11M\x0b\x16\xdfz\xcf\x8cA\x19\xe5\
6wp\xecR\xd3-\xcc\xb6\x1dh\xd4\x1d\x0c\xf1*\
\xfa\xf5\x86\xce^8\xdc\xce\xa9\x1f\xea\xf0An[\xe9\
\x89W\xda/\xf9\xdb\x87/\x1cn\x844\x91'\x8cG\
\xc3D\xab\xe3\x0d&\xe1<a\xf1\xc6\xe9E[<\x0e\
\x04\xf8 \xb6\x05z\xfc\xdf\x17h\xc2\xaaNy\xe9(\
\xf9\xc6\x0d\x0e\xc5\xf5\xa2\xd1\xfc~\xc0\xbe\xb4\xda\x1f\x88\
w\x05\xf5\xaa\xd0\xfcC\xb8'\xef\x14\xfb\xf0\xf2Lt\
\x19jQDb5(\xe1s\xac\xceTfr1\xa8\
j\x1d\xbb\xca\x18\x15{\xba\xff\x00\xfeG\x8e7\x7f\xce\
\x0dv\xa0\x86\x89\x84\x1dEN\xdd\xc9)\xba\x93\x07&\
.#W\xec\xad;\xb13&\x0cm\xfd\xb8r\xda;\
G\xc1\x11Ln\xe5\xb5\x14\x8b\xbc\xd3\x87\xecE\xec<\
~(\x10EF\x91\x0a\xfa\xf5\x86\xfb<q\xb9\xbdR\
?\xd5\xe0\x82\xd8\xb2\xc4\xab\xea~\xf5\x00\xff\x00_\x1c\
\x02\xbaB\x96x\xed:%_>\xb2\xdfg\x8e7?\
\xa8\x9f\xd4|1\xbd~o\x8b\xb4#\xa41\xb1\xec\x87\
m'\xb90\xea\x84m<?u,\xc4\x12\xcdB\xd3\
B\x90\x8c\x0a*\xf7u\xff\x00P\xf1\xc6\xee\x8a\xda-\
v\xe04\xe8\xad\xdb\xb7\x04\xd0/\xcb\x0aG\xbcn?\
\xba\x8d\xb8\xa0&\x18\x86\xb4P*\xea\xda~U-\xcc\
\xc6~\xd4\x1e\xed\xdaE_N\xb3\x07g\x8e77\xa9\
\xc5\xfa\xbc\x10[\x950\xcd\x15}z\xcc\x1f\xa7\xc7\x1b\
\xa4\x7f\xeb\xfdg\xc1\x0d\x02\xaf\x99\xac\xd4\x03\xfd|q\
\xba\x02\x92\x1f\xfa>\x08a{<\xdf\x17h\xc4cE\
B\x99\x96y\xf8\xb9-\xc2I\xc8+6\xe8\xbc\xe9\x11\
\xcd\x1eH\xe1\xbf\xf6R\xb2\xadJ\xb6\x1af\x1a\x01\xf3\
\xebY\xe0QW\xbf\xaf\x7f\xe4x\xe3v\xc5m\x16\xfb\
|\x0a\x1d\x09\x0a\xf5\xd9\x22\x0f\xbe66\xff\x00\x17\x81\
Q\x0aaw\xa7|\x8ev\x08\x8e\xc3\xa8\xfa\xd08\xd6\
\xb8nW\xd0\xfd\xea\x01\xfe\xbe8\xdc\xde\xa5\x17\xea\xf0\
\x08 ua\xb9oE_h\x7f\xe6n,\x8f\xbf\x1b\
\x9d\x15d\xa2\x1c\x22\xf0Yh\xde\xf8\xf9S\xdc\x9e\x00\
cua\xe4\xd9\xd0\xe6J\x0a\xaa\xf6\x1f\xfa\xf3\xda1\
\xba\xb2\xcdLM\xc5\x03\xb0\x88\x87$\xedF\xc6\x91\xfc\
\x98{\x91\xb1dO\xf6a\xeeF\xc4\x90'\xf9#\xb9\
7c\xc8\xc0k\x0b0\xf7(\x19\x81\xa1H!\x03\xb0\
`\x06\xad\x02\xafi\xac\xf7\xa8x\xe3vEm\x16\xfd\
~\xe2\x87E7/\x0c\xcb13\x16\xc8\x85\x14\xcbE\
\xa7\x22n-\xa0\xe1\x04F\x18\x84Cr\x90|?/\
\x03\xa0\xed\x03\xdd\xa5|\xcf\xde\xe1\x1f\xeb\x8d\xcf\x14\x91\
?\xab\xe1\x80\xd9\x8e\xf5\xb9_f\xeb\x03Q\xe6F7\
)\xc1\xcd\xba\xdfa\xc7~\x05^'y\xcbA\xcan\
\xd5\xdd\x8d\x82\xd1j\xcfhe^\xf40\xbd\xa7\xfe\xbc\
\xf6\x8cno\x5c\x8b\xf4\x9fxCj\xdd\xd0\x14v+\
\xd9\xd7\x8f`\xc6\xeb\xf9\xc5\xbf_\xbb\x0a\xa7]\x81\x98\
\x0b\x8e\x1aB6\xaf\xac6w\xe6\x8fo\xc1}`\xb3\
\xbf4{~\x0a^\xd9\x92\x98p4\xd3\x80\x93\xf3\xc3\
J\xf24\x1a\xb4\x1c\x00m\xd7\xde0\x0a\xec:\x5c\xb3\
\xe0\xae\xea\x8fn\x95\xf2?|\x84\x7f\xa8\xc6\xe8\x0f\xb8\
\x1f\xd4|\x16HlY\xad\x8bz;\x15\xf0g\x97$\
#\xfc${ucs\x9d\xe4\xcd\xc5\x07\x18}\xc6\xaa\
\xb8|\xe7\x84f\x90\x92T\xe3\xa5\xe7\xe3p\xef'\xdf\
\x84\x22\xa6\x8aM\xaej^\x06\xf8\x00=\x8a\x9b\xb0\xbd\
\xa7\xee\x07\xb4csG\xdf\x22\xfd'\xde1(i\x14\
v+\xd9\xd7\xbdC\x1b\xab\xe7\x18=~\xecm\xa0b\
\x90x\x0e\x05\x1c.\xecb\x1bE\xaa\xf1\xd0\xaa*\xf6\
\x91\xe5\xe6\x9c\x067F\x12$\x01<N\x89W\xc4\xfd\
\xf4\x0f\xf5\x1e8\xdd\x01I\x0fY\xf0A\x05\x9e\x19#\
\xb1[ms\xd2\x0e\xc3\x95{\xb5\xa3\x85\x80\xff\x001\
>\xdcY\xd3\xbfV\x81V\xbc\xc0\x97\x93q\xca\xee\xf7\
\xeaG^\x16S\x1c\xfc\xe3m\xf1#\x0d\xb8^\xde\xa0\
{F77\xaeE\xfa|F\x1b\x16K-\x13\x81W\
\xb3\xafz\x867S\xce0\xf6\x1fv3-s\xadF\
\xdf\x10G\xb19\x01\x823\x09\xda0\x95|\xcb\xbd\x0b\
\xa3q\x05KLA0\xd4/A\xb0\x8a\xa0UUS\
\x8eB\xdc&8\xcd\x00V\xa4\xe7\x96M\xc6\xf6\xe2u\
vn\xc0\x0a\x9a+\x0e_\xc9\xe4[\x80\x8dt\xaf~\
\xbd\x12\xaf\x87^\x1d\x83\x1b\xa2?\xeb\xfdg\xc1\x044\
7'`\xe5\xc0a\xe3\xa9M3\x13\x0e\xc4\xdc[A\
#\x08\x220\xc4\x22\x1b\x94\x9b\xe2a\x88\x1e\x1f\xd4\x01\
\xf6h_\x19\xaeD\xbc,\x8d\xb1\x1fv7B_\x9d\
\x9e\xe7?\x08'\xc3\x12\xafoP=\xa3\x1b\x9b\xd7\x22\
\xfd>!\x0d\xabr\xa5\x0e\xa45\xac\xd6kb\xa6\xec\
J\xbd\xbd{\xd41\xba~p\x87\xb0\xfb\xb4/,\x9f\
\x92\xcfEA\xaa-c\xd7\xb7\xdb\x8d\x81xL\x89\xe6\
_\xd7\x01\xf6)i\xb6f`\x11\xb3\x10!U:\xfc\
\x0dBcp\x80\x07\x15x/\x18\x9b\x84\xcbK\x7f\x06\
\xf3\xc7\xf6\xc6\xca\x943\x93p3\xb8\x9d}\x9b\xd40\
\xf2E\x06\xed\x12\xaf\x7f_\xf5\x0cn\x9f\x9b\xc7i\xf0\
\xd1\xf9\xcb\x02\x15\xea\x94,OE\x18\x1a\xa3\xd7\xf1\xc6\
\xeb[P\xb6<\x91\xf3A\xfd'\xc1WV\x13SM\
K6\x5ct\xd0\x05k\xda1Z\x131;\xbb`\xec\
\xc6\xe7J\x16\xe5b|\x8f\xe2:\xbb\x07\xee\x82\x08\xab\
\xdb\xd4\x0fhEQ\x5c\xde\xb9\x17\xe9\xf1\x18\x05L\x0a\
\x07~\x19a\x9a*\xf7u\xefP\xf1\xc6\xe9y\xc0v\
\x1fv\x85\xe3\xb2\xcc\xfc\xb7)\xb1\xf6\xe1\xd63\xe2\x14\
P\x98M\x0e,\xcc\xba\xc1\xe55\x11\x07$/\x05\xa0\
\x059\xd3\xf3\xeaS\x13\xd3\x13?\xce\x8c\xc5\xdat.\
\xa5\x93\x14\xabFa\xd1\xf6\xa2\xd9\x90\xfd\xd6\xdd+\xdf\
\xe7\x03\xd81\xba\x9en\x87\xb4\xe04\xaf-\x9ag\xa5\
\x09\x80}\xa85\x8f\x14E\x0e\x00\xd3XRw\x86v\
R\x1eD1Tp:\xff\x00u\x15\xf0\x9c\x22\x82\x18\
AS\x96\x84\xc4\xec\x5c\xa7\xe2'\xdd\x8c\x84\xa4s\x8f\
\xc2\xcbb\xa4\x95-/\x04\xbbP\xb3\x00\xd5\x08\xa2\xcd\
g\x85\xee\xea\x1e\xb0\x8a\x0a\xe7u\xc8\xbfO\x88\xc0b\
q\x18\x95{\xba\xf7\xa8x\xe3t:\xff\x00\xa8\xe3\xb7\
\x0b\xc3v\xcb\x84\xcdJ\x0d{\xc7\x88\xf8(\xa10\x9a\
\x1d\x10\x80'PW~\xedE\x1cBfl}\x9d\xc3\
\x8fnH\x0aj\xd0\xa2\xc9\x15{\xbc\xe0{\x067W\
\xcd\xd0\xf6\x9f~\x14\xa2\xc9m\xc2\x8a\x88\x8a\x8dj\xf3\
X\x06^#5.>\xc9\xdb\x97\xec\x8e\x94\x0d\xc4\xe4\
B\x18\x05IWv\xc4\xfa9\xbeq\xdf\xe3\x8b\xd88\
|p\xcdl\xd6\xb2W\xb8}\xc3\xd61\xb9\xbdr/\
\xd3\xe2\x10\xdbL*\xaa\x8a\xdf\x85F\xccJ\xbd\xddw\
\xd4<q\xb9\xe3\xef\xde\xa3\x88T\xc2\xd3\xb0%m\x0f\
\xb5\x10\xe4\xc7\xc4|7\xa9\xdb\xab;.Ilr\xc6\
[{\x93\xb2\xaf2h\xe4$v\x82\xa8S2\xaf<\
h\xdc$\xf6\x05%u\xe7\xa6H1C\xc8\x19\xfc6\
\xab2\xed\xca\xc8\x91\x19\x1c\xb8\xf8\x9f\x00\x87Ay\xec\
\xd9\xa7\xe7\x8b\x8d6b\x04\x0d`U\x1b\x1axj\xe6\
b\xee+\xe8y\xea\xff\x00&.\xe2\xae\xe31\xb3!\
\x04\x0e\x02\x0dN\xd1C\xb5\x0e+f#B8D@\
\x88\x86\xa2\xadk\xa3\x0cuvKQ\xfc?\x03\xbb\xb1\
L\xc8\xccJ\xc5\xc8z\x02\x0a\xa2\xa2\x00\xa9\x0b\x0ar\
x\x8eD\x14\x1cN\xa0\xac\x8b\xbe\xc5\x9c9\x7f\xc5\x1f\
\x1e\x1d\x9a4W\xb8VC\xd6\x15\x0a\xa1W4Rr\
/\xd2}\xe1\x0d\xabr<V\xb5\x92\x1a$\xab\xdd\xd7\
\xbdC\x1b\x9c>\xfaNG\x11\x8d\x15\x14M\xc3\x10\xa4\
B\xab\xe8\xe9J\xd7\x9a\x87\xb8|\x14\x0d\xc3\x00\xa4\x00\
\x0fb\xa7AMJ\x8a\x88\x85EE\xb3\x10\x87\x1d\x03\
\xc7\x08\xdb\x81\xcdQCT\xfd\xde\xb3\xde\xd7\x13C\xd5\
\xa9Cu\xac\xe1\x17+\x90O\xac\xa9{\x1eJ_[\
m\x00{\xfd\xf5@SV;\x91\xf9\xe3\x8b\xac\xb6\xf4\
<\x97!\x11\x0e\x04jF\xce\x94:\xcbP\xf7\x05\xf4\
d\x9dk\xcdC\xdc\x132r\xf2\xe4\xc4\xcc\x02\x12x\
\x048`x\xac\xd6ZE^\xee\xbb\xea\x18\xdc\xee\xba\
{\x0e#\xa6\xdc\xaa\xab\xd1\x05\xb3\x0a\xa3\xc7\x0anT\
\xaa\xa6\xf5\xb9e\x86z?9*\x05O\x9d\xe8\x8dJ\
\x9b\x96\xed\x0ah\x95{\xfa\xef\xa8c/0\xe4\xb3\x81\
\xd6\x8d\x08V%\xb5\x05\xa2\xd5\x224\x8cm\x1e#\xd0\
s\xd2\xdf\xa2:\x0c\xd6\xe5\xbe\x98g\x86X\x8e8o\
[\x97\xceZ9h\xba\xe4-\xc2c\x8c\xd0\x05x'\
\xdb\x9e\x9a.5\xb0\x0av\xe8KM9*\xe0u\xa3\
B\x15\x8bm7i7C\xaa1\xb4x\x8c\x01\xd3\xcb\
\x1c\xf0\xc9UWz\x05e\xa1\x96\x95t\x0a\x1f<0\
\xdf\xf3U\xb9o\xa6\x19\xac\xd6Xm\xd6\xb3\xc7\xe7\xff\
\x00\xab?\xfeiC]\xf8\xba\xec-Bb\x8c\xd0\x05\
o\xdb\xf1OE\xcd2h\xd8\xf6\xaa\xe8\xca\xcd9*\
\xe0u\xa3B\x15\x8bm7i7C\xaa1\xb4x\x8c\
\x07G\x96#b\xcbC,3\xe8\x0a\x1f<\x17\xcf\xff\
\x00\x16\xff\x00\x9a\xaf\x9f\xfe\xad\xff\x004[\xb0\xd8\xb2\
Y,\xd6xd\xb7*\xf4\x0e\xbb\x030\x18\xe34\x01\
[\xf6\xf4s\xd1\x96\x9a4l{s\xe8%f\x9c\x94\
t:\xd1\xa1\x0a\xc6\xb6\x9a\xb4\x9b\xe1\x18\xda<FX\
\x0e\x94*he\x86hq\xd3:\xc2\x1cp\xde\xbe\x7f\
\xfa\xber_?\xfc[\xfek\x8d+\xa9f\xb3\xc3%\
\xb5g\xa6\xeb\xd0\xb3\x09\x8e3@\x15\xbdo\xc7?\x1f\
6\xd1\xa3c\xdb\xdb\xd1JM\xb9(\xe8u\xa3B\x15\
\x8fl5i5Q\xaa1\xb4|\xee\xc0\x1fC(l\
\xe86\x1a\xe1\xbf\x0d\xf5[\x96\xf5]\x01\xc5l\x08\xf0\
\xc3<2\xc6\xa9\xf7\xe0f\x03\x1b\x86\x80+v\xder\
\xd0\x8f\x9boT\x03\xdb\xdb\xd1\xd5I\xce9&\xe8u\
\xa3B\x15\x91k5i5\xca\x84\xfd\xa1\xb4*\xa1\xd2\
U\x0c\x0a\x18\x1d\xa8t\x07\x8a\xd9\x86\xd5\x9a\xdc\x8a!\
|\xe5\x8e\xfc)\xa5T\xfc\xc4\x0c@\x5cp\xd0\x05n\
[\xceZ\x11\xf2\x1b\xd4\xd8\xdd\xc7>\x9aJu\xd97\
C\xad\x1a\x10\xac\x9bU\xabE\xae\x5c\x06\x87x[1\
\xafD6a\xb9|\xe4\xb7-\xff\x005CB\xba\x19\
\xad\x9a\x96Xf\xb6#\x86x\x15\xabN\xaabe\xb9\
v\xcb\xae\x9a\x00\xad\xcbu\xcbB>D\x1a\xa0\x1b3\
\xcc\xfa\x04\x8c\xf3\xb2.\x87Z4*\xcb\xb5\x1a\xb4Y\
\x11\xc1\xb7x\xe0\x86\x03\xa1\xcf\x0a\xaa\xaa\xeb\xc3~\x05\
\x12\xab_\x9dj\xba\x07\x8a\xc9e\x86xe\x86k5\
UM-\x8aba\xb9x\x0b\xae\x9a\x00\xad\xbbr;\
F>L:\xa0\x1b\x07\x89\xf4+>\xd0zA\xd0\xeb\
G\xb4qV]\xa6\xd5\xa2\xc8q\xbd\xbb\xc7\x02\xaa\xab\
\xbf\x0c\xb0\xcf\x0c\xb1\xafBV\xfc+\xf3\xb9\x03\x8d(\
\xb2\xc3<2\xc2\xbb\xd5w\xe1\xbf@\xe130\xdc\xbb\
e\xc7\x0d\x00V\xdd\xb5\x1d\xa2\xe5!\xd5\x00\xd8<}\
\x12\xcd\xb4\x9e\xb3\xdd\x0e6{F\xe2\xac\xdbI\x9bA\
\xa0\xe3G\xb4o\x08\x1c2\xd3\xd9\xadd\x82!C\xc5\
S\x12i\xa2\x0e%S\x1a\xac\x96\xe5\x9e\x8dp\xaa\x99\
\x99nY\xb2\xeb\xa6\x80+n\xdar\xd1p\x80i\x00\
\xd8<O\xa3Y\x96\x9b\xb6s\xc1\xc6\xf6o\x1cB\xb3\
\xed\x06g\xd9\x0f4{x\x848!\xa1\x96\x86H`\
4\x0a\xdd\xa0:\x0c\xb0\xcfNfe\xb9f\xcb\xae\x9a\
\x00\xad\xabm\xdbE\xca\x0dP\x0d\x83\xe3\xe9\x16U\xa6\
\xe5\x9c\xf0v\x0d\x9b\xc7\x10\xa4'\xda\x9eh:\xd1\xfd\
\xbbP\xe8\x80\xd1\xae\x88\xe9\xea\x14\xd4\xd3r\xad\x17]\
4\x01[V\xd3\x96\x8b\x94\xd9\x00\xd8>>\x95d\xda\
\xae\xd9\xce\x88\xe0:\x8e\xd1\xb8\xa9)\xc6\xa7\x1a\x0e\xb4\
j\x0e\x91;\xd0:\xb0\x03\x1d\x88\x22Vxe\x86z\
GN\x98\xcdM5*\xd9u\xd3@\x15\xb5m\xb9h\
\xb9A\xaa\x01\xb0x\xfae\x8fl;f\xbb\xca\x87\x5c\
'h\xf9\xde\xa5&\xdb\x9bh<\xd1\xa8*\xba\x07\xa1\
\xcf\x1a,\xf4k\xd0Qd\xa6f\x9a\x95l\xba\xe9\xa0\
\x0a\xda\xb6\x9c\xb4\x5c\xa0\xd5\x00\xd8<J\xaf\xa6\xd8\xb6\
\xd3\x96k\xbc`;G\xc1J\xcc\xb72\xd8u\xa3P\
tF\x03\x0d\x9d\x06z#\xa0*fe\xb9f\xcb\x8e\
\x9a\x00\xad\xabf;E\xcdZ\xa0\x1b\x07\x8a>\x9fa\
[\x91\xd9\xaerb\xd7\x01\xda<Ba\xf6\xdf\x808\
\xd9\xa88\xd3\xa2\xa6\x95Ut\xc9\xc2fe\xb9f\xcb\
\x8e\x9a\x00\xad\xabi\xcbE\xcal\x80l\x1e?\xe0\xac\
\x0bv+=\xcem\xcdp\x1ffi\xa7\xa0v\x01\x1c\
\x06\xa0\xaa\xa1\xe8\xb5U\xc6fe\xb9f\xcb\xae\x1a\x00\
\xad\xabi\xcbE\xca\x03H\x06\xc1\xe2\x7f\xc1\x85w\xed\
\xe3%\x10e\xe3\xff\x00\x19\xf6|\xefPL7\x10\x04\
D5\xe6\x83\xb0q\x5c\xe4<B\xe7!\xe2\xb9\xc8x\
\xae\x5c<W.\x1e+\x96\x17.\x15\xca\x1cW)r\
\x90\x8a\xaa\xaa\xba\xd5UUUUUUUUUT\
\xc4\xcbr\xcd\x97\x5c4\x01[V\xdb\xb6\x8b\x94\x1a\xa0\
\x1b\x07\xc7\xfc0v1\xbd\x07\x9c\xfcEs\xce~#\
\xde\xb9\xf7?\x11\xef\x5c\xfb\x9f\x88\xf7\x95\xe5\x0e\xfe#\
\xdeP\x98w\xf1\x1e\xf2\xbc\xa5\xdf\xc4{\xcf\xc5yS\
\xdf\x8c\xf7\x9f\x8a\xf2\xd7\xff\x00\x19\xef?\x15\xe5\xd3\x1f\
\x8c\xf7\x9f\x8a\xf2\xf9\x9f\xcc=\xe7\xe2\xbe\x91\x9a\xfc\xc3\
\xde~+\xe9)\xaf\xcc=\xe5})7\xf9\xb1w\x94\
-Y\xc1\xb1\xd8\xbb\xca\xfa^w\xf3b\xef([3\
\xc3\xfb\xb1w\xa1nO\x8f\xee\x9e\xf5\xf4\xec\xff\x00\xe6\
\x9e\xf4-\xeb@\x7ft\xaf\xac\x16\x87\xe6\x94/\x15\xa0\
?\xba}\x88^KGo9\xee_Ym\x1f\xcc\xf6\
\x05;k\xcdN\xc2!z*\x81\xfe6\xbaT\xff\x00\
\x03\xff\xd9\
\x00\x00\x1b\xf8\
\xff\
\xd8\xff\xe0\x00\x10JFIF\x00\x01\x01\x00\x00\x01\x00\
\x01\x00\x00\xff\xdb\x00C\x00\x02\x01\x01\x01\x01\x01\x02\x01\
\x01\x01\x02\x02\x02\x02\x02\x04\x03\x02\x02\x02\x02\x05\x04\x04\
\x03\x04\x06\x05\x06\x06\x06\x05\x06\x06\x06\x07\x09\x08\x06\x07\
\x09\x07\x06\x06\x08\x0b\x08\x09\x0a\x0a\x0a\x0a\x0a\x06\x08\x0b\
\x0c\x0b\x0a\x0c\x09\x0a\x0a\x0a\xff\xdb\x00C\x01\x02\x02\x02\
\x02\x02\x02\x05\x03\x03\x05\x0a\x07\x06\x07\x0a\x0a\x0a\x0a\x0a\
\x0a\x0a\x0a\x0a\x0a\x0a\x0a\x0a\x0a\x0a\x0a\x0a\x0a\x0a\x0a\x0a\
\x0a\x0a\x0a\x0a\x0a\x0a\x0a\x0a\x0a\x0a\x0a\x0a\x0a\x0a\x0a\x0a\
\x0a\x0a\x0a\x0a\x0a\x0a\x0a\x0a\x0a\x0a\x0a\x0a\x0a\xff\xc0\x00\
\x11\x08\x00\x8f\x00\x8c\x03\x01\x11\x00\x02\x11\x01\x03\x11\x01\
\xff\xc4\x00\x1f\x00\x00\x01\x05\x01\x01\x01\x01\x01\x01\x00\x00\
\x00\x00\x00\x00\x00\x00\x01\x02\x03\x04\x05\x06\x07\x08\x09\x0a\
\x0b\xff\xc4\x00\xb5\x10\x00\x02\x01\x03\x03\x02\x04\x03\x05\x05\
\x04\x04\x00\x00\x01}\x01\x02\x03\x00\x04\x11\x05\x12!1\
A\x06\x13Qa\x07\x22q\x142\x81\x91\xa1\x08#B\
\xb1\xc1\x15R\xd1\xf0$3br\x82\x09\x0a\x16\x17\x18\
\x19\x1a%&'()*456789:C\
DEFGHIJSTUVWXYZc\
defghijstuvwxyz\x83\
\x84\x85\x86\x87\x88\x89\x8a\x92\x93\x94\x95\x96\x97\x98\x99\x9a\
\xa2\xa3\xa4\xa5\xa6\xa7\xa8\xa9\xaa\xb2\xb3\xb4\xb5\xb6\xb7\xb8\
\xb9\xba\xc2\xc3\xc4\xc5\xc6\xc7\xc8\xc9\xca\xd2\xd3\xd4\xd5\xd6\
\xd7\xd8\xd9\xda\xe1\xe2\xe3\xe4\xe5\xe6\xe7\xe8\xe9\xea\xf1\xf2\
\xf3\xf4\xf5\xf6\xf7\xf8\xf9\xfa\xff\xc4\x00\x1f\x01\x00\x03\x01\
\x01\x01\x01\x01\x01\x01\x01\x01\x00\x00\x00\x00\x00\x00\x01\x02\
\x03\x04\x05\x06\x07\x08\x09\x0a\x0b\xff\xc4\x00\xb5\x11\x00\x02\
\x01\x02\x04\x04\x03\x04\x07\x05\x04\x04\x00\x01\x02w\x00\x01\
\x02\x03\x11\x04\x05!1\x06\x12AQ\x07aq\x13\x22\
2\x81\x08\x14B\x91\xa1\xb1\xc1\x09#3R\xf0\x15b\
r\xd1\x0a\x16$4\xe1%\xf1\x17\x18\x19\x1a&'(\
)*56789:CDEFGHIJ\
STUVWXYZcdefghij\
stuvwxyz\x82\x83\x84\x85\x86\x87\x88\x89\
\x8a\x92\x93\x94\x95\x96\x97\x98\x99\x9a\xa2\xa3\xa4\xa5\xa6\xa7\
\xa8\xa9\xaa\xb2\xb3\xb4\xb5\xb6\xb7\xb8\xb9\xba\xc2\xc3\xc4\xc5\
\xc6\xc7\xc8\xc9\xca\xd2\xd3\xd4\xd5\xd6\xd7\xd8\xd9\xda\xe2\xe3\
\xe4\xe5\xe6\xe7\xe8\xe9\xea\xf2\xf3\xf4\xf5\xf6\xf7\xf8\xf9\xfa\
\xff\xda\x00\x0c\x03\x01\x00\x02\x11\x03\x11\x00?\x00\xf8?\
\xf6\x17\xfd\x99>2\xfc\x7f\xfd\xae\xf4\xab\xfdSK\x8b\
Z\xf0V\xb5\xe6\xdc\xd8\xe9\xfa\x95\xc7\xee\xe4\x8b\x8d\xb9\
LpG=\xfb\xd7\xd8\xe4\x99,\xebN5\xaa\xc7\xdd\
:(a\x9a|\xc7\xdc\xfe6\xfd\x87\xbe\x08|?\xd6\
\x0e\x85\xe2\x7f\x81^\x1a\x8e\xe8F\xb2\x15KB\xc3\x0c\
\x01\xeb\x9fz\xfb\xe8\xe4\x99T\x95\xfd\x9a;\xbd\x94\x19\
\x95\x1f\xec\xb1\xfb7\xe3\x8f\x81\xfe\x1c\xff\x00\xc0\x1f\xfe\
\xbd?\xec,\xab\xfe}\xa0\xf64\xc5?\xb2\xc7\xec\xdf\
\xdf\xe0\x7f\x87?\xf0\x04\xff\x00\x8dTr<\xab\xfe}\
\xa0\xf6\x14\xc3\xfe\x19g\xf6m\xff\x00\xa2\x1d\xe1\xcf\xfc\
\x02?\xfcUW\xf6\x16U\xff\x00>\xd0\xbd\x850\xff\
\x00\x86Y\xfd\x9b\x7f\xe8\x87xs\xff\x00\x00\x8f\xff\x00\
\x15G\xf6\x16U\xff\x00>\xd0{\x0aa\xff\x00\x0c\xb3\
\xfb6\xff\x00\xd1\x0e\xf0\xe7\xfe\x01\x1f\xfe*\x8f\xec,\
\xab\xfe}\xa0\xf6\x14\xc3\xfe\x19g\xf6m\xff\x00\xa2\x1d\
\xe1\xcf\xfc\x02?\xfcU\x1f\xd8YW\xfc\xfbA\xec)\
\x87\xfc2\xcf\xec\xdb\xff\x00D;\xc3\x9f\xf8\x04\x7f\xf8\
\xaa?\xb0\xb2\xaf\xf9\xf6\x83\xd8S\x0f\xf8e\x9f\xd9\xb7\
\xfe\x88w\x87?\xf0\x08\xff\x00\xf1T\x7fae_\xf3\
\xed\x07\xb0\xa6\x1f\xf0\xcb?\xb3o\xfd\x10\xef\x0e\x7f\xe0\
\x11\xff\x00\xe2\xa8\xfe\xc2\xca\xbf\xe7\xda\x0faL?\xe1\
\x96\x7ff\xdf\xfa!\xde\x1c\xff\x00\xc0#\xff\x00\xc5Q\
\xfd\x85\x95\x7f\xcf\xb4\x1e\xc2\x98\x7f\xc3,\xfe\xcd\xbf\xf4\
C\xbc9\xff\x00\x80G\xff\x00\x8a\xa3\xfb\x0b*\xff\x00\
\x9fh=\x850\xff\x00\x86Y\xfd\x9b\x7f\xe8\x87xs\
\xff\x00\x00\x8f\xff\x00\x15G\xf6\x16U\xff\x00>\xd0{\
\x0aa\xff\x00\x0c\xb3\xfb6\xff\x00\xd1\x0e\xf0\xe7\xfe\x01\
\x1f\xfe*\x8f\xec,\xab\xfe}\xa0\xf6\x14\xc5_\xd9c\
\xf6nf\x0a>\x07\xf8o$\x80\xb9\xb2<\x93\xff\x00\
\x02\xa3\xfb\x0f*\xff\x00\x9fhj\x85;\x9eI\xff\x00\
\x05A\xff\x00\x82}\xf8\xe7\xc0?\x044\x0f\x11\xfc\x0a\
\xf8s\xa4xz\xf2\xf7YT\x9a\xebL\x94\xc4\xf2D\
\xd13m<\x1e3\x8a\xf9\xdc\xeb \xa5V\x93\x8e\x1e\
\x1a\xf9\x19\xd4\xa3\xa6\x87\xc9\xbe\x15\xfd\xa1\xfc\x13\xf0\x7f\
\xc3\xf6\xdf\x0d\xbe/\xeb\xd7\xbf\xf0\x91\xe9(b\xd4\xf6\
@$\x1b\xc9,>b\xc3?+\x0e\xd5\xf9\xbe'\x05\
:\x15\x5c$\xac\xd1\xc1(r\xbb\x1fF\xfe\xc4\xbf\x13\
\xfcY\xf0o\xc0~\x0c\xf8\x89\xe0\x9b\x88\xa2\xd4\xec\xf4\
p\xb0I4*\xe0n<\xf0\xc0\xfaW\xed\xd9\x1d8\
<\x9e\x9d\xd7C\xd9\xa2\x97\xd5\xcf\xbd~\x0dx\xef\xe1\
\xef\xed\x07\xf0\x92\xe3\xc7\xff\x00\x1b<ea\xff\x00\x09\
\xac\x92M\x05\x9d\x9cW\x0b\x0bH\x14\x95\x88\x08\xd4\x80\
I\xc2\x8e\x999\xade\x19)\xe9\xb1\x9d\x99\xcaj\xbe\
\x18\xd7\xfc<\xc8\x9a\xf6\x8bsfe\xe6!s\x11M\
\xc3\xdb=k\xa62\x8c\xd6\x85E\x15|\xbc\xff\x00\x0d\
P\xec\x83\xca\xff\x00g\xf5\xa0,\x83\xca\xff\x00g\xf5\
\xa0,\x83\xca\xff\x00g\xf5\xa0,\x83\xca\xff\x00g\xf5\
\xa0,\x83\xca\xff\x00g\xf5\xa0,\x83\xca\xff\x00g\xf5\
\xa0,\x83\xca\xff\x00g\xf5\xa0,\x83\xca\xff\x00g\xf5\
\xa0,\x83\xca\xff\x00g\xf5\xa0,\x83\xca\xff\x00g\xf5\
\xa0,\x82\x0byo.\x96\xc2\xce\xd9\xe6\x9aF\xdb\x1c\
Q\x8c\xb3\x9fA\xefI\xbb+\x89\xa5c\xd2>\x19\xf8\
3\xe16\x9f\xa4\xdf\xbf\xc7}B=\x12\xfbv\xed&\
-F\xf0\xdb\x99\x94\x02I\x00\x91\xbb\x90\xb5\xcb9J\
[\x12\x93\xbe\x87\xcb\x7f\x1f\x7fj/\x8a\xdf\x19,\xbf\
\xe1\x07\xf1n\xabes\xa4i\x9a\x8b6\x9a\xb0Z\xa2\
\xb6\xd5%\x10\xeeQ\x93\xf2\xfb\xd7|!\x15\x04\xda\xd4\
\xe8\x8co\x03\xf2/\xf6\xc0\x96C\xfbH\xf8\xa8\xee#\
\xfd58\xcf\xfd2J\xfcs=\xd32\x99\xe3\xd5\xfe\
#>\xee\xfd\x9d\xff\x00\xe4\x85\xf8W\xfe\xc1)\xfc\xcd\
~\xa3\x90\xbb\xe5t\xd7\x91\xe8Q\x92\xf6'\xa1\xf8K\
\xc4\x12xW\xc5Zo\x89\xe1\xb4\x13\xb6\x9d}\x0d\xca\
\xc1\xbb\x1ea\x8d\xc3\xed\xcf\xbe+\xd2t\xa3b\xd6\xa8\
\xfb\x8f\xe1'\xc4\xfb\xbf\xf8(\x1b][\xea\xbaL~\
\x1co\x0c\x22\x00mI\x98\xcf\xe6dc\x9e\x98\xdb\x5c\
\x95W\xd5\xa1\xee\x89\xb7s\xb8?\xb1\x1d\xafF\xf8\x81\
q\xf46\xe2\xb0x\x8a\xa9^\xc2\xe6`?b+\x22\
y\xf1\xfd\xc7\xfe\x03\x8a\x9f\xad\xcf\xb0\x9c\x98\xef\xf8a\
\xdd?\xfe\x87\xfb\x8f\xfc\x07\x14\xfe\xb5S\xb1<\xc1\xff\
\x00\x0c?a\xff\x00E\x02\xe7\xff\x00\x01\xc5/\xadT\
\xecZl?\xe1\x87\xac\x0f_\x1f\xdc\x7f\xe08\xa7\xf5\
\xaa\x9d\x89r\x0f\xf8a\xeb\x01\xd3\xc7\xf7\x1f\xf8\x0e(\
\xfa\xd5N\xc0\xa4\x1f\xf0\xc3\xf6\x1f\xf4P.\x7f\xf0\x1c\
R\xfa\xd5N\xc56\xc3\xfe\x18wO\xff\x00\xa1\xfe\xe3\
\xff\x00\x01\xc5?\xadT\xecG0\x7f\xc3\x0f\xd8\x7f\xd1\
@\xb9\xff\x00\xc0qK\xebU;\x16\x9b\x0f\xf8a\xeb\
\x03\xd7\xc7\xf7\x1f\xf8\x0e)\xfdj\xa7b\x5c\x83\xfe\x18\
z\xc0t\xf1\xfd\xc7\xfe\x03\x8a>\xb75\xba\x05-L\
\xdf\x16~\xcev\xdf\x04|={\xf1~\xdb\xc5\x0d|\
\xfe\x19\xb7m@ZM\x0e\x16c\x10\xdf\xb0\x91\xd38\
\xc7\xe3N8\x95R\x5c\x8f\xa9\xa2\xd5\x1f\x1c~\xd5\x7f\
\xb5-\xe7\xed?\xadiZ\xb5\xf7\x84-\xf4\xa1\xa5A\
$i\x1c3\x17\x0f\xb8\xaf$\x9e\x9fv\xbb\xe1\x86\x8c\
6\x04\xacyb\xb6\xf2\xaaF2Et\xc9Z\x99\xa4\
e\xee3\xf3w\xf6\xc3\x00~\xd2~*\x03\xfe\x7fS\
\xff\x00E%~-\x9d\xb5\xfd\xa3#\xc4\xaa\xfd\xf6}\
\xdd\xfb<\x7f\xc9\x0b\xf0\xb7\xfd\x82S\xf9\x9a\xfdG!\
\xff\x00\x91e?C\xd2\xa3\x17\xecN\xcd\x0e\x1c\x1fz\
\xf6\xb9]\x8d\xd7\xc0}\xa1\xff\x00\x04\x8b\x1b\xb5\x0f\x1a\
'm\xb6\xbf\xcd\xeb\xce\xc6-\x84\xcf,\xf8\xaf\xe3O\
\x19\xda\xfcO\xd7\xe1\xb7\xf1V\xa0\xb1G\xabN\x89\x1a\
\xdd\xb0\x0a\x03p\x00\xae\xfa\x18x8\xa6\xcc\x8e|\xf8\
\xfb\xc7\x18\xe3\xc5\x9a\x8f\xfe\x065t}^\x97a4\
3\xfe\x13\xcf\x1e\x7f\xd0\xdd\xa8\xff\x00\xe0kQ\xec)\
v'\x95\x8b\xff\x00\x09\xdf\x8e\x7f\xe8l\xd4?\xf01\
\xa8\xf6\x14\xfb\x14\x96\x80|w\xe3\xae\xde-\xd4?\xf0\
1\xa8\xf6\x14\xbb\x09\xc5\xb6\x03\xc7~:\xef\xe2\xddC\
\xff\x00\x03\x1a\x8faK\xb0(\xb4\xc3\xfe\x13\xbf\x1c\xff\
\x00\xd0\xd9\xa8\x7f\xe0cQ\xec)\xf6\x1bZ\x09\xff\x00\
\x09\xe7\x8f?\xe8n\xd4\x7f\xf05\xa8\xf6\x14\xbb\x13\xca\
\xc5\xff\x00\x84\xef\xc7?\xf46j\x1f\xf8\x18\xd4{\x0a\
}\x8aK@>;\xf1\xd7o\x16\xea\x1f\xf8\x18\xd4{\
\x0a]\x84\xe2\xdb\x0f\xf8O<w\xdf\xc5\xba\x89\xff\x00\
\xb7\xc6\xa8\xa9\x87\x85\xb4@\x93L\xfa\xcf\xc1\x17\xd7\xda\
\xb7\xfc\x13\xb7\x5c\xbb\xd4\xae\xe4\x9eg\xd0u-\xf2\xca\
\xe5\x98\xe1\xa5\xc6I\xf6\xaf\x12\xad\xa1\x8e\xb1\xacv?\
;\x82`\xe4\xd7\xb0\xa2\xeci\x11\xe8B\xb8'\xd4Q\
U~\xec\x1bJ,\xfc\xdd\xfd\xb0\x88?\xb4\x97\x8a\x88\
\xff\x00\x9f\xe4\xff\x00\xd1I_\x88\xe7\x7f\xf21\x91\xe2\
\xd5\xf8\xd9\xf7\x7f\xec\xf1\xff\x00$3\xc2\xdf\xf6\x09O\
\xe6k\xf5L\x83\xfeE\xb4\xfd\x0fZ\x8f\xf0N\xc9z\
\x8f\xad{\xabcE\xf0\x1fh\xff\x00\xc1!\x7f\xe4/\
\xe3O\xf7-\x7f\x9b\xd7\x95\x8e\xdd\x11\xdc\xf1\xaf\x8b\xff\
\x00\xf2T|E\xff\x00a\xab\x8f\xfd\x08\xd7\xb1\x87\xfe\
\x1a#\xa9\xcd\xd6\xc0\x14\x00P\x01@\x05\x00\x14\x00P\
\x01@\x01 u4\x0a\xe82=iK`\xba>\xc2\
\xf8lG\xfc;\xa3\x5c\xe7\xfe`Z\x9f\xf3\x96\xbeo\
\x13\xff\x00#\x0f\x99q?=k\xdc\xe6F\x91\x0e\xe3\
\xea*j\xfc\x02\x9a\xf7O\xcd\xdf\xdb\x00\x7f\xc6H\xf8\
\xab\xfe\xbf\x93\xff\x00E%~!\x9d\xff\x00\xc8\xc6G\
\x8fU>v}\xe1\xfb<\x7f\xc9\x0c\xf0\xb7\xfd\x82S\
\xf9\x9a\xfdS \xff\x00\x91m?C\xd5\xa3\xfc\x13\xb2\
^\xa3\xeb^\xea\xd8\xd1|\x07\xda?\xf0H_\xf9\x0b\
\xf8\xd3\xfd\xcb_\xe6\xf5\xe5c\xbe$Gs\xc6\xbe/\
\xff\x00\xc9Q\xf1\x17\xfd\x86\xae?\xf4#^\xc6\x1f\xf8\
h\x8e\xa77[\x00P\x01@\x0e\x86)\xae\xa7\x16\xd6\
\xd0\xbc\x927\xddDRI\xfc\x05cV\xaci\xafy\
\xd8.-\xc5\x95\xfd\x93\x88\xef\xac\xe4\x84\x91\x90\xb2\xc6\
T\x9f\xc0\x8a)U\x8dE\xee\xbb\x8a\xf7\x19[\x0c(\
\x00\xa0\x04\xef\xf8Pe=\xc0\xf5\x1fZR\xd8!\xf1\
\x1fa|6\xff\x00\x94tk\xdf\xf6\x01\xd4\xff\x00\x9c\
\xb5\xf3x\x8f\xf9\x18\x1a\xad\xcf\xcfj\xf6#\xb1\xb4C\
\xb8\xfa\x8a\xaa\x9f\xc3\x1b\xd8\xfc\xde\xfd\xb0\xbf\xe4\xe4|\
U\xff\x00_\xa9\xff\x00\xa2\x92\xbf\x10\xce\xff\x00\xe4c\
#\xc9\xad\xfcF}\xdf\xfb<\x7f\xc9\x0c\xf0\xb7\xfd\x82\
S\xf9\x9a\xfdS \xff\x00\x91m?C\xd1\xa3\xfc\x13\
\xb2^\xa3\xeb^\xea\xd8\xd1|\x07\xda?\xf0H_\xf9\
\x0b\xf8\xd3\xfd\xcb_\xe6\xf5\xe5c\xbe$Gs\xc6\xbe\
/\xff\x00\xc9Q\xf1\x17\xfd\x86\xae?\xf4#^\xc6\x1f\
\xf8h\x8e\xa77[\x00P\x00\x09Pd8\xc0\xf5\xaa\
mGY\x197c\xed\x9f\xf8'\xd7\xec\x03\xe3\x8b\xdf\
\x10x\x17\xf6\xa5\x9f\xc5\xba;\xe8\xfey\xba\x93Mh\
\xdc\xccc\x0eT\xae\x0a\xed'\xe4=\xf1_\x9b\xf1'\
\x11SQ\x96\x1d;3*\xb59br\xff\x00\xf0X\
\xcbKm?\xf6\x93\xd1mm`\xb6\x81O\x86\x91\x8a\
D\x8a\x80\x9f\x93\x9e+\xd3\xe0\xca\xb5+`9\xa7+\
\xbb\xb1\xd0\xac\x9cu>Ki\xa2^\xb3\xc7\xff\x00}\
\x0f\xf1\xaf\xb4\xb1\xbf\xb5\x88\x0b\x88\x0f\xfc\xbcG\xff\x00\
}\x0a\x1a\xb0{H\xb0\xf3\xa0n\x04\xe8~\x8e+6\
\xd1\x17\xb8\xaa\x17\x90;S\x8a]\xca\x8a\xb8\xec\x0fJ\
r\xd8\xab#\xec\x1f\x86\xbf\xf2\x8e\x9dw\xfe\xc0Z\x9f\
\xf3\x96\xbeo\x11\xff\x00#\x01\xad\xcf\xcfj\xf79Q\
\xb4C\xb8\xfa\x8a\x9a\xbf\x00\xde\xc7\xe6\xf7\xed\x85\xff\x00\
'#\xe2\xaf\xfa\xfdO\xfd\x14\x95\xf8\x86w\xff\x00#\
\x19\x1eMo\xe23\xee\xff\x00\xd9\xe3\xfeHg\x85\xbf\
\xec\x12\x9f\xcc\xd7\xea\x99\x07\xfc\x8bi\xfa\x1e\x8d\x1f\xe0\
\x9d\x92\xf5\x1fZ\xf7V\xc6\x8b\xe0>\xd1\xff\x00\x82B\
\xff\x00\xc8_\xc6\x9f\xeeZ\xff\x007\xaf+\x1d\xf1\x22\
;\x9e5\xf1\x7f\xfeJ\x8f\x88\xbf\xec5q\xff\x00\xa1\
\x1a\xf60\xff\x00\xc3Du9\xb3[1=\x10\xebh\
d\xb9\x9d A\x92\xee\x14{\x92p+\x07RP\xbb\
\x96\xc8\x8ef}\xc1\xff\x00\x04\xfc\xff\x00\x82}x\xae\
/\x88\xb7z\xbf\xed#\xf0`O\xe1\xeb\xbd\x0f\xcc\xd3\
\xda\xf6F(efR\xa4m\xdb\xd53\xde\xbe\x17\x88\
x\x82\x1c\xae8y\xea\x88\xab(\xc27>\xfd\xf0\x8f\
\x83\xfc3\xe0/\x0e\xda\xf8G\xc1\xba,Z~\x9bd\
\x85-m \xce\xd8\xd4\x92H\x19$\xf5'\xf3\xaf\xcc\
1\x15\xaab\xaa9\xcfs\xcb\xabVu\x0eg\xe27\
\xec\xd3\xf0/\xe3\x06\xbf\x1f\x89\xbe&|5\xb1\xd6/\
\xa1\x83\xc9\x8a\xe2\xe8\xbe\xe5\x8f\x8f\x94ma\xc7\x02\xbb\
0Y\x9e3\x03K\xd9\xd2\x95\x914\xeaJ\x0a\xc7>\
\xdf\xb0w\xec\x8c\xc7'\xe0^\x93\xff\x00}K\xff\x00\
\xc5\xd7o\xfa\xc5\x99\xff\x00;4\xfa\xc4\xc4\xff\x00\x86\
\x0e\xfd\x90\xc7\xfc\xd0\xdd'\xfe\xfa\x97\xff\x00\x8b\xa9\xff\
\x00Y3?\xe6\x0f\xacT9\x7f\x8d\x9f\xb17\xec\xab\
\xe1\xdf\x84\x1e'\xd7to\x82\xdaT\x17vz\x15\xdc\
\xb6\xd3\xa1\x97(\xeb\x13\x15a\x97\xea\x0f5\xdd\x93\xe7\
Y\x85|ta)h\xd9\xad\x1cD\xe7+3\xf2?\
h\x0cy\xcf\xcc\x7f\x99\xaf\xd9p\xe9\xfb$\xd9\xe9E\
h\x06\xb5j\xe1&\xd2>\xc1\xf8l1\xff\x00\x04\xe7\
\xd7O\xfd@\xb5?\xe7-|\xee%%\x8f\x1c]\xcf\
\xcfj\xf5\xd4\x9b7\x88w\x1fQN\xa7\xf0\xc2n\xd1\
?7\x7fl\x13\x9f\xdaG\xc5_\xf5\xfc\x9f\xfa)+\
\xf1\x0c\xef\xfeF2<z\xb2\xf7\xd9\xf7\x87\xec\xf1\xff\
\x00$3\xc2\xdf\xf6\x09O\xe6k\xf5L\x83\xfeE\xb4\
\xfd\x0fR\x8f\xf0N\xc9z\x8f\xad{\xabcE\xf0\x1f\
h\xff\x00\xc1!\x7f\xe4/\xe3O\xf7-\x7f\x9b\xd7\x95\
\x8e\xf8\x91\x1d\xcf\x1a\xf8\xbf\xff\x00%G\xc4_\xf6\x1a\
\xb8\xff\x00\xd0\x8d{\x18\x7f\xe1\xa2:\x9c\xd9\xc8\x1cV\
\xc2{\x1fR\xff\x00\xc1=\xbfe/\xd9\xdb\xf6\x86\xf0\
\xde\xb5\xe2\x0f\x8d\x1e<\x9bH\xbb\xd25\x18\x12\xc6\x18\
\xf5$\x83\xcdS\xb8\xe4\x86a\xbb\x90+\xe28\x9f2\
\xcc\xb0\x93Q\xc3\xc6\xeb[\xe8d~\xa2h\xf6\xb6\x9a\
f\x95g\xa6\xd8\xcd\xe6[\xdbZG\x0d\xb3\xee\xceQ\
T\x00s\xdf\x81_\x92U\xc4N\xa5i:\x9b\xb6p\
U\x8dNmYl\x15#+\xf8\xd6I\xb4`\x14\xf9\
\x80\x07Z9\x80w\xee\xea=\xe1Y\x1cg\xed\x0b\xff\
\x00$'\xc6\x1f\xf6-\xde\xff\x00\xe8\x96\xaf_#\x97\
.e\x03\x5c?\xc4~\x1e\xb0\x01\x8e\x07\xf1\x1f\xe6k\
\xf7\xda\x1f\xc1\x8f\xa1\xectCOQ\xf5\xadH\x9e\xc7\
\xd8\x7f\x0d\xff\x00\xe5\x1c\xda\xe7\xfd\x80u?\xe7-|\
\xee'\xfd\xfc\xa8l~z\xd7\xab\x1d\x8d\xe2\x1d\xc7\xd4\
UT\xfe\x18\xaa|'\xe6\xef\xed\x81\xff\x00'#\xe2\
\xaf\xfa\xfeO\xfd\x14\x95\xf8\x86w\xff\x00#\x19\x1e5\
_\x8d\x9fx~\xcf\x1f\xf2C<-\xff\x00`\x94\xfe\
f\xbfT\xc8?\xe4[O\xd0\xf5\xa8\xff\x00\x04\xec\x97\
\xa8\xfa\xd7\xba\xb64_\x01\xf6\x8f\xfc\x12\x17\xfeB\xfe\
4\xff\x00r\xd7\xf9\xbdyX\xef\x89\x11\xdc\xf1\xaf\x8b\
\xff\x00\xf2T|E\xff\x00a\xab\x8f\xfd\x08\xd7\xb1\x87\
\xfe\x1a#\xa9\xcd\x9e\x95\xb5\xec'\xb1&\x9d?\xd9\xae\
R\xe1K\x8f.D|#\x91\x9d\xa4\x1cq\x5c\xb5\xa9\
\xaa\xc9\xc5\xad\xcc\xda?T\xbfa\xbf\xdb\xda\xc7\xf6\x9d\
\xf1 \xf8Mc\xf0\xce}.]\x1b\xc3\xf1\xcan\xcd\
\xc8\x7f7aX\xcf\xca\x0f\x19\xcek\xf2\x5c\xf7\x86g\
\x82\x9c\xeb\xb9\xab6s\xd6\x8b{#\xe9\xd2\x8d\x16R\
E*\xc3\xaa\xb0\xc1\x15\xf1O\xddvz\x1c\x12N;\
\x84q\x5c\xcas\x1cL\xc3\xd4\x0c\xd5\xc6\x12\x9cy\x92\
\xd0\x15\xda\x1f\xf6[\xdf\xf9\xf7\x93\xfe\xf8\xa7\xec\xe7\xd8\
va\xf6[\xdf\xf9\xf7\x93\xfe\xf8\xa3\xd9\xcf\xb0Y\x9c\
o\xed\x0foz>\x04x\xc0\xfd\x9d\xff\x00\xe4[\xbd\
\xfe\x13\xff\x00<\x1e\xbdL\x9a\x12\x8ec\x06\xd1\xad\x08\
\xb5-O\xc3\xbc8f\x0e?\x89\xba\xfdM~\xfbG\
\xf81\xf4=d\xd3B\x1e\xa3\xebZ\x11=\x8f\xb0\xfe\
\x1b\xff\x00\xca9\xb5\xcf\xfb\x00\xea\x7f\xceZ\xf9\xdcO\
\xfb\xf9P\xd8\xfc\xf5\xafV;\x1b\xc4;\x8f\xa8\xaa\xa9\
\xfc1T\xf8O\xcd\xdf\xdb\x03\xfeNG\xc5_\xf5\xfc\
\x9f\xfa)+\xf1\x0c\xef\xfeF2<j\xbf\x1b>\xf0\
\xfd\x9e?\xe4\x86x[\xfe\xc1)\xfc\xcd~\xa9\x90\x7f\
\xc8\xb6\x9f\xa1\xebQ\xfe\x09\xd9/Q\xf5\xafulh\
\xbe\x03\xed\x1f\xf8$/\xfc\x85\xfci\xfe\xe5\xaf\xf3z\
\xf2\xb1\xdf\x12#\xb9\xe3_\x17\xff\x00\xe4\xa8\xf8\x8b\xfe\
\xc3W\x1f\xfa\x11\xafc\x0f\xfc4GS\x9b\xad\x80t\
}\xe8\x03S\xc1\x9f\x10<g\xf0\xf3T\x97V\xf0O\
\x89\xef\xb4\xab\xa9`15\xc5\x94\xfb\x18\xa9\xe7i8\
\xe9\x9a\xe4\xc4a(\xe2 \xd4\xd5\xd1\x8c\xd5\x91\xfaU\
\xfb\x0a\xfe\xde\x1f\x08\xfcU\xe0\xaf\x06\xfc\x0f\xf1?\x8c\
\xb5;\xff\x00\x1b\xdd\xab[\xcc\xd3\xda\x86\x12Ld$\
n}\xdc\xfc\xac\xbc\xe2\xbf%\xe2\x1c\x86\xb5*\x8e\xb2\
\x85\xa2\x8e:\xb4\xf9\xa3\xa1\xe3\x7f\xf0V/\x8c\xdf\x17\
~\x1f\xfe\xd0\x9aN\x91\xe0\xbf\x88\x1a\x96\x97k/\x87\
\x92F\xb7\xb2\xb9\xd8\x85\xbe^q\x8e\xbc\xd7\xb9\xc2\x19\
f\x0f\x15\x80\xf7\xe0\x9e\xac\xd3\x0dE}\xa3\xe5\xf3\xfb\
P~\xd1dc\xfe\x17\x1e\xbb\xff\x00\x81\xff\x00\xfdj\
\xfa\xf7\x90e\xb6\xfe\x1a;=\x8d1\xa3\xf6\x9e\xfd\xa3\
\x01\xff\x00\x92\xc5\xaf\x7f\xe0y\xff\x00\x0a\x8f\xec\x0c\xb7\
\xfe}\xa1\xfb\x0aDw\xff\x00\xb4\x8f\xc7\xfdJ\xc6m\
;Q\xf8\xb7\xaeM\x04\xf14sC%\xeeU\xd1\x86\
\x08#\x1d\x085\xbd,\x8b,\x84\xf9\x94\x12dJ\x82\
\xbe\x87\x11\xb9\x99\x8b1\xceMz\xdc\x9c\x8a\xc5\xa8\xf2\
\xa0=G\xd6\x82g\xb1\xf6\x1f\xc3\x7f\xf9G6\xb9\xff\
\x00`\x1dO\xf9\xcb_;\x89\xff\x00\x7f*\x1b\x1f\x9e\
\xb5\xea\xc7cx\x87q\xf5\x15U?\x86*\x9f\x09\xf9\
\xbb\xfb`\x7f\xc9\xc8\xf8\xab\xfe\xbf\x93\xff\x00E%~\
!\x9d\xff\x00\xc8\xc6G\x8dW\xe3g\xde\x1f\xb3\xc7\xfc\
\x90\xcf\x0b\x7f\xd8%?\x99\xaf\xd52\x0f\xf9\x16\xd3\xf4\
=j?\xc1;%\xea>\xb5\xee\xad\x8d\x17\xc0}\xa3\
\xff\x00\x04\x85\xff\x00\x90\xbf\x8d?\xdc\xb5\xfeo^V\
;\xe2Dw<k\xe2\xff\x00\xfc\x95\x1f\x11\x7f\xd8j\
\xe3\xff\x00B5\xeca\xff\x00\x86\x88\xeasu\xb0\x06\
H\xe8h\x01\x0a\x83\xd4P+&o\xfc0\xf8\x97\xe2\
\xdf\x84\x1e=\xd3~$x*\xed\x22\xd4\xf4\x99\xc4\xb6\
M4a\xd00\xf5S\x90zW\x1e7\x05K\x1dI\
\xd2\xa9\xb3\x17*6>=\xfe\xd0\x9f\x12\xbfi/\x18\
\xc1\xe3\x7f\x89\xf7\x96\xd3^\xdbZ\x0bh\x9a\xda\xd9b\
P\x83\x1ca@\x1d\xaa0\x19~\x1f.\xa7\xc9Ga\
\xa8\xd8\xe2k\xbe\xeca@\x05\x01v\x18\xa0\x04=G\
\xd6\x82'\xb1\xf6\x1f\xc3_\xf9GF\xb9\xff\x00`-\
O\xf9\xcb_=\x88\xff\x00\x91\x81P\xd8\xfc\xf5\xafc\
\x95\x1b\xc4;\x8f\xa8\xa9\xab\xf0\x0a\xa7\xc2~n\xfe\xd8\
\x1f\xf2r>*\xff\x00\xaf\xe4\xff\x00\xd1I_\x88g\
\x7f\xf21\x91\xe3U\xf8\xd9\xf7\x87\xec\xf1\xff\x00$3\
\xc2\xdf\xf6\x09O\xe6k\xf5L\x83\xfeE\xb4\xfd\x0fZ\
\x8f\xf0N\xc9z\x8f\xad{\xabcE\xf0\x1fh\xff\x00\
\xc1!\x7f\xe4/\xe3O\xf7-\x7f\x9b\xd7\x95\x8e\xf8\x91\
\x1d\xcf\x1a\xf8\xbf\xff\x00%G\xc4_\xf6\x1a\xb8\xff\x00\
\xd0\x8d{\x18\x7f\xe1\xa2:\x9c\xddl\x01@\x05\x00\x18\
\xff\x009\xa7p\x0cs\x9a.\x01H\x02\x80\x0a\x00(\
\x01\x0fQ\xf5\xa0\x89\xec}\x87\xf0\xd8\xe3\xfe\x09\xcf\xae\
\x1f\xfa\x81j\x7f\xceZ\xf9\xdcO\xfc\x8c\x0a\x86\xc7\xe7\
\xadz\xcaM\x9b\xc4;\x8f\xa8\xa7S\xf8b\xa9\xf0\x9f\
\x9b\xbf\xb6\x07\xfc\x9c\x8f\x8a\xbf\xeb\xf9?\xf4RW\xe2\
\x19\xdf\xfc\x8cdx\xd5~6}\xe1\xfb<\x7f\xc9\x0c\
\xf0\xb7\xfd\x82S\xf9\x9a\xfdS \xff\x00\x91m?C\
\xd6\xa3\xfc\x13\xb2^\xa3\xeb^\xea\xd8\xd1|\x07\xda?\
\xf0Hq\x8dO\xc6\x8e?\xbbj?W\xaf'\x1c\xed\
4I\xe3_\x18\x0e\xdf\x8a~\x22V<\xff\x00l\xdc\
\x7f\xe8U\xeb\xe1\xe5\x1ff\x8c\xcek#\xd4~u\xbf\
2\x06/\x1f\xde\x1f\x9d\x1c\xc8\x9ea2=G\xe7G\
2)\x0a\x08=\xc7\xe7G2\x13v\x02@\xee?:\
9\x90'q2=G\xe7G2\x1b\x17\x8f\xef\x0f\xce\
\x8edO0\x99\x1e\xa3\xf3\xa3\x99\x14\x85\x04\x1e\xe3\xf3\
\xa3\x99\x09\xbb\x08q\xea?:k\xde%\xfb\xc7\xd8_\
\x0eN\xdf\xf8'6\xb8x\xe7B\xd4\xff\x00\x9c\xb5\xf3\
\x98\xa7lyQ\xbaG\xe7\xb5z\xa9\xd8\xd9;\x07q\
\xf5\x15u?\x86\x15>\x13\xf3w\xf6\xc0\xff\x00\x93\x91\
\xf1W\xfd\x7f'\xfe\x8aJ\xfcC;\xff\x00\x91\x8c\x8f\
\x1a\xaf\xc6\xcf\xbc?g\x8f\xf9!\x9e\x16\xff\x00\xb0J\
\x7f3_\xaad\x1f\xf2-\xa7\xe8z\xd4\x7f\x82w:\
n\x9d}\xabj0iZe\xb3Msu*\xc5o\
\x0a\x0c\xb4\x8e\xc7\x01@\xeeI W\xb9t\xa2Z\xf8\
O\xb0\x7fam[N\xfd\x91g\xf1\x0b~\xd3\x17\xd1\
\xf8$\xebQ\xc3\xfd\x92\xda\xfb\x08\x05\xd1M\xdb\xb6o\
\xc6\xecdg\x1e\xb5\xe4\xe3W\xb5\xd6\x1a\x93s\xb8\xd5\
\xbci\xff\x00\x04\xb8\xd6\xb5\x0b\x8dWU\xf8\x9b\xe1I\
..\xa7ig\x93\xfb}\xb2\xce\xc7$\xf1'\x151\
\xab\x89\x82\xf7Q\x99[\xfb\x7f\xfe\x09K\xff\x00E'\
\xc2\xbf\xf8>\x7f\xfe;O\xeb\x18\xde\xc0\xf6\x17\xfb{\
\xfe\x09M\xc6>$xS\xf1\xd7\xdf\xff\x00\x8e\xd3\xfa\
\xc6;\xb33\xd4?\xb7\xff\x00\xe0\x94\xbf\xf4R|*\
?\xee<\xff\x00\xfcv\x97\xd61\xbd\x8d\x16\xc2\x7fo\
\xff\x00\xc1)\x7f\xe8\xa4\xf8W\xff\x00\x07\xcf\xff\x00\xc7\
h\xfa\xc67\xb1\x12\xbd\xc3\xfb\x7f\xfe\x09K\xff\x00E\
'\xc2\xbf\xf8>\x7f\xfe;G\xd61\xbd\x827\xb8\x7f\
o\xff\x00\xc1)\x7f\xe8\xa4\xf8W\xff\x00\x07\xcf\xff\x00\
\xc7h\xfa\xc67\xb1oa\x7f\xb7\xbf\xe0\x94\xbf\xf4R\
\xbc+\xff\x00\x83\xe7\xff\x00\xe3\xb4\xfe\xb1\x8e\xec\xcc\xf5\
\x13\xfb\x7f\xfe\x09K\xff\x00E'\xc2\xbf\xf8>\x7f\xfe\
;K\xeb\x18\xde\xc6\x8b`\xfe\xdf\xff\x00\x82R\xff\x00\
\xd1I\xf0\xaf\xfe\x0f\x9f\xff\x00\x8e\xd1\xf5\x8cob%\
{\x81\xd7\xff\x00\xe0\x94\xbf\xf4R|-\xff\x00\x83\xe7\
\xff\x00\xe3\xb4\x9e+\x1c\xba1\xc6\xf76<_\xf1\xe7\
\xf6@\xbc\xf8\x0b\xad\xfc\x10\xf8\x19\xf1SB\xbd\xbd\xd4\
\xf4\xbb\x8b]\x13E\xb0\xd4D\xb3\x5c\xdcJ\x18,h\
\xa5\x8b3361\xefX[\x13<O<\xf6,\xf8\
;\xc7\x7f\x0b\xfe!\xfc0\xb9\xb7\xb0\xf8\x85\xe1\x0b\xdd\
\x22{\xa4/o\x1d\xec%\x0c\xaa1\x92\x01\x1c\x8eE\
z\xf1\x9ce\xb340q\x82\x01\xf5\xad\xea\x7f\x0cs\
\xf8\x0f\xcd\xdf\xdb\x03\xfeNG\xc5_\xf5\xfc\x9f\xfa)\
+\xf1\x0c\xef\xfeF2<j\xbf\x1b>\xf4\xfd\x9b\xed\
\xa5\xba\xf8!\xe1h`\x89\xdd\xce\x90\x9bR4,O\
'\xb0\xaf\xd4\xf2\x1d2\xca~\x87\xabE\xfe\xe4\xfb\x07\
\xf6z\xfd\x97|\x1d\xa9\xfc\x0c\xb9\xfd\xa3\xf5\xcf\x18\xcf\
e\xadxe\xee/\xed\xb4Y\x82\xa2L\xf6\xc5\xa4@\
w\x10\xd8b\x83\xb7z\xeb\x95{\xd4\xe4)l|\xd3\
\xfba~\xdd>9\xfd\xb2c\xd0\xd7\xc6~\x0d\xd3\xf4\
\x91\xa1y\xcbnle-\xe6\x07\xc0\xe7#\xfd\x9a\xde\
\x8d\x0fa\x1bw\x22[\x9e\x1d\xc7\xf7G\xe5]1J\
\xe0\x1c\x7ft~U\xa5\x90\x07\x1f\xdd\x1f\x95\x16@\x1c\
\x7ft~TY\x00q\xfd\xd1\xf9Qd\x01\xc7\xf7G\
\xe5E\x90\x07\x1f\xdd\x1f\x95\x16@\x1c\x7ft~TY\
\x00q\xfd\xd1\xf9Qd\x01\xc7\xf7G\xe5E\x90\x07\x1f\
\xdd\x1f\x95\x16@t?\x0a~!_\xfc'\xf8\x91\xa1\
\xfcJ\xd2\xec#\xb9\xb9\xd0\xb5Ho\xad\xe0\x94\xe1]\
\xa3`\xc1I\x03\xa1\x22\xb3\xab\x0ezm\x01\xfa\x03\xf0\
cX\xb4\xff\x00\x82\xa7i\x1a\xa7\x8f\xfe.jV\xfe\
\x12\xb9\xf0\x81\xfb%\x95\xb6\x9b2\xb0\xb8Y\x15\x98\x96\
\xdeT\xe7(:z\xd7\x91\xfe\xe3\xe7sC\xe6\x1d\x7f\
B\xb8\xd1u[\xab\x16\x86a\x1d\xbd\xe3\xc2\x92\xcb\x11\
\x1b\xc2\xb9\x00\xe7\x18$\x81\x9a\xf5\x1c\xb9\xa8s\x04\xfe\
\x03\xf37\xf6\xc1\x18\xfd\xa4\xbcV?\xe9\xf9?\xf4R\
W\xe2\x99\xdf\xfc\x8cdx\xf5~6}\xb7\xfb\x02~\
\xdf\xff\x00\x0b\xbfg\x0f\x8e>\x1d\xf0\x07\x8d|\x0b\xa9\
\xearxn\xd2K+\xbf\xb2,l\x92\xb7\xcar\xa1\
\x98\x1c}k\xeax{<\xa7\x88\xa7\x0c,^\xbb\x1d\
\x14+ic\xbf\xfd\xb7?j\x1d\x0b\xf6\x93\xf8\xd1'\
\xc4O\x87ZN\xa9\xa2\xe9\x92\xe9p\xda\xff\x00g\xcc\
\xfe^\x19\x11T\x92\xb1\x92\xb88?\x9d}\xf5:p\
\x82W\xd5\x9d\xc9\xc5\xad\xcf\x101\xcd\x9f\x99\x1b\xdb\xe5\
5\xd1\xed#\xd4\x89r_rM\x8f\xff\x00<\xdb\xfe\
\xf94\xd5Zh\x17/p\xd8\xff\x00\xf3\xcd\xbf\xef\x93\
O\xda\xd3/\xdc\xee\x1b\x1f\xfey\xb7\xfd\xf2h\xf6\xb4\
\xc3\xdc\xee\x1b\x1f\xfey\xb7\xfd\xf2h\xf6\xb03n=\
\xc3c\xff\x00\xcf6\xff\x00\xbeMC\xab\x0b\x85\xe3\xdc\
6?\xfc\xf3o\xfb\xe4\xd0\xaa\xc2\xe1x\xf7\x0d\x8f\xff\
\x00<\xdb\xfe\xf95~\xd6\x01x\xf7\x0d\x8f\xff\x00<\
\xdb\xfe\xf94{X\x05\xe3\xdc6?\xfc\xf3o\xfb\xe4\
\xd1\xedi\x96\xb9;\x86\xc7\xff\x00\x9em\xff\x00|\x9a\
=\xac\x09n=\xc3c\xff\x00\xcf6\xff\x00\xbeM\x1e\
\xd6\x00\x9c{\x86\xc7\xff\x00\x9em\xff\x00|\x9a\x87R\
%>N\xe5\xbd'Y\xd5\xf4[\x85\xb8\xb1\xbd\xbd\x85\
D\xa8\xd2\xa5\xbc\xcc\x9b\xc0`ppFx\xcda5\
N{\x91x\xf7>\x95\xfd\xbc\xbf\xe0\xac_\x02\xf5\x9f\
\x80\xde\x1d\xf0\xf6\x95\xf0\x97Z\xb3\xbb\xd3\xef-\xe3\xb8\
\xb80\xc2\xbev\xc8J\xb6\x08l\xf2Fy\xaf\x1b\x1f\
\x98,\xae\x0eSz\x05J\xb1P\xdc\xfc\xfa\xf1O\xec\
\xd9\xe2/\xda_\xc4\x17?\x1c<9\xaeY\xd8X\xf8\
\x82O>\xde\xd6\xf01\x91\x14\x00\x9f6\xd0GU=\
\xeb\xf2\x8c\xcb\x1bK\x13\x8b\x95E\xd4\xf3\xa5$\xd9\xe9\
\x9f\x1d>\x12\xe9v^\x0f\xd4|[\xf0\xd3\xc3\xf6\xf6\
~'\x96\xe9\x1d5\x15\x90\x87\xe4\x1d\xdc\xb1\xc78\x1d\
\xab\xc7\xc3\xe2\xaa\xe1\xa4\xa5\x0d\x1a2\x8bq<.M\
+\xf6\xabU\x00x\x8eC\xf3u\xfbl?\xe1^\xa7\
\xfa\xc3\x98\xda\xdc\xdf\x89\x5c\xf2\xee2M'\xf6\xad\x0d\
\x8f\xf8H\xe4\xff\x00\xc0\xe8\x7f\xc2\x97\xfa\xc1\x98\x7f0\
\x9c\xa4\xfa\x8f\x1a?\xed[\xd7\xfe\x12I\x7f\xf0:\x1f\
\xf0\xa5\xfd\xbf\x98\x7f3\x05).\xa1\xfd\x8f\xfbW\x7f\
\xd0\xc9/\xfe\x06\xc3\xfe\x14\x7fof\x1f\xcc\xca\xf6\x92\
\xee\x1f\xd8\xff\x00\xb5w\xfd\x0c\x92\xff\x00\xe0l?\xe1\
G\xf6\xf6a\xfc\xcc=\xa4\xbb\x87\xf67\xed[\xff\x00\
C,\xbf\xf8\x1d\x0f\xf8Q\xfd\xbd\x98\x7f3&\xf2\xee\
\x1f\xd8\xff\x00\xb5h\xff\x00\x99\x92_\xfc\x0e\x87\xfc)\
\x7foc\xdf\xdaayw\x0f\xec\x7f\xda\xb4\xff\x00\xcc\
\xc9/\xfe\x07C\xfe\x14\x7foc\xd7\xdaayw\x13\
\xfb\x1b\xf6\xad\xff\x00\xa1\x96o\xfc\x0e\x87\xfc)\xff\x00\
of\x1f\xcc\xc2\xf2\xee\x1f\xd8\xdf\xb5o\xfd\x0c\xb3\x7f\
\xe0t?\xe1G\xf6\xf6a\xfc\xcc/.\xe2\xff\x00c\
\xfe\xd5\xdf\xf42K\xff\x00\x81\xb0\xff\x00\x85\x1f\xdb\xd9\
\x87\xf32\xb9\xe5\xdc\x0e\x8d\xfbV\x9f\xf9\x99e\xff\x00\
\xc0\xe8\x7f\xc2\x8f\xed\xec\xc3\xf9\x99.R}C\xfb\x1b\
\xf6\xad\x1f\xf32\xcb\xff\x00\x81\xd0\xff\x00\x85\x1f\xdb\xd9\
\x87\xf30R\x92\xea\x1f\xd8\xff\x00\xb5w\xfd\x0c\x92\xff\
\x00\xe0l?\xe1G\xf6\xfea\xfc\xc59\xcb\xb86\x8f\
\xfbV\xf9lO\x89%\xff\x00\xc0\xd8\x7f\xc2\x9f\xfa\xc1\
\x98\x7f1<\xd2\xeev\xff\x00\x01\xfe\x1cx\xff\x00\xc6\
\x1e/\xb9\xd3~;E\x1e\xaf\xa5-\x99h-\xee.\
U\x82\xcd\x91\xce\x13\x07\xa6k\x8f\x17\x99\xe2\xf1\x90\xe5\
\xa9\x22\x9c\xe4\xd5\x99\xf4V\x83\xa1h\xfe\x17\xd2 \xd0\
t\x0d=-l\xed\x97l\x10G\x92\x10d\x9e\xf9=\
I\xae\x07&A\xff\xd9\
\x00\x00!n\
\xff\
\xd8\xff\xe0\x00\x10JFIF\x00\x01\x01\x00\x00\x01\x00\
\x01\x00\x00\xff\xdb\x00C\x00\x02\x01\x01\x01\x01\x01\x02\x01\
\x01\x01\x02\x02\x02\x02\x02\x04\x03\x02\x02\x02\x02\x05\x04\x04\
\x03\x04\x06\x05\x06\x06\x06\x05\x06\x06\x06\x07\x09\x08\x06\x07\
\x09\x07\x06\x06\x08\x0b\x08\x09\x0a\x0a\x0a\x0a\x0a\x06\x08\x0b\
\x0c\x0b\x0a\x0c\x09\x0a\x0a\x0a\xff\xdb\x00C\x01\x02\x02\x02\
\x02\x02\x02\x05\x03\x03\x05\x0a\x07\x06\x07\x0a\x0a\x0a\x0a\x0a\
\x0a\x0a\x0a\x0a\x0a\x0a\x0a\x0a\x0a\x0a\x0a\x0a\x0a\x0a\x0a\x0a\
\x0a\x0a\x0a\x0a\x0a\x0a\x0a\x0a\x0a\x0a\x0a\x0a\x0a\x0a\x0a\x0a\
\x0a\x0a\x0a\x0a\x0a\x0a\x0a\x0a\x0a\x0a\x0a\x0a\x0a\xff\xc0\x00\
\x11\x08\x00\x95\x00\x9a\x03\x01\x11\x00\x02\x11\x01\x03\x11\x01\
\xff\xc4\x00\x1f\x00\x00\x01\x05\x01\x01\x01\x01\x01\x01\x00\x00\
\x00\x00\x00\x00\x00\x00\x01\x02\x03\x04\x05\x06\x07\x08\x09\x0a\
\x0b\xff\xc4\x00\xb5\x10\x00\x02\x01\x03\x03\x02\x04\x03\x05\x05\
\x04\x04\x00\x00\x01}\x01\x02\x03\x00\x04\x11\x05\x12!1\
A\x06\x13Qa\x07\x22q\x142\x81\x91\xa1\x08#B\
\xb1\xc1\x15R\xd1\xf0$3br\x82\x09\x0a\x16\x17\x18\
\x19\x1a%&'()*456789:C\
DEFGHIJSTUVWXYZc\
defghijstuvwxyz\x83\
\x84\x85\x86\x87\x88\x89\x8a\x92\x93\x94\x95\x96\x97\x98\x99\x9a\
\xa2\xa3\xa4\xa5\xa6\xa7\xa8\xa9\xaa\xb2\xb3\xb4\xb5\xb6\xb7\xb8\
\xb9\xba\xc2\xc3\xc4\xc5\xc6\xc7\xc8\xc9\xca\xd2\xd3\xd4\xd5\xd6\
\xd7\xd8\xd9\xda\xe1\xe2\xe3\xe4\xe5\xe6\xe7\xe8\xe9\xea\xf1\xf2\
\xf3\xf4\xf5\xf6\xf7\xf8\xf9\xfa\xff\xc4\x00\x1f\x01\x00\x03\x01\
\x01\x01\x01\x01\x01\x01\x01\x01\x00\x00\x00\x00\x00\x00\x01\x02\
\x03\x04\x05\x06\x07\x08\x09\x0a\x0b\xff\xc4\x00\xb5\x11\x00\x02\
\x01\x02\x04\x04\x03\x04\x07\x05\x04\x04\x00\x01\x02w\x00\x01\
\x02\x03\x11\x04\x05!1\x06\x12AQ\x07aq\x13\x22\
2\x81\x08\x14B\x91\xa1\xb1\xc1\x09#3R\xf0\x15b\
r\xd1\x0a\x16$4\xe1%\xf1\x17\x18\x19\x1a&'(\
)*56789:CDEFGHIJ\
STUVWXYZcdefghij\
stuvwxyz\x82\x83\x84\x85\x86\x87\x88\x89\
\x8a\x92\x93\x94\x95\x96\x97\x98\x99\x9a\xa2\xa3\xa4\xa5\xa6\xa7\
\xa8\xa9\xaa\xb2\xb3\xb4\xb5\xb6\xb7\xb8\xb9\xba\xc2\xc3\xc4\xc5\
\xc6\xc7\xc8\xc9\xca\xd2\xd3\xd4\xd5\xd6\xd7\xd8\xd9\xda\xe2\xe3\
\xe4\xe5\xe6\xe7\xe8\xe9\xea\xf2\xf3\xf4\xf5\xf6\xf7\xf8\xf9\xfa\
\xff\xda\x00\x0c\x03\x01\x00\x02\x11\x03\x11\x00?\x00\xfc8\
\xf83\xf0\x07\xc5\xff\x00\x1cSU\x93\xc2\xba\xbe\x95j\
\xbaB\xc4\xd7GS\x9eD\xc8\x93~\x0a\xec\x8d\xf8\x1e\
Y\xceq\x8c\x8f\xc17`/x\xdf\xf6]\xf8\x8f\xe0\
\xe8`\x97M\xb9\xd3\xbcJ\xd3\xb3\x06\x8b\xc2\xcf5\xe3\
\xc3\x8cs \x11\x0d\xa0\xe7\x8fp}+ZT\xaa\xd6\
\xf8\x15\xc7f\xf69\xe3\xf0[\xe3\x10\xff\x00\x9aQ\xe2\
O\xc3C\xb8\xff\x00\xe2+y`qq\xfb\x0c,\xc4\
\xff\x00\x851\xf1\x87\x19\xff\x00\x85Q\xe2_\xfc\x11\x5c\
\x7f\xf1\x15\x1fT\xc5\x7f\xcf\xb9}\xcc,\xc4\xff\x00\x85\
5\xf1|\xf4\xf8U\xe2O\xfc\x11\x5c\x7f\xf1\x14}S\
\x15\xff\x00>\xe5\xf70\xb3\x0f\xf8S_\x17\xff\x00\xe8\
\x95x\x93\xff\x00\x04W\x1f\xfcE\x1fT\xc5\x7f\xcf\xb9\
}\xcc,\xc3\xfe\x14\xd7\xc5\xff\x00\xfa%>%\xff\x00\
\xc1\x15\xc7\xff\x00\x11G\xd5q_\xf3\xee_s\x1f,\
\xbb\x07\xfc)\xaf\x8b\xff\x00\xf4J|K\xff\x00\x82+\
\x8f\xfe\x22\x8f\xaa\xe2\xbf\xe7\xdc\xbe\xe6\x1c\xb2\xec\x1f\xf0\
\xa6\xbe/\xff\x00\xd1)\xf1/\xfe\x08\xae?\xf8\x8a>\
\xab\x8a\xff\x00\x9fr\xfb\x98r\xcb\xb0\x7f\xc2\x9a\xf8\xbf\
\xff\x00D\xa7\xc4\xbf\xf8\x22\xb8\xff\x00\xe2(\xfa\xae+\
\xfe}\xcb\xeea\xcb.\xc1\xff\x00\x0ak\xe2\xff\x00\xfd\
\x12\x9f\x12\xff\x00\xe0\x8a\xe3\xff\x00\x88\xa3\xea\xb8\xaf\xf9\
\xf7/\xb9\x87,\xbb\x07\xfc)\xaf\x8b\xff\x00\xf4J|\
K\xff\x00\x82+\x8f\xfe\x22\x8f\xaa\xe2\xbf\xe7\xdc\xbe\xe6\
\x1c\xb2\xec\x1f\xf0\xa6\xbe/\xff\x00\xd1)\xf1/\xfe\x08\
\xae?\xf8\x8a>\xab\x8a\xff\x00\x9fr\xfb\x98r\xcb\xb0\
\x7f\xc2\x9a\xf8\xbf\xff\x00D\xa7\xc4\xbf\xf8\x22\xb8\xff\x00\
\xe2(\xfa\xae+\xfe}\xcb\xeea\xcb.\xc1\xff\x00\x0a\
k\xe2\xff\x00\xfd\x12\x9f\x12\xff\x00\xe0\x8a\xe3\xff\x00\x88\
\xa3\xea\xb8\xaf\xf9\xf7/\xb9\x87,\xbb\x00\xf85\xf1|\
\xf4\xf8S\xe2O\xfc\x11\x5c\x7f\xf1\x14}S\x15\xff\x00\
>\xe5\xf71r\xcb\xb0\xbf\xf0\xa6~0\x7f\xd1)\xf1\
 \xfa\xe8w\x1f\xfcER\xc1b\xe5\xf6\x1f\xdda\x1d\
'\x82\x7fe\xaf\x89\x1e0\x86i5\x0b\xbd7\xc3\x92\
B\xca\x05\xbf\x8a\x1ek9%\x07\xf8\x91LGp\xf5\
\xc7\xa8\xackQ\xabA\xdaj\xccW/\xfcJ\xfd\x8e\
\xbe&|-\xf05\xe7\xc4\x0d\x7f^\xd0g\xb2\xb1\x11\
\x19\x12\xc6\xeag\x91\xc4\x92$jWt*\xa7\x97\x07\
\xafL\xd6W\x19\xe4\xf4\xc0\xf4o\xd9\xc7\xe2\xfe\xb1\xf0\
\xcb\xc4w\x9a\x05\xa5\x90\xba\xb4\xf1<\x09\xa7\xdc\xc0\xf3\
l\x11\xc8\xcd\xb1'\xce\xd2IA$\x83o\x00\xef9\
<\x0a\xd2\x94c:\x8a/\xae\x80~\xa4\x7f\xc1\x19\xbf\
\xe0\x9e\xda\xc6\x91\xe3\x7f\x1b__|E\xb5\xb8\xfbF\
\x95j\xcb\x1b\xd9\xee\xf2\xcb4\x8d\xfcL}k\xf5L\
\x9b%Yl\x13\x92\xbd\xf5\xd4\xf4\xe8\xd1\x8a\x89\xf4\xff\
\x00\x8a\xbc7e\xe1\xaf\x12_xu\xa0\xb7\x91\xecn\
^\x16\x7f\xb3 \xdd\xb4\xe38\xc7\x15\xf5?W\xc2\xda\
\xea*\xfe\x86\x9e\xca\x173\xcd\xad\x99\xe3\xec6\xff\x00\
\xf8\x0e\x9f\xe1K\xd8Po\xe1_p\xfd\x94@i\xd6\
#\x81eo\xff\x00\x80\xe9\xfe\x15_W\xa0\xfe\xca\xfb\
\x8a\xe4A\xfd\x9dc\x9c\xfd\x86\xdf\xff\x00\x01\xd3\xfc(\
\xfa\xb6\x1f\xf9W\xdc.D/\xf6}\x97\xfc\xf8\xdb\xff\
\x00\xe02\x7f\x85/\xaba\xff\x00\x95\x0b\xd9\xc5\x07\xf6\
}\x97\xfc\xf8\xdb\xff\x00\xe02\x7f\x85\x1fV\xc3\xff\x00\
*\x0fg\x16\x1f\xd9\xf6C\xa5\x95\xbf\xfe\x03'\xf8Q\
\xf5l?\xf2\xa0t\xa2\xf7\x0f\xb0Y\xff\x00\xcf\x95\xbf\
\xfe\x03'\xf8Q\xf5l?\xf2\xa1{\x18v\x0f\xb0Y\
\xff\x00\xcf\x95\xbf\xfe\x03'\xf8Q\xf5l?\xf2\xa0\xf6\
0\xec\x1f`\xb3\xff\x00\x9f+\x7f\xfc\x06O\xf0\xa3\xea\
\xd8\x7f\xe5A\xeca\xd8?\xb3\xec\x8f[\x1b\x7f\xfc\x06\
O\xf0\xa3\xea\xd8\x7f\xe5CT\xe2\xb6\x0f\xec\xeb\x1f\xf9\
\xf1\xb6\xff\x00\xc0d\xff\x00\x0a>\xad\x87\xfeT?f\
\x83\xfb>\xcb\xa7\xd8m\xff\x00\xf0\x19?\xc2\x8f\xaba\
\xff\x00\x95\x0b\xd9\xc6\xf7\x0f\xec\xfb!\xff\x00.V\xff\
\x00\xf8\x0c\x9f\xe1G\xd5\xb0\xff\x00\xca\x83\xd9E\x9a~\
\x0c\xf0m\xaf\x8b|Ua\xe1\x88\xad\xed\xe3k\xeb\x85\
\x88I\xf6d\xf9rq\x9cc\x9a\x8a\xb8|:\x86\xb1\
Btb\xd9\xf2w\xfc\x16g\xfe\x09\xf7\xae\xdd|Z\
\xf0\xa6\xadg\xf1\x0e\xd6\xd9l\xf49\xa4\x924\xb1+\
\xbfkF\xc4|\xac:\xe2\xbe78\xc8\x16:N\xac\
U\xac\x8c\xaa\xd0\x8b\x89\xf0\xc7\xc5\xef\xda;N\xf8\x99\
\xf0S\xc5\x1f\x0fm\xbc35\xb4\x9aM\xa5\x9cOr\
\xf3\x86W\xf2\xef!\x8c\x9c`c;s_\x9bV\xa5\
\xec\xaar\xf6<\xde\xa7\xcc\xd5\x00k\xf8\x00\xe3\xc7\x9a\
!?\xf4\x17\xb6\xff\x00\xd1\xab[a\xb5\xc4C\xd5~\
c[\x9f\xad\xde\x0a\xf1\xdf\x8c\xbc\x15\x01\x9f\xc1\xfe*\
\xbe\xd2\xde\xe6\xda%\x99\xecg(_\x0a1\x9cu\xc6\
O\xe7_\xbf\xe1\xe0\xa7\x85\x87{#\xd9\x85\xf9Q\xf6\
\xaf\x81>1|\x1f\xf8\xeb\xf0\xb7E\xf8G\xe0\x95{\
\xaf\x1fM\xa7\xc4n\xee.\xac\xc2\x99eE\xcc\xace\
\xceO\xd6\xb1\xf6U)O\x9aOB\x8ew\xc6~\x07\
\xd7\xfc\x09\xae\xbf\x87|A\x0cks\x1cH\xee#|\
\xae\x18\x029\xfckE$\x06Vd\xff\x00\x9eG\xf3\
\xab\xe6@\x19\x93\xfey\x1f\xce\x8ed\x01\xfb\xc3\xff\x00\
,\x8f\xe7G2\x01q'\xfc\xf2?\x98\xa3\x99\x0c1\
'\xfc\xf2?\x98\xa3\x99\x00bO\xf9\xe4\x7f1G2\
\x00\xc4\x9f\xf3\xc8\xfeb\x8ed\x01\x89?\xe7\x91\xfc\xc5\
\x1c\xc8\x03\x12\x7f\xcf#\xf9\x8a9\x90\x09\x89?\xe7\x91\
\xfc\xc5\x1c\xc8A\x99?\xe7\x91\xfc\xe8\xe6@lx/\
\xc0~!\xf8\x89\xac\x8f\x0fxn\xde9.LFM\
\xb2\xc9\xb4\x00=\xeajUT\xd0\x9b\xd0\xdd\xf8\xa3\xf1\
\xbf\xe0\xef\xc1\x9f\x84\xba\xdf\xc1\xed|5\x97\xc4;M\
:E\x86\xe2\xd6\xd3q\x8af\x04\xc6\xc2^\x08<\x8e\
{TF2\xaf+\xf4\x08\xbec\xe2_\x1fx\xef\xc6\
\xbe6\xb2\x96\xf3\xc5\xfe%\xbb\xd4\xe4\x82\xcaT\x8aK\
\xc9\x8c\x85\x14\xa1\xe0g\xa0\xe2\xb7\xc5%O\x075\x0e\
\xcc\x9a\xaa\xd0?0\x84\x92\x1d#\xe20=\x0a\xc7\x9e\
?\xea%\x1d~\x01\x8b\x7f\xed\x12<e\xbb<\xfa\xb9\
\x80\xd7\xf0\x07\xfc\x8fz'\xfd\x85\xed\xbf\xf4j\xd6\xf8\
_\xf7\x98z\xaf\xccq\xd2H\xfdX\xb7'\xec\xb0\xed\
\xce>\xcf\x1fo\xf6\x05\x7fAa\x15\xf0\xd0\xb7d{\
QO\x95\x1d/\xc2\xff\x00\x8a>1\xf89\xe2\xfbo\
\x1c\xf8\x12\xfd-\xf5\x1bdd\x86Yb\x12\x00\x18r\
6\xb0\x22\xb6\x9c9\x96\xa5X\xfb\xc3\xf6g\xd3\xb4/\
\xdak\xe0\xd4\x7f\x1a>88\xb8\xd5\xa4\xba\x9a;\xbb\
\xb8\xa46\xf1\xa4Q\x12\xa0\x90\xb8\x0a\x00Q\x93^E\
iN5yQ\x9c\x9d\x99\xd1\x8f\x87\x1f\xb1\xd1\xe9\xe3\
m0\xff\x00\xdc\xc4\xbf\xfc];b\x7f\x94\xcaRa\
\xff\x00\x0a\xdb\xf6;\xff\x00\xa1\xd3L\xff\x00\xc2\x89\x7f\
\xf8\xba9q?\xcaO;\x03\xf0\xe3\xf69\x1f{\xc6\
\xda`\xff\x00\xb9\x89\x7f\xf8\xba-\x89\xfeQ\xa9I\x87\
\xfc+\x8f\xd8\xe0\xf4\xf1\xbe\x99\xff\x00\x85\x12\xff\x00\xf1\
t[\x13\xfc\xa1y\x07\xfc+\x7f\xd8\xe7\xfe\x87m3\
\xff\x00\x0a%\xff\x00\xe2\xe9\xf2\xe2\x7f\x95\x873\x0f\xf8\
V\xff\x00\xb1\xcf\xfd\x0e\xdag\xfe\x14K\xff\x00\xc5\xd1\
\xcb\x89\xfeV\x1c\xcc?\xe1\x5c~\xc7\x1f\xf4;\xe9\x9f\
\xf8Q/\xff\x00\x17J\xd8\x9f\xe5\x0b\xc8?\xe1\x5c\xfe\
\xc6\xff\x00\xf4;\xe9\x7f\xf8Q/\xff\x00\x17E\xb1?\
\xca\x17\x90\x7f\xc2\xb8\xfd\x8e\x0fO\x1b\xe9\x9f\xf8Q/\
\xff\x00\x17E\xb1?\xca\x17\x90\x7f\xc2\xb7\xfd\x8e\x7f\xe8\
v\xd3?\xf0\xa2_\xfe.\x9f.'\xf9Xs0\x1f\
\x0d\xff\x00c\x92p<m\xa6g\xfe\xc6%\xff\x00\xe2\
\xe95\x88_d.\xceg\xf6\xa5\xb4\xd3\xbfe\x0f\x84\
\xd1|^\xf8\x1b0\xb5\xd4\xe5\xbc\x8a\xde;\x9b\x83\xf6\
\x84xd\xe4\xe06A\xe3\xbd<+\x95j\x8e2\x1c\
o'c\xe0\xff\x00\x89\xff\x00\x11\xbcY\xf1c\xc6\xf7\
\x9e>\xf1\x9d\xe2O\xa8\xdfm\xfbD\xb0\xc6\x11[h\
\xc0\xf9T\x008\xf6\xafaST\xf4:\xa3\x05\x14s\
Z\xb8'J\xba\xc0\xff\x00\x97Y\x7f\xf4\x06\xae|o\
\xfb\xac\xfd\x19\x15\xbe\x03\xf3P\x0ch\xff\x00\x11\x86?\
\x86?\xfd9G_\xcf\xb8\xaf\xe3\xc8\xf0\xd7S\xcf\xab\
\x9cf\xbf\x80?\xe4{\xd1?\xec/m\xff\x00\xa3V\
\xb7\xc2\xff\x00\xbc\xc3\xd5~c[\x9f\xab6C\x160\
s\xff\x00,\x13\xff\x00A\x15\xfd\x0b\x81\xff\x00u\x8f\
\xa2=\xe8\xfc\x08\x90\x0e\xfe\xf5\xd1Sa\x9f~~\xc6\
$\xff\x00\xc3\x01k8\xea-\xb5O\xe5%x\xf5\x1f\
\xfbb9jn|\x9c\xb3L\x9c\x97\xces\xfc\xcd}\
\x01 n&\xfe\xf9\xe7\xde\xadlJ\xd5\x8dig'\
>a\xfc\xcdL\xb74Q\x0f2o\xf9\xe8\x7f3D\
w\x1b\x8a\x0f2_\xf9\xe8\x7f:\xb1r\xae\xc1\xe6K\
\xff\x00=\x0f\xe7@r\xae\xc2y\x93\xff\x00\xcfC\xf9\
\x9a\xcd\x8e\xc8<\xc9\xff\x00\xe7\xa1\xfc\xcd\x01d/\x99\
7\xfc\xf4?\x99\xa7\x1d\xc1\xc5\x07\x99/\xfc\xf4?\x9d\
X\xb9W`I&\xf3\x13\xf7\x9f\xc6\xbd\xfd\xc5aP\
vG\xd6_\xb7\xf3\x9f\xf8b_\x0e\xe4\xe4\x8f\xec\xe3\
\xff\x00\x90\x96\xbc\x5c7\xfb\xe8S\xf8\x8f\x81\x01\xdc\x01\
\xc5z\xf3\xf8\x8e\xb7\xb1\x06\xa9\xff\x00 \xbb\xaf\xfa\xf5\
\x97\xff\x00@j\xe5\xc6\x7f\xba\xcf\xd1\xfeF\x15\xbe\x03\
\xf3L\x10t\x8f\x88\xe7\xfd\x98\xff\x00\xf4\xe5\x1d\x7f=\
b\xb5\xc4?S\xc3G\x9fV\x035\xbc\x05\xff\x00#\
\xd6\x8b\xff\x00ako\xfd\x1a\xb5\xbe\x17\xfd\xe6\x1e\xab\
\xf3\x05\xb9\xfa\xb3c\x81c\x00\xcf\xfc\xb1O\xfd\x04W\
\xf46\x07\xfd\xd6>\x88\xf7\xe3\xf0\x22\x5c\xe3\xf3\xad\xea\
j\x81\xec}\xf9\xfb\x19c\xfe\x18\x0bY\xff\x00\xaf}\
S\xf9I^<\xff\x00\xdfQ\xc77v|\x97\x92O\
>\xff\x00\xcc\xd7\xd1\xd9\x15\x1dC\x00s\x8aeY\x05\
\x03\x0a\x00(\xd7\xa0\x01\x18m\xb9\x19\xc6q\x9a\x9dn\
\x00F8\xa7n\xe0\x14\xec\x80(\x00\xa0\x01\x7f\xd6'\
\xfb\xeb\xfc\xc5cQ0>\xb2\xfd\xbf\xff\x00\xe4\xc9\xbc\
;\xfe\xee\x9b\xff\x00\xa2\x96\xbcL7\xfb\xef\xccT\xfe\
#\xe0D\xfb\xa2\xbd\x99$\xd9\xd8\xfe\x12\x1dS\xfeA\
w_\xf5\xeb/\xfe\x80\xd5\xcb\x8dK\xea\x95=\x19\xcf\
[\xe0?4\xc0\xce\x93\xf1\x1c\xfa,\x7f\xfar\x8e\xbf\
\x9d\xf1_\xc7~\xa7\x88\xba\x9e}X\x81\xaf\xe0\x01\x9f\
\x1d\xe8\x83\xfe\xa2\xf6\xdf\xfa5k|/\xfb\xcc=W\
\xe6\x07\xea\xcd\xa0\xc5\x9c#\xbf\x91\x1e\x7f\xef\x91_\xd0\
\xb8\x07|,}\x11\xefC\xe0D\x9dH\xfa\x8a\xea\x91\
Oc\xef\xcf\xd8\xcb\xfeL\x0fY\x1f\xf4\xef\xaa\x7f)\
+\xc4\xab\xfe\xfe\x97\x99\xc5%v|\x96F?\x1c\xff\
\x003_J\x5cv\x0a\x0a\xd8(\x1bw\x10\xd3\x5c\xbd\
AX\xe8\xbe\x1b\xfc'\xf8\x91\xf1\x7fW\x9b\xc3\xdf\x0c\
|!y\xad_Anf\x92\xde\xca2\xcc\x883\xf3\
\x10\x01\xf4\xae\x0cf>\x8e\x09sTvFS\xa8\xa2\
}\xaf\xa8\x7f\xc1<\xbc7\x17\xec \x9e%\xb5\xf8!\
|\xdf\x14M\x8a\xef\x84<\x9ep\x9bq\xcf\xee\xf3\x8e\
\x98\xed_\x07\xfe\xb3U\xfe\xd8\xe5\xbf\xee\xees}a\
\xb9[\xa1\xf1/\xc4/\x85?\x11\xbe\x12k\x8b\xe1\xaf\
\x89\x9e\x10\xbd\xd1\xaf\xde\x114v\xd7\xb1\x95v\x8c\xe3\
\xe6\xe4{\xd7\xdd`\xf1\xd4\xf1\xf0r\xa4\xee\x8e\xe5%\
c\x00{W\xa2\xf9z\x03i\xec-!\x05\x00\x0b\xfe\
\xb1?\xeb\xa2\xff\x001YUv\x88\x1fY~\xdf\xff\
\x00\xf2d\xde\x1d\xff\x00wM\xff\x00\xd1K^\x16\x1b\
\xfd\xf4T\xfe#\xe0D\xfb\xa2\xbd\xb7\xb9\xd8\xfe\x12\x1d\
S\xfeAw_\xf5\xeb/\xfe\x80\xd5\xcb\x8d\xff\x00t\
\xa9\xe8\xcez\xdf\x01\xf9\xa4\x0f\xfcJ~#\x83\xfd\xd8\
\xf1\xc7\x7f\xed(\xff\x00\xfa\xf5\xfc\xf1\x8a\xfe3<D\
y\xfds\x81\xaf\xf0\xff\x00\xfeG\xcd\x13\xfe\xc2\xf6\xdf\
\xfa5k|/\xfb\xcc=W\xe6'\xb1\xfa\xb3k\xff\
\x00\x1e\xb0\xff\x00\xd7\x14\xff\x00\xd0E\x7fBe\xff\x00\
\xee\xb1\xf4G\xbdO\xf8k\xd1\x12w\x1fQ]\x8fb\
\xde\xc7\xdf\x9f\xb1\x97\x1f\xb0\x1e\xb2O\xfc\xfbj\x9f\xca\
J\xf0\xab;f\x0b\xd4\xe4\x92\xb3>Lc\xd0}\x7f\
\x9d}'2\x1cv\x12\xa8\xad\xc4\xcf4\xed\xee\xdc\xae\
]\x0b\xda6\x83{\xae^C\x0d\xbe\x9fs<Ms\
\x1cr=\xbd\xb3\xb8P\xcc\x17<\x03\xeb\x9e}+\x87\
\x17\x8b\xa5B\x93m\xd9\xa3\x19\xcd#\xf5s\xf64\xfd\
\x82|\x07\xfb/k1\xfcQ\xf0\xcf\x8d\xb5-B\xf3\
W\xd0\xa2I\xadn\xe0\x0a\x91\x89\x10;c\xe6'9\
c\xda\xbf\x1f\xce\xf8\x87\x13\x98?e>\x8c\xf3\xab\xd4\
g\xd0\xce\xa5\xb8\x15\xf3\x1e\xd2\x5c\xd7\xb9\xcfv\xe1n\
\xa7\xce\x1f\xb6\xaf\xec\x15\xe0\x8f\xdaB\xfe\xf7\xe2\xf6\xbb\
\xe3]R\xc2\xff\x00H\xf0\xf4\xc2\xde\xca\xce\x00\xf1\xcb\
\xe5DX\x03\xf3\x03\xc9Q\xda\xbe\xb3\x22\xe2*\xd8\x19\
*QZ7\xfa\x9d\xf4\xaa\xa5\x04\x99\xf9Q\x7f\xa2\xea\
zL\xcd\x15\xee\x95s\x02\x89\x9d\x15\xe7\xb6t\x0d\x82\
G\x1b\x80\xcd~\xb9C\x1dJ\xbd5$\xf5f\xca\xa2\
e}\x8d\x9e\xa2\xba\x94\xae\xcd\xa2\xee\x05\x08\x19\xaa(\
D\xff\x00X\xbf\xf5\xd1\x7f\x98\xa8\xab\xfc1=\x0f\xac\
\xbf\xe0\xa0\x03\x1f\xb1?\x87G\xfb:w\xfe\x8aZ\xf0\
0\xdf\xef\x82\x83\xb4\x8f\x81\x13\xee\xd7\xb6\xf7;.\x9a\
!\xd5?\xe4\x17u\xff\x00^\xb2\xff\x00\xe8\x0d\x5c\xb8\
\xdf\xf7J\x9e\x8c\xc2\xb7\xc0~i\x83\xff\x00\x12\x7f\x88\
\xe3\xda/\xfd9G_\xcf\x18\xaf\xe33\xc3G\x9fW\
8\xcd\x7f\x87\xe4\x0f\x1eh\x84\xf4\xfe\xd7\xb6\xff\x00\xd1\
\xab[\xe1\x7f\xdea\xea\xbf0?Vm\x7f\xe3\xda!\
\xff\x00Lc\xff\x00\xd0\x05\x7fB\xe0\x15\xb0\xb0\xf4G\
\xb9I\xa7\x04I\xdc}Ev=\x8d\x1e\xc7\xdf\x7f\xb1\
\x91'\xf6\x03\xd6s\xff\x00>\xda\x9f\xfe\xd4\xaf\x02\xbf\
\xfb\xf2\xf59jn|\x98\xc4\x120}\x7f\x9d}\x18\
D+E\xb1i\xa4\xce\x87\xe1?\xc3\xcdG\xe2\xc7\xc4\
}#\xe1\xb6\x8fu\x14Wz\xd5\xf4v\xb6\xd2M\xf7\
\x11\x98\xe3'\x1d\xab\x8b\x1d\x8a\xfa\x9d\x07U\xec\x88\xa9\
;l~\xa4\xfe\xc1\x7f\xb1\x7f\x88\xff\x00e\xef\x08k\
\xde\x1e\xf8\x90\xba.\xb36\xa5\xa9Gqk<6a\
\xfc\xb5P\xe0\x83\xbf$}\xe1\xf9W\xe4\x1cC\x9dO\
0\xc4s\xd2\xba<\xea\xb3\x9d\xcf\xa1\x80\x0a\xa1QB\
\xaa\x80\x15T`\x01\xe9_/\xadOy\x90\xd4Z\xd4\
+3\x10;J\x95u\x040\xc3+\x0c\x82\x0fj\xd9\
\xabZQz\x9bCT|\xe7\xfb|\xfe\xc4\xfe(\xfd\
\xa8\xf4\x1f\x0fi\xbf\x0d_F\xd1\xa5\xd3.\xe7\x96\xee\
I\xad\x16?5]P.6\x01\x9c\x15?\x9d}_\
\x0f\xe7_S\x975[\xb3\xaa)\xb3\xf2\xdb\xe2\x0f\x82\
\xb5?\x87\x1e;\xd5\xfc\x09\xad\x5c\xc5%\xce\x91\xa8I\
i;C\xf7Y\x90\x90H\xf6\xaf\xd6\xb0\x95\x9dx)\
\xa5\xa37\xa6c\x9eT\xe3\xd2\xbbMF'\xfa\xc5\xff\
\x00\xae\x8b\xfc\xc5M_\xe1\x8a[\x1fY\xff\x00\xc1@\
\x7f\xe4\xca<=\xfe\xee\x9d\xff\x00\xa2\x92\xbc\x0c7\xfb\
\xe7\xcc\x98\xfcG\xc0i\xf7E{Os\xadlC\xaa\
\x7f\xc8.\xeb\xfe\xbde\xff\x00\xd0\x1a\xb9q\xbf\xee\x95\
=\x19\x95o\x80\xfc\xd2\x19:O\xc4`1\xf7c'\
?\xf6\x12\x8e\xbf\x9e1_\xc6g\x88\x8f?\xaep5\
\xbc\x023\xe3\xad\x14\x7f\xd4Z\xdb\xff\x00F\xado\x85\
\xff\x00y\x87\xaa\xfc\xc6\xb7?Vl\xbf\xe3\xce\x13\xff\
\x00L#\xff\x00\xd0\x05\x7fC\xe0\xb5\xc2\xc3\xd1\x1e\xcd\
\x17x\x12\xf7\x1fQ]Ocg\xb1\xf7\xdf\xecc\xff\
\x00&\x07\xac\xe7\xfe}\xb5?\xe5%x\x15\xb5\xc7G\
\xd4\xe6\x9e\xe7\xc9\x9f\xe2\x7f\x99\xaf\xa3\x18V\x8ba5\
r\xef\x87<M\xe2\x0f\x06\xeb\xd6\xbe(\xf0\xae\xab%\
\x96\xa1e(\x96\xd2\xea/\xbd\x13\x8eC\x0fCYW\
\xa5O\x11K\x92Z\xa2y.z~\x97\xfbp~\xd7\
\x17:\x9d\xb42\xfcv\xd76\xb5\xdc!\x97\xce^A\
\x91A\x1d=\x0dxX\xbc\x83*\x86\x16r\xf6j\xf6\
f5 \xa3\x13\xf6\x17\xc2\x93\xcfu\xe1-\x22\xee\xea\
M\xf2\xcd\xa4\xda\xc9+\x9e\xac\xcd\x0a\x96'\xdc\x92M\
~#\x8a\x8b\x8dv\x92\xb2G\x9dYX\xbf\x5c\xe4-\
\x8c\x9f\x1f\xde\xddi\x9e\x00\xd7\xf5+\x19\x9a)\xed\xb4\
;\xc9`\x95z\xa3\xac\x0e\xca\xc3\xdc\x10\x0dv`\x94\
*b\xa3\x16\xae\xbf\xe0\x9b\xd2?\x1fo\xbfn\x0f\xda\
\xd3\xed\xf3\xa9\xf8\xed\xae\x85I\xdd@\x13\xae0\x18\xe3\
\xb5~\xd3\x84\xc8\xb2\xa5J<\xb4\xd5\xdaL\xee\x81\xe5\
\xfa\xce\xb5\xabx\x8fX\xb8\xd7\xf5\xeb\xf9.\xefn\xe6\
in\xaef9y\x1d\x8eK\x1fs_AN\x92\xa1\
\x0eH\xeci\x1d\xc8G\xdc\xfc*\xcd\x06\xa7\xfa\xc5\xff\
\x00\xae\x8b\xfc\xc5M_\xe1\x8a[\x1fY\xff\x00\xc1@\
\x7f\xe4\xca<=\xfe\xee\x9d\xff\x00\xa2\x92\xbc\x0c7\xfb\
\xe7\xcc\x98\xfcG\xc0i\xf7E{Os\xadlC\xaa\
\x7f\xc8.\xeb\xfe\xbde\xff\x00\xd0\x1a\xb9q\xbf\xee\x95\
=\x19\x95o\x80\xfc\xd3\x07\xfe%\x1f\x11\xc7\xfb1v\
\xff\x00\xa8\x94u\xfc\xf1\x8a\xfe3<Dy\xf5s\x81\
\xad\xe0\x0f\xf9\x1e\xf4O\xfb\x0b\xdb\x7f\xe8\xd5\xad\xf0\xbf\
\xef0\xf5_\x98\xd6\xe7\xea\xcd\x8e~\xc5\x01\xc7X#\
?\xf8\xe8\xaf\xe8|\x13\xbe\x16\x1e\x88\xf6\xa9_\x97R\
^\xe3\xea+\xa9\xecj\xf6>\xfb\xfd\x8c\xbf\xe4\xc0\xb5\
\x9f\xfa\xf6\xd4\xff\x00\x94\x95\xf3\xf5\xbf\xdfc\xear\xcf\
s\xe4\xc6\x00\x11\x81\xeb\xfc\xeb\xe9\x02!Z-\x8a\x03\
\xd2\xa1\xee\x05\x9d\x13\xfeB\xf6\x99?\xf2\xfb\x07\xfe\x8d\
J\xc3\x13\xae\x1aw\xec\xc9\xf8\xb7?u\xbc\x1b\xff\x00\
\x22V\x87\xff\x00`K?\xfd\x10\x95\xf8\x063\xfd\xe2\
^\xaf\xf3<\x9a\xff\x00\x11\xa3\x5c\x06f'\xc4\xec\x1f\
\x86^&\xff\x00\xb1r\xfb\xff\x00I\xde\xbb\xf2\xc5\xfe\
\xd7\x1fU\xf9\xa3j-\x5c\xfc/\xb9*/n\x01?\
\xf2\xf3'\xfe\x86k\xf7\xfc\x1a^\xc2/\xc9\x1d\xcbD\
4(\xcfJ\xebz\xa3Hj\xc0\xf0\xa7\x1e\x94\x8d\x06\
'\xfa\xc5\xff\x00\xae\x8b\xfc\xc5M_\xe1\x8a[\x1fX\
\xfe\xdf\xe7\xfe0\x97\xc3\xdf\xf7\x0d\xff\x00\xd1K_7\
\x86\x7f\xed\x84\xc7\xe2>\x05O\xba+\xde:\xd6\xc4:\
\xa7\xfc\x82\xee\xbf\xeb\xd6_\xfd\x01\xab\x9b\x1b\xfe\xe9S\
\xd1\x99V\xf8\x0f\xcd0\x09\xd1\xfe#\xe3\xb0\x88\x9f\xfc\
\x19G_\xce\xf8\xa7\xfb\xf6xh\xf3\xea\xc0f\xb7\x80\
?\xe4{\xd1?\xec/m\xff\x00\xa3V\xb7\xc2\xff\x00\
\xbc\xc3\xd5~c[\x9f\xabV\xab\xb6\xce\x05'\xa5\xbc\
\x7f\xfa\x08\xaf\xe8\x5c\x03\xbe\x16>\x8b\xf2=\xba_\x01\
'q\xf5\x15\xd8\xf64\xb5\xd1\xf7\xdf\xece\xc7\xec\x07\
\xac\x8f\xfav\xd4\xff\x00\x94\x95\xf3\xf5\xbf\xdfc\xear\
\xcfs\xe4\xc3\xd7\xf3\xfeu\xf4\xdc\xa8iX*\x86\x07\
\x91\x8aM\x5c\x0bZ/:\xc5\x98\xff\x00\xa7\xd8?\xf4\
jW>)[\x0d?F$\xac~\xea\xf87\xfeD\
\xad\x0f\xfe\xc0\x96\x7f\xfa!+\xf9\xf3\x19'\xf5\x89z\
\xbf\xcc\xf21\x1aH\xd1\xae3\x0efb|M\xcf\xfc\
+/\x12\xe3\xfe\x85\xdb\xef\xfd'z\xef\xcb]\xb1q\
\xf5_\x9a6\xa1\xb9\xf8[y\xff\x00!+\xa1\xff\x00\
OR\x7f\xe8F\xbf\x7f\xc1\xff\x00\xbb\xc7\xd0\xf5#\x1b\
\xadF\xef5\xd4Z\x8d\x80\xb9#\x14\x14\x22\x7f\xac_\
\xfa\xe8\xbf\xccT\xd5\xfe\x18\xa5\xb1\xf5\x8f\xed\xff\x00\xff\
\x00&K\xe1\xef\xfb\x86\xff\x00\xe8\xa5\xaf\x9b\xc3\x7f\xbe\
\x8a?\x11\xf0*}\xd1^\xf2:\x96\xc4:\xa7\xfc\x82\
\xee\xbf\xeb\xd6_\xfd\x01\xab\x9b\x1b\xfe\xe9S\xd1\x99V\
\xf8\x0f\xcd5$h\xff\x00\x11\xc0\xee\xb1g\xff\x00\x06\
Q\xd7\xf3\xb6*\xde\xdd\xfa\x9e\x1a\xeay\xf5b3[\
\xc0\x1f\xf2=\xe8\x9f\xf6\x17\xb6\xff\x00\xd1\xab[\xe1\x7f\
\xdea\xea\xbf1\xad\xcf\xd5\xbb\x7f\xf8\xf6\x87\xfe\xbd\xe3\
\xff\x00\xd0\x05\x7fBe\xff\x00\xee\xb1\xf4=\xba_\x00\
\xfe\xe3\xea+\xb5\xecj\x8f\xbf?c?\xf90Mg\
\xfe\xbd\xb5?\xe5%|\xfdo\xf7\xd8\xfa\x9c\x93\xdc\xf9\
,\xf5\xfc\xff\x00\x9d}72\x1aw\x0a\xa1\x81\xe0f\
\x93v\x02}.u\xb6\xd4\xad\xa7|mK\xa8\x9d\xc9\
\xec\xab\x22\xb1\xfd\x05c^.\xad\x19B;\xb4M\xee\
~\xa6xc\xfe\x0a\x95\xfb\x1e\xe9\xfe\x19\xd34\xeb\xdf\
\x18\xeaI5\xb6\x99o\x0c\xc9\xfd\x98\xc7\x0e\x91\xaa\x91\
\x9c\xfa\x83_\x92b\xf8C3\x95g+\xa3\x86\xae\x1e\
u%th\x8f\xf8*\xc7\xecd\x06?\xe14\xd4\xbf\
\xf0T\x7f\xc6\xb9\x7f\xd4\xfc\xcb\xba3\xfa\x95C/\xc7\
?\xf0T\x8f\xd8\xfbX\xf0>\xb5\xa3i\xfe/\xd4^\
\xe2\xf7G\xba\xb7\x81\x1bL \x17x\x99Tg<r\
Eu\xe0\xf8K3\xa5\x88\x8c\xf4\xb2k\xf3.\x96\x12\
\xa4%v~Y\xde2=\xd4\xaf\x1ev\xb4\xae\xcb\x9e\
\xe0\xb1#\xf45\xfa\xce\x1a\x0e\x14T_C\xd0Z\x22\
:\xdd\xbb\x0c(\xba\x00O\xf5\x8b\xff\x00]\x17\xf9\x8a\
U\x7f\x86)l}c\xfb\x7f\xff\x00\xc9\x92\xf8{\xfe\
\xe1\xbf\xfa)k\xe6\xf0\xdf\xef\xa2\x8f\xc4|\x0a\x9ft\
W\xbc\x8e\xa5\xb1\x0e\xa9\xff\x00 \xbb\xaf\xfa\xf5\x97\xff\
\x00@j\xe6\xc6\xff\x00\xbaT\xf4fU\xbe\x03\xf3H\
):G\xc4f\x07\xa2\xc7\x91\xff\x00q(\xeb\xf9\xdb\
\x14\xff\x00~\xfdO\x11[S\xcf\xeb\x105\xbc\x01\xff\
\x00#\xde\x89\xff\x00a{o\xfd\x1a\xb5\xbe\x17\xfd\xe6\
\x1e\xab\xf3\x1a\xdc\xfd\x5c\x80\x7f\xa2\xc3\xff\x00^\xf1\xff\
\x00\xe8\x02\xbf\xa12\xff\x00\xf7X\xfa\x1e\xdd/\x80w\
q\xf5\x15\xda\xf65G\xdf\x7f\xb1\x9f\xfc\x98&\xb3\xff\
\x00^\xda\x9f\xf2\x92\xbe~\xb7\xfb\xec}NI\xee|\
\x98\xdc\x91\xf8\xff\x00:\xfaK0\x88V\x89;\x14\x07\
\x91\x8aM0\x13\xaf\xad89A\xe8f/\x9b \xe4\
\xca\xdf\x89\xa6\xe2\xe5\xb8F\xf7\x17\xces\xc0\x91\xbf:\
\x9ffh#;\xb0\xda\xeep\x7f\xda\xab\xe5\xe5Z\x00\
\x8a\x02\x8c\x01R\x9c\x9e\xe0-&\x98\x05%\x16\x00\x9f\
\xeb\x17\xfe\xba/\xf3\x14UO\xd9\x93-\x8f\xac\x7fo\
\xff\x00\xf92_\x0f\x7f\xdc7\xff\x00E-|\xde\x1b\
\xfd\xf4#\xf1\x1f\x02\xa7\xdd\x15\xef#\xa9lC\xaa\x7f\
\xc8.\xeb\xfe\xbde\xff\x00\xd0\x1a\xb9\xb1\xbf\xee\x95=\
\x19\x95o\x80\xfc\xd2\x04\xff\x00d|G\x1d\xb6\xc7\xff\
\x00\xa7(\xeb\xf9\xdb\x15\xfcw\xeaxh\xf3\xfa\xc4f\
\xb7\x80?\xe4{\xd1?\xec/m\xff\x00\xa3V\xb7\xc2\
\xff\x00\xbc\xc3\xd5~c[\x9f\xab\x96\xfc\xd9\xdb\x9f\xfa\
w\x8f\xff\x00A\x15\xfd\x09\x80\xff\x00u\x8f\xa1\xedQ\
\xf8\x10\xee\xe3\xea+\xb5\xecj\xf6>\xfb\xfd\x8c\xf2?\
`\x1dd\x85$\xfd\x97S\xe0w\xe2J\xf9\xea\xee\xd8\
\xc8\xbf3\x9aJ\xec\xf93l\xe4\x91\xf6ixb?\
\xd5\x1fZ\xfa\x05Z\xe3A\xe5\xccz\xdaK\xff\x00~\
\x8f\xf8V\x8a\xb0\x0eXf#\xfe=\xa5\xff\x00\xbfF\
\xab\xda \x0f\x22o\xf9\xf6\x97\xfe\xfc\x9a=\xa2\x00\xfb\
<\xbf\xf3\xeb/\xfd\xf94{@\x0f\xb3\xcb\xff\x00>\
\xb2\xff\x00\xdf\x93G\xb4\x00\xfb<\xbf\xf3\xeb/\xfd\xf9\
4{@\x11\xa1\x95N>\xcb/\xfd\xf9?\xe1G\xb4\
\x01<\xb9\x87KY\x7f\xef\xd1\xff\x00\x0a=\xa2\x00\xd9\
7\xfc\xfa\xcd\xff\x00~\x8f\xf8Q\xed\x22\x03\xa2\x8af\
\x95?\xd1\xe4\x0b\xbdrLg\x8eG\xb5MZ\x9f\xbb\
&[\x1fX\x7f\xc1@@\x1f\xb1?\x87\x86\xef\xfa\x07\
u\xff\x00\xaeK^\x06\x15_\x19qG\xe2>\x04O\
\xbb^\xe5\xacu\xad\x88uO\xf9\x05\xdd\x7f\xd7\xac\xbf\
\xfa\x03W67\xfd\xd2\xa7\xa32\xad\xf0\x1f\x9aC\xfe\
A?\x11\xce?\x86?\xfd9G_\xce\xd8\xaf\xe3\xbf\
S\xc3]O?\xacFkx\x0b\xfeG\xad\x17\xfe\xc2\
\xd6\xdf\xfa5k|/\xfb\xcc=W\xe65\xb9\xfa\xb5\
e\xff\x00\x1e\x16\xff\x00\xf5\xed\x1f\xfe\x82+\xfa\x17\x03\
\xfe\xeb\x1fD{t\xbe\x13\xad\xf87\xf0\x9b\xc4\xdf\x1b\
\xbcyk\xf0\xf7\xc2\x06\xdc_\xddF\xef\x17\xda\x9c\xa2\
aFNMk^\xbch\xc56T\x9e\x87\xd4~\x04\
\xfd\xad\xfe\x14\x7f\xc1<\xfc'\xff\x00\x0c\xc9\xfbBi\
\xf7\xb3\xeb\xb6\xce\xf7w\x03J\xb6\x17\x10<3\x12\xea\
2x?+\x0c\xd7\x93W\x0fS\x13W\x9e\x06,\x99\
\xbf\xe0\xad?\xb01\x00\xa7\xc3\x1b\xef\xaf\xfc#\x90\xff\
\x00\x85Z\xc1c;\xb1\x0d\xff\x00\x87\xb4\xfe\xc1\xb8?\
\xf1m/~\x9f\xf0\x8eC\xfe\x14}S\x14\xbe\xd3\x0d\
G'\xfc\x15\xab\xf6\x0a\x1c\x7f\xc2\xb5\xbd\x03\xfe\xc5\xc8\
\x7f\xc2\x9f\xd5q_\xcc\xc0_\xf8{_\xec\x15\x8e>\
\x1a\xdf\x7f\xe19\x0f\xf8Q\xf5\x5cW\xf30\xd4?\xe1\
\xed\x9f\xb0NN~\x1a\xde\xfb\x7f\xc59\x0f\xf8Rx\
\x5c_\xf30\xd4Q\xff\x00\x05l\xfd\x82q\xff\x00$\
\xda\xf7\xff\x00\x09\xb8\x7f\xc2\xa1\xe0\xf1\xbf\xcc\xc6/\xfc\
=\xb3\xf6\x09\xff\x00\xa2o{\xff\x00\x84\xdc?\xe1Z\
,.*\xdf\x13\x15\xc6\xbf\xfc\x15\xab\xf6\x0b'#\xe1\
\xb5\xef\xfe\x13p\xff\x00\x85L\xb0\xb8\x94\xfe&\x17\x13\
\xfe\x1e\xd3\xfb\x05\xff\x00\xd15\xbd\xff\x00\xc2n\x1f\xf0\
\xa28\x5cM\xfe&;\x87\xfc=\xab\xf6\x0b\xff\x00\xa2\
m{\xff\x00\x84\xdc?\xe1T\xf0\xb8\xaf\xe6`\x07\xfe\
\x0a\xd3\xfb\x03\x95\xc4\x9f\x0d/\x0f=\xfc5\x0f\xf8V\
o\x0b\x8d}X\x15<}\xfbR\xfc1\xff\x00\x82\x91\
hc\xf6t\xfd\x9e\xac\xafm\xf5\xa8\xe4[\xf5]b\
\xdb\xc8\x80[\xc5\xd4\x02:t\xe0V\xb4hK\x0d5\
R]\x05c\xe5\xcf\x8b\x7f\x0c|G\xf0w\xc7\xd7\xdf\
\x0f<V \xfb}\x86\xd3?\xd9N\xe8\xc0e\x04`\
\xf7\xe0\xd7\xa7J\xb7\xb6W7\x8c\x93G)\xaa\x7f\xc8\
.\xeb\xfe\xbde\xff\x00\xd0\x1a\xb0\xcc?\xdc\xe7\xe8\xcc\
\xeb4\xe0~i\x91\x8d#\xe2?\xd2?\xfd9G_\
\xcf\x18\x8f\xe3\x1e*<\xfa\xb2\x03_\xc0\x1c\xf8\xefD\
\x1f\xf5\x17\xb6\xff\x00\xd1\xab[\xe1m\xf5\x98_\xba\xfc\
\xc6\xb7?^\xbe\x1b|)\xf8\x8d\xf1L5\x8f\xc3\xaf\
\x08\xdek\x13ZZ\xc4\xd3\xc7g\x09}\x8aT`\x9c\
z\xe0\xd7\xf4\x15\x0a\x94\xe8\xe1 \xfaY\x1e\xcd7h\
+\x1e\xeb\xf1\x83\xc7\x9f\xb3\xbf\xec\xd5\xfb=A\xe2\xaf\
\x81\xfe0\xd3t\xdf\x8c\xfaR[\xdb\xde[-\xdf\x9b\
q\x0c\xa7\x8b\x85h\x98\x90\x08\xef\xc7\x15\x94e<L\
\xf9f\xb4\x1c\x9e\x87\xc4_\x18\xfe6|E\xf8\xf5\xe3\
Y|}\xf1?\x5c\xfe\xd0\xd5f\x81!\x92\xe7\xcaT\
\xca \x01F\x17\x8e\x00\x15\xd7\x0a\x0a\x0a\xcb\xa1\x92w\
9a\x900\x0dt\xdd\x94\x04\x93\xd4\xd1s76\x98\
P\x5c]\xd0P\x12vA\x93\xd34\x10\xa6\xdb\x0a\x0d\
\x03'\xa6h3si\x86O\xad+&\x5c]\xd0d\
\xfa\xd1d\x82N\xc82zf\x99\x0am\xb0?0\xc1\
&\x93Wf\x87[\xf0[\xe3\x9f\xc4\xcf\xd9\xef\xc6?\
\xf0\x9e\xfc)\xf1\x11\xd3uCl\xd6\xe6\xe3\xcaY3\
\x1bu\x18`k9\xd2\x8c\xe3\xca\xcc\xdc\x9av>\xdd\
\xf0\x07\x8a\xbfg/\xda[\xf6qo\x14|E\xf1V\
\x9b\xaa\xfcn\xd6\xed&H\xecR\xf7e\xd5\xc5\xc8%\
aU\x85H\x19 .\x00\x1c\xd7\x9fRu0\xd59\
a\xb1\xb4^\x87\x81|S\xf8]\xf1\x0b\xe1L2i\
\x7f\x11\xbc#y\xa4\xdc\xdc\xd8\xcb$\x10\xde@Q\x99\
B\x1c\x91\x9e\xa3\x91W\x8a\xab\x1a\xb8)\xb5\xb5\x99\x15\
_\xba~Z\x16S\xa4|G\x01O\xdd\x8f\x1f\xf82\
\x8e\xbf\x9f\xf16x\x87n\x87\x91\xd5\x9e{X\x81\xe9\
\xdf\xb3O\xc1[\xbf\x8aZ\xae\xa9\xe2\x84\xf1\x0aXA\
\xe1X\xa1\xbde\xfb1\x95\xeee\xdc\xce\x91\x01\xb9B\
\x82\x22|\xbeI\x07o\xcarH\xa8O\xd9\xcdK\xb3\
\x1a\xdc\xfb\x97\xfe\x09\xf9\xff\x00\x05g\xf8\xbb\xf0o\xc5\
\x1e \x95~\x18\xe8\xd2\x99l\xe1\x85Z\xfev\x84a\
\x0b\x0c\x8c\xa79\x15\xfa\x86I\x9e\xac\xc2\x0a\x15\x9d\x92\
\xd3\xee=\x0au\xe3\x18\xd9\x98\xdf\x12\xbe'G\xf1G\
\xc7\xfa\xcf\xc4m^\xe2\xc2\xde\xef[\xd4d\xbc\x9e\x08\
.\x94\xa4l\xe7$)\xe3\x8f\xc2\xbe\xd2\x96/\x09\x07\
nu\xf7\x9as\xc6L\xc0:\x96\x95\x93\xff\x00\x13k\
_\xfc\x08_\xf1\xad\xbe\xbd\x84_m}\xe2J\xcfq\
?\xb4\xb4\xbf\xfa\x0a\xda\xff\x00\xe0B\xff\x00\x8d\x1f\xda\
\x18?\xe7_y\x5c\xc8?\xb4\xb4\xbf\xfa\x0a\xda\xff\x00\
\xe0B\xff\x00\x8d\x0b\x1f\x84o\xe3_y\x0d&\xf7\x0f\
\xed-/\xfe\x82\xb6\xbf\xf8\x10\xbf\xe3M\xe3\xf0i\xfc\
k\xef*-%\xb8\x7fii\x7f\xf4\x15\xb5\xff\x00\xc0\
\x85\xff\x00\x1a__\xc2\x7f:\xfb\xc2M4\x1f\xdaZ\
_\xfd\x05m\x7f\xf0!\x7f\xc6\x8f\xed\x0c'\xf3\xaf\xbc\
\x84\x92a\xfd\xa5\xa5\xff\x00\xd0V\xd7\xff\x00\x02\x17\xfc\
h\xfa\xfe\x0f\xf9\xd7\xdek\xcd\x10\xfe\xd2\xd2\xff\x00\xe8\
+k\xff\x00\x81\x0b\xfe4\x7fha?\x9d}\xe6M\
&\xc3\xfbKK\xff\x00\xa0\xad\xaf\xfe\x04/\xf8\xd1\xf5\
\xfc'\xf3\xaf\xbc\xb8\xb4\x90\x7fii\x7f\xf4\x15\xb5\xff\
\x00\xc0\x85\xff\x00\x1a>\xbf\x84\xfeu\xf7\x84\x9ah?\
\xb4\xb4\xbf\xfa\x0a\xda\xff\x00\xe0B\xff\x00\x8d\x1f\xda\x18\
O\xe7_y\x09$\xc3\xfbKK\xff\x00\xa0\xad\xaf\xfe\
\x04/\xf8\xd1\xf5\xfc\x1f\xf3\xaf\xbc\xd7\x9a!\xfd\xa5\xa5\
\xff\x00\xd0V\xd7\xff\x00\x02\x17\xfci}\x7f\x09\xfc\xeb\
\xef2i6t\x7f\x08\xbe/\xff\x00\xc2\x9c\xf8\x9b\xa1\
\xfcP\xd1e\xd3\xee\xeet\x1dJ;\xc8mn.\x94\
$\xac\xa4\x10\xad\xd7\x8e+:\x98\xac\x1dE\xf1\xaf\xbc\
\xa5$\x8d\x1f\xdb\xfb\xfe\x0a\xc7\xf1s\xe3g\x8f4\x19\
&\xf8W\xa3F\x89a%\xa35\x84\xed(Q!P\
I!8\xaf\x89\xcex\x85er\x95*N\xe9\xaf]\
\xcc\xaaT\xe8\x8f\x9c\xbe2~\xcf\x9a\x07\xc3_\x81~\
)\xf1\xdd\x9e\xb3q=\xd6\xabog$\x90\xbcAV\
?2\xf2\x07 s\x9e\x0b\x1e\xd5\xf9}j\xde\xda\xb7\
7s\x81\xee\xcf\x97\xa9\x01\xdd\xfc\x15\xfd\xa0\xfce\xf0\
)uD\xf0\x9e\x95\xa5]\x0dXB.\x86\xa7\x04\x92\
\x00#\xf36\xed\xd9\x22u\xf3\x1b9\xcfn\x94\x9aO\
p\xd8\x97\xe2\xaf\xed\x1d\xe3O\x8bV\xb6\x96\xba\xb6\x8b\
\xa3\xe9\x82\xcd\xdd\x91\xf4KY i\x0bc;\xf3#\
n\xe9\xfa\x9a\xb8Nt\xdd\xe2\xec;\xb3\x8a\xfe\xdf\xd6\
\xff\x00\xe8/s\xff\x00\x7f\x9b\xfck_\xac\xe2/~\
f\x1c\xd2\xee'\xf6\xe6\xb2\x7f\xe6-s\xff\x00\x7f\x9b\
\xfchx\xacC\xfbL9\xa4\xfa\x87\xf6\xde\xb3\xff\x00\
Ak\x9f\xfb\xfe\xdf\xe3K\xeb\x15\xff\x00\x99\x8bP\xfe\
\xdb\xd6\x7f\xe8-s\xff\x00\x7f\xdb\xfci\xfdf\xbf\xf3\
0\xbb\x0f\xed\xbdg\xfe\x82\xb7?\xf7\xfd\xbf\xc6\x97\xd6\
+\xbf\xb4\xc7v\x1f\xdbz\xc7\xfd\x05n\x7f\xef\xfb\x7f\
\x8d?\xac\xd7\xfea]\xf7\x0f\xed\xadc\xfe\x82\xb7?\
\xf7\xf9\xbf\xc6\x8f\xac\xd7\xfe`\xbb\xee\x1f\xdb\x9a\xce1\
\xfd\xads\xff\x00\x7f\xdb\xfci}b\xbf\xf30\xbb\x13\
\xfbkX\xff\x00\xa0\xad\xcf\xfd\xfeo\xf1\xa3\xeb\x15\xff\
\x00\x99\x8e\xec_\xed\xadc\xfe\x82\xb7?\xf7\xf9\xbf\xc6\
\x8f\xacW\xfef\x17a\xfd\xb7\xac\xff\x00\xd0Z\xe7\xfe\
\xff\x00\xb7\xf8\xd2\xf6\xf5\xbf\x99\x85\xd8\x7fmk?\xf4\
\x16\xb9\xff\x00\xbf\xed\xfe4\xfe\xb1_\xf9\x98]\x89\xfd\
\xb5\xacu\xfe\xd5\xb9\xff\x00\xbf\xed\xfe4}b\xbf\xf3\
0\xbb\x17\xfbkX\xff\x00\xa0\xad\xcf\xfd\xff\x00o\xf1\
\xa3\xeb\x15\xff\x00\x99\x85\xd8\x0dkX\x19\xc6\xabq\xcf\
_\xdf7\xf8\xd0\xb1\x15\xd2\xf8\x98sK\xb9\xdd|+\
\xfd\xa5\xfco\xf0\x9fL\xba\xd34\xad\x0bD\xd4\xc5\xd5\
\xc0\x95\xa7\xd6\xad$\x9aD cj\x95\x91p9\xcf\
L\xe7\xbdgRR\xab\xf1;\x8735~&\xfe\xd8\
\xbf\x12\xfe*\xf8*\xf3\xc0~!\xd0t\x18,\xefD\
BI,mfI\x14G\x22H6\x96\x95\x80\xe5\x00\
<\x1e3Y\xa8\xa4\xc4y5P\x1f\xff\xd9\
\x00\x00\x1b\xce\
\xff\
\xd8\xff\xe0\x00\x10JFIF\x00\x01\x01\x00\x00\x01\x00\
\x01\x00\x00\xff\xdb\x00C\x00\x02\x01\x01\x01\x01\x01\x02\x01\
\x01\x01\x02\x02\x02\x02\x02\x04\x03\x02\x02\x02\x02\x05\x04\x04\
\x03\x04\x06\x05\x06\x06\x06\x05\x06\x06\x06\x07\x09\x08\x06\x07\
\x09\x07\x06\x06\x08\x0b\x08\x09\x0a\x0a\x0a\x0a\x0a\x06\x08\x0b\
\x0c\x0b\x0a\x0c\x09\x0a\x0a\x0a\xff\xdb\x00C\x01\x02\x02\x02\
\x02\x02\x02\x05\x03\x03\x05\x0a\x07\x06\x07\x0a\x0a\x0a\x0a\x0a\
\x0a\x0a\x0a\x0a\x0a\x0a\x0a\x0a\x0a\x0a\x0a\x0a\x0a\x0a\x0a\x0a\
\x0a\x0a\x0a\x0a\x0a\x0a\x0a\x0a\x0a\x0a\x0a\x0a\x0a\x0a\x0a\x0a\
\x0a\x0a\x0a\x0a\x0a\x0a\x0a\x0a\x0a\x0a\x0a\x0a\x0a\xff\xc0\x00\
\x11\x08\x00\x89\x00\x93\x03\x01\x11\x00\x02\x11\x01\x03\x11\x01\
\xff\xc4\x00\x1f\x00\x00\x01\x05\x01\x01\x01\x01\x01\x01\x00\x00\
\x00\x00\x00\x00\x00\x00\x01\x02\x03\x04\x05\x06\x07\x08\x09\x0a\
\x0b\xff\xc4\x00\xb5\x10\x00\x02\x01\x03\x03\x02\x04\x03\x05\x05\
\x04\x04\x00\x00\x01}\x01\x02\x03\x00\x04\x11\x05\x12!1\
A\x06\x13Qa\x07\x22q\x142\x81\x91\xa1\x08#B\
\xb1\xc1\x15R\xd1\xf0$3br\x82\x09\x0a\x16\x17\x18\
\x19\x1a%&'()*456789:C\
DEFGHIJSTUVWXYZc\
defghijstuvwxyz\x83\
\x84\x85\x86\x87\x88\x89\x8a\x92\x93\x94\x95\x96\x97\x98\x99\x9a\
\xa2\xa3\xa4\xa5\xa6\xa7\xa8\xa9\xaa\xb2\xb3\xb4\xb5\xb6\xb7\xb8\
\xb9\xba\xc2\xc3\xc4\xc5\xc6\xc7\xc8\xc9\xca\xd2\xd3\xd4\xd5\xd6\
\xd7\xd8\xd9\xda\xe1\xe2\xe3\xe4\xe5\xe6\xe7\xe8\xe9\xea\xf1\xf2\
\xf3\xf4\xf5\xf6\xf7\xf8\xf9\xfa\xff\xc4\x00\x1f\x01\x00\x03\x01\
\x01\x01\x01\x01\x01\x01\x01\x01\x00\x00\x00\x00\x00\x00\x01\x02\
\x03\x04\x05\x06\x07\x08\x09\x0a\x0b\xff\xc4\x00\xb5\x11\x00\x02\
\x01\x02\x04\x04\x03\x04\x07\x05\x04\x04\x00\x01\x02w\x00\x01\
\x02\x03\x11\x04\x05!1\x06\x12AQ\x07aq\x13\x22\
2\x81\x08\x14B\x91\xa1\xb1\xc1\x09#3R\xf0\x15b\
r\xd1\x0a\x16$4\xe1%\xf1\x17\x18\x19\x1a&'(\
)*56789:CDEFGHIJ\
STUVWXYZcdefghij\
stuvwxyz\x82\x83\x84\x85\x86\x87\x88\x89\
\x8a\x92\x93\x94\x95\x96\x97\x98\x99\x9a\xa2\xa3\xa4\xa5\xa6\xa7\
\xa8\xa9\xaa\xb2\xb3\xb4\xb5\xb6\xb7\xb8\xb9\xba\xc2\xc3\xc4\xc5\
\xc6\xc7\xc8\xc9\xca\xd2\xd3\xd4\xd5\xd6\xd7\xd8\xd9\xda\xe2\xe3\
\xe4\xe5\xe6\xe7\xe8\xe9\xea\xf2\xf3\xf4\xf5\xf6\xf7\xf8\xf9\xfa\
\xff\xda\x00\x0c\x03\x01\x00\x02\x11\x03\x11\x00?\x00\xfc\xf5\
\xfd\x96?g\x8f\x15\xfe\xd4\xbf\xb4\xff\x00\x82\xfe9\xf8\
g\xc4\xd6\xf6Z>\xa9\xae\xc0\x8b\xa4\xdf\xb1s\x88\xce\
\xd2\x18d\x02\x09\x1e\x95\xf6y&AZj8\xa6\xbd\
\xd4uQ\xa2\xee\xa4\xcf\xd4\xaf\x8b\x1f\xb3\xfe\x99\xf0\x8b\
V\xb7\xd35}'E\xbb7P\xb4\xaam\xf4\xb8\x80\
@\x18\x8c\x1e\x0f\xa5~\x87G\x0d\x85\x9c>\x05\xf7\x1e\
\x82\x8d+\x1c\x9f\xfc#^\x17\xff\x00\xa1_K\xff\x00\
\xc1d?\xfcMm\xf5,7\xf2/\xb8v\xa2\x1f\xf0\
\x8dx_\xfe\x85}/\xff\x00\x05\x90\xff\x00\xf14\xfe\
\xa3\x86\xfeE\xf7\x0f\x96\x88\x7f\xc25\xe1\x7f\xfa\x15\xf4\
\xbf\xfc\x16C\xff\x00\xc4\xd1\xf5\x1c7\xf2/\xb89h\
\x87\xfc#~\x18\xff\x00\xa1[J\xff\x00\xc1d?\xfc\
MZ\xc0\xe1\xad\xf0/\xb8\x5c\xb4C\xfe\x11\xbf\x0c\x7f\
\xd0\xad\xa5\x7f\xe0\xb2\x1f\xfe&\x9f\xd4p\xdf\xc8\xbe\xe1\
\xf2\xd1\x0f\xf8F\xfc1\xdf\xc2\xdaW\xfe\x0b!\xff\x00\
\xe2je\x81\xc3[\xe0_p\xb9h\x87\xfc#^\x17\
\xff\x00\xa1_K\xff\x00\xc1d?\xfcMO\xd4p\xdf\
\xc8\xbe\xe1\xf2\xd1\x0f\xf8F\xbc/\xff\x00B\xbe\x97\xff\
\x00\x82\xc8\x7f\xf8\x9a>\xa3\x86\xfeE\xf7\x07-\x10\xff\
\x00\x84k\xc2\xff\x00\xf4+\xe9\x7f\xf8,\x87\xff\x00\x89\
\xa3\xea8o\xe4_pr\xd1\x0f\xf8F\xbc/\xff\x00\
B\xbe\x97\xff\x00\x82\xc8\x7f\xf8\x9a>\xa3\x86\xfeE\xf7\
\x07-\x10\xff\x00\x84o\xc2\xfd\xbc-\xa5\xff\x00\xe0\xb2\
\x1f\xfe&\x9cp8k\xfc\x0b\xee\x17-\x10\xff\x00\x84\
o\xc3\x1f\xf4+i_\xf8,\x87\xff\x00\x89\xab\xfa\x8e\
\x1b\xf9\x17\xdc>Z!\xff\x00\x08\xdf\x86?\xe8V\xd2\
\xbf\xf0Y\x0f\xff\x00\x13G\xd4p\xdf\xc8\xbe\xe0\xe5\xa2\
#xs\xc2\xea\xa5\xcf\x85t\xb3\x81\xd0i\x90\xff\x00\
\xf15\x9b\xc1a\xaf\xf0/\xb8V\xa2s\x9f\xb7\xd7\xec\
K\xac\xf8\xc3\xf6%\xd5\xbcI\xe1\xfb\xfd\x0bNk\xb4\
\x82Xf\x8a\xc1c\x92?\x99\xc67.\x0fj\xf2s\
L\xb2\x86*\x8b\xa3\x08\xaeoC\x9e\xad(\xc9h~\
i\xf8K\xc7\xd0~\xca\xda\xad\xbf\xc0\x0f\x19E>\xb1\
\xa9Or\xb2\xae\xa3m/\xc9\x89O\x03\x9c\x9e>\xb5\
\xf9Vm\x80\xad\x97\xd7\xf6s<\xf9\xd3\xe4g\xbc\x0c\
\x8e\x09\xe7\xbdy$\x18?\xf0O\xcdoZ\xf0\xbf\xc0\
\x9f\x0d\xf8\x83\xc3\xfa\x9c\x96w\xb6\xb3\xcd%\xb5\xcc-\
\x86\x8d\x84\x87\x04\x1a\xfd\xbf\x86!\xcf\x96\xa5\xe4\x8fO\
\x09\xaa?C\x7fd\xef\xdaw\xe1\x9e\xbd\xe1\xfdY\xbf\
k\x8f\x19\xb6\xad\xa9\xa5\xd8\x1aD\x9a\x9c/1\x8e\x22\
\xa3!N\x0e\x06\xec\xd7\xafW\x0e\xe9\xcfC\xa5\xeel\
x\xaf\xe1\x97\x8c\xbc+l\x9a\xf6\xb7\xa3\x98,\xee\xe5\
\xff\x00F\x90\xba\x90\xe1\x81#\x18>\x82\xaa3M\xd8\
VF\x01M\xa7\x05kA\xd9\x06\xd5\xf6\xfc\xa8\x16\x81\
\xb0z\x0f\xca\x80\xb2\x0d\x80u\xc7\xe5@h\x1b\x01\xe9\
\x8f\xca\x80\xd06\x0fA\xf9P\x16A\xb5}\xbf*\x03\
@\xd8=\x07\xe5@Y\x06\xc0:\xe3\xf2\xa04\x0d\x80\
\xf4\xc7\xe5@h\x0d\x1f\x1c\x0f\xd2\x87\xb05\xa0\x91\xc1\
4\xd3$\x11FY\xa4`\xaa\x07rzT]\x98\xd8\
\xf4\x7f\x08\xe9\xdf\x0f>\x04O.\xb9\xfbOi\x10Z\
i\xfa\x82\x88\xb4\xdf\xb5A\xe7o\x90\x10H\xc2\xe7\x1f\
(nk\x1eg9Z%$|\xb5\xf1\xfb\xf6\x8a\xf1\
\xa7\x8d\xbcE\xaex7A\xf1\xfd\xfd\xc7\x83d\xbd\xff\
\x00\x89f\x98da\x00\x84\x00T\x05=\x00%\xbf:\
\xeb\x8c\x14fk\x05\xa9\xf9\xa9\xfbgJ\xed\xfbb\xe9\
A[\xb5\x8f\xf3\xaf\xc8\xf8\xd3\xfeFo\xd1\x1ev+\
IX\xfa\x93c\x1eN+\xe3NC\x95\xfd\x87\x7f\xe4\
\xdb\xf4C\xfe\xdc\xdf\xfa0\xd7\xee\x1c'+e\xea\xc7\
\xaf\x83K\x96\xe7\xb0\xc6\xec\x8c\x19X\xfeu\xf5S\x8a\
\xa8\xbd\xe3y+3\xed\x0f\xd9c\xe3w\x8d\xff\x00l\
?\x14\x1f\x84\xdf\x15\x85\xba\xe9z>\x93\xf6\xbb_\xec\
\xd8<\xb9\x0c\x88\xc9\x18\xc9\xee0\xed\xc5y\xd8\xa8F\
\x849\xa0\xb5!\xbb\x1e\xcdy\xfb9~\xcevW\x8f\
g}\xe3A\x04\xd16%\x86mb4e>\x84\x13\
\x91\x5c\x91\xa9\x88\x92\xd8\x86\xdd\x86\x9f\xd9\xeb\xf6iQ\
\x83\xf1\x021\xff\x00q\xd8\xbf\xf8\xaa\xa5R\xbfTG\
2\x0f\xf8g\xdf\xd9\x9c\xff\x00\xcdC\x8b\xff\x00\x07\xb1\
\x7f\xf1T\xfd\xa5o\xe5e\xa9h!\xfd\x9f\xbffq\
\xff\x005\x0a/\xfc\x1e\xc5\xff\x00\xc5T\xca\xadt\xf6\
%\xbb\xb0_\xd9\xff\x00\xf6h\xff\x00\xa2\x83\x17\xe3\xae\
\xc5\xff\x00\xc5T\xfbj\xfd\x811\xdf\xf0\xcf\xdf\xb3A\
\xe9\xf1\x02#\xff\x00q\xd8\xbf\xf8\xaa~\xd7\x11\xd8\xa6\
\xd8\xd6\xfd\x9f?f\xa5\xfb\xdf\x10#\x19\xff\x00\xa8\xec\
_\xe3K\xdbW\xecE\xc5\x1f\xb3\xff\x00\xec\xcf\xff\x00\
E\x06\x1f\xfc\x1e\xc5\xff\x00\xc5S\xf6\xb8\x8e\xc5\xa6\xc4\
o\xd9\xff\x00\xf6h\xff\x00\xa2\x83\x17\xe1\xae\xc5\xff\x00\
\xc5R\xf6\xd5\xfb\x12\xd8\xab\xfb>\xfe\xcd=\xbe D\
\x7f\xee;\x17\xff\x00\x15G\xb5\xc4v\x04\xf5\x14\xfe\xcf\
\x9f\xb3H\x04\x9f\x88\x11\x01\xeb\xfd\xbb\x17\xff\x00\x15C\
\xab\x88kb\xae\xcb\x0d\xfb3\xfc\x1b\x8bA\xbb\xf1G\
\x865\xcb\x9b\xc6\xb0\x8d\xa5\x8eK}AeA\x22.\
\xe0\x1bi>\xd4\xa3*\xcaiI\x8d$|+\xfbA\
~\xd6\xbf\x14\xbfh}:\xc7B\xf1\xf2\xe9\xeb\x0e\x95\
t\xefjl\xa0\xd8s\x86^}x&\xbdz\x14)\
S\xd6+r\x94R<\xafh'\x9f\xe7Z\xbaqZ\
\x8d]H\xf8\x97\xf6\xceP?l}+\xd7\x16_\xfa\
\x10\xaf\xc6x\xcf\xfeFL\xf31/\xdf>\xa6\xaf\x8d\
9\x8eS\xf6\x1b\x1b\xbff\xfd\x0f\xfd\xe9\xbf\xf4a\xaf\
\xdb\xb8S\xfd\xc1\x1e\xce\x0b\xe0=\x84&\x18.k\xeb\
~\xc9\xac\xfe#\xea/\xf8%[\x13\xf1\xebU\x03\x8f\
\xf8\xa7\x9f\xff\x00GE^va&\xa9&\xbb\x99\xcb\
c'\xf6\xb4f\x1f\xb4G\x8a\xbf~\xe0\x9b\xd8\xf0\x15\
\xc8\xc7\xee\x93\xde\xba\xb04\xf9\xe9)2:\x1ep\x0c\
\xdf\xc5p\xe7\xfe\x06\xdf\xe3]\xbc\x91'\x94\x5c\xbf\xfc\
\xf6\x93\xfe\xfe\x1f\xf1\xa3\xd9\xc4\xa4\x83/\xff\x00=\xa4\
\xff\x00\xbf\x8d\xfe4\x9d(\xb14\xc3/\xff\x00=\xa4\
\xff\x00\xbf\x87\xfci{(\x82V`L\xa3\x95\x99\xff\
\x00\x19\x1b\xfch\xf61\x1b\x02\xf3\xb7\xde\x9d\xff\x00\xef\
\xe3\x7f\x8d\x1e\xca$\xf2\xb0\xcb\xff\x00\xcfi?\xef\xe1\
\xff\x00\x1a=\x94JZ \xcb\xff\x00\xcfi?\xef\xe1\
\xff\x00\x1a=\x94D\xd5\xd8\x84\xcd\xfc\x13\xc8?\xed\xa3\
\x7f\x8d\x1e\xc6 \x93LL\xdc\xff\x00\xcf\xcb\xff\x00\xdf\
\xc6\xff\x00\x1a^\xc6#\xd4\xfb/\xf6\x0f\xdc\x7ff\x9f\
\x13\x99dg\xff\x00I\xb8\x03q'\xfeY{\xd7\x8d\
\x8d\x8a\x85X\xa4T\x0f\xcf+\x94Q<\x8c\x07\xfc\xb5\
o\xe6k\xd4\xa7\xf0#H\xeeG\xdb\x15o\xe1e/\
\x88\xf8\x97\xf6\xcem\xdf\xb6>\x94q\xff\x00>_\xfa\
\x15~+\xc6\x7f\xf21<\x9cV\x95O\xa9\x0b\xe0\xe3\
\x15\xf1\xa71\xcb~\xc3?\xf2m\xfa\x17\xfb\xd3\x7f\xe8\
\xc3_\xb7p\xa7\xfb\x82=\x8c\x1b\x5c\xa7\xb1\x7f\xcbQ\
_Y\xf6M\xa4\xef#\xea\x1f\xf8%O\xfc\x97\xcdW\
\xfe\xc5\xe7\xff\x00\xd1\xd0\xd7\x9d\x98\xff\x00\x05z\x91-\
\x8co\xda\xd1\xb3\xfbFx\xa8c\xfe_c\xff\x00\xd1\
I]\xf9\x7f\xfb\xba3\xe8y\xe5v\x0c(\x00\xa0\x02\
\x80\x0a\x12\xbb\x00\xa6\xd3OP\x0a@\x14\x00P\x01@\
=\x0f\xb2\x7fa/\xf96\x8f\x13\x8f\xfaz\xb9\xff\x00\
\xd1B\xbc,\xc7\xf8\xb1\x14ec\xf3\xce\xeb\xfdc\xff\
\x00\xd7V\xfeu\xe8\xd2\xf8\x11\xb4S\xdc\x88V\x8f\xe1\
f\x91j\xe7\xc4\x9f\xb6g\x1f\xb6>\x95\x9f\xfar\xff\
\x00\xd0\xab\xf1^3\xff\x00\x91\x97\xc8\xf1\xb1N\xf5O\
\xa9\x1f\xef\x1a\xf8\xd3\x9c\xe5\xbfa\x8f\xf97\x0d\x0f\xfd\
\xf9\xbf\xf43_\xb7\xf0\x9f\xfc\x8b\xd1\xeb`\xf6=\x8f\
\xfeZ\x0a\xfa\xcf\xb2n\xf7>\xa0\xff\x00\x82T\x91\xff\
\x00\x0b\xf3U\xe7\xfee\xe7\xff\x00\xd1\xd1W\x9b\x98\xff\
\x00\x05z\x93-\x8co\xda\xcf\xfeN7\xc5_\xf5\xfd\
\x1f\xfe\x8aJ\xf42\xff\x00\xf7tg\xd0\xf3\xda\xeb\x18\
P\xb5\x0b\xa0\xa0\x03#\xd6\x80\x1a\xf2\x22!vp\x00\
\x19$\x9e\x94\x9b\xe5W\x03\xa6\xd7~\x0e\xfcU\xf0\xbf\
\x86S\xc6^#\xf8{\xabX\xe9R\xed1j76\
L\xb0\xbe\xe0v\xe1\x8f\x0785\xc9\x1c~\x1e\xa5_\
g}I\xe6G47c\xe6\x1c\xf7\xae\xc1\xdd\x0b@\
\xc2\x80\x11\xba\x1f\xa5\x02{\x1fe~\xc2\x7f\xf2m>\
'\xff\x00\xaf\xbb\x9f\xfd\x14+\xc1\xcc\x7f\x8b\x13.\xa7\
\xe7\x9d\xd7\xfa\xc7\xff\x00\xae\xad\xfc\xeb\xd2\xa5\xf0#\xb2\
?\x09\x15h\xfe\x16R\xdc\xf8\x8f\xf6\xcc\xe3\xf6\xc7\xd2\
\xf9\xff\x00\x9f/\xfd\x0a\xbf\x15\xe3/\xf9\x19?C\xc5\
\xc4iY\x9fR\xbf\xde5\xf1\xa6'-\xfb\x0c\x7f\xc9\
\xb8h\x7f\xef\xcd\xff\x00\xa1\x9a\xfd\xbf\x84\xff\x00\xe4^\
\x8f[\x07\xb1\xec+\xf7\x85}gC\xa5\x1fP\xff\x00\
\xc1)\x7f\xe4\xbe\xea\xdf\xf6/?\xfe\x8d\x8a\xbc\xfc\xcb\
\xf8+\xd4\x99\x19_\xb5\x9f\xfc\x9c_\x8a\xbf\xeb\xf6?\
\xfd\x14\x95\xdb\x97\xff\x00\xbb#$y\xd5v\x00G\x1c\
\xb3d\xc5\x0b\xbe?\xba\x84\xff\x00*\x9foJ\x96\xec\
\xca\xf6c\xbe\xcbv\x7f\xe5\xca\x7f\xfb\xf0\xdf\xe1Y\xac\
E\x14\xfe5\xf7\x87\xb4Kp\xfb-\xdf\xfc\xf9\xcf\xff\
\x00~\x1b\xfc*\xbe\xb3C\xf9\xd7\xde?l\x88\xb5+\
+\xc7\xd3\xe7Qk?16?p\xde\x9fJ\xc3\x11\
\x8a\xa3\xec%i\xaf\xbc\x1dec\xf5\xe7\xc5\x9f\xb3\x85\
\x8f\xedA\xfb\x1axO\xe1>\xa3\xe2Y\xf4h\xdbM\
\xb2\xb9\x92\xee\x0ba#e\x15\xc6\xdd\xa4\x8f\xefW\xe3\
\xaf2x\x1c\xde\xa5V\xef\xa9\xc3\xed\xff\x00}c\xf3\
O\xf6\xaa\xf8\x01\x1f\xec\xe7\xf1\xa7Q\xf8U\xa6\xeb\xb3\
\xea\xb6\xf61C\x22^\xcbjP\xb6\xf4\x0cF\x06@\
\xc6q\xd6\xbfV\xca3jx\xec:\x94\x9d\x99\xdb{\
\xeay\xa8\x04u\x18\xafYj\x5cB\x99B7C\xf4\
\xa0Oc\xec\xaf\xd8O\xfeM\xa7\xc4\xff\x00\xf5\xf7s\
\xff\x00\xa2\x85x9\x8f\xf1bgk\xb3\xf3\xce\xeb\xfd\
c\xff\x00\xd7V\xfeu\xe9R\xf8\x11\xd7\x1f\x84\x88r\
qZ?\x85\x96\x91\xf1'\xed\x97\xff\x00'\x8d\xa5\x1f\
\xfa\xf2\xff\x00\xd0\x85~)\xc6\x7f\xf22\xf9\x1e>-\
Z\xb1\xf5#\xfd\xe3_\x1cs\x1c\xb7\xec1\xff\x00&\
\xe1\xa1\xff\x00\xbf7\xfe\x86k\xf6\xfe\x13\xff\x00\x91z\
=l\x1e\xc7\xb0\xa0\xcb\x81_Y\xd0\xde\xed3\xea/\
\xf8%B\x85\xf8\xf9\xaa\xe3\xfe\x85\xe7\xff\x00\xd1\xd1W\
\x9b\x98\xbb\xd1^\xa4\xc9\xb3+\xf6\xb3\xff\x00\x93\x8b\xf1\
W\xfd~\xc7\xff\x00\xa2\x92\xbb\xf2\xff\x00\xf7df\xb6\
<\xe6\xbb\x06}\x99\xff\x00\x04i\xf0\xc7\x86\xbcQ\xf1\
/\xc6V\xde'\xf0\xdd\x86\xa3\x1cZ\x1cm\x04w\xf6\
Q\xcc\xaa\xdelc 88=zW\xe7\xdcc\x88\
\xadB\x0b\x91\xb5\xfd3\x97\x11.H\xdd\x1f\xa0\xeb\xf0\
\x9b\xe1@\x1f7\xc2\xef\x0d\xfe:\x15\xbf\xff\x00\x11_\
\x9b\xbc\xcf\x1a\xfe\xdb\xfb\xdf\xf9\x9eo\xb7\xa8\xfa\x87\xfc\
*_\x84\xbf\xf4K\xbc7\xff\x00\x82;\x7f\xfe\x22\x8f\
\xed,g\xf3?\xbd\xff\x00\x99\xa2\xab>\xe2\x1f\x84_\
\x08\xd8\xe4\xfc-\xf0\xdf\xfe\x08\xed\xff\x00\xf8\x8a\x1ee\
\x8c\x7fh|\xf2h\xde\xb7\xb7\xb4\xb4\xb7KKH#\
\x8a(\x97lQD\xa1U\x07\xa0\x03\xa0\xf6\xae9\xd4\
\x94\xe4\xe4\xf7f6nW8\x1f\xda\x13\xe0\x9f\x87\xbe\
,\xfc0\xf1&\x83\xa5\xf8?E\x97\xc4\x1a\xa6\x94\xf6\
\xd6Z\x8d\xdd\x8c[\xd5\xc8\xc2\x93!\x19\x18\xf5\xcf\x15\
\xecd\xf9\x9d\x5c62<\xf2\xf7Q\xdb\x0a\xdaX\xfc\
\x9a\xfd\xa6?e\x0f\x89\x1f\xb2\x96\xb5\xa6\xf8s\xe2%\
\xcd\x8c\xd7\x1a\x9d\x99\x9e\xdf\xec\x17\x02@\x14\x12\x0ep\
N\x0eE~\xc1\x92\xe6\x941\xf4[\x8fC\xa25\x11\
\xe6*\xdb\x86k\xdeI\xf2\xf3\x1a\xc6Wb\xd2-\xea\
}\x93\xfb\x08\xff\x00\xc9\xb4\xf8\x9c\xff\x00\xd3\xd5\xcf\xfe\
\x8a\x15\xe0\xe6?\xc5\x88\xa2\x8f\xcf;\xaf\xf5\x8f\xff\x00\
][\xf9\xd7\xa5K\xe0F\xd0l\x89z\x8f\xadh\xfe\
\x16l\x8f\x88\xff\x00l\xbf\xf9<]+\xebg\xff\x00\
\xa1\x0a\xfcS\x8c\xff\x00\xe4e\xf2<lg\xf1\xd9\xf5\
+\xfd\xe3_\x1cr\x9c\xb7\xec1\xff\x00&\xe1\xa1\xff\
\x00\xbf7\xfe\x86k\xf6\xfe\x13\xff\x00\x91z=l\x1e\
\xc7\xb0\xa6C\x02+\xeb:\x1d\x16\xb9\xf5\x0f\xfc\x12\x9d\
\x8b||\xd5G\xfdK\xcf\xff\x00\xa3\xa2\xaf;2V\
\xa2\xbdI\x922\xff\x00k?\xf98\xbf\x15\x7f\xd7\xec\
\x7f\xfa)+\xbb/\xff\x00vFKc\xcek\xb0g\
\xdb\x7f\xf0D\xff\x00\xf9*>1\xff\x00\xb0\x14\x7f\xfa\
6:\xfc\xe3\x8d\xbf\x86\x8e<_\xc2~\x8b\xbf_\xc2\
\xbf.<\xb8\xab\x8d\xa0\xd0(\x1d\xf4\xb0P \xa6\xef\
\x1dJj\xca\xe7\x83\xfe\xd7\x1e\x1a\xfd\x87\xf5\xedr\xc5\
\xbfj;\xcd2-^;&\xfe\xc9\x17\xb7\x0c\x8f\xe5\
\xe4\xf4\xc0?\xc5\x9a\xfa\x8c\x8ey\xb4l\xb0\xc9\xf2\xdf\
S\xa7\x0f\x17R7?$5\x9f\xec\xf5\xd6.\xd3L\
 \xc1\xf6\x97\xf2\x08\xee\x99\xe3\xf4\xaf\xda\xb0\xf2\xa8\xe8\
G\x98\xeb\x84\x1cYZ\xb56>\xc9\xfd\x84\xbf\xe4\xd9\
\xfcO\xff\x00_W?\xfa(W\x83\x98\xff\x00\x16#\
\x81\xf9\xe7u\xfe\xb1\xff\x00\xeb\xab\x7f:\xf4\xa9|\x08\
\xd2;\x91\x0e\x0ekG\xf0\xb3D\xec|G\xfbe\xff\
\x00\xc9\xe3iC\xfe\xbc\xbf\xf4*\xfcW\x8c\xff\x00\xe4\
d\xfd\x0f\x1f\x16\xefX\xfa\x95\xfe\xf1\xaf\x8d9\x8e[\
\xf6\x18\xff\x00\x93p\xd0\xff\x00\xdf\x9b\xff\x00C5\xfb\
\x7f\x09\xff\x00\xc8\xbd\x1e\xb6\x0fc\xd8W\xef\x0a\xfa\xce\
\x87Bi\x1fP\xff\x00\xc1)\x81\x1f\x1fu\x5c\x8f\xf9\
\x97\x9f\xff\x00GE^ve\xfc\x15\xeaL\x9a2\xff\
\x00k?\xf98\xbf\x15\x7f\xd7\xec\x7f\xfa)+\xbb/\
\xff\x00vFH\xf3\x9a\xec\x19\xf6\xa7\xfc\x11\x7fP\xd3\
\xb4\xef\x89\xbe1}GT\xb5\xb5\x07C\x8fk\x5c\xdc\
$`\xfe\xf6>\x9b\x88\xcd~u\xc6\xb0\x94\xa0\x92G\
&%9\xad\x0f\xd0\xe5\xf1?\x85\x88\xe7\xc5\x9aO\xfe\
\x0c\xe1\xff\x00\xe2\xab\xf3o\xa9\xe2?\x94\xf3\x959\xc7\
q\x7f\xe1&\xf0\xa9\xe9\xe2\xcd'\xff\x00\x06p\xff\x00\
\xf1T<\x1e!}\x91\xa8\xb6\x1f\xf0\x92\xf8[\xfe\x86\
\xcd'\xff\x00\x06p\xff\x00\xf1T\xbe\xa9\x88\xfeQ\xf2\
H\xba\xb8\x91\x04\x91:\xba\xb0\xca\xb20 \x8fPG\
Z\xe7\x92\xe5\x93\x8b\xe8E\xdd\xecq\x9f\x1d\xfe)A\
\xf0\xa7\xe1o\x88\xbci\xa7j:k\xdfh\xfaT\x97\
6\xf6\x97w\x88\xa5\xdc.B\x95'?\xa5{\x19^\
],~.\x10\x95\xd4_Tk\x0a5\x1b\xd5h~\
K\xfe\xd5\x9f\xb5\xb7\x8b\xbfk\x9f\x11i^&\xf1\xaf\
\x864\xeb\x09\xf4\xcb?\xb3\xc5\xf6\x05$2\x92['\
p\xf5c\xf9W\xeb\xd96KG+\xa3\xcb\x09^\xe7\
\xa3F\x1c\xa8\xf2\x90\x80\x1c\x81^\xf57%\x1eV\x8d\
\xd2\x16\xacvg\xd9?\xb0\x97\xfc\x9b?\x89\xff\x00\xeb\
\xea\xe7\xff\x00E\x0a\xf0s\x1f\xe2\xc4 ~y\xdd\x7f\
\xac\x7f\xfa\xea\xdf\xce\xbd*_\x024\x8e\xe4U\xa3\xf8\
Y\xa5\x8f\x88\xff\x00l\xbf\xf9<}+\xfe\xdc\xbf\xf4\
*\xfcW\x8c\xbf\xe4d\xfd\x0f\x1b\x14\x9a\xac}J\xff\
\x00x\xd7\xc6\x9c\xe7-\xfb\x0c\x7f\xc9\xb8h\x7f\xef\xcd\
\xff\x00\xa1\x9a\xfd\xbf\x84\xff\x00\xe4^\x8f[\x07\xb1\xec\
1\xfd\xf1\xf5\xaf\xac\xfb&\xefs\xea/\xf8%I\x1f\
\xf0\xbf5^\x7f\xe6^\x7f\xfd\x1d\x15y\xb9\x8f\xf0W\
\xa92\xd8\xca\xfd\xac\xff\x00\xe4\xe2\xfcU\xff\x00_\xb1\
\xff\x00\xe8\xa4\xae\xfc\xbf\xfd\xd9\x19\xad\x8f9\xae\xc1\xdd\
\x13[\xdf\xdf\xe9\xc4\xcb\xa7_\xdc[\xb3.\x19\xad\xe7\
d,=\xca\x91\x9a\xc2\xb5\x1c=U\xef\xab\x9c\xf2\xdc\
\x99<U\xe2]\xbc\xf8\x93Q\xff\x00\xc1\x84\xbf\xfcU\
e\x0c\x0e\x1a\xda\xc1}\xc5\xa8\xc5\xadG\x7f\xc2U\xe2\
S\xd3\xc4\x9a\x8f\xfe\x0c%\xff\x00\xe2\xaa\xa5\x83\xc2\xdb\
\xe0_qQ\x85;\x90\xea^+\xf1Bi\xf3\xba\xf8\
\x93R\x04D\xd8?\xda2\xfa\x7f\xbd\x5c\xf5\xb0x_\
d\xfd\xc5\xf7\x15(Sq\xd8\xfdy\xd7\xff\x00h\xed\
\x07\xf6d\xfd\x8f\xfc+\xf1W\xc5Z5\xe6\xa7\x0a\xe9\
\xd6v\xe6\x1biq#3\xab\x9c\x92A\xcf\xdd\xfdk\
\xf2Z\x99J\xc7f\xf5)A[S\xcc\xf6\x1f\xbc?\
5?k\xcf\xda\x1a\xd7\xf6\x8c\xf8\xdb\xab|G\xf0\xcc\
\x1a\xa6\x99\xa7^\xc5\x14i\xa7\x5c\xde\xb1\xc6\xc8\xc2\x9c\
\x81\x859#=+\xf4\xac\x93)x\x0a\x5c\x95\x12\xbf\
s\xb9+\x1eXQp\x00\x18\x00`\x01_B\x92[\
\x17\x0d\x84\xd8\xbe\xb4\xcd#\xb8\x14\x00g4\x14\xf6>\
\xc7\xfd\x84\xbf\xe4\xd9\xfcO\xff\x00_W?\xfa(W\
\x83\x98\xff\x00\x16$\xc0\xfc\xf3\xba\xff\x00X\xff\x00\xf5\
\xd5\xbf\x9dzT\xbe\x04i\x1d\xc8\x87QZ?\x85\x9a\
\xa3\xe2?\xdb/\xfeO\x17J\xff\x00\xb7?\xfd\x08W\
\xe2\x9cg\xff\x00#/\x91\xe3\xe3?\x8e\xcf\xa9_\xef\
\x1a\xf8\xe3\x94\xe5\xbfa\x8f\xf97\x0d\x0f\xfd\xf9\xbf\xf4\
3_\xb7\xf0\x9f\xfc\x8b\xd1\xeb`\xf6=\x85~\xf0\xaf\
\xac\xe8t\xa3\xea\x1f\xf8%/\xfc\x97\xdd[\xfe\xc5\xe7\
\xff\x00\xd1\xb1W\x9f\x99\x7f\x05z\x93#+\xf6\xb4\xff\
\x00\x93\x89\xf1_\xfd~'\xfe\x8aJ\xed\xcb\xff\x00\xdd\
\x91\x8b\xd8\xf3\x9c\x0fA]\x867`9\x1c\xfaPl\
\x92\xb0\xb4\x0e\xc8(\x0b!\x1dU\xd4\xa3( \x8c\x10\
{\xd2\x92\xe6V\x03\xb3\xf1g\xed\x19\xf1\xbf\xc6\xde\x0c\
\xb7\xf8s\xe2\xef\x89\x9a\xa6\xa1\xa1Z\x94\xfb>\x99q\
pLH\x10\x10\x98\x19\xed\x93\xf9\xd7\x96\xb2\xcc\x1cq\
>\xd5F\xd2}I\xb28\xd8\x8b6\x0b\xf5=k\xd4\
J\xc8z\x0a\xfdi\xec1(\x00\xa0\x0f\xb2\x7fa/\
\xf96\x7f\x13\xff\x00\xd7\xd5\xcf\xfe\x8a\x15\xe0\xe6?\xc5\
\x88\xe0~y\xdd\x7f\xac\x7f\xfa\xea\xdf\xce\xbd*_\x02\
4\x8e\xe4U\xa3\xd8\xb3\xe2?\xdb/\xfeO\x1fJ\xfa\
Y\x7f\xe8U\xf8\xaf\x19\x7f\xc8\xc9\xfa\x1e6+\xf8\xc7\
\xd4\xaf\xf7\x8d|i\x81\xcb~\xc3\x1f\xf2n\x1a\x1f\xfb\
\xf3\x7f\xe8f\xbfo\xe1?\xf9\x17\xa3\xd6\xc1\xec{\x0a\
\x0c\xb8\x15\xf5\x9d\x0d\xee\xd3>\xa2\xff\x00\x82T(_\
\x8f\x9a\xae?\xe8^\x7f\xfd\x1d\x15y\xb9\x8b\xbd\x15\xea\
L\x9b2\x7fk?\xf98\xaf\x15\x7f\xd7\xe4\x7f\xfa)\
+\xbb\x01\xfe\xec\x8c\xd6\xa8\xf3\x9c\x1fS]Wb\xe4\
\x88\xb5h\xad\x82\x80\x0a\x00(\x01\x0a\x83\xd4P\x16\x1c\
\x9c0\xa0\x01\xfa\xfe\x14\x00\x94\x00P\x07\xd9?\xb0\x97\
\xfc\x9b?\x89\xff\x00\xeb\xea\xe7\xff\x00E\x0a\xf0s\x1f\
\xe2\xc4p?<\xee\xbf\xd6?\xfduo\xe7^\x95/\
\x81\x1aGr*\xd1\xecY\xf1\x1f\xed\x97\xff\x00'\x8f\
\xa5},\xbf\xf4*\xfcW\x8c\xbf\xe4d\xfd\x0f\x1b\x15\
\xfcc\xeaW\xfb\xc6\xbe4\xc0\xe5\xbfa\x8f\xf97\x0d\
\x0f\xfd\xf9\xbf\xf43_\xb7\xf0\x9f\xfc\x8b\xd1\xeb`\xf6\
=\x85I\x0c\x08\xaf\xac\xe8tZ\xe7\xd4\x9f\xf0Jt\
\xcf\xc7\xbdW'\xfee\xf7\xed\xff\x00M\xa2\xae\x0c|\
9\xa9hD\x91\x93\xfbZF\xc3\xf6\x8a\xf1^\x15\x8e\
/#\xe4/\xfd2J\xe9\xc1K\x97\x0c\x8c\xf6G\x9b\
\xfc\xff\x00\xf3\xcd\xbf\xef\x83]\x96D\xf3K\xb0|\xdf\
\xf3\xcd\xbf\xef\x93UtR\xd5\x07\xcd\xff\x00<\xdf\xfe\
\xf9\xa2\xe8a\xf3\x7f\xcf&\xff\x00\xbeM\x17Bn\xc1\
\x97\xff\x00\x9eM\xf9\x1a.\x89\xe6a\x97\xff\x00\x9eM\
\xf9\x1a.\x83\x99\x8a\xac\xe0\xe7\xcao\xfb\xe4\xd1t\x1c\
\xcc\x19\x9c\x9c\x88\x9b\xfe\xf94]\x073\x13/\xde&\
\xff\x00\xbeM\x17CM\xb6*\x86f\x0b\xb1\x86O]\
\xb49$\x8a>\xca\xfd\x85\x14/\xec\xd7\xe2\x94-\xc0\
\xba\xb9\xe7\xfe\xd9W\x81\x8f\x92\x95X\xd8\x13\xe5?<\
\xee\x86$s\x91\xfe\xb5\xbf\x9dzt\x9f\xb8\x8d\x22\xc8\
G'\x15\xab\xf8Y\xa4u>#\xfd\xb2\xff\x00\xe4\xf1\
\xb4\xa3\xff\x00^_\xfa\x15~+\xc6\x7f\xf22~\x87\
\x91\x8bV\xac}J\xff\x00x\xd7\xc6\x9c\xc7-\xfb\x0c\
\x7f\xc9\xb8h\x7f\xef\xcd\xff\x00\xa1\x9a\xfd\xbb\x85?\xe4\
^\x8fW\x07\xb1\xecI\x1b\xbb*\xa2\x92X\xe0`W\
\xd6]$t\xde\xc7\xd5\x1f\x00t\xdb\xff\x00\xf8'\xee\
\xbe>6~\xd2\xb0\xff\x00e\xe8\x1a\xd6\x9f\xf6\x0b\x1b\
\x9b\x16\xfbK\x99\xdc\xac\x8a\xa5c\xdc@\xdb\x1b\x1c\x91\
\xda\xbc\xecS\xfa\xcc9i\xbdH\x94\x8e\xfbT\xff\x00\
\x82\x94\xff\x00\xc175\x9dNmOX\x85n\xaef\
l\xcd=\xc7\x84\xdd\xdd\xcfL\x92b\xc9\xae(\xe1\xf1\
\xd0V[\x19\xbd\x88\x7f\xe1\xe2\xdf\xf0L\x8f\xfa\x04Z\
\xff\x00\xe1\x1e\xdf\xfcj\xb4\xf6X\xf29D\xff\x00\x87\
\x8a\x7f\xc12?\xe8\x15m\xff\x00\x84{\x7f\xf1\xaa=\
\x96`ZA\xff\x00\x0f\x14\xff\x00\x82d\x7f\xd0*\xdb\
\xff\x00\x08\xf6\xff\x00\xe3T{,\xc0,\x03\xfe\x0a)\
\xff\x00\x04\xc8\x07\xfeA6\xdf\xf8G\xb7\xff\x00\x1a\xa3\
\xd9f\x02h_\xf8x\xb7\xfc\x13#\xfe\x81\x16\xbf\xf8\
G\xb7\xff\x00\x1a\xa3\xd9c\xc9\xe5\x0f\xf8x\xb7\xfc\x13\
#\xfe\x81\x16\xbf\xf8G\xb7\xff\x00\x1a\xa3\xd9c\xc3\x94\
?\xe1\xe2\xdf\xf0L\x8f\xfa\x04Z\xff\x00\xe1\x1e\xdf\xfc\
j\x8fe\x8f\x0eP\xff\x00\x87\x8b\x7f\xc12?\xe8\x11\
k\xff\x00\x84{\x7f\xf1\xaa=\x96<9D?\xf0Q\
_\xf8&A\xff\x00\x98M\xb7\xfe\x11\xed\xff\x00\xc6\xa8\
\xf6Y\x80\xd4D\xff\x00\x87\x89\xff\x00\xc12\x0f\x1f\xd9\
V\xdc\xff\x00\xd4\x9e\xdf\xfcj\x85K\x1f}J\xb1\xa5\
\xa7\xff\x00\xc1L\x7fa4\xd1n<\x11\xe0\x0dR{\
9uEh`\xb7\xb5\xf0\xfc\xb0\xc6\xd2\xb8\xda\x09\xc4\
`rq\xc9\xa2xlL\xea&\xd0\x1f*|m\xfd\
\x97\xfe.|\x0a\xd3\xed<A\xf1\x17G\xb7\xb5\xb7\xd4\
\xee\x19-\x047I!-\x82\xdc\xed'\x1c\x03\xd6\xbd\
:U\xa9\xdb\x96\xfa\xa3E\xb1\xe78*\xd8a\xd2\xb7\
RR\x83h\xd6\x0e\xc8\xf8\x8b\xf6\xcb\xff\x00\x93\xc6\xd2\
\x87\xfdy\xff\x00\xe8B\xbf\x16\xe3?\xf9\x19?C\xc8\
\xc5\xb4\xeb\xb3\xeaW\xfb\xc6\xbe8\xe69\xcf\xd8\x1fM\
\xd4u\x9f\x80\x1e\x1e\xd2t\x9b\x19.nf\x96d\x86\
\x08P\xb3\xbby\x87\x00\x01\xd4\xd7\xed\xbc*\xd2\xcb\xd1\
\xe9\xe1\x9d\x91\xf7\x7f\xec\xbd\xf0\x03\xe0*\xe8z\xac\xff\
\x00\xb5\x94\xad\xe1\xcdInG\xf6,:\xb5\xf8\xb3i\
\xa2\x0a\x09`\xac>a\xbb#\x8fJ\xf7\xeb\xd7\x9cf\
\xa3\x1d\x8d\x9b\xbb>Y\xfd\xa5?m?\x8e\xbf\xb4\x06\
\x8c\x9f\x0d\xbc\x7f\xae\xd9]hZN\xa6d\xd3V\xd6\
\xd3a\xca\x06D;\xb3\xcf\xca\xc6\xb5\xa3B4\xe5\xcc\
\x89<k{3\x96'\x92y\xe6\xbau\x18\xee\x7f\xbc\
\x7f:\xab \x0e\x7f\xbc\x7f:,\x809\xfe\xf1\xfc\xe8\
\xb2\x00\xe7\xfb\xc7\xf3\xa2\xc8\x03\x9f\xef\x1f\xce\x8b \x0e\
\x7f\xbc\x7f:,\x809\xfe\xf1\xfc\xe8\xb2\x00\xe7\xfb\xc7\
\xf3\xa2\xc8\x03\x9f\xef\x1f\xce\x8b \x00H9\xc9\xfc\xe8\
\xb2\x02\xce\x99\xaa\xdd\xe9:\x84\x1a\x95\x94\x9bg\xb7\x9d\
e\x88\x9e@e9\x14\xac\x07\xdd?\xb2\x87\xed+\xa4\
~\xdb\x9a\xee\xa7\xe1O\xdb\xa7\xc7\xbaU\xb6\x91\xa1X\
\xa4\xfa\x17\xef\xd6\xcbt\xfb\x95\x09\xdcs\xbb\xe4f\xe2\
\xbc\xace9R\x9at\x96\xfb\x96\x8f=\xf8\xcb\xf0\x83\
W\xf0\x9f\x8a5\x9dk\xc2\xbe\x19\xbf\x7f\x08\xc5w\x8d\
+W\x11\x17\x82HH\x18a'F\x19\xcf>\xd5\xdb\
Bqt\xb4\xdc\xb4\xf4?9\xff\x00l\xc5\x7f\xf8l\
}+\x95\xe9e\xdf\xdcW\xe3\xdcg\xff\x00#'\xe8\
y\x18\x9dk\x1fR\xb0 \xf2F}\xab\xe3Ll\xcf\
'\xfd\x9e\xbfk\x1dO\xf6&\xf8\xcd\xe1\x9f\x85\xba'\
\x83S_\x8f\xc3\xfa\x9cs%\xec\xf3\x98L\xa5\xfec\
\x90\x15\x80\xc6q\xd6\xbf@\xc8s\xa8\xc21\xc3tg\
m*\x91\x82\xb1\xf4G\xed\xb3\xfbi\xdf~\xd9^(\
\xd2<Q\xaax\x22\xdbD}&\xcd\xad\xd6(\xef\xfc\
\xe1(,X\xb6p1\xd7\x18\xf6\xaf\xd2(\xd7\xc2B\
\x0a\xf2_y\xbckD\xf1\x132\x1e7\xa0\x1e\x81\xc7\
\xf8\xd7J\xc5\xe1\x7f\x9d}\xe5{X\x09\xe6\xc5\xff\x00\
=S\xfe\xfb\x1f\xe3W\xf5\xbc7/\xc4\xbe\xf1\xfbX\
\x07\x99\x1f\xfc\xf4O\xfb\xec\x7f\x8dO\xd7p\xdf\xce\xbe\
\xf1{X\x87\x9b\x17\xfc\xf5O\xfb\xf8?\xc6\xadb\xf0\
\xd6\xf8\x97\xde?k\x00\xf3b\xff\x00\x9e\xa9\xff\x00\x7f\
\x07\xf8\xd2x\xcc5\xfe%\xf7\x91*\xb1\xb8y\xb1\x7f\
\xcfT\xff\x00\xbf\x83\xfchX\xcc5\xfe%\xf7\x84j\
\xc6\xe1\xe6\xc5\xff\x00=S\xfe\xfe\x0f\xf1\xa6\xf1xk\
|K\xef/\xda\xc0<\xc8\xff\x00\xe7\xa2\x7f\xdfc\xfc\
j>\xbb\x86\xfeu\xf7\x8b\xda\xc4<\xc8\xff\x00\xe7\xa2\
\x7f\xdfc\xfcj\xd6/\x0do\x89}\xe4:\xb1\xb8y\
\xb1\x7f\xcfT\xff\x00\xbe\xc7\xf8\xd2x\xcc5\xfe%\xf7\
\x8b\xda\xc4<\xd8\xbf\xe7\xaa\x7f\xdf\xc1\xfe4,f\x1a\
\xff\x00\x12\xfb\xca\x8dX\xdc<\xd8\xbf\xe7\xaa\x7f\xdf\xc1\
\xfe4\xde/\x0do\x89}\xe5\xfbX\x07\x99\x1f\xfc\xf4\
O\xfb\xec\x7f\x8dG\xd70\xbf\xce\xbe\xf1{X\x84\x8b\
mq\x03\xa4\x8c\x85\x8a\x90\x1b\xcc\x1c~\xb4\xeacp\
\xb2\x8d\xb9\x91\x9b\xab\x1b\x9fA\xfcm\xff\x00\x82\xb3\xf8\
\x87\xc3_\xb1\x5c\x1f\x02\xed\xbe\x10\xd9\xcd\x16\x97e\x0d\
\xb2_&\xa8wJ\x15\xdc\xe4\xa8C\x8f\xbd\xeb_=\
\x99\xe3(\xe0h<D%\xaf\xa8\xa5Y(\xe8|o\
\xa4x\x1b\xfe\x1a\xf7\xc4\x96\xbf\xb4>\xb3x\xfa,\xf6\
\xf7I\x0f\xf6lq\xf9\x80\x88\x8f\x07q\xc7_\xa5~\
E\x9b\xe6o3\xc5:\x8fs\x8aS\xe7\x95\xcf\xa0T\
\xb9\x1d\xbd\xb8\xaf(G\x85\xfc\x5c\xff\x00\x91\xf3Q\xff\
\x00\xaec\xff\x00@\xafK\x03\xfcX\x93\x1d\xce\x1a\x0f\
\xf5K\xf4\xaf\xab\xe8\x8b[\x8f\xab[\x1b\xad\x82\xad|\
 \x15\x00\x15\xa2\xd8\x02\xa6[\x99Op\xa2;\x847\
\x0a\xa7\xb1\xa8V`\x07\xaf\xe1V\xb60{\x85)n\
 \xa2;\x97\x0d\xc2\xa9\xecj\x15\x98\x0eO\xb8\x7f\xde\
\x15\x0bs\x07\xb95\xafQ\xfe\xe1\xfe\xb5\xc7\x99\xff\x00\
\xba?Q\xfd\x93\xdb>\x02\xff\x00\xc8\x86?\xeb\xe5\xab\
\xe4e\xb1\x8c~#\xb7O\xba*\x00\xff\xd9\
"

qt_resource_name = b"\
\x00\x09\
\x0cxT\x88\
\x00n\
\x00e\x00w\x00P\x00r\x00e\x00f\x00i\x00x\
\x00\x0e\
\x06\x0c\xe0'\
\x00a\
\x00r\x00r\x00o\x00w\x00_\x00d\x00o\x00w\x00n\x00.\x00j\x00p\x00g\
\x00\x08\
\x0bc^'\
\x00s\
\x00t\x00o\x00p\x00.\x00j\x00p\x00g\
\x00\x0e\
\x08\xfa\xe7\x07\
\x00a\
\x00r\x00r\x00o\x00w\x00_\x00l\x00e\x00f\x00t\x00.\x00j\x00p\x00g\
\x00\x0c\
\x0b\xd0|\xc7\
\x00a\
\x00r\x00r\x00o\x00w\x00_\x00u\x00p\x00.\x00j\x00p\x00g\
\x00\x0f\
\x0f,\x22\xe7\
\x00a\
\x00r\x00r\x00o\x00w\x00_\x00r\x00i\x00g\x00h\x00t\x00.\x00j\x00p\x00g\
"

qt_resource_struct = b"\
\x00\x00\x00\x00\x00\x02\x00\x00\x00\x01\x00\x00\x00\x01\
\x00\x00\x00\x00\x00\x00\x00\x00\
\x00\x00\x00\x00\x00\x02\x00\x00\x00\x05\x00\x00\x00\x02\
\x00\x00\x00\x00\x00\x00\x00\x00\
\x00\x00\x00\x18\x00\x00\x00\x00\x00\x01\x00\x00\x00\x00\
\x00\x00\x01\x9c\xbb\xf9.#\
\x00\x00\x00P\x00\x00\x00\x00\x00\x01\x00\x03[t\
\x00\x00\x01\x9c\xbb\xf9.$\
\x00\x00\x00:\x00\x00\x00\x00\x00\x01\x00\x00\x1d,\
\x00\x00\x01\x9c\xbb\xf9.)\
\x00\x00\x00r\x00\x00\x00\x00\x00\x01\x00\x03wp\
\x00\x00\x01\x9c\xbb\xf9.%\
\x00\x00\x00\x90\x00\x00\x00\x00\x00\x01\x00\x03\x98\xe2\
\x00\x00\x01\x9c\xbb\xf9.%\
"

def qInitResources():
    QtCore.qRegisterResourceData(0x03, qt_resource_struct, qt_resource_name, qt_resource_data)

def qCleanupResources():
    QtCore.qUnregisterResourceData(0x03, qt_resource_struct, qt_resource_name, qt_resource_data)

qInitResources()
